Price,Adj Close,Close,High,Low,Open,Volume
Ticker,KO,KO,KO,KO,KO,KO
Date,,,,,,
1962-01-02,0.044457342475652695,0.26302099227905273,0.2701820135116577,0.26302099227905273,0.26302099227905273,806400
1962-01-03,0.04346682131290436,0.2571609914302826,0.2591150104999542,0.2532550096511841,0.2591150104999542,1574400
1962-01-04,0.04379712790250778,0.2591150104999542,0.2610679864883423,0.2578130066394806,0.2578130066394806,844800
1962-01-05,0.04280664771795273,0.2532550096511841,0.2623699903488159,0.25260400772094727,0.2591150104999542,1420800
1962-01-08,0.04236645624041557,0.2506510019302368,0.25130200386047363,0.2457679957151413,0.25130200386047363,2035200
1962-01-09,0.04313671588897705,0.25520798563957214,0.2565099895000458,0.24869799613952637,0.2506510019302368,960000
1962-01-10,0.043356798589229584,0.2565099895000458,0.26009100675582886,0.25260400772094727,0.25520798563957214,1612800
1962-01-11,0.04379712790250778,0.2591150104999542,0.2591150104999542,0.25520798563957214,0.2565099895000458,614400
1962-01-12,0.04346682131290436,0.2571609914302826,0.2591150104999542,0.2545570135116577,0.2591150104999542,883200
1962-01-15,0.04302667826414108,0.2545570135116577,0.2565099895000458,0.2539060115814209,0.2565099895000458,614400
1962-01-16,0.0422564260661602,0.25,0.2539060115814209,0.2496740072965622,0.2539060115814209,1113600
1962-01-17,0.04093600809574127,0.2421880066394806,0.25,0.2421880066394806,0.25,1574400
1962-01-18,0.04011068493127823,0.23730500042438507,0.24348999559879303,0.23632800579071045,0.2421880066394806,2649600
1962-01-19,0.04137618839740753,0.24479199945926666,0.24479199945926666,0.23958300054073334,0.23958300054073334,1459200
1962-01-22,0.04170627146959305,0.2467450052499771,0.24739600718021393,0.2421880066394806,0.24479199945926666,1075200
1962-01-23,0.04082580655813217,0.2415360063314438,0.2460940033197403,0.2415360063314438,0.2460940033197403,768000
1962-01-24,0.0403856597840786,0.23893199861049652,0.2421880066394806,0.234375,0.2415360063314438,2611200
1962-01-25,0.04005558043718338,0.23697899281978607,0.2428389936685562,0.23697899281978607,0.23893199861049652,1574400
1962-01-26,0.03961540386080742,0.234375,0.23697899281978607,0.23307299613952637,0.23697899281978607,1574400
1962-01-29,0.03961540386080742,0.234375,0.23502600193023682,0.23372399806976318,0.234375,307200
1962-01-30,0.03945032134652138,0.23339800536632538,0.23632800579071045,0.23339800536632538,0.234375,1574400
1962-01-31,0.04104607179760933,0.2428389936685562,0.2428389936685562,0.234375,0.234375,1766400
1962-02-01,0.04137618839740753,0.24479199945926666,0.24869799613952637,0.24479199945926666,0.24479199945926666,1420800
1962-02-02,0.041816309094429016,0.24739600718021393,0.24739600718021393,0.24088500440120697,0.24479199945926666,1152000
1962-02-05,0.041816309094429016,0.24739600718021393,0.24739600718021393,0.24544300138950348,0.24739600718021393,384000
1962-02-06,0.04126611724495888,0.24414099752902985,0.24739600718021393,0.24414099752902985,0.24739600718021393,691200
1962-02-07,0.0414862222969532,0.24544300138950348,0.24544300138950348,0.24414099752902985,0.24414099752902985,192000
1962-02-08,0.04159625619649887,0.2460940033197403,0.24739600718021393,0.2428389936685562,0.24544300138950348,768000
1962-02-09,0.041816309094429016,0.24739600718021393,0.24739600718021393,0.24479199945926666,0.2460940033197403,729600
1962-02-12,0.0414862222969532,0.24544300138950348,0.24804699420928955,0.24544300138950348,0.24739600718021393,307200
1962-02-13,0.0414862222969532,0.24544300138950348,0.2467450052499771,0.24544300138950348,0.24544300138950348,652800
1962-02-14,0.040715768933296204,0.24088500440120697,0.24544300138950348,0.24088500440120697,0.24544300138950348,652800
1962-02-15,0.040495697408914566,0.23958300054073334,0.2428389936685562,0.23958300054073334,0.24088500440120697,652800
1962-02-16,0.040495697408914566,0.23958300054073334,0.24414099752902985,0.23958300054073334,0.23958300054073334,1190400
1962-02-19,0.041156068444252014,0.24348999559879303,0.24348999559879303,0.2415360063314438,0.2415360063314438,345600
1962-02-20,0.04093600809574127,0.2421880066394806,0.24414099752902985,0.2415360063314438,0.24348999559879303,460800
1962-02-21,0.040715768933296204,0.24088500440120697,0.24414099752902985,0.24088500440120697,0.2421880066394806,691200
1962-02-23,0.04027564451098442,0.2382809966802597,0.24414099752902985,0.2382809966802597,0.24088500440120697,1036800
1962-02-26,0.04093600809574127,0.2421880066394806,0.24414099752902985,0.23697899281978607,0.2382809966802597,768000
1962-02-27,0.041156068444252014,0.24348999559879303,0.24414099752902985,0.2421880066394806,0.2421880066394806,460800
1962-02-28,0.0403856597840786,0.23893199861049652,0.2428389936685562,0.2382809966802597,0.2428389936685562,652800
1962-03-01,0.04016561806201935,0.2376299947500229,0.23893199861049652,0.234375,0.23893199861049652,19545600
1962-03-02,0.040605731308460236,0.24023400247097015,0.24023400247097015,0.2382809966802597,0.2382809966802597,806400
1962-03-05,0.04005558043718338,0.23697899281978607,0.24023400247097015,0.23697899281978607,0.24023400247097015,652800
1962-03-06,0.04093600809574127,0.2421880066394806,0.2421880066394806,0.23958300054073334,0.23958300054073334,883200
1962-03-07,0.0403856597840786,0.23893199861049652,0.2421880066394806,0.23893199861049652,0.2421880066394806,691200
1962-03-08,0.040495697408914566,0.23958300054073334,0.2415360063314438,0.2382809966802597,0.23893199861049652,883200
1962-03-09,0.04005558043718338,0.23697899281978607,0.24055999517440796,0.23502600193023682,0.23958300054073334,1113600
1962-03-12,0.04093600809574127,0.2421880066394806,0.2421880066394806,0.23958300054073334,0.23958300054073334,998400
1962-03-13,0.04158949479460716,0.24446600675582886,0.24446600675582886,0.2425130009651184,0.2425130009651184,1344000
1962-03-14,0.04164494574069977,0.24479199945926666,0.24544300138950348,0.24348999559879303,0.24446600675582886,1689600
1962-03-15,0.04142342880368233,0.24348999559879303,0.24544300138950348,0.24348999559879303,0.24479199945926666,883200
1962-03-16,0.04142342880368233,0.24348999559879303,0.24446600675582886,0.24348999559879303,0.24348999559879303,768000
1962-03-19,0.04164494574069977,0.24479199945926666,0.2460940033197403,0.24348999559879303,0.24348999559879303,921600
1962-03-20,0.04208792746067047,0.24739600718021393,0.24739600718021393,0.24479199945926666,0.24479199945926666,1305600
1962-03-21,0.042641669511795044,0.2506510019302368,0.25195300579071045,0.24869799613952637,0.24869799613952637,2188800
1962-03-22,0.043084703385829926,0.2532550096511841,0.2545570135116577,0.25130200386047363,0.25130200386047363,1344000
1962-03-23,0.04386010766029358,0.2578130066394806,0.25976601243019104,0.25520798563957214,0.25520798563957214,1497600
1962-03-26,0.04330615699291229,0.2545570135116577,0.25976601243019104,0.2539060115814209,0.2578130066394806,1420800
1962-03-27,0.042973943054676056,0.25260400772094727,0.2532550096511841,0.25130200386047363,0.2532550096511841,844800
1962-03-28,0.042641669511795044,0.2506510019302368,0.25260400772094727,0.2506510019302368,0.25260400772094727,460800
1962-03-29,0.04275244474411011,0.25130200386047363,0.2539060115814209,0.25,0.2506510019302368,1036800
1962-03-30,0.04208792746067047,0.24739600718021393,0.25130200386047363,0.24739600718021393,0.25130200386047363,1382400
1962-04-02,0.042641669511795044,0.2506510019302368,0.25195300579071045,0.2460940033197403,0.24739600718021393,1152000
1962-04-03,0.04131266847252846,0.2428389936685562,0.25195300579071045,0.24088500440120697,0.2506510019302368,1228800
1962-04-04,0.04181094095110893,0.2457679957151413,0.24934899806976318,0.24479199945926666,0.24479199945926666,1459200
1962-04-05,0.04186643287539482,0.2460940033197403,0.24837200343608856,0.24479199945926666,0.2457679957151413,1036800
1962-04-06,0.042530909180641174,0.25,0.25130200386047363,0.24739600718021393,0.24739600718021393,729600
1962-04-09,0.042641669511795044,0.2506510019302368,0.25260400772094727,0.2506510019302368,0.2506510019302368,537600
1962-04-10,0.042641669511795044,0.2506510019302368,0.25260400772094727,0.2506510019302368,0.2506510019302368,614400
1962-04-11,0.04164494574069977,0.24479199945926666,0.25195300579071045,0.24381500482559204,0.2506510019302368,883200
1962-04-12,0.04086950048804283,0.24023400247097015,0.24348999559879303,0.23958300054073334,0.24348999559879303,1075200
1962-04-13,0.04208792746067047,0.24739600718021393,0.24739600718021393,0.23632800579071045,0.24023400247097015,1804800
1962-04-16,0.04219868779182434,0.24804699420928955,0.25130200386047363,0.2467450052499771,0.24739600718021393,2227200
1962-04-17,0.04242017865180969,0.24934899806976318,0.2506510019302368,0.2460940033197403,0.24804699420928955,1152000
1962-04-18,0.042641669511795044,0.2506510019302368,0.2506510019302368,0.24869799613952637,0.24934899806976318,691200
1962-04-19,0.042697131633758545,0.2509770095348358,0.2509770095348358,0.24934899806976318,0.2506510019302368,806400
1962-04-23,0.04275244474411011,0.25130200386047363,0.2539060115814209,0.250326007604599,0.2509770095348358,691200
1962-04-24,0.042973943054676056,0.25260400772094727,0.25260400772094727,0.24934899806976318,0.25130200386047363,883200
1962-04-25,0.04242017865180969,0.24934899806976318,0.25195300579071045,0.24934899806976318,0.25195300579071045,422400
1962-04-26,0.04219868779182434,0.24804699420928955,0.2506510019302368,0.2460940033197403,0.24934899806976318,806400
1962-04-27,0.042641669511795044,0.2506510019302368,0.2506510019302368,0.2467450052499771,0.24804699420928955,883200
1962-04-30,0.0409802608191967,0.24088500440120697,0.24804699420928955,0.23958300054073334,0.24804699420928955,1382400
1962-05-01,0.041534174233675,0.24414099752902985,0.24479199945926666,0.23958300054073334,0.24088500440120697,1574400
1962-05-02,0.04203245788812637,0.24706999957561493,0.24739600718021393,0.24544300138950348,0.24544300138950348,1305600
1962-05-03,0.042530909180641174,0.25,0.25,0.2460940033197403,0.24706999957561493,844800
1962-05-04,0.04219868779182434,0.24804699420928955,0.2509770095348358,0.24804699420928955,0.25,537600
1962-05-07,0.041755709797143936,0.24544300138950348,0.25,0.24544300138950348,0.24804699420928955,691200
1962-05-08,0.04125719144940376,0.2425130009651184,0.24869799613952637,0.2425130009651184,0.24544300138950348,1190400
1962-05-09,0.04042650759220123,0.2376299947500229,0.2421880066394806,0.2376299947500229,0.2421880066394806,1267200
1962-05-10,0.04009426385164261,0.23567700386047363,0.2382809966802597,0.234375,0.2376299947500229,1920000
1962-05-11,0.03876523673534393,0.22786499559879303,0.2376299947500229,0.2259110063314438,0.23567700386047363,2380800
1962-05-14,0.03810058906674385,0.22395800054073334,0.22916699945926666,0.21809899806976318,0.22786499559879303,3187200
1962-05-15,0.03998352587223053,0.23502600193023682,0.2376299947500229,0.22526000440120697,0.22526000440120697,2534400
1962-05-16,0.04009426385164261,0.23567700386047363,0.23697899281978607,0.234375,0.23502600193023682,1612800
1962-05-17,0.03965124860405922,0.23307299613952637,0.23730500042438507,0.23307299613952637,0.23567700386047363,2496000
1962-05-18,0.0397619754076004,0.23372399806976318,0.23372399806976318,0.22981800138950348,0.23307299613952637,806400
1962-05-21,0.039706528186798096,0.23339800536632538,0.234375,0.23242199420928955,0.23372399806976318,960000
1962-05-22,0.03854372724890709,0.2265630066394806,0.23339800536632538,0.2259110063314438,0.23339800536632538,1420800
1962-05-23,0.03810058906674385,0.22395800054073334,0.2262369990348816,0.2226559966802597,0.2262369990348816,2342400
1962-05-24,0.03732532262802124,0.21940100193023682,0.2226559966802597,0.21940100193023682,0.2226559966802597,2688000
1962-05-25,0.03688231110572815,0.21679699420928955,0.22135399281978607,0.2148440033197403,0.21940100193023682,2841600
1962-05-28,0.034944064915180206,0.20540399849414825,0.21647100150585175,0.19726599752902985,0.21647100150585175,4377600
1962-05-29,0.035774629563093185,0.2102860063314438,0.2102860063314438,0.18229199945926666,0.20540399849414825,7411200
1962-05-31,0.03721455857157707,0.21875,0.22005200386047363,0.21419300138950348,0.21419300138950348,4761600
1962-06-01,0.03677159547805786,0.21614600718021393,0.22070300579071045,0.21354199945926666,0.21875,2688000
1962-06-04,0.03389188274741173,0.1992190033197403,0.2148440033197403,0.1992190033197403,0.2148440033197403,3456000
1962-06-05,0.03522089123725891,0.2070309966802597,0.2148440033197403,0.1998700052499771,0.1998700052499771,2688000
1962-06-06,0.03566387668251991,0.20963500440120697,0.2115889936685562,0.20768199861049652,0.20768199861049652,1344000
1962-06-07,0.035774629563093185,0.2102860063314438,0.2109380066394806,0.20898400247097015,0.20963500440120697,691200
1962-06-08,0.03655007481575012,0.2148440033197403,0.2148440033197403,0.2102860063314438,0.2102860063314438,1420800
1962-06-11,0.03659475967288017,0.21354199945926666,0.21614600718021393,0.21289099752902985,0.2148440033197403,2304000
1962-06-12,0.03508863225579262,0.20475299656391144,0.21386699378490448,0.20377600193023682,0.21354199945926666,2227200
1962-06-13,0.03464216738939285,0.20214800536632538,0.2070309966802597,0.20117199420928955,0.20475299656391144,2726400
1962-06-14,0.03414026275277138,0.1992190033197403,0.203125,0.1992190033197403,0.20214800536632538,2419200
1962-06-15,0.035590555518865585,0.20768199861049652,0.20768199861049652,0.19824199378490448,0.1992190033197403,3878400
1962-06-18,0.03542330488562584,0.2067060023546219,0.20800800621509552,0.20442700386047363,0.20768199861049652,2188800
1962-06-19,0.03492119163274765,0.20377600193023682,0.20572899281978607,0.20377600193023682,0.20572899281978607,691200
1962-06-20,0.03441907837986946,0.20084600150585175,0.20572899281978607,0.20084600150585175,0.20377600193023682,2457600
1962-06-21,0.033972837030887604,0.19824199378490448,0.20117199420928955,0.19791699945926666,0.20084600150585175,1651200
1962-06-22,0.03347088396549225,0.1953130066394806,0.19824199378490448,0.1953130066394806,0.19824199378490448,1536000
1962-06-25,0.03313601762056351,0.19335900247097015,0.1956380009651184,0.1878259927034378,0.1953130066394806,5721600
1962-06-26,0.03302443027496338,0.19270800054073334,0.1959639936685562,0.1914059966802597,0.19335900247097015,2227200
1962-06-27,0.03291289135813713,0.19205699861049652,0.19335900247097015,0.1910810023546219,0.19270800054073334,2496000
1962-06-28,0.034474942833185196,0.20117199420928955,0.20117199420928955,0.1946610063314438,0.1946610063314438,2918400
1962-06-29,0.03414026275277138,0.1992190033197403,0.20247399806976318,0.19856800138950348,0.20117199420928955,2150400
1962-07-02,0.03503275662660599,0.20442700386047363,0.20540399849414825,0.19856800138950348,0.1992190033197403,1459200
1962-07-03,0.03525587171316147,0.20572899281978607,0.20572899281978607,0.20247399806976318,0.20442700386047363,1612800
1962-07-05,0.03542330488562584,0.2067060023546219,0.2070309966802597,0.203125,0.20572899281978607,1228800
1962-07-06,0.03492119163274765,0.20377600193023682,0.2067060023546219,0.203125,0.2067060023546219,844800
1962-07-09,0.035590555518865585,0.20768199861049652,0.20768199861049652,0.20507800579071045,0.20507800579071045,1689600
1962-07-10,0.035702139139175415,0.20833300054073334,0.2109380066394806,0.20833300054073334,0.20833300054073334,2304000
1962-07-11,0.0359252467751503,0.20963500440120697,0.20963500440120697,0.20475299656391144,0.20833300054073334,1843200
1962-07-12,0.036260101944208145,0.2115889936685562,0.21354199945926666,0.2070309966802597,0.20963500440120697,1728000
1962-07-13,0.03609265014529228,0.2106119990348816,0.2109380066394806,0.20833300054073334,0.2109380066394806,921600
1962-07-16,0.036148551851511,0.2109380066394806,0.21223999559879303,0.20996099710464478,0.2106119990348816,806400
1962-07-17,0.0359252467751503,0.20963500440120697,0.21223999559879303,0.20963500440120697,0.2109380066394806,345600
1962-07-18,0.03564642742276192,0.20800800621509552,0.20833300054073334,0.2067060023546219,0.20833300054073334,1612800
1962-07-19,0.03598112240433693,0.20996099710464478,0.2102860063314438,0.2070309966802597,0.20800800621509552,921600
1962-07-20,0.03620423376560211,0.2112630009651184,0.21223999559879303,0.20996099710464478,0.20996099710464478,1036800
1962-07-23,0.03637165203690529,0.21223999559879303,0.21289099752902985,0.2115889936685562,0.2115889936685562,729600
1962-07-24,0.0359252467751503,0.20963500440120697,0.21321600675582886,0.20963500440120697,0.21223999559879303,691200
1962-07-25,0.03659475967288017,0.21354199945926666,0.21354199945926666,0.20963500440120697,0.20963500440120697,652800
1962-07-26,0.03681791573762894,0.2148440033197403,0.21614600718021393,0.2148440033197403,0.2148440033197403,499200
1962-07-27,0.037096742540597916,0.21647100150585175,0.21647100150585175,0.21419300138950348,0.2148440033197403,460800
1962-07-30,0.03748728707432747,0.21875,0.21875,0.2148440033197403,0.21647100150585175,998400
1962-07-31,0.03826821967959404,0.22330699861049652,0.22330699861049652,0.22005200386047363,0.22005200386047363,1881600
1962-08-01,0.03759884461760521,0.21940100193023682,0.22330699861049652,0.21744799613952637,0.22330699861049652,1305600
1962-08-02,0.03837979957461357,0.22395800054073334,0.22395800054073334,0.21744799613952637,0.21940100193023682,1612800
1962-08-03,0.038602907210588455,0.22526000440120697,0.22526000440120697,0.2145179957151413,0.22395800054073334,537600
1962-08-06,0.037933532148599625,0.22135399281978607,0.22558599710464478,0.22005200386047363,0.22526000440120697,921600
1962-08-07,0.03748728707432747,0.21875,0.22135399281978607,0.21875,0.22135399281978607,576000
1962-08-08,0.03737571835517883,0.21809899806976318,0.21809899806976318,0.21679699420928955,0.21809899806976318,652800
1962-08-09,0.03692948445677757,0.2154950052499771,0.21809899806976318,0.2154950052499771,0.21809899806976318,652800
1962-08-10,0.037152599543333054,0.21679699420928955,0.21712200343608856,0.2154950052499771,0.2154950052499771,960000
1962-08-13,0.03692948445677757,0.2154950052499771,0.21679699420928955,0.2154950052499771,0.21679699420928955,422400
1962-08-14,0.037821970880031586,0.22070300579071045,0.22070300579071045,0.21614600718021393,0.21614600718021393,998400
1962-08-15,0.03837979957461357,0.22395800054073334,0.22526000440120697,0.2226559966802597,0.2226559966802597,1305600
1962-08-16,0.0381566546857357,0.2226559966802597,0.22460900247097015,0.22005200386047363,0.22395800054073334,1689600
1962-08-17,0.0381566546857357,0.2226559966802597,0.22330699861049652,0.22070300579071045,0.2226559966802597,998400
1962-08-20,0.038602907210588455,0.22526000440120697,0.22526000440120697,0.2226559966802597,0.2226559966802597,1075200
1962-08-21,0.038602907210588455,0.22526000440120697,0.22558599710464478,0.22460900247097015,0.22526000440120697,1574400
1962-08-22,0.03849133476614952,0.22460900247097015,0.22526000440120697,0.2226559966802597,0.22526000440120697,1459200
1962-08-23,0.03865877911448479,0.22558599710464478,0.22558599710464478,0.22526000440120697,0.22526000440120697,307200
1962-08-24,0.03865877911448479,0.22558599710464478,0.2272139936685562,0.22526000440120697,0.22558599710464478,537600
1962-08-27,0.03837979957461357,0.22395800054073334,0.2265630066394806,0.2226559966802597,0.22558599710464478,499200
1962-08-28,0.037821970880031586,0.22070300579071045,0.22330699861049652,0.22070300579071045,0.22330699861049652,691200
1962-08-29,0.03748728707432747,0.21875,0.22102899849414825,0.21679699420928955,0.22070300579071045,883200
1962-08-30,0.037933532148599625,0.22135399281978607,0.2226559966802597,0.22070300579071045,0.22070300579071045,422400
1962-08-31,0.03798941522836685,0.22168000042438507,0.22168000042438507,0.22135399281978607,0.22135399281978607,115200
1962-09-04,0.03771038353443146,0.22005200386047363,0.22395800054073334,0.22005200386047363,0.22168000042438507,652800
1962-09-05,0.03771038353443146,0.22005200386047363,0.22005200386047363,0.21744799613952637,0.22005200386047363,806400
1962-09-06,0.037431467324495316,0.2184240072965622,0.21875,0.21679699420928955,0.21875,960000
1962-09-07,0.03759884461760521,0.21940100193023682,0.22070300579071045,0.21744799613952637,0.2184240072965622,883200
1962-09-10,0.03787786513566971,0.22102899849414825,0.22102899849414825,0.22005200386047363,0.22005200386047363,307200
1962-09-11,0.03797897323966026,0.22005200386047363,0.22070300579071045,0.21875,0.22070300579071045,537600
1962-09-12,0.03809132054448128,0.22070300579071045,0.2226559966802597,0.21940100193023682,0.22005200386047363,1075200
1962-09-13,0.03775428235530853,0.21875,0.21940100193023682,0.21679699420928955,0.21940100193023682,499200
1962-09-14,0.03775428235530853,0.21875,0.21875,0.21614600718021393,0.21875,460800
1962-09-17,0.03775428235530853,0.21875,0.22005200386047363,0.21744799613952637,0.21875,460800
1962-09-18,0.03719250112771988,0.2154950052499771,0.22070300579071045,0.2154950052499771,0.21875,921600
1962-09-19,0.03708012402057648,0.2148440033197403,0.21679699420928955,0.21289099752902985,0.2154950052499771,768000
1962-09-20,0.036630719900131226,0.21223999559879303,0.21679699420928955,0.21191400289535522,0.2148440033197403,883200
1962-09-21,0.03584403917193413,0.20768199861049652,0.21223999559879303,0.20768199861049652,0.21223999559879303,921600
1962-09-24,0.035787928849458694,0.2073570042848587,0.2073570042848587,0.20572899281978607,0.2073570042848587,1267200
1962-09-25,0.0355069600045681,0.20572899281978607,0.20800800621509552,0.20572899281978607,0.2073570042848587,1113600
1962-09-26,0.035057537257671356,0.203125,0.2070309966802597,0.203125,0.20572899281978607,1113600
1962-09-27,0.035057537257671356,0.203125,0.20442700386047363,0.203125,0.203125,499200
1962-09-28,0.03528226539492607,0.20442700386047363,0.20507800579071045,0.20247399806976318,0.203125,691200
1962-10-01,0.03488890454173088,0.20214800536632538,0.2109380066394806,0.20182299613952637,0.20442700386047363,1612800
1962-10-02,0.03516990691423416,0.20377600193023682,0.2063799947500229,0.20182299613952637,0.20214800536632538,614400
1962-10-03,0.036012645810842514,0.20865899324417114,0.2109380066394806,0.20507800579071045,0.20507800579071045,844800
1962-10-04,0.03606874868273735,0.20898400247097015,0.20898400247097015,0.20833300054073334,0.20865899324417114,537600
1962-10-05,0.03651833161711693,0.2115889936685562,0.2115889936685562,0.2063799947500229,0.20898400247097015,921600
1962-10-08,0.03646207973361015,0.2112630009651184,0.2115889936685562,0.20833300054073334,0.2115889936685562,384000
1962-10-09,0.03685542196035385,0.21354199945926666,0.21354199945926666,0.2102860063314438,0.2112630009651184,844800
1962-10-10,0.036630719900131226,0.21223999559879303,0.21679699420928955,0.21223999559879303,0.21354199945926666,806400
1962-10-11,0.036630719900131226,0.21223999559879303,0.21289099752902985,0.2102860063314438,0.21223999559879303,652800
1962-10-12,0.0364060178399086,0.2109380066394806,0.2109380066394806,0.2109380066394806,0.2109380066394806,460800
1962-10-15,0.0364060178399086,0.2109380066394806,0.21289099752902985,0.2109380066394806,0.2109380066394806,1420800
1962-10-16,0.0364060178399086,0.2109380066394806,0.2109380066394806,0.2102860063314438,0.2109380066394806,960000
1962-10-17,0.036349691450595856,0.2106119990348816,0.2109380066394806,0.20898400247097015,0.2109380066394806,384000
1962-10-18,0.03595639392733574,0.20833300054073334,0.2115889936685562,0.20833300054073334,0.2106119990348816,998400
1962-10-19,0.034776587039232254,0.20149700343608856,0.20898400247097015,0.20052100718021393,0.20833300054073334,3955200
1962-10-22,0.03455185145139694,0.20019499957561493,0.20117199420928955,0.19661499559879303,0.20117199420928955,2419200
1962-10-23,0.033484380692243576,0.19401000440120697,0.1998700052499771,0.19401000440120697,0.1998700052499771,1612800
1962-10-24,0.034383416175842285,0.1992190033197403,0.1992190033197403,0.19335900247097015,0.19401000440120697,2035200
1962-10-25,0.034383416175842285,0.1992190033197403,0.20182299613952637,0.1992190033197403,0.1992190033197403,883200
1962-10-26,0.034102410078048706,0.19759100675582886,0.1992190033197403,0.1959639936685562,0.1992190033197403,537600
1962-10-29,0.03494518622756004,0.20247399806976318,0.203125,0.20052100718021393,0.20052100718021393,1344000
1962-10-30,0.035226158797740936,0.20410199463367462,0.20410199463367462,0.20247399806976318,0.20247399806976318,499200
1962-10-31,0.03573168069124222,0.2070309966802597,0.20833300054073334,0.20507800579071045,0.20507800579071045,2803200
1962-11-01,0.03606874868273735,0.20898400247097015,0.20898400247097015,0.20377600193023682,0.2070309966802597,1958400
1962-11-02,0.03674307093024254,0.21289099752902985,0.21614600718021393,0.20898400247097015,0.20898400247097015,4569600
1962-11-05,0.036686789244413376,0.21256500482559204,0.21256500482559204,0.2102860063314438,0.21256500482559204,614400
1962-11-07,0.03651833161711693,0.2115889936685562,0.21223999559879303,0.2102860063314438,0.21223999559879303,1267200
1962-11-08,0.03629345819354057,0.2102860063314438,0.21191400289535522,0.2102860063314438,0.2115889936685562,729600
1962-11-09,0.03651833161711693,0.2115889936685562,0.2115889936685562,0.20898400247097015,0.2102860063314438,537600
1962-11-12,0.03629345819354057,0.2102860063314438,0.21223999559879303,0.2102860063314438,0.2115889936685562,614400
1962-11-13,0.0364060178399086,0.2109380066394806,0.21289099752902985,0.2109380066394806,0.2109380066394806,921600
1962-11-14,0.0364060178399086,0.2109380066394806,0.2115889936685562,0.20898400247097015,0.2109380066394806,1344000
1962-11-15,0.03651833161711693,0.2115889936685562,0.2148440033197403,0.2115889936685562,0.2115889936685562,768000
1962-11-16,0.03629345819354057,0.2102860063314438,0.21289099752902985,0.2102860063314438,0.2115889936685562,1497600
1962-11-19,0.0355069600045681,0.20572899281978607,0.2102860063314438,0.20572899281978607,0.2102860063314438,2035200
1962-11-20,0.035619307309389114,0.2063799947500229,0.2063799947500229,0.203125,0.20572899281978607,2227200
1962-11-21,0.03584403917193413,0.20768199861049652,0.20833300054073334,0.20605500042438507,0.2063799947500229,3532800
1962-11-23,0.036686789244413376,0.21256500482559204,0.2148440033197403,0.20898400247097015,0.20898400247097015,1382400
1962-11-26,0.03696778044104576,0.21419300138950348,0.2154950052499771,0.21223999559879303,0.21256500482559204,1996800
1962-11-27,0.03708012402057648,0.2148440033197403,0.2148440033197403,0.21386699378490448,0.21419300138950348,1152000
1962-11-28,0.037295177578926086,0.2145179957151413,0.2154950052499771,0.21419300138950348,0.2148440033197403,1420800
1962-11-29,0.03757819905877113,0.21614600718021393,0.21614600718021393,0.2154950052499771,0.2154950052499771,1113600
1962-11-30,0.03904956206679344,0.22460900247097015,0.22460900247097015,0.21679699420928955,0.21679699420928955,2035200
1962-12-03,0.03825729712843895,0.22005200386047363,0.22330699861049652,0.22005200386047363,0.22330699861049652,1651200
1962-12-04,0.03904956206679344,0.22460900247097015,0.2259110063314438,0.22005200386047363,0.22005200386047363,1267200
1962-12-05,0.039332590997219086,0.2262369990348816,0.2262369990348816,0.22526000440120697,0.22526000440120697,1228800
1962-12-06,0.03882322087883949,0.22330699861049652,0.22460900247097015,0.2226559966802597,0.22460900247097015,998400
1962-12-07,0.03893639147281647,0.22395800054073334,0.22395800054073334,0.2226559966802597,0.22330699861049652,921600
1962-12-10,0.0376347191631794,0.21647100150585175,0.22363300621509552,0.21647100150585175,0.22363300621509552,844800
1962-12-11,0.038087643682956696,0.2190759927034378,0.22005200386047363,0.21744799613952637,0.21744799613952637,960000
1962-12-12,0.03825729712843895,0.22005200386047363,0.22005200386047363,0.21875,0.2190759927034378,883200
1962-12-13,0.03871002420783043,0.2226559966802597,0.22526000440120697,0.22005200386047363,0.22005200386047363,1344000
1962-12-14,0.03995521366596222,0.22981800138950348,0.22981800138950348,0.22428399324417114,0.22428399324417114,3072000
1962-12-17,0.039615631103515625,0.22786499559879303,0.2311200052499771,0.2272139936685562,0.22981800138950348,1612800
1962-12-18,0.039162736386060715,0.22526000440120697,0.22786499559879303,0.22526000440120697,0.22786499559879303,806400
1962-12-19,0.039162736386060715,0.22526000440120697,0.2265630066394806,0.22526000440120697,0.22526000440120697,921600
1962-12-20,0.03904956206679344,0.22460900247097015,0.2272139936685562,0.22460900247097015,0.22526000440120697,960000
1962-12-21,0.03882322087883949,0.22330699861049652,0.2265630066394806,0.22330699861049652,0.22460900247097015,460800
1962-12-24,0.03825729712843895,0.22005200386047363,0.22395800054073334,0.21875,0.22330699861049652,1843200
1962-12-26,0.03848366439342499,0.22135399281978607,0.2226559966802597,0.22135399281978607,0.22135399281978607,652800
1962-12-27,0.03871002420783043,0.2226559966802597,0.22395800054073334,0.22135399281978607,0.22135399281978607,691200
1962-12-28,0.038596853613853455,0.2220049947500229,0.2226559966802597,0.22168000042438507,0.2226559966802597,652800
1962-12-31,0.038596853613853455,0.2220049947500229,0.2223310023546219,0.22135399281978607,0.2220049947500229,614400
1963-01-02,0.038596853613853455,0.2220049947500229,0.2220049947500229,0.22135399281978607,0.2220049947500229,729600
1963-01-03,0.03865351527929306,0.2223310023546219,0.2223310023546219,0.22005200386047363,0.2220049947500229,921600
1963-01-04,0.039615631103515625,0.22786499559879303,0.22916699945926666,0.22330699861049652,0.22330699861049652,1420800
1963-01-07,0.03955896198749542,0.22753900289535522,0.22786499559879303,0.2272139936685562,0.22786499559879303,422400
1963-01-08,0.03995521366596222,0.22981800138950348,0.22981800138950348,0.22786499559879303,0.22786499559879303,1113600
1963-01-09,0.03950245678424835,0.2272139936685562,0.22949199378490448,0.2265630066394806,0.22949199378490448,2073600
1963-01-10,0.03938926011323929,0.2265630066394806,0.22916699945926666,0.2265630066394806,0.2272139936685562,1190400
1963-01-11,0.040294744074344635,0.23177100718021393,0.23177100718021393,0.22916699945926666,0.22916699945926666,1996800
1963-01-14,0.040521081537008286,0.23307299613952637,0.23632800579071045,0.23177100718021393,0.23177100718021393,3187200
1963-01-15,0.040634263306856155,0.23372399806976318,0.23535199463367462,0.23177100718021393,0.23307299613952637,1536000
1963-01-16,0.039841946214437485,0.22916699945926666,0.2311200052499771,0.22916699945926666,0.2311200052499771,652800
1963-01-17,0.0400683619081974,0.2304690033197403,0.23177100718021393,0.22916699945926666,0.22916699945926666,1228800
1963-01-18,0.04018153250217438,0.2311200052499771,0.23242199420928955,0.2311200052499771,0.2311200052499771,960000
1963-01-21,0.040294744074344635,0.23177100718021393,0.23177100718021393,0.2301429957151413,0.2311200052499771,614400
1963-01-22,0.040294744074344635,0.23177100718021393,0.23307299613952637,0.22981800138950348,0.23177100718021393,921600
1963-01-23,0.04018153250217438,0.2311200052499771,0.23177100718021393,0.2304690033197403,0.23177100718021393,307200
1963-01-24,0.040747422724962234,0.234375,0.234375,0.23242199420928955,0.23242199420928955,1075200
1963-01-25,0.04080413281917572,0.2347009927034378,0.2347009927034378,0.23307299613952637,0.234375,1382400
1963-01-28,0.040747422724962234,0.234375,0.23502600193023682,0.23242199420928955,0.2347009927034378,1958400
1963-01-29,0.04097380116581917,0.23567700386047363,0.23567700386047363,0.234375,0.234375,998400
1963-01-30,0.040917299687862396,0.23535199463367462,0.23600299656391144,0.23502600193023682,0.23567700386047363,883200
1963-01-31,0.0408606231212616,0.23502600193023682,0.23535199463367462,0.234375,0.23535199463367462,1036800
1963-02-01,0.04120015725493431,0.23697899281978607,0.23697899281978607,0.23502600193023682,0.23502600193023682,1920000
1963-02-04,0.041370030492544174,0.2379560023546219,0.23893199861049652,0.2376299947500229,0.2376299947500229,883200
1963-02-05,0.04108698293566704,0.23632800579071045,0.23893199861049652,0.2347009927034378,0.2379560023546219,844800
1963-02-06,0.04182274267077446,0.24055999517440796,0.24088500440120697,0.23632800579071045,0.23632800579071045,1305600
1963-02-07,0.04142651706933975,0.2382809966802597,0.24088500440120697,0.2382809966802597,0.24055999517440796,844800
1963-02-08,0.04153970256447792,0.23893199861049652,0.2418619990348816,0.23893199861049652,0.23893199861049652,1190400
1963-02-11,0.04227546602487564,0.24316400289535522,0.24316400289535522,0.24088500440120697,0.24088500440120697,1382400
1963-02-12,0.041766054928302765,0.24023400247097015,0.2428389936685562,0.24023400247097015,0.2428389936685562,921600
1963-02-13,0.0421057753264904,0.2421880066394806,0.2428389936685562,0.24055999517440796,0.24055999517440796,883200
1963-02-14,0.04221897944808006,0.2428389936685562,0.24414099752902985,0.2421880066394806,0.2421880066394806,1190400
1963-02-15,0.042332086712121964,0.24348999559879303,0.24414099752902985,0.2415360063314438,0.2428389936685562,2188800
1963-02-18,0.04261498898267746,0.24511699378490448,0.2457679957151413,0.24479199945926666,0.24479199945926666,1766400
1963-02-19,0.04261498898267746,0.24511699378490448,0.24511699378490448,0.24348999559879303,0.24511699378490448,921600
1963-02-20,0.042388640344142914,0.24381500482559204,0.24414099752902985,0.2421880066394806,0.24414099752902985,537600
1963-02-21,0.04255853593349457,0.24479199945926666,0.24479199945926666,0.2421880066394806,0.24381500482559204,998400
1963-02-25,0.042332086712121964,0.24348999559879303,0.24479199945926666,0.2428389936685562,0.24479199945926666,921600
1963-02-26,0.042332086712121964,0.24348999559879303,0.24414099752902985,0.2428389936685562,0.24348999559879303,345600
1963-02-27,0.04187927395105362,0.24088500440120697,0.2428389936685562,0.24023400247097015,0.2428389936685562,1651200
1963-02-28,0.040747422724962234,0.234375,0.24023400247097015,0.23372399806976318,0.24023400247097015,1536000
1963-03-01,0.04153970256447792,0.23893199861049652,0.2415360063314438,0.234375,0.234375,2112000
1963-03-04,0.04221897944808006,0.2428389936685562,0.24348999559879303,0.23893199861049652,0.23893199861049652,537600
1963-03-05,0.04204912483692169,0.2418619990348816,0.2428389936685562,0.2382809966802597,0.2428389936685562,691200
1963-03-06,0.04204912483692169,0.2418619990348816,0.2418619990348816,0.2415360063314438,0.2418619990348816,230400
1963-03-07,0.04221897944808006,0.2428389936685562,0.24348999559879303,0.24121099710464478,0.2418619990348816,614400
1963-03-08,0.0421057753264904,0.2421880066394806,0.2425130009651184,0.2415360063314438,0.2425130009651184,537600
1963-03-11,0.04241366311907768,0.2421880066394806,0.24479199945926666,0.24121099710464478,0.2421880066394806,1075200
1963-03-12,0.04252766817808151,0.2428389936685562,0.24446600675582886,0.2415360063314438,0.2421880066394806,806400
1963-03-13,0.04229949414730072,0.2415360063314438,0.24381500482559204,0.2415360063314438,0.2428389936685562,422400
1963-03-14,0.04235656559467316,0.2418619990348816,0.24381500482559204,0.24088500440120697,0.2415360063314438,1228800
1963-03-15,0.04241366311907768,0.2421880066394806,0.24348999559879303,0.24088500440120697,0.2418619990348816,1305600
1963-03-18,0.042242538183927536,0.24121099710464478,0.24316400289535522,0.24121099710464478,0.2421880066394806,960000
1963-03-19,0.042242538183927536,0.24121099710464478,0.24316400289535522,0.24121099710464478,0.24121099710464478,1075200
1963-03-20,0.042584579437971115,0.24316400289535522,0.24316400289535522,0.2415360063314438,0.2415360063314438,499200
1963-03-21,0.04252766817808151,0.2428389936685562,0.24381500482559204,0.2421880066394806,0.24316400289535522,1152000
1963-03-22,0.04252766817808151,0.2428389936685562,0.24316400289535522,0.2415360063314438,0.2428389936685562,729600
1963-03-25,0.04241366311907768,0.2421880066394806,0.24381500482559204,0.2415360063314438,0.24381500482559204,499200
1963-03-26,0.04235656559467316,0.2418619990348816,0.24316400289535522,0.2415360063314438,0.2421880066394806,652800
1963-03-27,0.04264162480831146,0.24348999559879303,0.24348999559879303,0.2421880066394806,0.2421880066394806,537600
1963-03-28,0.04241366311907768,0.2421880066394806,0.24511699378490448,0.2421880066394806,0.24348999559879303,1152000
1963-03-29,0.04264162480831146,0.24348999559879303,0.24446600675582886,0.2421880066394806,0.2421880066394806,768000
1963-04-01,0.04309771955013275,0.2460940033197403,0.24739600718021393,0.24414099752902985,0.24414099752902985,1267200
1963-04-02,0.042869728058576584,0.24479199945926666,0.24544300138950348,0.24414099752902985,0.24544300138950348,883200
1963-04-03,0.0429266020655632,0.24511699378490448,0.2457679957151413,0.24479199945926666,0.24479199945926666,652800
1963-04-04,0.04309771955013275,0.2460940033197403,0.2460940033197403,0.24511699378490448,0.2460940033197403,883200
1963-04-05,0.0429266020655632,0.24511699378490448,0.2464189976453781,0.24511699378490448,0.2460940033197403,576000
1963-04-08,0.0429266020655632,0.24511699378490448,0.2464189976453781,0.24414099752902985,0.24511699378490448,1152000
1963-04-09,0.042869728058576584,0.24479199945926666,0.2460940033197403,0.24414099752902985,0.24511699378490448,729600
1963-04-10,0.042869728058576584,0.24479199945926666,0.24706999957561493,0.24479199945926666,0.24479199945926666,1075200
1963-04-11,0.04309771955013275,0.2460940033197403,0.2467450052499771,0.24446600675582886,0.24479199945926666,691200
1963-04-15,0.04321169853210449,0.2467450052499771,0.24706999957561493,0.24511699378490448,0.2460940033197403,960000
1963-04-16,0.04321169853210449,0.2467450052499771,0.24706999957561493,0.24544300138950348,0.2467450052499771,1036800
1963-04-17,0.04298371076583862,0.24544300138950348,0.2467450052499771,0.24544300138950348,0.2467450052499771,1267200
1963-04-18,0.04309771955013275,0.2460940033197403,0.2464189976453781,0.2457679957151413,0.2457679957151413,768000
1963-04-19,0.04309771955013275,0.2460940033197403,0.24772100150585175,0.2460940033197403,0.2460940033197403,2764800
1963-04-22,0.04321169853210449,0.2467450052499771,0.2467450052499771,0.24446600675582886,0.2460940033197403,652800
1963-04-23,0.043325696140527725,0.24739600718021393,0.2496740072965622,0.2464189976453781,0.2467450052499771,2112000
1963-04-24,0.04309771955013275,0.2460940033197403,0.24837200343608856,0.2460940033197403,0.24739600718021393,1574400
1963-04-25,0.04281260445713997,0.24446600675582886,0.24739600718021393,0.24414099752902985,0.2460940033197403,1036800
1963-04-26,0.0421854704618454,0.24088500440120697,0.24348999559879303,0.23958300054073334,0.24348999559879303,1267200
1963-04-29,0.0421854704618454,0.24088500440120697,0.24088500440120697,0.24088500440120697,0.24088500440120697,1075200
1963-04-30,0.0421854704618454,0.24088500440120697,0.24316400289535522,0.24088500440120697,0.24088500440120697,5222400
1963-05-01,0.04252766817808151,0.2428389936685562,0.2428389936685562,0.2415360063314438,0.2415360063314438,153600
1963-05-02,0.04264162480831146,0.24348999559879303,0.24348999559879303,0.2421880066394806,0.2428389936685562,422400
1963-05-03,0.0429266020655632,0.24511699378490448,0.2457679957151413,0.24414099752902985,0.24414099752902985,576000
1963-05-06,0.04326862841844559,0.24706999957561493,0.24706999957561493,0.2457679957151413,0.2457679957151413,537600
1963-05-07,0.04349665343761444,0.24837200343608856,0.24837200343608856,0.24544300138950348,0.24706999957561493,2611200
1963-05-08,0.043667759746313095,0.24934899806976318,0.2506510019302368,0.24869799613952637,0.24869799613952637,2265600
1963-05-09,0.04343969747424126,0.24804699420928955,0.25195300579071045,0.24739600718021393,0.24934899806976318,768000
1963-05-10,0.043382611125707626,0.24772100150585175,0.2496740072965622,0.24706999957561493,0.24804699420928955,2611200
1963-05-13,0.043553709983825684,0.24869799613952637,0.24934899806976318,0.2467450052499771,0.24772100150585175,2342400
1963-05-14,0.043553709983825684,0.24869799613952637,0.24869799613952637,0.2467450052499771,0.24869799613952637,1536000
1963-05-15,0.043667759746313095,0.24934899806976318,0.2496740072965622,0.24739600718021393,0.24869799613952637,499200
1963-05-16,0.043667759746313095,0.24934899806976318,0.25,0.24869799613952637,0.24934899806976318,691200
1963-05-17,0.04349665343761444,0.24837200343608856,0.2496740072965622,0.24837200343608856,0.24934899806976318,576000
1963-05-20,0.04304061830043793,0.2457679957151413,0.24934899806976318,0.24348999559879303,0.24837200343608856,1804800
1963-05-21,0.043154582381248474,0.2464189976453781,0.24739600718021393,0.2460940033197403,0.2460940033197403,1075200
1963-05-22,0.04264162480831146,0.24348999559879303,0.2464189976453781,0.24348999559879303,0.2464189976453781,1536000
1963-05-23,0.04172942787408829,0.2382809966802597,0.2428389936685562,0.2376299947500229,0.2428389936685562,1497600
1963-05-24,0.04184344410896301,0.23893199861049652,0.23958300054073334,0.23697899281978607,0.2382809966802597,2150400
1963-05-27,0.04207143932580948,0.24023400247097015,0.2428389936685562,0.2382809966802597,0.23893199861049652,1113600
1963-05-28,0.042869728058576584,0.24479199945926666,0.2467450052499771,0.23893199861049652,0.24023400247097015,2572800
1963-05-29,0.0421854704618454,0.24088500440120697,0.24544300138950348,0.23958300054073334,0.24479199945926666,2457600
1963-05-31,0.04241366311907768,0.2421880066394806,0.24479199945926666,0.24088500440120697,0.24088500440120697,1075200
1963-06-03,0.0421854704618454,0.24088500440120697,0.24479199945926666,0.24088500440120697,0.2421880066394806,652800
1963-06-04,0.04264162480831146,0.24348999559879303,0.24414099752902985,0.2418619990348816,0.2418619990348816,576000
1963-06-05,0.04298371076583862,0.24544300138950348,0.2457679957151413,0.24348999559879303,0.24348999559879303,998400
1963-06-06,0.04321169853210449,0.2467450052499771,0.24739600718021393,0.24446600675582886,0.24544300138950348,1574400
1963-06-07,0.04321169853210449,0.2467450052499771,0.24804699420928955,0.2467450052499771,0.2467450052499771,1190400
1963-06-10,0.043154582381248474,0.2464189976453781,0.24772100150585175,0.2464189976453781,0.2464189976453781,806400
1963-06-11,0.043005406856536865,0.24381500482559204,0.2457679957151413,0.24381500482559204,0.2457679957151413,1651200
1963-06-12,0.0434073805809021,0.2460940033197403,0.2460940033197403,0.24479199945926666,0.24479199945926666,576000
1963-06-13,0.04386665299534798,0.24869799613952637,0.24869799613952637,0.24804699420928955,0.24804699420928955,998400
1963-06-14,0.0431777723133564,0.24479199945926666,0.24869799613952637,0.24479199945926666,0.24869799613952637,576000
1963-06-17,0.04294801503419876,0.24348999559879303,0.24479199945926666,0.2421880066394806,0.24479199945926666,1728000
1963-06-18,0.04306289181113243,0.24414099752902985,0.2460940033197403,0.24348999559879303,0.24348999559879303,499200
1963-06-19,0.0431777723133564,0.24479199945926666,0.2467450052499771,0.24414099752902985,0.24414099752902985,1075200
1963-06-20,0.04294801503419876,0.24348999559879303,0.24544300138950348,0.2428389936685562,0.24479199945926666,1152000
1963-06-21,0.04271842539310455,0.2421880066394806,0.24414099752902985,0.2421880066394806,0.24348999559879303,1036800
1963-06-24,0.04294801503419876,0.24348999559879303,0.24348999559879303,0.2425130009651184,0.2425130009651184,614400
1963-06-25,0.042775727808475494,0.2425130009651184,0.24348999559879303,0.2421880066394806,0.24348999559879303,768000
1963-06-26,0.04294801503419876,0.24348999559879303,0.24348999559879303,0.2415360063314438,0.2425130009651184,883200
1963-06-27,0.0434073805809021,0.2460940033197403,0.2460940033197403,0.24348999559879303,0.24348999559879303,768000
1963-06-28,0.04306289181113243,0.24414099752902985,0.24479199945926666,0.24414099752902985,0.24479199945926666,192000
1963-07-01,0.04444081336259842,0.25195300579071045,0.25195300579071045,0.2509770095348358,0.2509770095348358,307200
1963-07-02,0.04283325374126434,0.2428389936685562,0.24446600675582886,0.2428389936685562,0.24446600675582886,1113600
1963-07-03,0.04294801503419876,0.24348999559879303,0.24479199945926666,0.24348999559879303,0.24348999559879303,844800
1963-07-05,0.04312023147940636,0.24446600675582886,0.24446600675582886,0.24348999559879303,0.24348999559879303,460800
1963-07-08,0.0431777723133564,0.24479199945926666,0.24479199945926666,0.24414099752902985,0.24446600675582886,883200
1963-07-09,0.04363700747489929,0.24739600718021393,0.24739600718021393,0.24511699378490448,0.24511699378490448,1267200
1963-07-10,0.04369433969259262,0.24772100150585175,0.24804699420928955,0.24739600718021393,0.24739600718021393,1382400
1963-07-11,0.04363700747489929,0.24739600718021393,0.24934899806976318,0.24739600718021393,0.24772100150585175,960000
1963-07-12,0.04363700747489929,0.24739600718021393,0.24934899806976318,0.24739600718021393,0.24739600718021393,883200
1963-07-15,0.0434073805809021,0.2460940033197403,0.24804699420928955,0.2460940033197403,0.24739600718021393,1113600
1963-07-16,0.04294801503419876,0.24348999559879303,0.24739600718021393,0.24348999559879303,0.2460940033197403,844800
1963-07-17,0.043522197753190994,0.2467450052499771,0.2467450052499771,0.24348999559879303,0.24348999559879303,883200
1963-07-18,0.043292563408613205,0.24544300138950348,0.2467450052499771,0.24544300138950348,0.2467450052499771,230400
1963-07-19,0.0431777723133564,0.24479199945926666,0.2460940033197403,0.24414099752902985,0.24544300138950348,576000
1963-07-22,0.0434073805809021,0.2460940033197403,0.2460940033197403,0.24479199945926666,0.24479199945926666,192000
1963-07-23,0.04363700747489929,0.24739600718021393,0.24739600718021393,0.2460940033197403,0.2460940033197403,844800
1963-07-24,0.0431777723133564,0.24479199945926666,0.24869799613952637,0.24446600675582886,0.24739600718021393,1036800
1963-07-25,0.04306289181113243,0.24414099752902985,0.2467450052499771,0.24348999559879303,0.24479199945926666,1305600
1963-07-26,0.0434073805809021,0.2460940033197403,0.2460940033197403,0.24348999559879303,0.24414099752902985,652800
1963-07-29,0.0431777723133564,0.24479199945926666,0.2467450052499771,0.24479199945926666,0.2460940033197403,614400
1963-07-30,0.04363700747489929,0.24739600718021393,0.24739600718021393,0.24544300138950348,0.24544300138950348,384000
1963-07-31,0.04386665299534798,0.24869799613952637,0.24934899806976318,0.24739600718021393,0.24739600718021393,1152000
1963-08-01,0.044038835912942886,0.2496740072965622,0.2496740072965622,0.24869799613952637,0.24869799613952637,768000
1963-08-02,0.04398152604699135,0.24934899806976318,0.25,0.24902300536632538,0.2496740072965622,1075200
1963-08-05,0.04421115666627884,0.2506510019302368,0.25130200386047363,0.24934899806976318,0.24934899806976318,768000
1963-08-06,0.045014940202236176,0.25520798563957214,0.2565099895000458,0.25130200386047363,0.25130200386047363,1843200
1963-08-07,0.045474421232938766,0.2578130066394806,0.2578130066394806,0.2565099895000458,0.2565099895000458,1344000
1963-08-08,0.04576142132282257,0.25944000482559204,0.26009100675582886,0.2584640085697174,0.2584640085697174,537600
1963-08-09,0.04610592499375343,0.2613930106163025,0.2620440125465393,0.26009100675582886,0.26009100675582886,1612800
1963-08-12,0.04616339132189751,0.2617189884185791,0.2617189884185791,0.25976601243019104,0.2613930106163025,576000
1963-08-13,0.04593374952673912,0.26041701436042786,0.2617189884185791,0.25944000482559204,0.2617189884185791,652800
1963-08-14,0.045704085379838943,0.2591150104999542,0.25976601243019104,0.2578130066394806,0.25976601243019104,1190400
1963-08-15,0.04593374952673912,0.26041701436042786,0.26041701436042786,0.25976601243019104,0.25976601243019104,537600
1963-08-16,0.046048592776060104,0.2610679864883423,0.2613930106163025,0.26041701436042786,0.26041701436042786,307200
1963-08-19,0.04633553326129913,0.2626950144767761,0.2626950144767761,0.2607420086860657,0.2610679864883423,729600
1963-08-20,0.04662270471453667,0.26432299613952637,0.265625,0.26302099227905273,0.26302099227905273,1036800
1963-08-21,0.046852365136146545,0.265625,0.26757800579071045,0.265625,0.265625,422400
1963-08-22,0.046852365136146545,0.265625,0.26692700386047363,0.26367199420928955,0.265625,1305600
1963-08-23,0.04696717858314514,0.2662760019302368,0.2662760019302368,0.2649739980697632,0.265625,844800
1963-08-26,0.046852365136146545,0.265625,0.26757800579071045,0.2649739980697632,0.2662760019302368,998400
1963-08-27,0.046852365136146545,0.265625,0.26692700386047363,0.265625,0.265625,576000
1963-08-28,0.04719683900475502,0.26757800579071045,0.26757800579071045,0.2662760019302368,0.2662760019302368,768000
1963-08-29,0.04708200320601463,0.26692700386047363,0.26822900772094727,0.26692700386047363,0.26757800579071045,1036800
1963-08-30,0.04696717858314514,0.2662760019302368,0.2701820135116577,0.265625,0.2695310115814209,422400
1963-09-03,0.04690982773900032,0.265951007604599,0.26725301146507263,0.265625,0.2662760019302368,1190400
1963-09-04,0.047139499336481094,0.26725301146507263,0.26725301146507263,0.26692700386047363,0.26692700386047363,230400
1963-09-05,0.047254327684640884,0.26790401339530945,0.26822900772094727,0.2662760019302368,0.26725301146507263,1344000
1963-09-06,0.04696717858314514,0.2662760019302368,0.26822900772094727,0.2662760019302368,0.26790401339530945,1190400
1963-09-09,0.046852365136146545,0.265625,0.2666020095348358,0.2649739980697632,0.2662760019302368,1075200
1963-09-10,0.04708200320601463,0.26692700386047363,0.26692700386047363,0.2646479904651642,0.265625,499200
1963-09-11,0.0471629723906517,0.265625,0.26692700386047363,0.26432299613952637,0.26692700386047363,691200
1963-09-12,0.0471629723906517,0.265625,0.26692700386047363,0.265625,0.265625,614400
1963-09-13,0.04727857932448387,0.2662760019302368,0.2666020095348358,0.265298992395401,0.265625,422400
1963-09-16,0.0471629723906517,0.265625,0.26692700386047363,0.265625,0.2662760019302368,537600
1963-09-17,0.04745202884078026,0.26725301146507263,0.26757800579071045,0.2662760019302368,0.2662760019302368,576000
1963-09-18,0.04762531816959381,0.26822900772094727,0.2688800096511841,0.26757800579071045,0.26757800579071045,1113600
1963-09-19,0.04831882566213608,0.2721349895000458,0.2740890085697174,0.26822900772094727,0.26822900772094727,3302400
1963-09-20,0.04855024442076683,0.2734380066394806,0.2740890085697174,0.2695310115814209,0.2721349895000458,729600
1963-09-23,0.04820329695940018,0.27148398756980896,0.2734380066394806,0.27083298563957214,0.2734380066394806,844800
1963-09-24,0.04820329695940018,0.27148398756980896,0.2727859914302826,0.27148398756980896,0.27148398756980896,268800
1963-09-25,0.04762531816959381,0.26822900772094727,0.2734380066394806,0.26822900772094727,0.27148398756980896,1113600
1963-09-26,0.04739416018128395,0.26692700386047363,0.2692059874534607,0.2662760019302368,0.26822900772094727,1228800
1963-09-27,0.04739416018128395,0.26692700386047363,0.26725301146507263,0.26692700386047363,0.26692700386047363,614400
1963-09-30,0.04739416018128395,0.26692700386047363,0.2685549855232239,0.26692700386047363,0.26692700386047363,691200
1963-10-01,0.04820329695940018,0.27148398756980896,0.2727859914302826,0.2666020095348358,0.26692700386047363,1113600
1963-10-02,0.04831882566213608,0.2721349895000458,0.2734380066394806,0.27148398756980896,0.27148398756980896,921600
1963-10-03,0.04820329695940018,0.27148398756980896,0.2727859914302826,0.27083298563957214,0.2721349895000458,960000
1963-10-04,0.04855024442076683,0.2734380066394806,0.2734380066394806,0.27148398756980896,0.27148398756980896,1113600
1963-10-07,0.047972068190574646,0.2701820135116577,0.2731119990348816,0.2701820135116577,0.2731119990348816,345600
1963-10-08,0.047972068190574646,0.2701820135116577,0.2701820135116577,0.2688800096511841,0.2701820135116577,499200
1963-10-09,0.04762531816959381,0.26822900772094727,0.27180999517440796,0.26822900772094727,0.2701820135116577,960000
1963-10-10,0.04745202884078026,0.26725301146507263,0.26822900772094727,0.26725301146507263,0.26822900772094727,768000
1963-10-11,0.047740887850522995,0.2688800096511841,0.2698569893836975,0.26822900772094727,0.26822900772094727,345600
1963-10-14,0.04762531816959381,0.26822900772094727,0.27148398756980896,0.26822900772094727,0.2688800096511841,537600
1963-10-15,0.04791438579559326,0.2698569893836975,0.27083298563957214,0.26822900772094727,0.26822900772094727,652800
1963-10-16,0.04820329695940018,0.27148398756980896,0.27148398756980896,0.27148398756980896,0.27148398756980896,76800
1963-10-17,0.048434432595968246,0.2727859914302826,0.2727859914302826,0.2688800096511841,0.27148398756980896,1036800
1963-10-18,0.04820329695940018,0.27148398756980896,0.2727859914302826,0.27148398756980896,0.2727859914302826,230400
1963-10-21,0.04855024442076683,0.2734380066394806,0.2734380066394806,0.2721349895000458,0.2721349895000458,576000
1963-10-22,0.048434432595968246,0.2727859914302826,0.2727859914302826,0.27083298563957214,0.2727859914302826,537600
1963-10-23,0.047972068190574646,0.2701820135116577,0.2727859914302826,0.2701820135116577,0.2727859914302826,691200
1963-10-24,0.04831882566213608,0.2721349895000458,0.2721349895000458,0.2695310115814209,0.2701820135116577,806400
1963-10-25,0.04831882566213608,0.2721349895000458,0.2727859914302826,0.2688800096511841,0.2721349895000458,499200
1963-10-28,0.04901256039738655,0.27604201436042786,0.27604201436042786,0.2727859914302826,0.2727859914302826,1651200
1963-10-29,0.048954665660858154,0.27571600675582886,0.27604201436042786,0.2740890085697174,0.27604201436042786,576000
1963-10-30,0.04831882566213608,0.2721349895000458,0.27571600675582886,0.2721349895000458,0.27571600675582886,460800
1963-10-31,0.04785653203725815,0.2695310115814209,0.27148398756980896,0.2688800096511841,0.27148398756980896,576000
1963-11-01,0.04808768630027771,0.27083298563957214,0.27083298563957214,0.26822900772094727,0.2695310115814209,576000
1963-11-04,0.047972068190574646,0.2701820135116577,0.2727859914302826,0.2688800096511841,0.27083298563957214,883200
1963-11-06,0.04762531816959381,0.26822900772094727,0.2685549855232239,0.26692700386047363,0.2685549855232239,1228800
1963-11-07,0.04808768630027771,0.27083298563957214,0.27083298563957214,0.2692059874534607,0.2692059874534607,1036800
1963-11-08,0.04820329695940018,0.27148398756980896,0.2721349895000458,0.2701820135116577,0.27083298563957214,1497600
1963-11-11,0.048376746475696564,0.2724609971046448,0.2744140028953552,0.27148398756980896,0.27148398756980896,960000
1963-11-12,0.04855024442076683,0.2734380066394806,0.2740890085697174,0.2731119990348816,0.2731119990348816,1190400
1963-11-13,0.04883909970521927,0.27506500482559204,0.27571600675582886,0.2734380066394806,0.2734380066394806,768000
1963-11-14,0.04912816733121872,0.2766929864883423,0.2770180106163025,0.27571600675582886,0.2770180106163025,1420800
1963-11-15,0.04907025024294853,0.2763670086860657,0.2763670086860657,0.2740890085697174,0.2763670086860657,1305600
1963-11-18,0.04907025024294853,0.2763670086860657,0.2763670086860657,0.2740890085697174,0.2763670086860657,921600
1963-11-19,0.0487813726067543,0.2747400104999542,0.2770180106163025,0.2747400104999542,0.2763670086860657,2150400
1963-11-20,0.048665765672922134,0.2740890085697174,0.2740890085697174,0.2721349895000458,0.2740890085697174,537600
1963-11-21,0.04808768630027771,0.27083298563957214,0.2734380066394806,0.27083298563957214,0.2734380066394806,729600
1963-11-22,0.04750973358750343,0.26757800579071045,0.2727859914302826,0.26757800579071045,0.27083298563957214,998400
1963-11-26,0.04852204769849777,0.27148398756980896,0.2727859914302826,0.2688800096511841,0.2688800096511841,1804800
1963-11-27,0.048580270260572433,0.27180999517440796,0.27180999517440796,0.27083298563957214,0.27083298563957214,537600
1963-11-29,0.048813048750162125,0.2731119990348816,0.2731119990348816,0.27115899324417114,0.27180999517440796,499200
1963-12-02,0.04922031611204147,0.27539101243019104,0.27571600675582886,0.2734380066394806,0.2734380066394806,1536000
1963-12-03,0.0495111346244812,0.2770180106163025,0.2770180106163025,0.2734380066394806,0.27539101243019104,691200
1963-12-04,0.049336668103933334,0.27604201436042786,0.2763670086860657,0.2740890085697174,0.2763670086860657,576000
1963-12-05,0.04939480125904083,0.2763670086860657,0.2770180106163025,0.27604201436042786,0.27604201436042786,1651200
1963-12-06,0.04945303872227669,0.2766929864883423,0.2766929864883423,0.2747400104999542,0.2763670086860657,1612800
1963-12-09,0.04922031611204147,0.27539101243019104,0.27604201436042786,0.2747400104999542,0.27604201436042786,652800
1963-12-10,0.04956942796707153,0.2773439884185791,0.2773439884185791,0.2747400104999542,0.27539101243019104,1113600
1963-12-11,0.04980211332440376,0.27864599227905273,0.27864599227905273,0.2773439884185791,0.2773439884185791,3187200
1963-12-12,0.04980211332440376,0.27864599227905273,0.27864599227905273,0.2773439884185791,0.27864599227905273,768000
1963-12-13,0.0496857650578022,0.2779949903488159,0.27962198853492737,0.2773439884185791,0.27864599227905273,2995200
1963-12-16,0.05003482848405838,0.27994799613952637,0.27994799613952637,0.2773439884185791,0.2779949903488159,1996800
1963-12-17,0.05050025135278702,0.28255200386047363,0.28255200386047363,0.27994799613952637,0.27994799613952637,2227200
1963-12-18,0.05131467804312706,0.28710898756980896,0.28710898756980896,0.28255200386047363,0.28255200386047363,1881600
1963-12-19,0.053060151636600494,0.296875,0.296875,0.2890630066394806,0.2890630066394806,1305600
1963-12-20,0.05178028717637062,0.2897140085697174,0.296875,0.2897140085697174,0.296875,1075200
1963-12-23,0.0521293580532074,0.29166701436042786,0.2923179864883423,0.2903650104999542,0.2903650104999542,537600
1963-12-24,0.05178028717637062,0.2897140085697174,0.29492199420928955,0.2897140085697174,0.29166701436042786,499200
1963-12-26,0.053060151636600494,0.296875,0.296875,0.2890630066394806,0.2897140085697174,921600
1963-12-27,0.05352554842829704,0.29947900772094727,0.2998049855232239,0.2975260019302368,0.2975260019302368,998400
1963-12-30,0.05329287424683571,0.29817700386047363,0.29947900772094727,0.29817700386047363,0.29947900772094727,614400
1963-12-31,0.05381649732589722,0.3011069893836975,0.3011069893836975,0.29850301146507263,0.29850301146507263,1152000
1964-01-02,0.05311841145157814,0.297201007604599,0.3011069893836975,0.297201007604599,0.3011069893836975,614400
1964-01-03,0.052594780921936035,0.29427099227905273,0.29850301146507263,0.29427099227905273,0.297201007604599,499200
1964-01-06,0.052245695143938065,0.2923179864883423,0.29557299613952637,0.29166701436042786,0.29427099227905273,806400
1964-01-07,0.052245695143938065,0.2923179864883423,0.29492199420928955,0.2923179864883423,0.2923179864883423,1152000
1964-01-08,0.053060151636600494,0.296875,0.296875,0.2936199903488159,0.2936199903488159,883200
1964-01-09,0.05335114896297455,0.29850301146507263,0.29882800579071045,0.29427099227905273,0.296875,2188800
1964-01-10,0.05346749350428581,0.29915401339530945,0.29915401339530945,0.296875,0.29850301146507263,1382400
1964-01-13,0.053758278489112854,0.3007810115814209,0.3011069893836975,0.2998049855232239,0.2998049855232239,921600
1964-01-14,0.05381649732589722,0.3011069893836975,0.3014320135116577,0.3007810115814209,0.3007810115814209,422400
1964-01-15,0.05381649732589722,0.3011069893836975,0.3011069893836975,0.2998049855232239,0.3011069893836975,307200
1964-01-16,0.053176503628492355,0.2975260019302368,0.3011069893836975,0.2975260019302368,0.3011069893836975,460800
1964-01-17,0.05329287424683571,0.29817700386047363,0.29882800579071045,0.2929689884185791,0.2975260019302368,883200
1964-01-20,0.05236203223466873,0.2929689884185791,0.29850301146507263,0.2929689884185791,0.29817700386047363,576000
1964-01-21,0.052245695143938065,0.2923179864883423,0.2923179864883423,0.29101601243019104,0.2923179864883423,460800
1964-01-22,0.05282747745513916,0.29557299613952637,0.2962239980697632,0.2923179864883423,0.2923179864883423,960000
1964-01-23,0.053176503628492355,0.2975260019302368,0.2975260019302368,0.29427099227905273,0.29557299613952637,729600
1964-01-24,0.05282747745513916,0.29557299613952637,0.2978520095348358,0.2923179864883423,0.2975260019302368,1420800
1964-01-27,0.05329287424683571,0.29817700386047363,0.29947900772094727,0.2975260019302368,0.2975260019302368,1574400
1964-01-28,0.05364192649722099,0.3001300096511841,0.3007810115814209,0.29947900772094727,0.29947900772094727,652800
1964-01-29,0.05358385294675827,0.2998049855232239,0.2998049855232239,0.2975260019302368,0.2998049855232239,1113600
1964-01-30,0.05364192649722099,0.3001300096511841,0.3007810115814209,0.2998049855232239,0.2998049855232239,345600
1964-01-31,0.054980069398880005,0.3076170086860657,0.3085939884185791,0.3004559874534607,0.3004559874534607,1881600
1964-02-03,0.055038321763277054,0.3079429864883423,0.31119799613952637,0.3079429864883423,0.3079429864883423,1728000
1964-02-04,0.05527104437351227,0.3092449903488159,0.30989599227905273,0.3085939884185791,0.3085939884185791,691200
1964-02-05,0.05538737028837204,0.30989599227905273,0.31054699420928955,0.3092449903488159,0.3092449903488159,998400
1964-02-06,0.05538737028837204,0.30989599227905273,0.30989599227905273,0.3095700144767761,0.30989599227905273,499200
1964-02-07,0.05527104437351227,0.3092449903488159,0.3095700144767761,0.3092449903488159,0.3095700144767761,230400
1964-02-10,0.055038321763277054,0.3079429864883423,0.3095700144767761,0.3079429864883423,0.3092449903488159,921600
1964-02-11,0.05486372485756874,0.30696600675582886,0.30729201436042786,0.30696600675582886,0.30729201436042786,230400
1964-02-12,0.05457291379570961,0.3053390085697174,0.30729201436042786,0.3053390085697174,0.30696600675582886,499200
1964-02-13,0.0549219511449337,0.30729201436042786,0.30729201436042786,0.3053390085697174,0.3053390085697174,614400
1964-02-14,0.05538737028837204,0.30989599227905273,0.30989599227905273,0.3079429864883423,0.3079429864883423,1190400
1964-02-17,0.05538737028837204,0.30989599227905273,0.30989599227905273,0.30989599227905273,0.30989599227905273,1036800
1964-02-18,0.0560855008661747,0.31380200386047363,0.3170570135116577,0.31054699420928955,0.31054699420928955,1344000
1964-02-19,0.0560855008661747,0.31380200386047363,0.31510400772094727,0.31380200386047363,0.31380200386047363,460800
1964-02-20,0.05562013387680054,0.31119799613952637,0.31380200386047363,0.31022098660469055,0.31380200386047363,460800
1964-02-24,0.05527104437351227,0.3092449903488159,0.31054699420928955,0.3079429864883423,0.31054699420928955,921600
1964-02-25,0.055038321763277054,0.3079429864883423,0.3118489980697632,0.3079429864883423,0.3092449903488159,921600
1964-02-26,0.0549219511449337,0.30729201436042786,0.3079429864883423,0.30729201436042786,0.3079429864883423,960000
1964-02-27,0.05521277338266373,0.3089190125465393,0.3089190125465393,0.30729201436042786,0.30729201436042786,806400
1964-02-28,0.05515464395284653,0.3085939884185791,0.3085939884185791,0.30729201436042786,0.3085939884185791,576000
1964-03-02,0.05562013387680054,0.31119799613952637,0.3118489980697632,0.3085939884185791,0.3085939884185791,1075200
1964-03-03,0.05579454079270363,0.312173992395401,0.3125,0.30989599227905273,0.31119799613952637,1152000
1964-03-04,0.05591106042265892,0.312826007604599,0.3134770095348358,0.3125,0.3125,1267200
1964-03-05,0.0560855008661747,0.31380200386047363,0.31380200386047363,0.3125,0.312826007604599,1152000
1964-03-06,0.05631818622350693,0.31510400772094727,0.31510400772094727,0.3125,0.31380200386047363,844800
1964-03-09,0.05864545330405235,0.328125,0.328125,0.31510400772094727,0.31510400772094727,1574400
1964-03-10,0.05911367014050484,0.3287760019302368,0.3287760019302368,0.32291701436042786,0.328125,1804800
1964-03-11,0.06028411164879799,0.3352859914302826,0.3359380066394806,0.328125,0.3287760019302368,1612800
1964-03-12,0.06204008311033249,0.34505200386047363,0.34505200386047363,0.33398398756980896,0.3352859914302826,1843200
1964-03-13,0.06022568419575691,0.3349609971046448,0.3430989980697632,0.3349609971046448,0.3430989980697632,1382400
1964-03-16,0.05899660661816597,0.328125,0.33333298563957214,0.32617199420928955,0.33333298563957214,3878400
1964-03-17,0.05841132998466492,0.3248699903488159,0.32682299613952637,0.3242189884185791,0.32682299613952637,576000
1964-03-18,0.058060213923454285,0.32291701436042786,0.32552099227905273,0.31510400772094727,0.3248699903488159,1612800
1964-03-19,0.05735774710774422,0.3190099895000458,0.3232420086860657,0.3190099895000458,0.32291701436042786,768000
1964-03-20,0.05712364986538887,0.31770798563957214,0.3203130066394806,0.31510400772094727,0.3190099895000458,2956800
1964-03-23,0.05735774710774422,0.3190099895000458,0.3203130066394806,0.31770798563957214,0.31770798563957214,1728000
1964-03-24,0.05747479572892189,0.3196609914302826,0.3216150104999542,0.31770798563957214,0.3190099895000458,1612800
1964-03-25,0.057592008262872696,0.3203130066394806,0.3203130066394806,0.3190099895000458,0.3196609914302826,1574400
1964-03-26,0.05712364986538887,0.31770798563957214,0.3199869990348816,0.3173829913139343,0.3199869990348816,1420800
1964-03-30,0.05829426273703575,0.3242189884185791,0.32552099227905273,0.3196609914302826,0.3196609914302826,1497600
1964-03-31,0.05887952819466591,0.3274739980697632,0.3274739980697632,0.3242189884185791,0.3242189884185791,1574400
1964-04-01,0.05934774503111839,0.33007800579071045,0.33072900772094727,0.327798992395401,0.327798992395401,614400
1964-04-02,0.060050033032894135,0.33398398756980896,0.3352859914302826,0.3287760019302368,0.33007800579071045,1651200
1964-04-03,0.05993301048874855,0.33333298563957214,0.3372400104999542,0.33333298563957214,0.33398398756980896,614400
1964-04-06,0.05999162420630455,0.33365899324417114,0.3346349895000458,0.33333298563957214,0.33333298563957214,1382400
1964-04-07,0.05899660661816597,0.328125,0.33398398756980896,0.328125,0.33365899324417114,921600
1964-04-08,0.05964047834277153,0.3317059874534607,0.3317059874534607,0.32682299613952637,0.328125,1305600
1964-04-09,0.05934774503111839,0.33007800579071045,0.3320310115814209,0.32942700386047363,0.3317059874534607,1075200
1964-04-10,0.059230681508779526,0.32942700386047363,0.3317059874534607,0.3287760019302368,0.33007800579071045,2380800
1964-04-13,0.05981595069169998,0.3326820135116577,0.33398398756980896,0.3320310115814209,0.3320310115814209,2457600
1964-04-14,0.05946480482816696,0.33072900772094727,0.33333298563957214,0.33072900772094727,0.3326820135116577,345600
1964-04-15,0.05981595069169998,0.3326820135116577,0.33789101243019104,0.3320310115814209,0.3320310115814209,1228800
1964-04-16,0.05993301048874855,0.33333298563957214,0.33333298563957214,0.33007800579071045,0.3326820135116577,1958400
1964-04-17,0.059698883444070816,0.3320310115814209,0.33398398756980896,0.3320310115814209,0.33333298563957214,729600
1964-04-20,0.060050033032894135,0.33398398756980896,0.3352859914302826,0.3320310115814209,0.3320310115814209,1612800
1964-04-21,0.05993301048874855,0.33333298563957214,0.3359380066394806,0.33007800579071045,0.33398398756980896,1459200
1964-04-22,0.05946480482816696,0.33072900772094727,0.3326820135116577,0.33072900772094727,0.3326820135116577,691200
1964-04-23,0.05981595069169998,0.3326820135116577,0.3346349895000458,0.3326820135116577,0.3326820135116577,960000
1964-04-24,0.05946480482816696,0.33072900772094727,0.3346349895000458,0.33072900772094727,0.3326820135116577,883200
1964-04-27,0.05940636992454529,0.33040401339530945,0.3326820135116577,0.33040401339530945,0.33072900772094727,499200
1964-04-28,0.05958187207579613,0.3313800096511841,0.3313800096511841,0.33007800579071045,0.33040401339530945,537600
1964-04-29,0.05958187207579613,0.3313800096511841,0.33398398756980896,0.33072900772094727,0.3313800096511841,499200
1964-04-30,0.059230681508779526,0.32942700386047363,0.3313800096511841,0.32942700386047363,0.3313800096511841,268800
1964-05-01,0.05946480482816696,0.33072900772094727,0.3320310115814209,0.32942700386047363,0.32942700386047363,806400
1964-05-04,0.059230681508779526,0.32942700386047363,0.33072900772094727,0.32942700386047363,0.33072900772094727,499200
1964-05-05,0.05905519425868988,0.328451007604599,0.33007800579071045,0.328451007604599,0.32942700386047363,1920000
1964-05-06,0.05899660661816597,0.328125,0.32942700386047363,0.328125,0.328451007604599,2534400
1964-05-07,0.05946480482816696,0.33072900772094727,0.33072900772094727,0.328125,0.328125,1382400
1964-05-08,0.05981595069169998,0.3326820135116577,0.33430999517440796,0.3326820135116577,0.3326820135116577,883200
1964-05-11,0.06051841750741005,0.3365890085697174,0.3365890085697174,0.3346349895000458,0.3346349895000458,1459200
1964-05-12,0.06122070923447609,0.3404949903488159,0.34179699420928955,0.3372400104999542,0.3372400104999542,2534400
1964-05-13,0.061337776482105255,0.34114599227905273,0.34375,0.34114599227905273,0.34114599227905273,998400
1964-05-14,0.06122070923447609,0.3404949903488159,0.34375,0.3404949903488159,0.34114599227905273,768000
1964-05-15,0.06098661199212074,0.3391929864883423,0.34244799613952637,0.33789101243019104,0.3404949903488159,499200
1964-05-18,0.06145479530096054,0.34179699420928955,0.3430989980697632,0.34114599227905273,0.34114599227905273,691200
1964-05-19,0.061337776482105255,0.34114599227905273,0.34375,0.34114599227905273,0.34179699420928955,1190400
1964-05-20,0.06063541769981384,0.3372400104999542,0.34114599227905273,0.3359380066394806,0.34114599227905273,1305600
1964-05-21,0.06086958944797516,0.33854201436042786,0.33854201436042786,0.3346349895000458,0.3372400104999542,1036800
1964-05-22,0.06098661199212074,0.3391929864883423,0.34179699420928955,0.33854201436042786,0.33854201436042786,883200
1964-05-25,0.0601671040058136,0.3346349895000458,0.3372400104999542,0.3346349895000458,0.3372400104999542,614400
1964-05-26,0.0601671040058136,0.3346349895000458,0.3356119990348816,0.3346349895000458,0.3346349895000458,422400
1964-05-27,0.05993301048874855,0.33333298563957214,0.33333298563957214,0.3313800096511841,0.33333298563957214,268800
1964-05-28,0.05981595069169998,0.3326820135116577,0.3352859914302826,0.3326820135116577,0.33333298563957214,652800
1964-06-01,0.059230681508779526,0.32942700386047363,0.3320310115814209,0.32942700386047363,0.3320310115814209,1344000
1964-06-02,0.05876247584819794,0.32682299613952637,0.32942700386047363,0.32617199420928955,0.32942700386047363,883200
1964-06-03,0.05899660661816597,0.328125,0.3287760019302368,0.32682299613952637,0.32682299613952637,576000
1964-06-04,0.058528393507003784,0.32552099227905273,0.32682299613952637,0.32552099227905273,0.32682299613952637,960000
1964-06-05,0.05876247584819794,0.32682299613952637,0.328125,0.32552099227905273,0.32552099227905273,1344000
1964-06-08,0.058645445853471756,0.32617199420928955,0.32942700386047363,0.32617199420928955,0.32682299613952637,537600
1964-06-09,0.058880940079689026,0.32552099227905273,0.32552099227905273,0.3242189884185791,0.32552099227905273,960000
1964-06-10,0.0595875009894371,0.32942700386047363,0.32942700386047363,0.32552099227905273,0.32552099227905273,806400
1964-06-11,0.060176268219947815,0.3326820135116577,0.33333298563957214,0.33072900772094727,0.33072900772094727,691200
1964-06-12,0.06052953749895096,0.3346349895000458,0.3352859914302826,0.33333298563957214,0.33333298563957214,921600
1964-06-15,0.061236247420310974,0.33854201436042786,0.33854201436042786,0.3352859914302826,0.3352859914302826,921600
1964-06-16,0.06164826080203056,0.3408200144767761,0.3408200144767761,0.33854201436042786,0.33854201436042786,652800
1964-06-17,0.06158945709466934,0.3404949903488159,0.34179699420928955,0.3398439884185791,0.3408200144767761,1344000
1964-06-18,0.061412736773490906,0.3395180106163025,0.34114599227905273,0.3391929864883423,0.3404949903488159,998400
1964-06-19,0.06100067123770714,0.3372400104999542,0.3408200144767761,0.3372400104999542,0.3395180106163025,614400
1964-06-22,0.061824992299079895,0.34179699420928955,0.34179699420928955,0.3391929864883423,0.3391929864883423,460800
1964-06-23,0.0611184798181057,0.33789101243019104,0.34179699420928955,0.3359380066394806,0.34179699420928955,1036800
1964-06-24,0.06147171929478645,0.3398439884185791,0.3398439884185791,0.3359380066394806,0.33789101243019104,460800
1964-06-25,0.06100067123770714,0.3372400104999542,0.3391929864883423,0.3352859914302826,0.3391929864883423,806400
1964-06-26,0.0611184798181057,0.33789101243019104,0.33821600675582886,0.3359380066394806,0.3372400104999542,844800
1964-06-29,0.06170725077390671,0.34114599227905273,0.34114599227905273,0.33789101243019104,0.33789101243019104,2726400
1964-06-30,0.061883773654699326,0.34212198853492737,0.34375,0.34179699420928955,0.34179699420928955,576000
1964-07-01,0.062178220599889755,0.34375,0.34375,0.34179699420928955,0.34212198853492737,384000
1964-07-02,0.06206054240465164,0.3430989980697632,0.3444010019302368,0.3430989980697632,0.34375,652800
1964-07-06,0.06323804706335068,0.34960898756980896,0.34960898756980896,0.3444010019302368,0.3444010019302368,460800
1964-07-07,0.06476902961730957,0.35807299613952637,0.35807299613952637,0.3502599895000458,0.3502599895000458,2380800
1964-07-08,0.0642390325665474,0.3551430106163025,0.3561199903488159,0.3515630066394806,0.3561199903488159,960000
1964-07-09,0.0640624463558197,0.35416701436042786,0.3561199903488159,0.3522140085697174,0.3551430106163025,614400
1964-07-10,0.0639447569847107,0.35351601243019104,0.3554689884185791,0.35351601243019104,0.35416701436042786,460800
1964-07-13,0.06418029218912125,0.3548179864883423,0.3548179864883423,0.35351601243019104,0.35351601243019104,153600
1964-07-14,0.0639447569847107,0.35351601243019104,0.3554689884185791,0.35351601243019104,0.3548179864883423,422400
1964-07-15,0.06418029218912125,0.3548179864883423,0.3561199903488159,0.3522140085697174,0.35351601243019104,921600
1964-07-16,0.0640624463558197,0.35416701436042786,0.3557940125465393,0.35416701436042786,0.35416701436042786,614400
1964-07-17,0.06418029218912125,0.3548179864883423,0.3561199903488159,0.3528650104999542,0.35416701436042786,537600
1964-07-20,0.06347356736660004,0.3509109914302826,0.35351601243019104,0.34895798563957214,0.35351601243019104,691200
1964-07-21,0.0635325014591217,0.3512369990348816,0.3515630066394806,0.3509109914302826,0.3509109914302826,576000
1964-07-22,0.06382694840431213,0.3528650104999542,0.3528650104999542,0.3528650104999542,0.3528650104999542,115200
1964-07-23,0.06382694840431213,0.3528650104999542,0.35416701436042786,0.3528650104999542,0.3528650104999542,537600
1964-07-24,0.0640624463558197,0.35416701436042786,0.35416701436042786,0.35416701436042786,0.35416701436042786,192000
1964-07-27,0.06418029218912125,0.3548179864883423,0.3554689884185791,0.3548179864883423,0.3548179864883423,307200
1964-07-28,0.06429801881313324,0.3554689884185791,0.3554689884185791,0.3554689884185791,0.3554689884185791,307200
1964-07-29,0.06453350186347961,0.35677099227905273,0.35677099227905273,0.3554689884185791,0.3554689884185791,921600
1964-07-30,0.06500454992055893,0.359375,0.359375,0.35807299613952637,0.35807299613952637,345600
1964-07-31,0.06500454992055893,0.359375,0.36132800579071045,0.35807299613952637,0.359375,729600
1964-08-03,0.06453350186347961,0.35677099227905273,0.3600260019302368,0.3554689884185791,0.359375,652800
1964-08-04,0.06370923668146133,0.3522140085697174,0.35677099227905273,0.3515630066394806,0.35677099227905273,614400
1964-08-05,0.0635325014591217,0.3512369990348816,0.3512369990348816,0.34244799613952637,0.3512369990348816,2880000
1964-08-06,0.06253152340650558,0.34570300579071045,0.34960898756980896,0.34505200386047363,0.34960898756980896,1420800
1964-08-07,0.06312025338411331,0.34895798563957214,0.3515630066394806,0.34570300579071045,0.34570300579071045,691200
1964-08-10,0.06359151005744934,0.3515630066394806,0.3528650104999542,0.3515630066394806,0.3515630066394806,268800
1964-08-11,0.06370923668146133,0.3522140085697174,0.3554689884185791,0.3522140085697174,0.3522140085697174,576000
1964-08-12,0.06494555622339249,0.359048992395401,0.359048992395401,0.35351601243019104,0.35351601243019104,499200
1964-08-13,0.06453350186347961,0.35677099227905273,0.3600260019302368,0.3554689884185791,0.359048992395401,652800
1964-08-14,0.0639447569847107,0.35351601243019104,0.35807299613952637,0.3522140085697174,0.35677099227905273,345600
1964-08-17,0.06429801881313324,0.3554689884185791,0.3561199903488159,0.35416701436042786,0.35416701436042786,1497600
1964-08-18,0.06512228399515152,0.3600260019302368,0.36067700386047363,0.35677099227905273,0.35677099227905273,729600
1964-08-19,0.06559330224990845,0.3626300096511841,0.3632810115814209,0.36067700386047363,0.36067700386047363,576000
1964-08-20,0.06547555327415466,0.36197900772094727,0.3642579913139343,0.36197900772094727,0.3626300096511841,1036800
1964-08-21,0.06547555327415466,0.36197900772094727,0.36197900772094727,0.36132800579071045,0.36197900772094727,268800
1964-08-24,0.06524001806974411,0.36067700386047363,0.36132800579071045,0.36067700386047363,0.36132800579071045,499200
1964-08-25,0.06512228399515152,0.3600260019302368,0.36067700386047363,0.3600260019302368,0.36067700386047363,499200
1964-08-26,0.06512228399515152,0.3600260019302368,0.36197900772094727,0.3600260019302368,0.3600260019302368,307200
1964-08-27,0.06512228399515152,0.3600260019302368,0.36067700386047363,0.3600260019302368,0.3600260019302368,307200
1964-08-28,0.06500454992055893,0.359375,0.36067700386047363,0.359375,0.3600260019302368,307200
1964-08-31,0.06441580504179001,0.3561199903488159,0.36197900772094727,0.3561199903488159,0.359375,883200
1964-09-01,0.06441580504179001,0.3561199903488159,0.35677099227905273,0.3554689884185791,0.3561199903488159,1075200
1964-09-02,0.06382694840431213,0.3528650104999542,0.3561199903488159,0.3528650104999542,0.3561199903488159,345600
1964-09-03,0.06441580504179001,0.3561199903488159,0.3561199903488159,0.35416701436042786,0.35416701436042786,307200
1964-09-04,0.06429801881313324,0.3554689884185791,0.35807299613952637,0.3548179864883423,0.3561199903488159,768000
1964-09-08,0.06476902961730957,0.35807299613952637,0.35807299613952637,0.3561199903488159,0.3561199903488159,115200
1964-09-09,0.06465062499046326,0.3554689884185791,0.35677099227905273,0.3554689884185791,0.35677099227905273,537600
1964-09-10,0.06394023448228836,0.3515630066394806,0.3557940125465393,0.3509109914302826,0.3554689884185791,691200
1964-09-11,0.06394023448228836,0.3515630066394806,0.35351601243019104,0.3515630066394806,0.3515630066394806,499200
1964-09-14,0.0634663999080658,0.34895798563957214,0.3522140085697174,0.34505200386047363,0.3515630066394806,1267200
1964-09-15,0.06322968751192093,0.3476560115814209,0.3483070135116577,0.34635400772094727,0.3483070135116577,460800
1964-09-16,0.06394023448228836,0.3515630066394806,0.3515630066394806,0.3483070135116577,0.3483070135116577,652800
1964-09-17,0.06370322406291962,0.3502599895000458,0.3515630066394806,0.3502599895000458,0.3515630066394806,230400
1964-09-18,0.06370322406291962,0.3502599895000458,0.3528650104999542,0.34960898756980896,0.3502599895000458,806400
1964-09-21,0.06322968751192093,0.3476560115814209,0.3515630066394806,0.3476560115814209,0.3502599895000458,499200
1964-09-22,0.06299284100532532,0.34635400772094727,0.3502599895000458,0.34635400772094727,0.3476560115814209,691200
1964-09-23,0.06322968751192093,0.3476560115814209,0.34960898756980896,0.3476560115814209,0.3476560115814209,614400
1964-09-24,0.0634663999080658,0.34895798563957214,0.3502599895000458,0.34895798563957214,0.34895798563957214,460800
1964-09-25,0.06394023448228836,0.3515630066394806,0.3515630066394806,0.34895798563957214,0.34895798563957214,307200
1964-09-28,0.06429542601108551,0.35351601243019104,0.35351601243019104,0.3515630066394806,0.3515630066394806,1689600
1964-09-29,0.0634663999080658,0.34895798563957214,0.3528650104999542,0.34895798563957214,0.3528650104999542,768000
1964-09-30,0.06394023448228836,0.3515630066394806,0.3522140085697174,0.3509109914302826,0.3509109914302826,192000
1964-10-01,0.06370322406291962,0.3502599895000458,0.3502599895000458,0.34895798563957214,0.3502599895000458,192000
1964-10-02,0.06394023448228836,0.3515630066394806,0.3522140085697174,0.34895798563957214,0.3502599895000458,614400
1964-10-05,0.06394023448228836,0.3515630066394806,0.3515630066394806,0.3502599895000458,0.3515630066394806,998400
1964-10-06,0.06382163614034653,0.3509109914302826,0.3509109914302826,0.3483070135116577,0.3509109914302826,537600
1964-10-07,0.06275607645511627,0.34505200386047363,0.3502599895000458,0.34505200386047363,0.3502599895000458,614400
1964-10-08,0.06334804743528366,0.3483070135116577,0.3483070135116577,0.3470050096511841,0.3470050096511841,384000
1964-10-09,0.06322968751192093,0.3476560115814209,0.34895798563957214,0.34570300579071045,0.3483070135116577,960000
1964-10-12,0.06251920014619827,0.34375,0.3476560115814209,0.34375,0.3476560115814209,806400
1964-10-13,0.062045592814683914,0.34114599227905273,0.3447270095348358,0.34114599227905273,0.34375,1113600
1964-10-14,0.06263765692710876,0.3444010019302368,0.3444010019302368,0.34179699420928955,0.34179699420928955,614400
1964-10-15,0.061690423637628555,0.3391929864883423,0.34244799613952637,0.3388670086860657,0.34244799613952637,1190400
1964-10-16,0.06251920014619827,0.34375,0.34375,0.3391929864883423,0.3391929864883423,1075200
1964-10-19,0.06216403841972351,0.34179699420928955,0.3430989980697632,0.3398439884185791,0.3430989980697632,652800
1964-10-20,0.06240086629986763,0.3430989980697632,0.3430989980697632,0.3398439884185791,0.34179699420928955,576000
1964-10-21,0.061572037637233734,0.33854201436042786,0.3430989980697632,0.33854201436042786,0.3430989980697632,844800
1964-10-22,0.06192726641893387,0.3404949903488159,0.34244799613952637,0.3404949903488159,0.3404949903488159,268800
1964-10-23,0.06192726641893387,0.3404949903488159,0.34179699420928955,0.3404949903488159,0.3404949903488159,230400
1964-10-26,0.062282461673021317,0.34244799613952637,0.34244799613952637,0.33789101243019104,0.3404949903488159,1344000
1964-10-27,0.06240086629986763,0.3430989980697632,0.34375,0.34179699420928955,0.34244799613952637,614400
1964-10-28,0.062282461673021317,0.34244799613952637,0.34375,0.34244799613952637,0.3430989980697632,1766400
1964-10-29,0.061690423637628555,0.3391929864883423,0.34375,0.3391929864883423,0.34244799613952637,1036800
1964-10-30,0.06180881708860397,0.3398439884185791,0.34114599227905273,0.3398439884185791,0.3398439884185791,652800
1964-11-02,0.062282461673021317,0.34244799613952637,0.34244799613952637,0.33854201436042786,0.3398439884185791,883200
1964-11-04,0.06240086629986763,0.3430989980697632,0.34375,0.34179699420928955,0.34244799613952637,2380800
1964-11-05,0.06251920014619827,0.34375,0.34375,0.3427729904651642,0.3430989980697632,460800
1964-11-06,0.06240086629986763,0.3430989980697632,0.34375,0.34244799613952637,0.34375,883200
1964-11-09,0.06251920014619827,0.34375,0.34375,0.343423992395401,0.343423992395401,576000
1964-11-10,0.06210477277636528,0.34147098660469055,0.34375,0.34114599227905273,0.34375,998400
1964-11-11,0.06251920014619827,0.34375,0.34375,0.3398439884185791,0.34147098660469055,998400
1964-11-12,0.06435449421405792,0.35384100675582886,0.35384100675582886,0.3444010019302368,0.3444010019302368,1497600
1964-11-13,0.06630824506282806,0.36458298563957214,0.3658849895000458,0.36197900772094727,0.36197900772094727,2112000
1964-11-16,0.06429542601108551,0.35351601243019104,0.3678390085697174,0.3502599895000458,0.36458298563957214,3187200
1964-11-17,0.06547939032316208,0.3600260019302368,0.3603520095348358,0.35416701436042786,0.35416701436042786,2112000
1964-11-18,0.06559779495000839,0.36067700386047363,0.36197900772094727,0.359375,0.3600260019302368,883200
1964-11-19,0.06512423604726791,0.35807299613952637,0.36197900772094727,0.35807299613952637,0.36067700386047363,1382400
1964-11-20,0.06536106020212173,0.359375,0.3600260019302368,0.35742199420928955,0.35807299613952637,768000
1964-11-23,0.06399934738874435,0.3518880009651184,0.359048992395401,0.3518880009651184,0.359048992395401,1804800
1964-11-24,0.06417699158191681,0.3528650104999542,0.3528650104999542,0.3476560115814209,0.3518880009651184,1075200
1964-11-25,0.06453416496515274,0.3528650104999542,0.35416701436042786,0.3515630066394806,0.3528650104999542,652800
1964-11-27,0.06381962448358536,0.34895798563957214,0.3509109914302826,0.34505200386047363,0.3509109914302826,1228800
1964-11-30,0.06381962448358536,0.34895798563957214,0.3515630066394806,0.34895798563957214,0.34895798563957214,998400
1964-12-01,0.06429609656333923,0.3515630066394806,0.3528650104999542,0.34960898756980896,0.34960898756980896,614400
1964-12-02,0.06489138305187225,0.3548179864883423,0.3548179864883423,0.3509109914302826,0.3515630066394806,921600
1964-12-03,0.0652485340833664,0.35677099227905273,0.3600260019302368,0.3561199903488159,0.3561199903488159,844800
1964-12-04,0.06548669189214706,0.35807299613952637,0.359375,0.3554689884185791,0.35677099227905273,691200
1964-12-07,0.06584382057189941,0.3600260019302368,0.36132800579071045,0.359048992395401,0.359048992395401,1574400
1964-12-08,0.06608202308416367,0.36132800579071045,0.36197900772094727,0.36132800579071045,0.36132800579071045,1497600
1964-12-09,0.06596288084983826,0.36067700386047363,0.36067700386047363,0.3587239980697632,0.36067700386047363,1459200
1964-12-10,0.06572481989860535,0.359375,0.36067700386047363,0.359375,0.36067700386047363,537600
1964-12-11,0.06608202308416367,0.36132800579071045,0.36132800579071045,0.359375,0.359375,614400
1964-12-14,0.06620102375745773,0.36197900772094727,0.36197900772094727,0.36132800579071045,0.36132800579071045,1344000
1964-12-15,0.0662606805562973,0.3623049855232239,0.3626300096511841,0.36197900772094727,0.36197900772094727,576000
1964-12-16,0.06632013618946075,0.3626300096511841,0.3626300096511841,0.36165401339530945,0.3623049855232239,768000
1964-12-17,0.06620102375745773,0.36197900772094727,0.3626300096511841,0.36197900772094727,0.3626300096511841,499200
1964-12-18,0.06655821204185486,0.3639320135116577,0.3642579913139343,0.3626300096511841,0.3626300096511841,2304000
1964-12-21,0.0666772872209549,0.36458298563957214,0.36458298563957214,0.3639320135116577,0.3639320135116577,1305600
1964-12-22,0.06661784648895264,0.3642579913139343,0.36458298563957214,0.36197900772094727,0.36458298563957214,4800000
1964-12-23,0.06661784648895264,0.3642579913139343,0.36458298563957214,0.3632810115814209,0.3642579913139343,460800
1964-12-24,0.0664391741156578,0.3632810115814209,0.3632810115814209,0.3623049855232239,0.3632810115814209,384000
1964-12-28,0.06596288084983826,0.36067700386047363,0.36132800579071045,0.36067700386047363,0.36132800579071045,883200
1964-12-29,0.06596288084983826,0.36067700386047363,0.36165401339530945,0.36067700386047363,0.36067700386047363,691200
1964-12-30,0.0666772872209549,0.36458298563957214,0.36458298563957214,0.3603520095348358,0.36067700386047363,268800
1964-12-31,0.06703441590070724,0.3665359914302826,0.3665359914302826,0.3658849895000458,0.3658849895000458,192000
1965-01-04,0.06655821204185486,0.3639320135116577,0.36523398756980896,0.3639320135116577,0.36523398756980896,537600
1965-01-05,0.0666772872209549,0.36458298563957214,0.3665359914302826,0.3632810115814209,0.3639320135116577,384000
1965-01-06,0.06620102375745773,0.36197900772094727,0.36523398756980896,0.36197900772094727,0.36458298563957214,3648000
1965-01-07,0.0664391741156578,0.3632810115814209,0.3639320135116577,0.36165401339530945,0.36197900772094727,3571200
1965-01-08,0.0664391741156578,0.3632810115814209,0.3632810115814209,0.36197900772094727,0.3632810115814209,576000
1965-01-11,0.06596288084983826,0.36067700386047363,0.36197900772094727,0.3603520095348358,0.36197900772094727,614400
1965-01-12,0.0664391741156578,0.3632810115814209,0.3632810115814209,0.36067700386047363,0.36067700386047363,460800
1965-01-13,0.0664391741156578,0.3632810115814209,0.36458298563957214,0.36197900772094727,0.3632810115814209,652800
1965-01-14,0.0664391741156578,0.3632810115814209,0.36523398756980896,0.3632810115814209,0.3632810115814209,307200
1965-01-15,0.06798713654279709,0.3717449903488159,0.3717449903488159,0.3658849895000458,0.3658849895000458,1152000
1965-01-18,0.06810614466667175,0.37239599227905273,0.37369799613952637,0.3710939884185791,0.3717449903488159,1305600
1965-01-19,0.06876109540462494,0.3759770095348358,0.37695300579071045,0.3743489980697632,0.3743489980697632,1075200
1965-01-20,0.06858240067958832,0.375,0.3789060115814209,0.37369799613952637,0.3759770095348358,1228800
1965-01-21,0.068820521235466,0.37630200386047363,0.3782550096511841,0.375,0.375,960000
1965-01-22,0.06977299600839615,0.3815099895000458,0.3815099895000458,0.37760400772094727,0.37760400772094727,921600
1965-01-25,0.07096376270055771,0.38802099227905273,0.38802099227905273,0.38020798563957214,0.3815099895000458,2265600
1965-01-26,0.07120190560817719,0.38932299613952637,0.390625,0.38802099227905273,0.38802099227905273,921600
1965-01-27,0.07191623747348785,0.39322900772094727,0.39322900772094727,0.390625,0.390625,921600
1965-01-28,0.07251155376434326,0.39648398756980896,0.39648398756980896,0.3945310115814209,0.3945310115814209,844800
1965-01-29,0.0733451321721077,0.40104201436042786,0.40104201436042786,0.3971349895000458,0.3971349895000458,1075200
1965-02-01,0.0726902037858963,0.3974609971046448,0.40104201436042786,0.3974609971046448,0.40104201436042786,614400
1965-02-02,0.07227345556020737,0.3951820135116577,0.39648398756980896,0.39322900772094727,0.39648398756980896,1036800
1965-02-03,0.07179716974496841,0.39257800579071045,0.3955079913139343,0.39257800579071045,0.3951820135116577,537600
1965-02-04,0.0716186985373497,0.3916020095348358,0.3916020095348358,0.3912760019302368,0.3916020095348358,230400
1965-02-05,0.07084467262029648,0.3873699903488159,0.3912760019302368,0.3873699903488159,0.3912760019302368,960000
1965-02-08,0.07001128792762756,0.3828130066394806,0.3867189884185791,0.3815099895000458,0.3867189884185791,960000
1965-02-09,0.07096376270055771,0.38802099227905273,0.38867199420928955,0.3815099895000458,0.3828130066394806,1420800
1965-02-10,0.07060657441616058,0.3860679864883423,0.3867189884185791,0.38541701436042786,0.3867189884185791,268800
1965-02-11,0.07024940848350525,0.3841150104999542,0.3867189884185791,0.3841150104999542,0.3860679864883423,576000
1965-02-12,0.07036849856376648,0.38476601243019104,0.38476601243019104,0.3828130066394806,0.3841150104999542,614400
1965-02-15,0.07060657441616058,0.3860679864883423,0.3860679864883423,0.38541701436042786,0.38541701436042786,537600
1965-02-16,0.07072562724351883,0.3867189884185791,0.3870440125465393,0.3860679864883423,0.3860679864883423,192000
1965-02-17,0.07072562724351883,0.3867189884185791,0.3873699903488159,0.3860679864883423,0.3867189884185791,422400
1965-02-18,0.07084467262029648,0.3873699903488159,0.38834598660469055,0.3857420086860657,0.3867189884185791,844800
1965-02-19,0.07096376270055771,0.38802099227905273,0.390625,0.3867189884185791,0.390625,1113600
1965-02-23,0.0714399665594101,0.390625,0.3912760019302368,0.38867199420928955,0.38867199420928955,1209600
1965-02-24,0.07227345556020737,0.3951820135116577,0.3951820135116577,0.3912760019302368,0.3912760019302368,1785600
1965-02-25,0.07382135838270187,0.40364599227905273,0.40364599227905273,0.3971349895000458,0.3971349895000458,787200
1965-02-26,0.0750119760632515,0.4101560115814209,0.4101560115814209,0.4055989980697632,0.4055989980697632,1401600
1965-03-01,0.0750119760632515,0.4101560115814209,0.4140630066394806,0.40885400772094727,0.4101560115814209,2265600
1965-03-02,0.07525008171796799,0.41145798563957214,0.4140630066394806,0.41145798563957214,0.41145798563957214,1248000
1965-03-03,0.07382135838270187,0.40364599227905273,0.41145798563957214,0.40364599227905273,0.41145798563957214,1075200
1965-03-04,0.07382135838270187,0.40364599227905273,0.4069010019302368,0.4023439884185791,0.40364599227905273,1497600
1965-03-05,0.07286889106035233,0.3984380066394806,0.40494799613952637,0.39583298563957214,0.40364599227905273,4608000
1965-03-08,0.07274963706731796,0.3977859914302826,0.3990890085697174,0.3971349895000458,0.3984380066394806,979200
1965-03-09,0.07303708791732788,0.3971349895000458,0.3977859914302826,0.39583298563957214,0.3977859914302826,576000
1965-03-10,0.07279770076274872,0.39583298563957214,0.3971349895000458,0.39257800579071045,0.3971349895000458,1286400
1965-03-11,0.07172010838985443,0.3899739980697632,0.39583298563957214,0.3899739980697632,0.39583298563957214,1094400
1965-03-12,0.07231876254081726,0.39322900772094727,0.39322900772094727,0.3912760019302368,0.3912760019302368,499200
1965-03-15,0.0725582018494606,0.3945310115814209,0.39583298563957214,0.39322900772094727,0.39322900772094727,825600
1965-03-16,0.07231876254081726,0.39322900772094727,0.39322900772094727,0.390625,0.39322900772094727,3379200
1965-03-17,0.07195958495140076,0.3912760019302368,0.39322900772094727,0.390625,0.39322900772094727,403200
1965-03-18,0.0718398317694664,0.390625,0.39257800579071045,0.390625,0.3912760019302368,384000
1965-03-19,0.07100178301334381,0.3860679864883423,0.39257800579071045,0.3860679864883423,0.390625,921600
1965-03-22,0.07088200002908707,0.38541701436042786,0.3873699903488159,0.3834640085697174,0.3860679864883423,499200
1965-03-23,0.07124118506908417,0.3873699903488159,0.390625,0.3860679864883423,0.3860679864883423,902400
1965-03-24,0.07136093080043793,0.38802099227905273,0.390625,0.3873699903488159,0.3873699903488159,1017600
1965-03-25,0.0714806616306305,0.38867199420928955,0.3899739980697632,0.38867199420928955,0.38867199420928955,403200
1965-03-26,0.07124118506908417,0.3873699903488159,0.390625,0.3867189884185791,0.38867199420928955,249600
1965-03-29,0.07064259052276611,0.3841150104999542,0.3873699903488159,0.3841150104999542,0.3873699903488159,1113600
1965-03-30,0.07040315866470337,0.3828130066394806,0.3860679864883423,0.3828130066394806,0.3841150104999542,499200
1965-03-31,0.0702832043170929,0.3821609914302826,0.3841150104999542,0.38020798563957214,0.3828130066394806,518400
1965-04-01,0.06992404907941818,0.38020798563957214,0.3815099895000458,0.3789060115814209,0.3815099895000458,844800
1965-04-02,0.06992404907941818,0.38020798563957214,0.3815099895000458,0.3795570135116577,0.38020798563957214,499200
1965-04-05,0.06992404907941818,0.38020798563957214,0.3815099895000458,0.38020798563957214,0.38020798563957214,556800
1965-04-06,0.07040315866470337,0.3828130066394806,0.3834640085697174,0.3789060115814209,0.38020798563957214,1132800
1965-04-07,0.07100178301334381,0.3860679864883423,0.3867189884185791,0.3834640085697174,0.3834640085697174,556800
1965-04-08,0.0725582018494606,0.3945310115814209,0.39583298563957214,0.38802099227905273,0.38802099227905273,979200
1965-04-09,0.07519234716892242,0.40885400772094727,0.4101560115814209,0.3971349895000458,0.3971349895000458,672000
1965-04-12,0.07495289295911789,0.40755200386047363,0.4153650104999542,0.40755200386047363,0.40755200386047363,1152000
1965-04-13,0.07483313232660294,0.4069010019302368,0.4101560115814209,0.40625,0.40755200386047363,1747200
1965-04-14,0.07519234716892242,0.40885400772094727,0.4101560115814209,0.40755200386047363,0.40755200386047363,403200
1965-04-15,0.07519234716892242,0.40885400772094727,0.4108070135116577,0.4069010019302368,0.40885400772094727,345600
1965-04-19,0.0753120481967926,0.4095050096511841,0.4101560115814209,0.40755200386047363,0.40885400772094727,806400
1965-04-20,0.07507263123989105,0.40820300579071045,0.41145798563957214,0.4069010019302368,0.4095050096511841,729600
1965-04-21,0.07615035027265549,0.4140630066394806,0.4140630066394806,0.40755200386047363,0.40820300579071045,1363200
1965-04-22,0.07615035027265549,0.4140630066394806,0.4153650104999542,0.4127599895000458,0.4140630066394806,710400
1965-04-23,0.0756712332367897,0.41145798563957214,0.4147140085697174,0.41145798563957214,0.4140630066394806,211200
1965-04-26,0.07507263123989105,0.40820300579071045,0.4101560115814209,0.40625,0.4101560115814209,902400
1965-04-27,0.07555153965950012,0.4108070135116577,0.4108070135116577,0.40820300579071045,0.40820300579071045,556800
1965-04-28,0.07555153965950012,0.4108070135116577,0.4108070135116577,0.40885400772094727,0.4108070135116577,230400
1965-04-29,0.0756712332367897,0.41145798563957214,0.4140630066394806,0.4101560115814209,0.4108070135116577,1209600
1965-04-30,0.07555153965950012,0.4108070135116577,0.4134109914302826,0.4108070135116577,0.41145798563957214,480000
1965-05-03,0.07686867564916611,0.4179689884185791,0.4179689884185791,0.41145798563957214,0.41145798563957214,1209600
1965-05-04,0.0775870755314827,0.421875,0.42317700386047363,0.4186199903488159,0.4186199903488159,979200
1965-05-05,0.07878422737121582,0.4283849895000458,0.4309900104999542,0.421875,0.421875,825600
1965-05-06,0.0792633593082428,0.4309900104999542,0.4309900104999542,0.42708298563957214,0.4283849895000458,1190400
1965-05-07,0.07950279861688614,0.43229201436042786,0.43619799613952637,0.4283849895000458,0.4309900104999542,979200
1965-05-10,0.0807001143693924,0.43880200386047363,0.4407550096511841,0.4342449903488159,0.4342449903488159,940800
1965-05-11,0.08022116869688034,0.43619799613952637,0.43880200386047363,0.43229201436042786,0.43880200386047363,1324800
1965-05-12,0.08046060055494308,0.4375,0.4375,0.43489599227905273,0.43619799613952637,480000
1965-05-13,0.08046060055494308,0.4375,0.43880200386047363,0.4375,0.4375,979200
1965-05-14,0.08093948662281036,0.44010400772094727,0.44010400772094727,0.43880200386047363,0.43880200386047363,480000
1965-05-17,0.08141838014125824,0.44270798563957214,0.4453130066394806,0.43880200386047363,0.44010400772094727,1248000
1965-05-18,0.08129868656396866,0.4420570135116577,0.4420570135116577,0.43880200386047363,0.4420570135116577,614400
1965-05-19,0.08141838014125824,0.44270798563957214,0.4440099895000458,0.4407550096511841,0.4420570135116577,633600
1965-05-20,0.0799817442893982,0.43489599227905273,0.4414060115814209,0.43489599227905273,0.4414060115814209,537600
1965-05-21,0.07854484021663666,0.42708298563957214,0.43554699420928955,0.42708298563957214,0.43489599227905273,249600
1965-05-24,0.07734756171703339,0.42057299613952637,0.42447900772094727,0.41992199420928955,0.42447900772094727,537600
1965-05-25,0.07854484021663666,0.42708298563957214,0.42708298563957214,0.4212239980697632,0.4212239980697632,460800
1965-05-26,0.07782652974128723,0.42317700386047363,0.4283849895000458,0.421875,0.42708298563957214,576000
1965-05-27,0.07638978958129883,0.4153650104999542,0.42057299613952637,0.4127599895000458,0.42057299613952637,595200
1965-05-28,0.07543176412582397,0.4101560115814209,0.4127599895000458,0.40885400772094727,0.4127599895000458,960000
1965-06-01,0.07555153965950012,0.4108070135116577,0.41145798563957214,0.40885400772094727,0.4101560115814209,1190400
1965-06-02,0.07495289295911789,0.40755200386047363,0.4101560115814209,0.40625,0.4101560115814209,576000
1965-06-03,0.07543176412582397,0.4101560115814209,0.4127599895000458,0.40820300579071045,0.40820300579071045,1171200
1965-06-04,0.07615035027265549,0.4140630066394806,0.4147140085697174,0.40820300579071045,0.4101560115814209,403200
1965-06-07,0.0753120481967926,0.4095050096511841,0.41601601243019104,0.4095050096511841,0.4140630066394806,230400
1965-06-08,0.07471342384815216,0.40625,0.4101560115814209,0.40625,0.4095050096511841,921600
1965-06-09,0.07367828488349915,0.3984380066394806,0.4016929864883423,0.3945310115814209,0.4016929864883423,614400
1965-06-10,0.07379866391420364,0.3990890085697174,0.40104201436042786,0.39648398756980896,0.3984380066394806,921600
1965-06-11,0.07440052181482315,0.4023439884185791,0.40364599227905273,0.3990890085697174,0.3990890085697174,288000
1965-06-14,0.0751228928565979,0.40625,0.4101560115814209,0.40494799613952637,0.40494799613952637,403200
1965-06-15,0.0751228928565979,0.40625,0.40885400772094727,0.4023439884185791,0.40625,1900800
1965-06-16,0.0760858803987503,0.41145798563957214,0.4127599895000458,0.40755200386047363,0.40755200386047363,806400
1965-06-17,0.0778917744755745,0.4212239980697632,0.421875,0.4140630066394806,0.4140630066394806,1094400
1965-06-18,0.0770491287112236,0.41666701436042786,0.4225260019302368,0.41666701436042786,0.4212239980697632,480000
1965-06-21,0.0760858803987503,0.41145798563957214,0.4186199903488159,0.40885400772094727,0.41666701436042786,460800
1965-06-22,0.0760858803987503,0.41145798563957214,0.4147140085697174,0.41145798563957214,0.41145798563957214,729600
1965-06-23,0.07536356151103973,0.40755200386047363,0.41145798563957214,0.40755200386047363,0.41145798563957214,288000
1965-06-24,0.07319655269384384,0.39583298563957214,0.40494799613952637,0.39583298563957214,0.40494799613952637,768000
1965-06-25,0.07151123881340027,0.3867189884185791,0.39192700386047363,0.38541701436042786,0.39192700386047363,940800
1965-06-28,0.07151123881340027,0.3867189884185791,0.38802099227905273,0.3828130066394806,0.3867189884185791,1555200
1965-06-29,0.07247426360845566,0.39192700386047363,0.39583298563957214,0.3815099895000458,0.3867189884185791,998400
1965-06-30,0.07403944432735443,0.40039101243019104,0.40039101243019104,0.38932299613952637,0.39192700386047363,768000
1965-07-01,0.07355774194002151,0.3977859914302826,0.40494799613952637,0.3971349895000458,0.40039101243019104,2496000
1965-07-02,0.07379866391420364,0.3990890085697174,0.40039101243019104,0.3971349895000458,0.3977859914302826,614400
1965-07-06,0.07343731820583344,0.3971349895000458,0.3997400104999542,0.3945310115814209,0.3990890085697174,576000
1965-07-07,0.07379866391420364,0.3990890085697174,0.3990890085697174,0.39583298563957214,0.3971349895000458,230400
1965-07-08,0.07452092319726944,0.4029949903488159,0.4029949903488159,0.3990890085697174,0.3990890085697174,326400
1965-07-09,0.07452092319726944,0.4029949903488159,0.40364599227905273,0.40104201436042786,0.4029949903488159,614400
1965-07-12,0.07391905784606934,0.3997400104999542,0.4029949903488159,0.39583298563957214,0.4029949903488159,729600
1965-07-13,0.07355774194002151,0.3977859914302826,0.40104201436042786,0.39583298563957214,0.3997400104999542,288000
1965-07-14,0.07367828488349915,0.3984380066394806,0.40104201436042786,0.3971349895000458,0.3977859914302826,288000
1965-07-15,0.07415978610515594,0.40104201436042786,0.40364599227905273,0.40104201436042786,0.40104201436042786,326400
1965-07-16,0.07295577228069305,0.3945310115814209,0.4029949903488159,0.39192700386047363,0.40104201436042786,230400
1965-07-19,0.07247426360845566,0.39192700386047363,0.39322900772094727,0.390625,0.39322900772094727,556800
1965-07-20,0.07187235355377197,0.38867199420928955,0.3938800096511841,0.38802099227905273,0.39192700386047363,422400
1965-07-21,0.07127044349908829,0.38541701436042786,0.3899739980697632,0.38541701436042786,0.38867199420928955,672000
1965-07-22,0.07151123881340027,0.3867189884185791,0.3867189884185791,0.3815099895000458,0.38541701436042786,537600
1965-07-23,0.07175195962190628,0.38802099227905273,0.38802099227905273,0.3834640085697174,0.3867189884185791,345600
1965-07-26,0.07271508872509003,0.39322900772094727,0.39583298563957214,0.38802099227905273,0.38802099227905273,518400
1965-07-27,0.07379866391420364,0.3990890085697174,0.3997400104999542,0.3971349895000458,0.3971349895000458,499200
1965-07-28,0.07343731820583344,0.3971349895000458,0.4023439884185791,0.39322900772094727,0.3990890085697174,710400
1965-07-29,0.07415978610515594,0.40104201436042786,0.4023439884185791,0.3945310115814209,0.3971349895000458,1132800
1965-07-30,0.07415978610515594,0.40104201436042786,0.4029949903488159,0.40104201436042786,0.40104201436042786,345600
1965-08-02,0.07464129477739334,0.40364599227905273,0.40364599227905273,0.3984380066394806,0.40104201436042786,384000
1965-08-03,0.07488207519054413,0.40494799613952637,0.40494799613952637,0.3984380066394806,0.40364599227905273,403200
1965-08-04,0.07464129477739334,0.40364599227905273,0.40364599227905273,0.3997400104999542,0.40364599227905273,307200
1965-08-05,0.07379866391420364,0.3990890085697174,0.40494799613952637,0.3990890085697174,0.40364599227905273,384000
1965-08-06,0.07319655269384384,0.39583298563957214,0.40039101243019104,0.39322900772094727,0.3990890085697174,499200
1965-08-09,0.07295577228069305,0.3945310115814209,0.3951820135116577,0.390625,0.3951820135116577,403200
1965-08-10,0.07271508872509003,0.39322900772094727,0.3971349895000458,0.39322900772094727,0.3945310115814209,652800
1965-08-11,0.07355774194002151,0.3977859914302826,0.3977859914302826,0.39322900772094727,0.39322900772094727,825600
1965-08-12,0.07343731820583344,0.3971349895000458,0.3997400104999542,0.3971349895000458,0.3977859914302826,556800
1965-08-13,0.07464129477739334,0.40364599227905273,0.40885400772094727,0.40104201436042786,0.40104201436042786,537600
1965-08-16,0.07560436427593231,0.40885400772094727,0.40885400772094727,0.40625,0.40625,307200
1965-08-17,0.07620633393526077,0.41210898756980896,0.41210898756980896,0.40755200386047363,0.40885400772094727,441600
1965-08-18,0.07692877948284149,0.41601601243019104,0.41666701436042786,0.4147140085697174,0.4147140085697174,1113600
1965-08-19,0.076567642390728,0.4140630066394806,0.41601601243019104,0.4140630066394806,0.41601601243019104,345600
1965-08-20,0.0751228928565979,0.40625,0.4127599895000458,0.40625,0.4127599895000458,134400
1965-08-23,0.07488207519054413,0.40494799613952637,0.40625,0.40364599227905273,0.40625,153600
1965-08-24,0.07415978610515594,0.40104201436042786,0.40755200386047363,0.3984380066394806,0.40494799613952637,614400
1965-08-25,0.07391905784606934,0.3997400104999542,0.40820300579071045,0.3997400104999542,0.40104201436042786,422400
1965-08-26,0.07391905784606934,0.3997400104999542,0.40104201436042786,0.3997400104999542,0.3997400104999542,153600
1965-08-27,0.07584511488676071,0.4101560115814209,0.4127599895000458,0.40364599227905273,0.40364599227905273,614400
1965-08-30,0.07584511488676071,0.4101560115814209,0.4101560115814209,0.40625,0.4101560115814209,268800
1965-08-31,0.07560436427593231,0.40885400772094727,0.4127599895000458,0.40885400772094727,0.4101560115814209,307200
1965-09-01,0.07391905784606934,0.3997400104999542,0.40625,0.39583298563957214,0.40625,902400
1965-09-02,0.07319655269384384,0.39583298563957214,0.3997400104999542,0.39583298563957214,0.3997400104999542,480000
1965-09-03,0.07440052181482315,0.4023439884185791,0.4055989980697632,0.40104201436042786,0.40104201436042786,441600
1965-09-07,0.07500247657299042,0.4055989980697632,0.4055989980697632,0.4016929864883423,0.4023439884185791,230400
1965-09-08,0.07464129477739334,0.40364599227905273,0.40885400772094727,0.40364599227905273,0.4055989980697632,537600
1965-09-09,0.07432673126459122,0.3997400104999542,0.40104201436042786,0.3997400104999542,0.40104201436042786,326400
1965-09-10,0.07481086999177933,0.4023439884185791,0.4023439884185791,0.3971349895000458,0.3997400104999542,748800
1965-09-13,0.07553719729185104,0.40625,0.40625,0.40104201436042786,0.4023439884185791,403200
1965-09-14,0.07481086999177933,0.4023439884185791,0.40494799613952637,0.4016929864883423,0.40494799613952637,844800
1965-09-15,0.07481086999177933,0.4023439884185791,0.40429699420928955,0.4023439884185791,0.4023439884185791,249600
1965-09-16,0.07577922940254211,0.40755200386047363,0.4108070135116577,0.40364599227905273,0.40364599227905273,729600
1965-09-17,0.07614234834909439,0.4095050096511841,0.4101560115814209,0.40625,0.40755200386047363,480000
1965-09-20,0.07638447731733322,0.4108070135116577,0.4127599895000458,0.4069010019302368,0.4095050096511841,806400
1965-09-21,0.0762634128332138,0.4101560115814209,0.4134109914302826,0.4101560115814209,0.4108070135116577,364800
1965-09-22,0.07650553435087204,0.41145798563957214,0.41145798563957214,0.40755200386047363,0.4101560115814209,249600
1965-09-23,0.0762634128332138,0.4101560115814209,0.41666701436042786,0.4101560115814209,0.41145798563957214,556800
1965-09-24,0.0762634128332138,0.4101560115814209,0.4140630066394806,0.4101560115814209,0.4101560115814209,345600
1965-09-27,0.07698992639780045,0.4140630066394806,0.41601601243019104,0.41145798563957214,0.41145798563957214,921600
1965-09-28,0.07674761116504669,0.4127599895000458,0.4153650104999542,0.41145798563957214,0.4140630066394806,268800
1965-09-29,0.07577922940254211,0.40755200386047363,0.4127599895000458,0.40755200386047363,0.4127599895000458,345600
1965-09-30,0.07602131366729736,0.40885400772094727,0.40885400772094727,0.40364599227905273,0.40755200386047363,768000
1965-10-01,0.07456883043050766,0.40104201436042786,0.40625,0.3997400104999542,0.40625,326400
1965-10-04,0.0751740112900734,0.40429699420928955,0.40429699420928955,0.3997400104999542,0.40104201436042786,518400
1965-10-05,0.07602131366729736,0.40885400772094727,0.40885400772094727,0.40364599227905273,0.40429699420928955,537600
1965-10-06,0.07505296170711517,0.40364599227905273,0.40625,0.4023439884185791,0.40625,364800
1965-10-07,0.07505296170711517,0.40364599227905273,0.40820300579071045,0.40364599227905273,0.40364599227905273,537600
1965-10-08,0.07674761116504669,0.4127599895000458,0.4127599895000458,0.40494799613952637,0.40494799613952637,652800
1965-10-11,0.07553719729185104,0.40625,0.4108070135116577,0.40625,0.4108070135116577,672000
1965-10-12,0.0751740112900734,0.40429699420928955,0.40820300579071045,0.40429699420928955,0.40625,441600
1965-10-13,0.07456883043050766,0.40104201436042786,0.40364599227905273,0.3990890085697174,0.40364599227905273,921600
1965-10-14,0.07505296170711517,0.40364599227905273,0.40364599227905273,0.3984380066394806,0.40104201436042786,576000
1965-10-15,0.07602131366729736,0.40885400772094727,0.4101560115814209,0.40364599227905273,0.40364599227905273,1132800
1965-10-18,0.07553719729185104,0.40625,0.4101560115814209,0.40364599227905273,0.40885400772094727,1344000
1965-10-19,0.07505296170711517,0.40364599227905273,0.40755200386047363,0.40364599227905273,0.40625,537600
1965-10-20,0.07481086999177933,0.4023439884185791,0.40494799613952637,0.40104201436042786,0.40364599227905273,480000
1965-10-21,0.07553719729185104,0.40625,0.40820300579071045,0.40364599227905273,0.40364599227905273,672000
1965-10-22,0.07493191957473755,0.4029949903488159,0.40820300579071045,0.4023439884185791,0.40625,825600
1965-10-25,0.07432673126459122,0.3997400104999542,0.4023439884185791,0.3971349895000458,0.4023439884185791,595200
1965-10-26,0.07505296170711517,0.40364599227905273,0.40494799613952637,0.3997400104999542,0.3997400104999542,1171200
1965-10-27,0.07493191957473755,0.4029949903488159,0.4055989980697632,0.3990890085697174,0.40364599227905273,1036800
1965-10-28,0.07481086999177933,0.4023439884185791,0.4023439884185791,0.3990890085697174,0.4023439884185791,307200
1965-10-29,0.07481086999177933,0.4023439884185791,0.4029949903488159,0.40039101243019104,0.4023439884185791,384000
1965-11-01,0.07456883043050766,0.40104201436042786,0.40364599227905273,0.40104201436042786,0.4023439884185791,652800
1965-11-03,0.07493191957473755,0.4029949903488159,0.40364599227905273,0.3984380066394806,0.40104201436042786,499200
1965-11-04,0.07553719729185104,0.40625,0.40625,0.40364599227905273,0.40364599227905273,883200
1965-11-05,0.07650553435087204,0.41145798563957214,0.41210898756980896,0.4023439884185791,0.40625,883200
1965-11-08,0.07650553435087204,0.41145798563957214,0.4134109914302826,0.41145798563957214,0.41145798563957214,902400
1965-11-09,0.07650553435087204,0.41145798563957214,0.41601601243019104,0.41145798563957214,0.41145798563957214,844800
1965-11-10,0.0772319883108139,0.4153650104999542,0.41666701436042786,0.4153650104999542,0.4153650104999542,460800
1965-11-11,0.07747406512498856,0.41666701436042786,0.4173179864883423,0.4153650104999542,0.4153650104999542,556800
1965-11-12,0.07795822620391846,0.41927099227905273,0.42057299613952637,0.4173179864883423,0.4173179864883423,768000
1965-11-15,0.07916872203350067,0.4257810115814209,0.4264320135116577,0.421875,0.421875,960000
1965-11-16,0.07856344431638718,0.4225260019302368,0.4264320135116577,0.4225260019302368,0.4257810115814209,1363200
1965-11-17,0.0784425213932991,0.421875,0.4257810115814209,0.421875,0.4225260019302368,595200
1965-11-18,0.07698992639780045,0.4140630066394806,0.421875,0.4140630066394806,0.421875,499200
1965-11-19,0.0784425213932991,0.421875,0.421875,0.41992199420928955,0.41992199420928955,595200
1965-11-22,0.07735303044319153,0.41601601243019104,0.41927099227905273,0.41601601243019104,0.41927099227905273,480000
1965-11-23,0.0784425213932991,0.421875,0.42708298563957214,0.41666701436042786,0.41666701436042786,787200
1965-11-24,0.07820039242506027,0.42057299613952637,0.4264320135116577,0.42057299613952637,0.421875,576000
1965-11-26,0.07922261208295822,0.42382800579071045,0.4257810115814209,0.42317700386047363,0.42317700386047363,710400
1965-11-29,0.07861419767141342,0.42057299613952637,0.42447900772094727,0.4179689884185791,0.42382800579071045,518400
1965-11-30,0.07910100370645523,0.42317700386047363,0.42447900772094727,0.4127599895000458,0.42057299613952637,844800
1965-12-01,0.07849250733852386,0.41992199420928955,0.4251300096511841,0.41927099227905273,0.42317700386047363,768000
1965-12-02,0.07788410037755966,0.41666701436042786,0.4173179864883423,0.4153650104999542,0.4173179864883423,998400
1965-12-03,0.07837080210447311,0.41927099227905273,0.421875,0.4153650104999542,0.41666701436042786,806400
1965-12-06,0.07837080210447311,0.41927099227905273,0.42057299613952637,0.4140630066394806,0.41927099227905273,518400
1965-12-07,0.0780058428645134,0.4173179864883423,0.4186199903488159,0.4173179864883423,0.4186199903488159,288000
1965-12-08,0.07812747359275818,0.4179689884185791,0.41927099227905273,0.4127599895000458,0.4173179864883423,537600
1965-12-09,0.07885763794183731,0.421875,0.421875,0.4179689884185791,0.4179689884185791,537600
1965-12-10,0.07983103394508362,0.42708298563957214,0.42708298563957214,0.42317700386047363,0.42317700386047363,537600
1965-12-13,0.08007433265447617,0.4283849895000458,0.4296880066394806,0.42708298563957214,0.42708298563957214,1267200
1965-12-14,0.0808047354221344,0.43229201436042786,0.43229201436042786,0.4296880066394806,0.4296880066394806,1017600
1965-12-15,0.0808047354221344,0.43229201436042786,0.43489599227905273,0.43229201436042786,0.43229201436042786,576000
1965-12-16,0.08165645599365234,0.4368489980697632,0.4368489980697632,0.4335939884185791,0.4335939884185791,806400
1965-12-17,0.08250835537910461,0.4414060115814209,0.44270798563957214,0.4375,0.4375,1516800
1965-12-20,0.08275164663791656,0.44270798563957214,0.4440099895000458,0.4420570135116577,0.4420570135116577,825600
1965-12-21,0.08372536301612854,0.44791701436042786,0.4492189884185791,0.4420570135116577,0.44270798563957214,1651200
1965-12-22,0.08469890058040619,0.453125,0.45442700386047363,0.45052099227905273,0.45052099227905273,345600
1965-12-23,0.0855506882071495,0.4576820135116577,0.45833298563957214,0.45442700386047363,0.45442700386047363,979200
1965-12-27,0.08834962546825409,0.4726560115814209,0.4726560115814209,0.4654949903488159,0.4654949903488159,672000
1965-12-28,0.08615931123495102,0.4609380066394806,0.4648439884185791,0.4596349895000458,0.4648439884185791,902400
1965-12-29,0.0859156921505928,0.4596349895000458,0.4596349895000458,0.45572900772094727,0.4596349895000458,691200
1965-12-30,0.0844554677605629,0.45182299613952637,0.4596349895000458,0.45182299613952637,0.4596349895000458,249600
1965-12-31,0.08372536301612854,0.44791701436042786,0.44791701436042786,0.44791701436042786,0.44791701436042786,76800
1966-01-03,0.0844554677605629,0.45182299613952637,0.45182299613952637,0.4440099895000458,0.44791701436042786,633600
1966-01-04,0.08396872878074646,0.4492189884185791,0.45182299613952637,0.44791701436042786,0.45182299613952637,460800
1966-01-05,0.08396872878074646,0.4492189884185791,0.4492189884185791,0.44270798563957214,0.4492189884185791,1420800
1966-01-06,0.08372536301612854,0.44791701436042786,0.45182299613952637,0.44791701436042786,0.4492189884185791,537600
1966-01-07,0.08421210199594498,0.45052099227905273,0.45182299613952637,0.44791701436042786,0.44791701436042786,844800
1966-01-10,0.08348199725151062,0.4466150104999542,0.4524739980697632,0.4466150104999542,0.45052099227905273,364800
1966-01-11,0.08396872878074646,0.4492189884185791,0.4524739980697632,0.4492189884185791,0.4492189884185791,460800
1966-01-12,0.0832386314868927,0.4453130066394806,0.4492189884185791,0.4453130066394806,0.4492189884185791,1977600
1966-01-13,0.08299507945775986,0.4440099895000458,0.44726601243019104,0.4440099895000458,0.4453130066394806,249600
1966-01-14,0.08275164663791656,0.44270798563957214,0.45052099227905273,0.44270798563957214,0.4440099895000458,1056000
1966-01-17,0.08275164663791656,0.44270798563957214,0.4466150104999542,0.4407550096511841,0.44270798563957214,825600
1966-01-18,0.08457718044519424,0.4524739980697632,0.453125,0.4453130066394806,0.4453130066394806,614400
1966-01-19,0.08421210199594498,0.45052099227905273,0.45507800579071045,0.45052099227905273,0.4524739980697632,441600
1966-01-20,0.08494225889444351,0.45442700386047363,0.4570310115814209,0.45182299613952637,0.45182299613952637,537600
1966-01-21,0.08640271425247192,0.4622400104999542,0.4648439884185791,0.4570310115814209,0.4570310115814209,691200
1966-01-24,0.08469890058040619,0.453125,0.46289101243019104,0.453125,0.4622400104999542,499200
1966-01-25,0.08542900532484055,0.4570310115814209,0.45833298563957214,0.45572900772094727,0.45572900772094727,518400
1966-01-26,0.08409043401479721,0.4498699903488159,0.4570310115814209,0.44726601243019104,0.4570310115814209,864000
1966-01-27,0.08409043401479721,0.4498699903488159,0.45052099227905273,0.4453130066394806,0.4498699903488159,403200
1966-01-28,0.08506395667791367,0.45507800579071045,0.45507800579071045,0.4498699903488159,0.4498699903488159,576000
1966-01-31,0.08348199725151062,0.4466150104999542,0.45507800579071045,0.4466150104999542,0.45507800579071045,710400
1966-02-01,0.08542900532484055,0.4570310115814209,0.4570310115814209,0.453125,0.453125,748800
1966-02-02,0.08494225889444351,0.45442700386047363,0.4563800096511841,0.45442700386047363,0.4563800096511841,384000
1966-02-03,0.08372536301612854,0.44791701436042786,0.4563800096511841,0.44791701436042786,0.45442700386047363,710400
1966-02-04,0.0844554677605629,0.45182299613952637,0.453125,0.4492189884185791,0.4492189884185791,595200
1966-02-07,0.0844554677605629,0.45182299613952637,0.45442700386047363,0.45052099227905273,0.45182299613952637,921600
1966-02-08,0.08299507945775986,0.4440099895000458,0.4498699903488159,0.44335898756980896,0.4498699903488159,422400
1966-02-09,0.08336030691862106,0.4459640085697174,0.4459640085697174,0.44270798563957214,0.4440099895000458,422400
1966-02-10,0.08250835537910461,0.4414060115814209,0.4440099895000458,0.4407550096511841,0.4440099895000458,748800
1966-02-11,0.08299507945775986,0.4440099895000458,0.45052099227905273,0.4414060115814209,0.4414060115814209,1132800
1966-02-14,0.08299507945775986,0.4440099895000458,0.44791701436042786,0.4440099895000458,0.4440099895000458,384000
1966-02-15,0.08238662034273148,0.4407550096511841,0.4459640085697174,0.44010400772094727,0.4440099895000458,499200
1966-02-16,0.08226490020751953,0.44010400772094727,0.44270798563957214,0.44010400772094727,0.4407550096511841,844800
1966-02-17,0.08129148930311203,0.43489599227905273,0.4414060115814209,0.43489599227905273,0.44010400772094727,422400
1966-02-18,0.08031800389289856,0.4296880066394806,0.43229201436042786,0.42447900772094727,0.43229201436042786,633600
1966-02-21,0.08007433265447617,0.4283849895000458,0.43489599227905273,0.4283849895000458,0.4296880066394806,1305600
1966-02-23,0.08007433265447617,0.4283849895000458,0.4303390085697174,0.4283849895000458,0.4283849895000458,556800
1966-02-24,0.07934430241584778,0.42447900772094727,0.4309900104999542,0.42447900772094727,0.4283849895000458,1977600
1966-02-25,0.07788410037755966,0.41666701436042786,0.42708298563957214,0.41666701436042786,0.42447900772094727,921600
1966-02-28,0.07739736884832382,0.4140630066394806,0.4179689884185791,0.4101560115814209,0.41666701436042786,940800
1966-03-01,0.07545015960931778,0.40364599227905273,0.4140630066394806,0.40364599227905273,0.4140630066394806,1555200
1966-03-02,0.07435484230518341,0.3977859914302826,0.40885400772094727,0.3971349895000458,0.40364599227905273,1209600
1966-03-03,0.07532844692468643,0.4029949903488159,0.4108070135116577,0.40039101243019104,0.40039101243019104,1766400
1966-03-04,0.07496344298124313,0.40104201436042786,0.40364599227905273,0.3984380066394806,0.4029949903488159,1094400
1966-03-07,0.07484175264835358,0.40039101243019104,0.4029949903488159,0.3984380066394806,0.40104201436042786,998400
1966-03-08,0.07666701823472977,0.4101560115814209,0.4101560115814209,0.40104201436042786,0.40104201436042786,2054400
1966-03-09,0.07691038399934769,0.41145798563957214,0.4147140085697174,0.41145798563957214,0.41145798563957214,595200
1966-03-10,0.07569350302219391,0.40494799613952637,0.41145798563957214,0.40494799613952637,0.41145798563957214,1267200
1966-03-11,0.07581526041030884,0.4055989980697632,0.4055989980697632,0.40104201436042786,0.40494799613952637,748800
1966-03-14,0.07505621016025543,0.3990890085697174,0.40885400772094727,0.3990890085697174,0.4055989980697632,2707200
1966-03-15,0.07566831260919571,0.4023439884185791,0.4029949903488159,0.3997400104999542,0.3997400104999542,576000
1966-03-16,0.0761580765247345,0.40494799613952637,0.40625,0.3997400104999542,0.4023439884185791,960000
1966-03-17,0.07689263671636581,0.40885400772094727,0.4095050096511841,0.40494799613952637,0.40494799613952637,537600
1966-03-18,0.07774974405765533,0.4134109914302826,0.4134109914302826,0.40625,0.40885400772094727,1017600
1966-03-21,0.07787232100963593,0.4140630066394806,0.4153650104999542,0.4140630066394806,0.4140630066394806,614400
1966-03-22,0.07860694825649261,0.4179689884185791,0.4179689884185791,0.41145798563957214,0.4140630066394806,1324800
1966-03-23,0.07958640903234482,0.42317700386047363,0.42317700386047363,0.41927099227905273,0.41927099227905273,864000
1966-03-24,0.07921905815601349,0.4212239980697632,0.421875,0.41927099227905273,0.421875,595200
1966-03-25,0.07909668236970901,0.42057299613952637,0.42447900772094727,0.42057299613952637,0.4212239980697632,556800
1966-03-28,0.07860694825649261,0.4179689884185791,0.42382800579071045,0.41666701436042786,0.42057299613952637,576000
1966-03-29,0.07921905815601349,0.4212239980697632,0.421875,0.4140630066394806,0.4179689884185791,576000
1966-03-30,0.08056575059890747,0.4283849895000458,0.4296880066394806,0.42057299613952637,0.4212239980697632,1132800
1966-03-31,0.08228006958961487,0.4375,0.4375,0.42708298563957214,0.4283849895000458,940800
1966-04-01,0.08228006958961487,0.4375,0.4414060115814209,0.43619799613952637,0.4375,921600
1966-04-04,0.08179036527872086,0.43489599227905273,0.43619799613952637,0.4342449903488159,0.43619799613952637,480000
1966-04-05,0.08179036527872086,0.43489599227905273,0.4375,0.4309900104999542,0.43489599227905273,1075200
1966-04-06,0.08252494782209396,0.43880200386047363,0.43880200386047363,0.4309900104999542,0.43489599227905273,998400
1966-04-07,0.08056575059890747,0.4283849895000458,0.43619799613952637,0.4283849895000458,0.43619799613952637,326400
1966-04-11,0.07934153079986572,0.421875,0.4303390085697174,0.421875,0.4283849895000458,1056000
1966-04-12,0.07909668236970901,0.42057299613952637,0.42317700386047363,0.42057299613952637,0.421875,1497600
1966-04-13,0.0794639065861702,0.4225260019302368,0.42317700386047363,0.421875,0.421875,1382400
1966-04-14,0.07934153079986572,0.421875,0.42708298563957214,0.41992199420928955,0.4225260019302368,6105600
1966-04-15,0.08130063116550446,0.43229201436042786,0.43229201436042786,0.4290359914302826,0.4290359914302826,672000
1966-04-18,0.08056575059890747,0.4283849895000458,0.43229201436042786,0.421875,0.43229201436042786,864000
1966-04-19,0.0794639065861702,0.4225260019302368,0.43229201436042786,0.4225260019302368,0.4283849895000458,729600
1966-04-20,0.07885177433490753,0.41927099227905273,0.42708298563957214,0.41927099227905273,0.4225260019302368,979200
1966-04-21,0.07909668236970901,0.42057299613952637,0.42317700386047363,0.41666701436042786,0.41927099227905273,729600
1966-04-22,0.07934153079986572,0.421875,0.42317700386047363,0.41666701436042786,0.42057299613952637,1132800
1966-04-25,0.08007612824440002,0.4257810115814209,0.4309900104999542,0.42447900772094727,0.42447900772094727,979200
1966-04-26,0.07823961973190308,0.41601601243019104,0.42317700386047363,0.4140630066394806,0.42317700386047363,787200
1966-04-27,0.07836207747459412,0.41666701436042786,0.41666701436042786,0.4140630066394806,0.41601601243019104,403200
1966-04-28,0.07787232100963593,0.4140630066394806,0.4153650104999542,0.41145798563957214,0.4153650104999542,864000
1966-04-29,0.076402947306633,0.40625,0.4153650104999542,0.40625,0.4140630066394806,288000
1966-05-02,0.076402947306633,0.40625,0.40885400772094727,0.40494799613952637,0.40625,499200
1966-05-03,0.07664776593446732,0.40755200386047363,0.40820300579071045,0.40364599227905273,0.40625,441600
1966-05-04,0.0761580765247345,0.40494799613952637,0.40755200386047363,0.40104201436042786,0.40755200386047363,710400
1966-05-05,0.07517863810062408,0.3997400104999542,0.4095050096511841,0.3997400104999542,0.40494799613952637,1228800
1966-05-06,0.07664776593446732,0.40755200386047363,0.41145798563957214,0.40104201436042786,0.40104201436042786,1017600
1966-05-09,0.07579077035188675,0.4029949903488159,0.41145798563957214,0.4023439884185791,0.40755200386047363,844800
1966-05-10,0.07689263671636581,0.40885400772094727,0.40885400772094727,0.3997400104999542,0.4029949903488159,1632000
1966-05-11,0.07689263671636581,0.40885400772094727,0.4153650104999542,0.40885400772094727,0.40885400772094727,729600
1966-05-12,0.0761580765247345,0.40494799613952637,0.4108070135116577,0.40494799613952637,0.40885400772094727,768000
1966-05-13,0.07566831260919571,0.4023439884185791,0.40625,0.40104201436042786,0.40494799613952637,1612800
1966-05-16,0.075913205742836,0.40364599227905273,0.40885400772094727,0.40364599227905273,0.40364599227905273,1478400
1966-05-17,0.07517863810062408,0.3997400104999542,0.40364599227905273,0.3984380066394806,0.40364599227905273,1459200
1966-05-18,0.07628053426742554,0.4055989980697632,0.4055989980697632,0.4016929864883423,0.4016929864883423,595200
1966-05-19,0.07517863810062408,0.3997400104999542,0.40625,0.3997400104999542,0.4055989980697632,960000
1966-05-20,0.0754234716296196,0.40104201436042786,0.40364599227905273,0.3990890085697174,0.3997400104999542,825600
1966-05-23,0.075913205742836,0.40364599227905273,0.4055989980697632,0.40104201436042786,0.40104201436042786,787200
1966-05-24,0.076402947306633,0.40625,0.40885400772094727,0.40494799613952637,0.40494799613952637,748800
1966-05-25,0.0761580765247345,0.40494799613952637,0.40820300579071045,0.40494799613952637,0.40625,460800
1966-05-26,0.07689263671636581,0.40885400772094727,0.4101560115814209,0.40364599227905273,0.40494799613952637,537600
1966-05-27,0.07725998759269714,0.4108070135116577,0.4108070135116577,0.40755200386047363,0.40885400772094727,249600
1966-05-31,0.0776272863149643,0.4127599895000458,0.41666701436042786,0.4127599895000458,0.4127599895000458,556800
1966-06-01,0.07701506465673447,0.4095050096511841,0.41666701436042786,0.40885400772094727,0.4127599895000458,403200
1966-06-02,0.07652536034584045,0.4069010019302368,0.4108070135116577,0.4069010019302368,0.4095050096511841,652800
1966-06-03,0.07701506465673447,0.4095050096511841,0.4101560115814209,0.4069010019302368,0.4069010019302368,384000
1966-06-06,0.07677026093006134,0.40820300579071045,0.4108070135116577,0.40820300579071045,0.4095050096511841,441600
1966-06-07,0.0761580765247345,0.40494799613952637,0.40885400772094727,0.4023439884185791,0.40820300579071045,672000
1966-06-08,0.075913205742836,0.40364599227905273,0.4069010019302368,0.4023439884185791,0.40494799613952637,422400
1966-06-09,0.07675094902515411,0.4055989980697632,0.40755200386047363,0.40364599227905273,0.40364599227905273,345600
1966-06-10,0.07650455832481384,0.40429699420928955,0.40885400772094727,0.40104201436042786,0.4055989980697632,1171200
1966-06-13,0.07736682146787643,0.40885400772094727,0.4108070135116577,0.40494799613952637,0.40494799613952637,1382400
1966-06-14,0.07712045311927795,0.40755200386047363,0.41210898756980896,0.40755200386047363,0.40885400772094727,1171200
1966-06-15,0.07490295171737671,0.39583298563957214,0.40755200386047363,0.39583298563957214,0.40755200386047363,3648000
1966-06-16,0.07477977871894836,0.3951820135116577,0.40104201436042786,0.39322900772094727,0.39583298563957214,2496000
1966-06-17,0.07441019266843796,0.39322900772094727,0.3951820135116577,0.39322900772094727,0.3951820135116577,614400
1966-06-20,0.07514932751655579,0.3971349895000458,0.3977859914302826,0.3938800096511841,0.3938800096511841,1017600
1966-06-21,0.0753958597779274,0.3984380066394806,0.3984380066394806,0.3938800096511841,0.3971349895000458,1305600
1966-06-22,0.07465654611587524,0.3945310115814209,0.3984380066394806,0.3938800096511841,0.3984380066394806,710400
1966-06-23,0.07514932751655579,0.3971349895000458,0.3997400104999542,0.39583298563957214,0.39583298563957214,1056000
1966-06-24,0.07441019266843796,0.39322900772094727,0.39583298563957214,0.390625,0.39583298563957214,1708800
1966-06-27,0.07367103546857834,0.38932299613952637,0.39322900772094727,0.38932299613952637,0.39322900772094727,768000
1966-06-28,0.0725623369216919,0.3834640085697174,0.38802099227905273,0.3815099895000458,0.38802099227905273,1516800
1966-06-29,0.07280876487493515,0.38476601243019104,0.38541701436042786,0.3821609914302826,0.3834640085697174,403200
1966-06-30,0.07379426062107086,0.3899739980697632,0.3899739980697632,0.3828130066394806,0.38476601243019104,748800
1966-07-01,0.07465654611587524,0.3945310115814209,0.3971349895000458,0.390625,0.390625,710400
1966-07-05,0.07441019266843796,0.39322900772094727,0.3984380066394806,0.39322900772094727,0.3945310115814209,883200
1966-07-06,0.07465654611587524,0.3945310115814209,0.3951820135116577,0.38867199420928955,0.39322900772094727,1056000
1966-07-07,0.0741637647151947,0.39192700386047363,0.39583298563957214,0.39192700386047363,0.3945310115814209,1305600
1966-07-08,0.07514932751655579,0.3971349895000458,0.3971349895000458,0.39322900772094727,0.39322900772094727,1113600
1966-07-11,0.07675094902515411,0.4055989980697632,0.40625,0.3971349895000458,0.3971349895000458,1132800
1966-07-12,0.07761324942111969,0.4101560115814209,0.41145798563957214,0.40494799613952637,0.4055989980697632,1612800
1966-07-13,0.07675094902515411,0.4055989980697632,0.4101560115814209,0.4055989980697632,0.4101560115814209,1171200
1966-07-14,0.07675094902515411,0.4055989980697632,0.4127599895000458,0.40364599227905273,0.4055989980697632,422400
1966-07-15,0.07662774622440338,0.40494799613952637,0.40494799613952637,0.39583298563957214,0.40494799613952637,902400
1966-07-18,0.07761324942111969,0.4101560115814209,0.4127599895000458,0.40494799613952637,0.40494799613952637,1113600
1966-07-19,0.07773644477128983,0.4108070135116577,0.41210898756980896,0.4101560115814209,0.4101560115814209,672000
1966-07-20,0.07749001681804657,0.4095050096511841,0.4108070135116577,0.40885400772094727,0.4108070135116577,1152000
1966-07-21,0.07736682146787643,0.40885400772094727,0.41145798563957214,0.40885400772094727,0.4095050096511841,556800
1966-07-22,0.07687411457300186,0.40625,0.4101560115814209,0.40625,0.40885400772094727,921600
1966-07-25,0.07613495737314224,0.4023439884185791,0.40625,0.40104201436042786,0.40625,1804800
1966-07-26,0.07650455832481384,0.40429699420928955,0.40755200386047363,0.40104201436042786,0.4023439884185791,1574400
1966-07-27,0.07638135552406311,0.40364599227905273,0.40885400772094727,0.4023439884185791,0.40429699420928955,1804800
1966-07-28,0.07625816762447357,0.4029949903488159,0.40625,0.4016929864883423,0.40364599227905273,2284800
1966-07-29,0.07601179927587509,0.4016929864883423,0.40429699420928955,0.4016929864883423,0.4029949903488159,595200
1966-08-01,0.07588860392570496,0.40104201436042786,0.4055989980697632,0.40104201436042786,0.4016929864883423,3264000
1966-08-02,0.07675094902515411,0.4055989980697632,0.4055989980697632,0.40104201436042786,0.40104201436042786,1478400
1966-08-03,0.07662774622440338,0.40494799613952637,0.40885400772094727,0.40494799613952637,0.4055989980697632,1766400
1966-08-04,0.07687411457300186,0.40625,0.40820300579071045,0.40625,0.40625,1286400
1966-08-05,0.07687411457300186,0.40625,0.4069010019302368,0.40494799613952637,0.40625,1017600
1966-08-08,0.07662774622440338,0.40494799613952637,0.40625,0.40364599227905273,0.40625,1593600
1966-08-09,0.0769972875714302,0.4069010019302368,0.40755200386047363,0.40625,0.40625,883200
1966-08-10,0.07810600847005844,0.4127599895000458,0.4127599895000458,0.4069010019302368,0.4069010019302368,998400
1966-08-11,0.07872211933135986,0.41601601243019104,0.41666701436042786,0.41145798563957214,0.4127599895000458,1267200
1966-08-12,0.07884533703327179,0.41666701436042786,0.4186199903488159,0.4147140085697174,0.41601601243019104,2284800
1966-08-15,0.07785963267087936,0.41145798563957214,0.41601601243019104,0.40885400772094727,0.41601601243019104,384000
1966-08-16,0.0769972875714302,0.4069010019302368,0.4108070135116577,0.4069010019302368,0.4108070135116577,556800
1966-08-17,0.07588860392570496,0.40104201436042786,0.4023439884185791,0.3990890085697174,0.4023439884185791,1939200
1966-08-18,0.07527253776788712,0.3977859914302826,0.40364599227905273,0.3971349895000458,0.40104201436042786,1209600
1966-08-19,0.07514932751655579,0.3971349895000458,0.40104201436042786,0.39583298563957214,0.3977859914302826,960000
1966-08-22,0.07490295171737671,0.39583298563957214,0.40104201436042786,0.39322900772094727,0.3971349895000458,1939200
1966-08-23,0.07428698986768723,0.39257800579071045,0.4023439884185791,0.39257800579071045,0.39583298563957214,1747200
1966-08-24,0.07441019266843796,0.39322900772094727,0.3951820135116577,0.390625,0.39257800579071045,1516800
1966-08-25,0.0741637647151947,0.39192700386047363,0.3945310115814209,0.3899739980697632,0.39322900772094727,633600
1966-08-26,0.0725623369216919,0.3834640085697174,0.3912760019302368,0.3834640085697174,0.3912760019302368,1267200
1966-08-29,0.07169988006353378,0.3789060115814209,0.38932299613952637,0.3789060115814209,0.3834640085697174,2630400
1966-08-30,0.07145348936319351,0.37760400772094727,0.3789060115814209,0.375,0.3789060115814209,1132800
1966-08-31,0.07391739636659622,0.390625,0.3951820135116577,0.38802099227905273,0.38802099227905273,1881600
1966-09-01,0.07317832112312317,0.3867189884185791,0.390625,0.38541701436042786,0.390625,825600
1966-09-02,0.07391739636659622,0.390625,0.390625,0.38541701436042786,0.3867189884185791,921600
1966-09-06,0.07317832112312317,0.3867189884185791,0.390625,0.3867189884185791,0.390625,268800
1966-09-07,0.07145348936319351,0.37760400772094727,0.3873699903488159,0.37760400772094727,0.3867189884185791,883200
1966-09-08,0.07194621860980988,0.38020798563957214,0.38020798563957214,0.375,0.37760400772094727,1401600
1966-09-09,0.07241744548082352,0.38020798563957214,0.38020798563957214,0.37369799613952637,0.38020798563957214,576000
1966-09-12,0.07638562470674515,0.40104201436042786,0.40104201436042786,0.3815099895000458,0.3815099895000458,979200
1966-09-13,0.07588966190814972,0.3984380066394806,0.40364599227905273,0.3984380066394806,0.40104201436042786,1094400
1966-09-14,0.07588966190814972,0.3984380066394806,0.40104201436042786,0.3977859914302826,0.3984380066394806,633600
1966-09-15,0.07638562470674515,0.40104201436042786,0.40625,0.3997400104999542,0.3997400104999542,1420800
1966-09-16,0.07514551281929016,0.3945310115814209,0.4055989980697632,0.3945310115814209,0.40104201436042786,748800
1966-09-19,0.07576552033424377,0.3977859914302826,0.40494799613952637,0.39583298563957214,0.39583298563957214,979200
1966-09-20,0.07539353519678116,0.39583298563957214,0.3984380066394806,0.3945310115814209,0.3977859914302826,710400
1966-09-21,0.07489754259586334,0.39322900772094727,0.3977859914302826,0.390625,0.39583298563957214,633600
1966-09-22,0.07440153509378433,0.390625,0.39257800579071045,0.38932299613952637,0.39257800579071045,537600
1966-09-23,0.07402952760457993,0.38867199420928955,0.39257800579071045,0.38867199420928955,0.390625,307200
1966-09-26,0.07415355741977692,0.38932299613952637,0.3912760019302368,0.38867199420928955,0.38867199420928955,441600
1966-09-27,0.0737815648317337,0.3873699903488159,0.390625,0.3867189884185791,0.38932299613952637,921600
1966-09-28,0.07316163182258606,0.3841150104999542,0.3899739980697632,0.37630200386047363,0.3873699903488159,1497600
1966-09-29,0.07303760200738907,0.3834640085697174,0.3860679864883423,0.3834640085697174,0.3841150104999542,787200
1966-09-30,0.07390555739402771,0.38802099227905273,0.3899739980697632,0.38541701436042786,0.38541701436042786,1324800
1966-10-03,0.0737815648317337,0.3873699903488159,0.38932299613952637,0.3873699903488159,0.38802099227905273,576000
1966-10-04,0.07526956498622894,0.3951820135116577,0.39583298563957214,0.39322900772094727,0.39322900772094727,1459200
1966-10-05,0.07415355741977692,0.38932299613952637,0.3945310115814209,0.38932299613952637,0.3945310115814209,307200
1966-10-06,0.07266546785831451,0.3815099895000458,0.38541701436042786,0.37239599227905273,0.38541701436042786,1344000
1966-10-07,0.07241744548082352,0.38020798563957214,0.3873699903488159,0.38020798563957214,0.3815099895000458,1228800
1966-10-10,0.07340959459543228,0.38541701436042786,0.38541701436042786,0.3782550096511841,0.38020798563957214,825600
1966-10-11,0.0720454603433609,0.3782550096511841,0.38802099227905273,0.3782550096511841,0.38541701436042786,1555200
1966-10-12,0.07415355741977692,0.38932299613952637,0.38932299613952637,0.3789060115814209,0.3789060115814209,1440000
1966-10-13,0.07489754259586334,0.39322900772094727,0.3945310115814209,0.38932299613952637,0.38932299613952637,825600
1966-10-14,0.07539353519678116,0.39583298563957214,0.4023439884185791,0.39322900772094727,0.39322900772094727,1900800
1966-10-17,0.07588966190814972,0.3984380066394806,0.40625,0.3984380066394806,0.3984380066394806,1190400
1966-10-18,0.07985768467187881,0.41927099227905273,0.41927099227905273,0.4016929864883423,0.4016929864883423,1996800
1966-10-19,0.07936173677444458,0.41666701436042786,0.4212239980697632,0.4153650104999542,0.41927099227905273,2380800
1966-10-20,0.07936173677444458,0.41666701436042786,0.41927099227905273,0.41601601243019104,0.41666701436042786,1209600
1966-10-21,0.08035371452569962,0.421875,0.42447900772094727,0.4186199903488159,0.4186199903488159,1190400
1966-10-24,0.08233778178691864,0.43229201436042786,0.43229201436042786,0.41992199420928955,0.421875,1593600
1966-10-25,0.08221382647752762,0.43164101243019104,0.4329429864883423,0.42317700386047363,0.43229201436042786,1190400
1966-10-26,0.08196573704481125,0.4303390085697174,0.43164101243019104,0.4257810115814209,0.43164101243019104,422400
1966-10-27,0.08134564757347107,0.42708298563957214,0.4309900104999542,0.42708298563957214,0.4303390085697174,844800
1966-10-28,0.0814695879817009,0.42773398756980896,0.4309900104999542,0.4257810115814209,0.42708298563957214,1363200
1966-10-31,0.0817176103591919,0.4290359914302826,0.4303390085697174,0.4290359914302826,0.4290359914302826,441600
1966-11-01,0.08258576691150665,0.4335939884185791,0.4335939884185791,0.42708298563957214,0.4290359914302826,998400
1966-11-02,0.0833297148346901,0.4375,0.44010400772094727,0.4342449903488159,0.4342449903488159,768000
1966-11-03,0.08283377438783646,0.43489599227905273,0.4375,0.43489599227905273,0.4375,384000
1966-11-04,0.0833297148346901,0.4375,0.44270798563957214,0.4296880066394806,0.43489599227905273,960000
1966-11-07,0.08233778178691864,0.43229201436042786,0.4414060115814209,0.43229201436042786,0.4375,614400
1966-11-09,0.08246181160211563,0.4329429864883423,0.43489599227905273,0.43164101243019104,0.43229201436042786,614400
1966-11-10,0.08456970006227493,0.4440099895000458,0.4440099895000458,0.43164101243019104,0.4329429864883423,729600
1966-11-11,0.08382564783096313,0.44010400772094727,0.44270798563957214,0.43489599227905273,0.44270798563957214,211200
1966-11-14,0.08382564783096313,0.44010400772094727,0.4414060115814209,0.43489599227905273,0.44010400772094727,499200
1966-11-15,0.08357773721218109,0.43880200386047363,0.43880200386047363,0.4375,0.43880200386047363,460800
1966-11-16,0.08481787145137787,0.4453130066394806,0.4453130066394806,0.4407550096511841,0.4407550096511841,883200
1966-11-17,0.08456970006227493,0.4440099895000458,0.4466150104999542,0.4414060115814209,0.4453130066394806,518400
1966-11-18,0.08580983430147171,0.45052099227905273,0.453125,0.4446609914302826,0.4446609914302826,556800
1966-11-21,0.08308173716068268,0.43619799613952637,0.4524739980697632,0.43619799613952637,0.45052099227905273,499200
1966-11-22,0.0833297148346901,0.4375,0.43945300579071045,0.4335939884185791,0.43619799613952637,768000
1966-11-23,0.08531380444765091,0.44791701436042786,0.44791701436042786,0.4381510019302368,0.4381510019302368,537600
1966-11-25,0.08531380444765091,0.44791701436042786,0.44791701436042786,0.44335898756980896,0.44791701436042786,633600
1966-11-28,0.08566296845674515,0.44726601243019104,0.44791701436042786,0.4459640085697174,0.44791701436042786,518400
1966-11-29,0.08578764647245407,0.44791701436042786,0.45182299613952637,0.44791701436042786,0.44791701436042786,825600
1966-11-30,0.08578764647245407,0.44791701436042786,0.4492189884185791,0.4453130066394806,0.44791701436042786,576000
1966-12-01,0.08478996157646179,0.44270798563957214,0.4492189884185791,0.44270798563957214,0.44791701436042786,748800
1966-12-02,0.08478996157646179,0.44270798563957214,0.44726601243019104,0.44270798563957214,0.44270798563957214,556800
1966-12-05,0.08478996157646179,0.44270798563957214,0.4440099895000458,0.44010400772094727,0.44270798563957214,556800
1966-12-06,0.08566296845674515,0.44726601243019104,0.44726601243019104,0.44270798563957214,0.44270798563957214,1420800
1966-12-07,0.0860370472073555,0.4492189884185791,0.453125,0.44791701436042786,0.44791701436042786,1036800
1966-12-08,0.08678516745567322,0.453125,0.453125,0.45052099227905273,0.45052099227905273,1075200
1966-12-09,0.08753322809934616,0.4570310115814209,0.45833298563957214,0.453125,0.453125,1209600
1966-12-12,0.08977776020765305,0.46875,0.47135400772094727,0.45572900772094727,0.4570310115814209,2035200
1966-12-13,0.0894036591053009,0.46679699420928955,0.4726560115814209,0.46354201436042786,0.46875,748800
1966-12-14,0.08927897363901138,0.46614599227905273,0.4726560115814209,0.4648439884185791,0.46679699420928955,633600
1966-12-15,0.08902961760759354,0.4648439884185791,0.47135400772094727,0.4648439884185791,0.46614599227905273,672000
1966-12-16,0.08878026902675629,0.46354201436042786,0.4654949903488159,0.46354201436042786,0.4648439884185791,652800
1966-12-19,0.08977776020765305,0.46875,0.47070300579071045,0.4641929864883423,0.4641929864883423,729600
1966-12-20,0.08977776020765305,0.46875,0.47916701436042786,0.46875,0.46875,998400
1966-12-21,0.09102456271648407,0.4752599895000458,0.4778650104999542,0.4726560115814209,0.4726560115814209,576000
1966-12-22,0.09152351319789886,0.4778650104999542,0.4778650104999542,0.4752599895000458,0.4752599895000458,576000
1966-12-23,0.09077519178390503,0.47395798563957214,0.4778650104999542,0.47395798563957214,0.4778650104999542,710400
1966-12-27,0.09002713114023209,0.47005200386047363,0.47395798563957214,0.46875,0.47395798563957214,403200
1966-12-28,0.09077519178390503,0.47395798563957214,0.47395798563957214,0.46614599227905273,0.47005200386047363,1248000
1966-12-29,0.08977776020765305,0.46875,0.4726560115814209,0.46875,0.4726560115814209,518400
1966-12-30,0.0894036591053009,0.46679699420928955,0.47005200386047363,0.46614599227905273,0.46875,614400
1967-01-03,0.08927897363901138,0.46614599227905273,0.4680989980697632,0.4648439884185791,0.46679699420928955,710400
1967-01-04,0.08753322809934616,0.4570310115814209,0.46354201436042786,0.45442700386047363,0.46354201436042786,1228800
1967-01-05,0.08878026902675629,0.46354201436042786,0.46354201436042786,0.4596349895000458,0.4596349895000458,1190400
1967-01-06,0.08902961760759354,0.4648439884185791,0.46744799613952637,0.4641929864883423,0.4641929864883423,403200
1967-01-09,0.08977776020765305,0.46875,0.47005200386047363,0.4648439884185791,0.4648439884185791,595200
1967-01-10,0.09077519178390503,0.47395798563957214,0.4752599895000458,0.47005200386047363,0.47005200386047363,556800
1967-01-11,0.09476542472839355,0.49479201436042786,0.49479201436042786,0.4720050096511841,0.47395798563957214,460800
1967-01-12,0.09464076161384583,0.49414101243019104,0.5052080154418945,0.4921880066394806,0.49479201436042786,1363200
1967-01-13,0.09426666796207428,0.4921880066394806,0.4934900104999542,0.48697900772094727,0.4934900104999542,940800
1967-01-16,0.09301972389221191,0.48567700386047363,0.48958298563957214,0.48177099227905273,0.48958298563957214,614400
1967-01-17,0.09314437955617905,0.48632800579071045,0.4921880066394806,0.4850260019302368,0.48567700386047363,1132800
1967-01-18,0.09326902776956558,0.48697900772094727,0.4908849895000458,0.48567700386047363,0.48632800579071045,326400
1967-01-19,0.09376780688762665,0.48958298563957214,0.4934900104999542,0.48697900772094727,0.48697900772094727,614400
1967-01-20,0.09426666796207428,0.4921880066394806,0.4921880066394806,0.48697900772094727,0.48958298563957214,825600
1967-01-23,0.09414175897836685,0.4915359914302826,0.4915359914302826,0.484375,0.4915359914302826,1555200
1967-01-24,0.09351847320795059,0.4882810115814209,0.4915359914302826,0.48567700386047363,0.4915359914302826,998400
1967-01-25,0.09426666796207428,0.4921880066394806,0.4921880066394806,0.48567700386047363,0.4882810115814209,595200
1967-01-26,0.09376780688762665,0.48958298563957214,0.4934900104999542,0.48697900772094727,0.4921880066394806,691200
1967-01-27,0.09389249980449677,0.49023398756980896,0.4928390085697174,0.48958298563957214,0.48958298563957214,1075200
1967-01-30,0.09464076161384583,0.49414101243019104,0.49479201436042786,0.4915359914302826,0.4915359914302826,729600
1967-01-31,0.09476542472839355,0.49479201436042786,0.4960939884185791,0.4921880066394806,0.49414101243019104,2956800
1967-02-01,0.09414175897836685,0.4915359914302826,0.49479201436042786,0.48958298563957214,0.49479201436042786,902400
1967-02-02,0.0945160910487175,0.4934900104999542,0.4934900104999542,0.48958298563957214,0.4915359914302826,403200
1967-02-03,0.09301972389221191,0.48567700386047363,0.4928390085697174,0.48567700386047363,0.4928390085697174,1017600
1967-02-06,0.09252092242240906,0.48307299613952637,0.48697900772094727,0.48177099227905273,0.48567700386047363,230400
1967-02-07,0.09301972389221191,0.48567700386047363,0.48567700386047363,0.48307299613952637,0.48307299613952637,115200
1967-02-08,0.09476542472839355,0.49479201436042786,0.49739599227905273,0.484375,0.48567700386047363,3206400
1967-02-09,0.09476542472839355,0.49479201436042786,0.49739599227905273,0.49479201436042786,0.49479201436042786,1363200
1967-02-10,0.09464076161384583,0.49414101243019104,0.49414101243019104,0.4908849895000458,0.49414101243019104,1939200
1967-02-13,0.09526414424180984,0.49739599227905273,0.49739599227905273,0.4921880066394806,0.49414101243019104,710400
1967-02-14,0.09476542472839355,0.49479201436042786,0.49739599227905273,0.49479201436042786,0.49739599227905273,2304000
1967-02-15,0.09526414424180984,0.49739599227905273,0.49739599227905273,0.49414101243019104,0.49479201436042786,633600
1967-02-16,0.09513948112726212,0.4967449903488159,0.49739599227905273,0.4934900104999542,0.49739599227905273,614400
1967-02-17,0.09725925326347351,0.5078129768371582,0.5078129768371582,0.4954429864883423,0.4967449903488159,1094400
1967-02-20,0.09651102870702744,0.5039060115814209,0.5078129768371582,0.5013020038604736,0.5078129768371582,576000
1967-02-21,0.09850610792636871,0.5143229961395264,0.5143229961395264,0.5078129768371582,0.5078129768371582,1382400
1967-02-23,0.10050124675035477,0.5247399806976318,0.5247399806976318,0.5091149806976318,0.5143229961395264,3436800
1967-02-24,0.1007506400346756,0.5260419845581055,0.5299479961395264,0.5221350193023682,0.5247399806976318,1497600
1967-02-27,0.10012708604335785,0.522786021232605,0.5234379768371582,0.5195310115814209,0.5234379768371582,691200
1967-02-28,0.10025186836719513,0.5234379768371582,0.5234379768371582,0.5182290077209473,0.522786021232605,960000
1967-03-01,0.10199744254350662,0.5325520038604736,0.5338540077209473,0.5253909826278687,0.5253909826278687,556800
1967-03-02,0.10174811631441116,0.53125,0.5416669845581055,0.53125,0.5325520038604736,1324800
1967-03-03,0.09875547885894775,0.515625,0.5338540077209473,0.515625,0.53125,1344000
1967-03-06,0.0992542952299118,0.5182290077209473,0.5208330154418945,0.5104169845581055,0.515625,1228800
1967-03-07,0.09738389402627945,0.508463978767395,0.5169270038604736,0.5065100193023682,0.5169270038604736,691200
1967-03-08,0.09676041454076767,0.5052080154418945,0.5188800096511841,0.5026040077209473,0.508463978767395,1056000
1967-03-09,0.09613695740699768,0.5019530057907104,0.5019530057907104,0.49739599227905273,0.5019530057907104,422400
1967-03-10,0.09638628363609314,0.5032550096511841,0.507161021232605,0.4960939884185791,0.5019530057907104,614400
1967-03-13,0.09628602862358093,0.5,0.5,0.4908849895000458,0.5,825600
1967-03-14,0.09478160738945007,0.4921880066394806,0.5013020038604736,0.4908849895000458,0.5,1420800
1967-03-15,0.0957845002412796,0.49739599227905273,0.49739599227905273,0.4908849895000458,0.4921880066394806,1497600
1967-03-16,0.09829200059175491,0.5104169845581055,0.5104169845581055,0.49869799613952637,0.49869799613952637,787200
1967-03-17,0.09829200059175491,0.5104169845581055,0.5104169845581055,0.5026040077209473,0.5104169845581055,1766400
1967-03-20,0.09866812080144882,0.5123699903488159,0.5143229961395264,0.5065100193023682,0.5104169845581055,2284800
1967-03-21,0.09904423356056213,0.5143229961395264,0.515625,0.5104169845581055,0.5123699903488159,1228800
1967-03-22,0.10029780864715576,0.5208330154418945,0.5208330154418945,0.5143229961395264,0.5143229961395264,710400
1967-03-23,0.09904423356056213,0.5143229961395264,0.5208330154418945,0.5143229961395264,0.5208330154418945,1977600
1967-03-27,0.09904423356056213,0.5143229961395264,0.5169270038604736,0.5117189884185791,0.5143229961395264,2035200
1967-03-28,0.09804132580757141,0.5091149806976318,0.5182290077209473,0.5078129768371582,0.5143229961395264,1094400
1967-03-29,0.0985427126288414,0.5117189884185791,0.5117189884185791,0.5065100193023682,0.5091149806976318,691200
1967-03-30,0.1023038849234581,0.53125,0.53125,0.5130209922790527,0.5130209922790527,1075200
1967-03-31,0.1035575196146965,0.5377600193023682,0.5403649806976318,0.5299479961395264,0.53125,864000
1967-04-03,0.10380840301513672,0.5390629768371582,0.5416669845581055,0.5364580154418945,0.5377600193023682,1036800
1967-04-04,0.10556348413228989,0.5481770038604736,0.5481770038604736,0.5364580154418945,0.5390629768371582,1113600
1967-04-05,0.10832180082798004,0.5625,0.5651040077209473,0.5546879768371582,0.5546879768371582,1305600
1967-04-06,0.10882315784692764,0.5651040077209473,0.5716149806976318,0.5585939884185791,0.5625,1228800
1967-04-07,0.10882315784692764,0.5651040077209473,0.5703129768371582,0.5651040077209473,0.5651040077209473,1900800
1967-04-10,0.10694269835948944,0.555338978767395,0.5611979961395264,0.5520830154418945,0.5611979961395264,960000
1967-04-11,0.10731881856918335,0.5572919845581055,0.5585939884185791,0.5520830154418945,0.555338978767395,1708800
1967-04-12,0.10731881856918335,0.5572919845581055,0.5651040077209473,0.5572919845581055,0.5572919845581055,460800
1967-04-13,0.10631575435400009,0.5520830154418945,0.5611979961395264,0.5520830154418945,0.5572919845581055,633600
1967-04-14,0.1103278249502182,0.5729169845581055,0.5755209922790527,0.5546879768371582,0.5546879768371582,2092800
1967-04-17,0.11258433759212494,0.5846350193023682,0.5911459922790527,0.5755209922790527,0.5755209922790527,1920000
1967-04-18,0.11233362555503845,0.5833330154418945,0.5898439884185791,0.5833330154418945,0.5846350193023682,825600
1967-04-19,0.11133070290088654,0.578125,0.5911459922790527,0.578125,0.5833330154418945,787200
1967-04-20,0.11208290606737137,0.5820310115814209,0.5846350193023682,0.5729169845581055,0.578125,1305600
1967-04-21,0.11133070290088654,0.578125,0.5820310115814209,0.5755209922790527,0.5820310115814209,940800
1967-04-24,0.11534256488084793,0.5989580154418945,0.600911021232605,0.5807290077209473,0.5807290077209473,1804800
1967-04-25,0.11433959752321243,0.59375,0.5996090173721313,0.5911459922790527,0.5989580154418945,768000
1967-04-26,0.11283516138792038,0.5859379768371582,0.59375,0.5859379768371582,0.59375,940800
1967-04-27,0.11333674937486649,0.5885419845581055,0.5898439884185791,0.5846350193023682,0.5859379768371582,1651200
1967-04-28,0.11358748376369476,0.5898439884185791,0.5924479961395264,0.5872399806976318,0.5885419845581055,921600
1967-05-01,0.11835140734910965,0.6145830154418945,0.6145830154418945,0.5924479961395264,0.5924479961395264,1017600
1967-05-02,0.11634566634893417,0.6041669845581055,0.6328129768371582,0.6041669845581055,0.6145830154418945,1478400
1967-05-03,0.11910391598939896,0.6184899806976318,0.6184899806976318,0.6041669845581055,0.6041669845581055,844800
1967-05-04,0.11985605210065842,0.6223959922790527,0.6236979961395264,0.6184899806976318,0.6184899806976318,729600
1967-05-05,0.11897850781679153,0.617838978767395,0.6210939884185791,0.6158850193023682,0.6210939884185791,499200
1967-05-08,0.11910391598939896,0.6184899806976318,0.6197919845581055,0.6158850193023682,0.617838978767395,595200
1967-05-09,0.1173485517501831,0.609375,0.6197919845581055,0.609375,0.6184899806976318,499200
1967-05-10,0.11584416031837463,0.6015629768371582,0.6061199903488159,0.5996090173721313,0.6061199903488159,595200
1967-05-11,0.11559329926967621,0.6002600193023682,0.6028649806976318,0.5976560115814209,0.6015629768371582,499200
1967-05-12,0.11634566634893417,0.6041669845581055,0.6041669845581055,0.600911021232605,0.600911021232605,633600
1967-05-15,0.11584416031837463,0.6015629768371582,0.6041669845581055,0.6015629768371582,0.6041669845581055,480000
1967-05-16,0.11484107375144958,0.5963540077209473,0.6015629768371582,0.5911459922790527,0.6015629768371582,1286400
1967-05-17,0.11358748376369476,0.5898439884185791,0.6028649806976318,0.5898439884185791,0.5963540077209473,1017600
1967-05-18,0.11208290606737137,0.5820310115814209,0.5885419845581055,0.5807290077209473,0.5885419845581055,1651200
1967-05-19,0.11158144474029541,0.5794270038604736,0.5820310115814209,0.578125,0.5820310115814209,691200
1967-05-22,0.11233362555503845,0.5833330154418945,0.5833330154418945,0.5794270038604736,0.5794270038604736,441600
1967-05-23,0.11283516138792038,0.5859379768371582,0.5859379768371582,0.5807290077209473,0.5833330154418945,1286400
1967-05-24,0.11333674937486649,0.5885419845581055,0.5976560115814209,0.5794270038604736,0.5859379768371582,979200
1967-05-25,0.11383812129497528,0.5911459922790527,0.6002600193023682,0.5911459922790527,0.5911459922790527,672000
1967-05-26,0.11471568793058395,0.5957030057907104,0.5976560115814209,0.5957030057907104,0.5957030057907104,153600
1967-05-29,0.11559329926967621,0.6002600193023682,0.6002600193023682,0.59375,0.5957030057907104,403200
1967-05-31,0.11308597028255463,0.5872399806976318,0.600911021232605,0.5872399806976318,0.6002600193023682,979200
1967-06-01,0.11534256488084793,0.5989580154418945,0.6028649806976318,0.5963540077209473,0.5963540077209473,864000
1967-06-02,0.11559329926967621,0.6002600193023682,0.6145830154418945,0.6002600193023682,0.6002600193023682,1420800
1967-06-05,0.11622025817632675,0.6035159826278687,0.6041669845581055,0.5859379768371582,0.6002600193023682,1132800
1967-06-06,0.11935455352067947,0.6197919845581055,0.6197919845581055,0.6067709922790527,0.6067709922790527,710400
1967-06-07,0.11910391598939896,0.6184899806976318,0.6243489980697632,0.6145830154418945,0.6197919845581055,825600
1967-06-08,0.12035754323005676,0.625,0.625,0.6184899806976318,0.6184899806976318,710400
1967-06-09,0.11987891793251038,0.6197919845581055,0.6263020038604736,0.6145830154418945,0.625,979200
1967-06-12,0.1196272224187851,0.6184899806976318,0.6223959922790527,0.6119790077209473,0.6197919845581055,403200
1967-06-13,0.1211380884051323,0.6263020038604736,0.6263020038604736,0.6197919845581055,0.6197919845581055,998400
1967-06-14,0.1203826367855072,0.6223959922790527,0.6289060115814209,0.6223959922790527,0.6263020038604736,883200
1967-06-15,0.1196272224187851,0.6184899806976318,0.6263020038604736,0.6171879768371582,0.6223959922790527,422400
1967-06-16,0.12138988077640533,0.6276040077209473,0.6276040077209473,0.6210939884185791,0.6210939884185791,480000
1967-06-19,0.1203826367855072,0.6223959922790527,0.6276040077209473,0.6210939884185791,0.6276040077209473,633600
1967-06-20,0.12088632583618164,0.625,0.6276040077209473,0.625,0.625,652800
1967-06-21,0.12088632583618164,0.625,0.6302080154418945,0.6236979961395264,0.625,787200
1967-06-22,0.12340480089187622,0.6380209922790527,0.6380209922790527,0.625,0.625,902400
1967-06-23,0.12441208958625793,0.6432290077209473,0.6432290077209473,0.6341149806976318,0.6380209922790527,806400
1967-06-26,0.12491590529680252,0.6458330154418945,0.6497399806976318,0.6432290077209473,0.6432290077209473,1344000
1967-06-27,0.12239743769168854,0.6328129768371582,0.6432290077209473,0.6328129768371582,0.6432290077209473,1017600
1967-06-28,0.12567144632339478,0.6497399806976318,0.6510419845581055,0.6341149806976318,0.6341149806976318,825600
1967-06-29,0.12441208958625793,0.6432290077209473,0.6471350193023682,0.6432290077209473,0.6471350193023682,556800
1967-06-30,0.12416031211614609,0.6419270038604736,0.6419270038604736,0.6380209922790527,0.6419270038604736,384000
1967-07-03,0.12441208958625793,0.6432290077209473,0.6445310115814209,0.6393229961395264,0.6419270038604736,211200
1967-07-05,0.12567144632339478,0.6497399806976318,0.6523439884185791,0.6445310115814209,0.6445310115814209,249600
1967-07-06,0.1259232461452484,0.6510419845581055,0.6529949903488159,0.6497399806976318,0.6497399806976318,288000
1967-07-07,0.1254195123910904,0.6484379768371582,0.6536459922790527,0.6484379768371582,0.6510419845581055,1248000
1967-07-10,0.12478985637426376,0.6451820135116577,0.649088978767395,0.6432290077209473,0.6484379768371582,556800
1967-07-11,0.12466395646333694,0.6445310115814209,0.6458330154418945,0.6432290077209473,0.6451820135116577,556800
1967-07-12,0.12466395646333694,0.6445310115814209,0.6445310115814209,0.6419270038604736,0.6445310115814209,480000
1967-07-13,0.12416031211614609,0.6419270038604736,0.6432290077209473,0.6354169845581055,0.6432290077209473,710400
1967-07-14,0.12353067100048065,0.6386719942092896,0.6419270038604736,0.6380209922790527,0.6419270038604736,480000
1967-07-17,0.12239743769168854,0.6328129768371582,0.6419270038604736,0.6328129768371582,0.6386719942092896,710400
1967-07-18,0.12390843033790588,0.640625,0.640625,0.6315100193023682,0.6328129768371582,748800
1967-07-19,0.12239743769168854,0.6328129768371582,0.6419270038604736,0.6328129768371582,0.640625,480000
1967-07-20,0.12189364433288574,0.6302080154418945,0.6302080154418945,0.6230469942092896,0.6302080154418945,3379200
1967-07-21,0.12340480089187622,0.6380209922790527,0.640625,0.6354169845581055,0.6354169845581055,480000
1967-07-24,0.12340480089187622,0.6380209922790527,0.6432290077209473,0.6367189884185791,0.6380209922790527,1843200
1967-07-25,0.12340480089187622,0.6380209922790527,0.640625,0.6341149806976318,0.6380209922790527,2246400
1967-07-26,0.1259232461452484,0.6510419845581055,0.6510419845581055,0.6367189884185791,0.6380209922790527,1075200
1967-07-27,0.12567144632339478,0.6497399806976318,0.6510419845581055,0.6458330154418945,0.6510419845581055,2150400
1967-07-28,0.12743431329727173,0.6588540077209473,0.6614580154418945,0.6536459922790527,0.6536459922790527,998400
1967-07-31,0.12856772541999817,0.664713978767395,0.6692709922790527,0.6614580154418945,0.6614580154418945,326400
1967-08-01,0.1259232461452484,0.6510419845581055,0.6653649806976318,0.6510419845581055,0.664713978767395,1651200
1967-08-02,0.12693063914775848,0.65625,0.6666669845581055,0.65625,0.65625,1267200
1967-08-03,0.1276860386133194,0.6601560115814209,0.6614580154418945,0.65625,0.65625,480000
1967-08-04,0.12869368493556976,0.6653649806976318,0.6653649806976318,0.6588540077209473,0.6601560115814209,403200
1967-08-07,0.12869368493556976,0.6653649806976318,0.6653649806976318,0.6569010019302368,0.6653649806976318,518400
1967-08-08,0.12869368493556976,0.6653649806976318,0.6660159826278687,0.6627600193023682,0.6653649806976318,460800
1967-08-09,0.12743431329727173,0.6588540077209473,0.6660159826278687,0.6588540077209473,0.6653649806976318,921600
1967-08-10,0.1276860386133194,0.6601560115814209,0.6621090173721313,0.6601560115814209,0.6601560115814209,1286400
1967-08-11,0.12693063914775848,0.65625,0.6627600193023682,0.6536459922790527,0.6601560115814209,576000
1967-08-14,0.1276860386133194,0.6601560115814209,0.6614580154418945,0.65625,0.65625,633600
1967-08-15,0.12667880952358246,0.6549479961395264,0.6640629768371582,0.6549479961395264,0.6601560115814209,1651200
1967-08-16,0.12667880952358246,0.6549479961395264,0.6601560115814209,0.6549479961395264,0.6549479961395264,211200
1967-08-17,0.12554553151130676,0.649088978767395,0.6575520038604736,0.6484379768371582,0.6549479961395264,576000
1967-08-18,0.12491590529680252,0.6458330154418945,0.649088978767395,0.6432290077209473,0.649088978767395,556800
1967-08-21,0.12290115654468536,0.6354169845581055,0.6458330154418945,0.6328129768371582,0.6458330154418945,1036800
1967-08-22,0.12239743769168854,0.6328129768371582,0.6354169845581055,0.6308590173721313,0.6354169845581055,652800
1967-08-23,0.12138988077640533,0.6276040077209473,0.6380209922790527,0.6256510019302368,0.6328129768371582,806400
1967-08-24,0.11660497635602951,0.6028649806976318,0.625,0.6002600193023682,0.625,1574400
1967-08-25,0.11484198272228241,0.59375,0.600911021232605,0.5885419845581055,0.600911021232605,1939200
1967-08-28,0.11584934592247009,0.5989580154418945,0.6015629768371582,0.5963540077209473,0.5963540077209473,1017600
1967-08-29,0.11861959844827652,0.6132810115814209,0.625,0.6002600193023682,0.6002600193023682,1228800
1967-08-30,0.1203826367855072,0.6223959922790527,0.6223959922790527,0.6132810115814209,0.6132810115814209,537600
1967-08-31,0.12063449621200562,0.6236979961395264,0.625,0.6197919845581055,0.6223959922790527,441600
1967-09-01,0.11987891793251038,0.6197919845581055,0.625,0.6197919845581055,0.6236979961395264,595200
1967-09-05,0.12025671452283859,0.6217449903488159,0.6236979961395264,0.6197919845581055,0.6197919845581055,480000
1967-09-06,0.11887139827013016,0.6145830154418945,0.6197919845581055,0.6145830154418945,0.6197919845581055,729600
1967-09-07,0.12063449621200562,0.6236979961395264,0.6236979961395264,0.6197919845581055,0.6197919845581055,825600
1967-09-08,0.11937529593706131,0.6171879768371582,0.6236979961395264,0.6171879768371582,0.6236979961395264,1612800
1967-09-11,0.12066538631916046,0.6210939884185791,0.6210939884185791,0.616536021232605,0.6171879768371582,1190400
1967-09-12,0.12041238695383072,0.6197919845581055,0.6223959922790527,0.617838978767395,0.6210939884185791,1459200
1967-09-13,0.12028602510690689,0.6191409826278687,0.6210939884185791,0.6171879768371582,0.6197919845581055,537600
1967-09-14,0.11990644037723541,0.6171879768371582,0.6204429864883423,0.6171879768371582,0.6191409826278687,1190400
1967-09-15,0.11927388608455658,0.6139320135116577,0.6197919845581055,0.6113280057907104,0.6171879768371582,844800
1967-09-18,0.11864158511161804,0.6106770038604736,0.6139320135116577,0.6106770038604736,0.6139320135116577,652800
1967-09-19,0.11788267642259598,0.6067709922790527,0.6132810115814209,0.6041669845581055,0.6106770038604736,537600
1967-09-20,0.11990644037723541,0.6171879768371582,0.6197919845581055,0.6132810115814209,0.6132810115814209,825600
1967-09-21,0.12167714536190033,0.6263020038604736,0.6263020038604736,0.6197919845581055,0.6197919845581055,2745600
1967-09-22,0.12294214963912964,0.6328129768371582,0.6328129768371582,0.6263020038604736,0.6263020038604736,518400
1967-09-25,0.12597760558128357,0.6484379768371582,0.6484379768371582,0.6315100193023682,0.6328129768371582,403200
1967-09-26,0.12774834036827087,0.6575520038604736,0.6595050096511841,0.6484379768371582,0.6484379768371582,691200
1967-09-27,0.12698952853679657,0.6536459922790527,0.6575520038604736,0.6510419845581055,0.6575520038604736,595200
1967-09-28,0.12648354470729828,0.6510419845581055,0.6523439884185791,0.6484379768371582,0.6523439884185791,902400
1967-09-29,0.12521864473819733,0.6445310115814209,0.6510419845581055,0.6432290077209473,0.6510419845581055,326400
1967-10-02,0.12471268326044083,0.6419270038604736,0.6445310115814209,0.6393229961395264,0.6445310115814209,441600
1967-10-03,0.12420690059661865,0.6393229961395264,0.6445310115814209,0.6393229961395264,0.6419270038604736,441600
1967-10-04,0.12344790995121002,0.6354169845581055,0.6432290077209473,0.6354169845581055,0.6393229961395264,633600
1967-10-05,0.12395387887954712,0.6380209922790527,0.640625,0.6354169845581055,0.6354169845581055,403200
1967-10-06,0.12496569007635117,0.6432290077209473,0.6445310115814209,0.640625,0.640625,1420800
1967-10-09,0.12496569007635117,0.6432290077209473,0.6445310115814209,0.640625,0.6432290077209473,806400
1967-10-10,0.12496569007635117,0.6432290077209473,0.6458330154418945,0.6412760019302368,0.6432290077209473,1190400
1967-10-11,0.12572453916072845,0.6471350193023682,0.6471350193023682,0.6419270038604736,0.6432290077209473,2764800
1967-10-12,0.12458629161119461,0.6412760019302368,0.6432290077209473,0.640625,0.6432290077209473,364800
1967-10-13,0.12294214963912964,0.6328129768371582,0.6484379768371582,0.6302080154418945,0.6412760019302368,1017600
1967-10-16,0.12395387887954712,0.6380209922790527,0.6419270038604736,0.6341149806976318,0.6341149806976318,748800
1967-10-17,0.12167714536190033,0.6263020038604736,0.6393229961395264,0.6263020038604736,0.6380209922790527,1497600
1967-10-18,0.12117112427949905,0.6236979961395264,0.6289060115814209,0.6223959922790527,0.6263020038604736,422400
1967-10-19,0.12117112427949905,0.6236979961395264,0.6276040077209473,0.6197919845581055,0.6236979961395264,1228800
1967-10-20,0.11990644037723541,0.6171879768371582,0.6223959922790527,0.6145830154418945,0.6223959922790527,1094400
1967-10-23,0.11914742738008499,0.6132810115814209,0.6223959922790527,0.6106770038604736,0.6171879768371582,1094400
1967-10-24,0.12015946209430695,0.6184899806976318,0.6184899806976318,0.6145830154418945,0.6145830154418945,1075200
1967-10-25,0.12028602510690689,0.6191409826278687,0.6223959922790527,0.6171879768371582,0.6184899806976318,998400
1967-10-26,0.12142421305179596,0.625,0.6315100193023682,0.6171879768371582,0.6191409826278687,1440000
1967-10-27,0.12243594974279404,0.6302080154418945,0.6354169845581055,0.6276040077209473,0.6276040077209473,4608000
1967-10-30,0.12597760558128357,0.6484379768371582,0.6484379768371582,0.6328129768371582,0.6328129768371582,2131200
1967-10-31,0.12521864473819733,0.6445310115814209,0.6497399806976318,0.6432290077209473,0.6484379768371582,921600
1967-11-01,0.12534509599208832,0.6451820135116577,0.6458330154418945,0.640625,0.6445310115814209,672000
1967-11-02,0.1254715770483017,0.6458330154418945,0.6510419845581055,0.6458330154418945,0.6458330154418945,672000
1967-11-03,0.12521864473819733,0.6445310115814209,0.6510419845581055,0.6380209922790527,0.6458330154418945,1440000
1967-11-06,0.12344790995121002,0.6354169845581055,0.6451820135116577,0.6328129768371582,0.6445310115814209,268800
1967-11-08,0.12420690059661865,0.6393229961395264,0.640625,0.6302080154418945,0.6354169845581055,806400
1967-11-09,0.12445972859859467,0.640625,0.640625,0.6328129768371582,0.6393229961395264,595200
1967-11-10,0.12370095402002335,0.6367189884185791,0.6380209922790527,0.6328129768371582,0.6380209922790527,576000
1967-11-13,0.12433326244354248,0.6399739980697632,0.6399739980697632,0.6354169845581055,0.6367189884185791,864000
1967-11-14,0.12344790995121002,0.6354169845581055,0.6399739980697632,0.6328129768371582,0.6399739980697632,1017600
1967-11-15,0.12509219348430634,0.6438800096511841,0.6445310115814209,0.6380209922790527,0.6380209922790527,326400
1967-11-16,0.12648354470729828,0.6510419845581055,0.6510419845581055,0.6458330154418945,0.6458330154418945,768000
1967-11-17,0.12698952853679657,0.6536459922790527,0.6575520038604736,0.6510419845581055,0.6510419845581055,1152000
1967-11-20,0.12559807300567627,0.6464840173721313,0.6484379768371582,0.6308590173721313,0.6484379768371582,1420800
1967-11-21,0.12850725650787354,0.6614580154418945,0.6614580154418945,0.6471350193023682,0.6471350193023682,960000
1967-11-22,0.12951920926570892,0.6666669845581055,0.6822919845581055,0.6627600193023682,0.6627600193023682,1171200
1967-11-24,0.13483141362667084,0.6940100193023682,0.703125,0.6822919845581055,0.6822919845581055,883200
1967-11-27,0.13634926080703735,0.7018229961395264,0.7044270038604736,0.6901040077209473,0.6940100193023682,2265600
1967-11-28,0.13612060248851776,0.6979169845581055,0.7005209922790527,0.6940100193023682,0.7005209922790527,595200
1967-11-29,0.13866031169891357,0.7109379768371582,0.7109379768371582,0.7005209922790527,0.7005209922790527,403200
1967-11-30,0.14018385112285614,0.71875,0.7252600193023682,0.7109379768371582,0.7109379768371582,652800
1967-12-01,0.14158056676387787,0.725911021232605,0.7278649806976318,0.7239580154418945,0.7239580154418945,1075200
1967-12-04,0.13942201435565948,0.7148439884185791,0.7265629768371582,0.7135419845581055,0.725911021232605,940800
1967-12-05,0.13916809856891632,0.7135419845581055,0.71875,0.7122399806976318,0.7148439884185791,710400
1967-12-06,0.13916809856891632,0.7135419845581055,0.7161459922790527,0.7109379768371582,0.7135419845581055,1075200
1967-12-07,0.14119963347911835,0.7239580154418945,0.7252600193023682,0.7161459922790527,0.7161459922790527,1324800
1967-12-08,0.14069175720214844,0.7213540077209473,0.7239580154418945,0.7213540077209473,0.7239580154418945,134400
1967-12-11,0.13942201435565948,0.7148439884185791,0.7174479961395264,0.7122399806976318,0.7174479961395264,883200
1967-12-12,0.1396760791540146,0.7161459922790527,0.7174479961395264,0.7148439884185791,0.7148439884185791,480000
1967-12-13,0.13866031169891357,0.7109379768371582,0.7161459922790527,0.7070310115814209,0.7161459922790527,556800
1967-12-14,0.1396760791540146,0.7161459922790527,0.71875,0.7083330154418945,0.7109379768371582,307200
1967-12-15,0.13700947165489197,0.7024739980697632,0.7161459922790527,0.7024739980697632,0.7161459922790527,1056000
1967-12-18,0.1335810273885727,0.6848959922790527,0.7005209922790527,0.679036021232605,0.7005209922790527,768000
1967-12-19,0.13485077023506165,0.6914060115814209,0.6914060115814209,0.6822919845581055,0.6848959922790527,979200
1967-12-20,0.1345967948436737,0.6901040077209473,0.6914060115814209,0.6822919845581055,0.6914060115814209,422400
1967-12-21,0.1335810273885727,0.6848959922790527,0.6940100193023682,0.6848959922790527,0.6901040077209473,1036800
1967-12-22,0.13231118023395538,0.6783850193023682,0.6848959922790527,0.6783850193023682,0.6848959922790527,672000
1967-12-26,0.13205723464488983,0.6770830154418945,0.6770830154418945,0.6744790077209473,0.6770830154418945,614400
1967-12-27,0.12977172434329987,0.6653649806976318,0.6770830154418945,0.6653649806976318,0.6770830154418945,748800
1967-12-28,0.1300256848335266,0.6666669845581055,0.6692709922790527,0.6640629768371582,0.6653649806976318,364800
1967-12-29,0.1345967948436737,0.6901040077209473,0.6901040077209473,0.6692709922790527,0.6692709922790527,940800
1968-01-02,0.13320010900497437,0.6829429864883423,0.6992189884185791,0.6829429864883423,0.6901040077209473,4262400
1968-01-03,0.13154934346675873,0.6744790077209473,0.6894530057907104,0.6744790077209473,0.6829429864883423,979200
1968-01-04,0.1310415118932724,0.671875,0.6757810115814209,0.671875,0.6744790077209473,537600
1968-01-05,0.13193035125732422,0.6764320135116577,0.6770830154418945,0.6731770038604736,0.6731770038604736,883200
1968-01-08,0.13053357601165771,0.6692709922790527,0.6809899806976318,0.6692709922790527,0.6764320135116577,1267200
1968-01-09,0.1292637139558792,0.6627600193023682,0.6738280057907104,0.6627600193023682,0.6692709922790527,921600
1968-01-10,0.13027970492839813,0.6679689884185791,0.6744790077209473,0.6666669845581055,0.6666669845581055,1977600
1968-01-11,0.13129550218582153,0.6731770038604736,0.6731770038604736,0.6666669845581055,0.6679689884185791,1344000
1968-01-12,0.13154934346675873,0.6744790077209473,0.6796879768371582,0.6666669845581055,0.6731770038604736,1132800
1968-01-15,0.13078750669956207,0.6705729961395264,0.6770830154418945,0.6692709922790527,0.6744790077209473,902400
1968-01-16,0.12900982797145844,0.6614580154418945,0.6705729961395264,0.6614580154418945,0.6705729961395264,1651200
1968-01-17,0.12888285517692566,0.6608070135116577,0.6653649806976318,0.6575520038604736,0.6614580154418945,1267200
1968-01-18,0.12799397110939026,0.65625,0.6614580154418945,0.65625,0.6608070135116577,614400
1968-01-19,0.1300256848335266,0.6666669845581055,0.6666669845581055,0.6588540077209473,0.6588540077209473,2419200
1968-01-22,0.12900982797145844,0.6614580154418945,0.671875,0.6588540077209473,0.6666669845581055,940800
1968-01-23,0.12977172434329987,0.6653649806976318,0.6653649806976318,0.6614580154418945,0.6614580154418945,1190400
1968-01-24,0.12748615443706512,0.6536459922790527,0.6653649806976318,0.6497399806976318,0.6653649806976318,1152000
1968-01-25,0.12850186228752136,0.6588540077209473,0.6614580154418945,0.65625,0.65625,1228800
1968-01-26,0.12875574827194214,0.6601560115814209,0.6653649806976318,0.6601560115814209,0.6601560115814209,576000
1968-01-29,0.1265973597764969,0.649088978767395,0.6627600193023682,0.649088978767395,0.6601560115814209,480000
1968-01-30,0.12875574827194214,0.6601560115814209,0.6627600193023682,0.6523439884185791,0.6523439884185791,1516800
1968-01-31,0.12799397110939026,0.65625,0.6588540077209473,0.65625,0.6588540077209473,268800
1968-02-01,0.12875574827194214,0.6601560115814209,0.6614580154418945,0.6569010019302368,0.6569010019302368,345600
1968-02-02,0.13027970492839813,0.6679689884185791,0.6757810115814209,0.6640629768371582,0.6640629768371582,729600
1968-02-05,0.13053357601165771,0.6692709922790527,0.6705729961395264,0.6666669845581055,0.6679689884185791,748800
1968-02-06,0.1318032592535019,0.6757810115814209,0.6757810115814209,0.6692709922790527,0.6692709922790527,960000
1968-02-07,0.1328193098306656,0.6809899806976318,0.6816409826278687,0.6770830154418945,0.6770830154418945,537600
1968-02-08,0.13205723464488983,0.6770830154418945,0.6875,0.671875,0.6809899806976318,1305600
1968-02-09,0.12596233189105988,0.6458330154418945,0.6744790077209473,0.6458330154418945,0.6744790077209473,2995200
1968-02-13,0.12621624767780304,0.6471350193023682,0.6536459922790527,0.6458330154418945,0.6458330154418945,1286400
1968-02-14,0.12735919654369354,0.6529949903488159,0.6529949903488159,0.649088978767395,0.649088978767395,921600
1968-02-15,0.12596233189105988,0.6458330154418945,0.6555989980697632,0.6458330154418945,0.6529949903488159,864000
1968-02-16,0.12621624767780304,0.6471350193023682,0.6471350193023682,0.6445310115814209,0.6458330154418945,614400
1968-02-19,0.12685136497020721,0.6503909826278687,0.6503909826278687,0.6445310115814209,0.6471350193023682,537600
1968-02-20,0.1267242729663849,0.6497399806976318,0.6510419845581055,0.6458330154418945,0.6503909826278687,844800
1968-02-21,0.13027970492839813,0.6679689884185791,0.6692709922790527,0.65625,0.65625,1555200
1968-02-23,0.13053357601165771,0.6692709922790527,0.6692709922790527,0.6640629768371582,0.6679689884185791,652800
1968-02-26,0.12951774895191193,0.6640629768371582,0.6692709922790527,0.6588540077209473,0.6692709922790527,364800
1968-02-27,0.13053357601165771,0.6692709922790527,0.6692709922790527,0.6653649806976318,0.6653649806976318,249600
1968-02-28,0.1310415118932724,0.671875,0.6731770038604736,0.6679689884185791,0.6692709922790527,441600
1968-02-29,0.12951774895191193,0.6640629768371582,0.671875,0.6614580154418945,0.671875,460800
1968-03-01,0.12900982797145844,0.6614580154418945,0.6640629768371582,0.6582030057907104,0.6640629768371582,652800
1968-03-04,0.12900982797145844,0.6614580154418945,0.671875,0.6614580154418945,0.6614580154418945,1651200
1968-03-05,0.12748615443706512,0.6536459922790527,0.6582030057907104,0.6484379768371582,0.6582030057907104,2016000
1968-03-06,0.12697823345661163,0.6510419845581055,0.6555989980697632,0.6484379768371582,0.6536459922790527,2572800
1968-03-07,0.12951774895191193,0.6640629768371582,0.6640629768371582,0.6523439884185791,0.6523439884185791,1152000
1968-03-08,0.132475808262825,0.6764320135116577,0.6764320135116577,0.6614580154418945,0.6640629768371582,1632000
1968-03-11,0.1333683282136917,0.6809899806976318,0.6809899806976318,0.671875,0.6764320135116577,940800
1968-03-12,0.1348983645439148,0.6888020038604736,0.6927080154418945,0.6796879768371582,0.6809899806976318,825600
1968-03-13,0.1385958343744278,0.7076820135116577,0.7135419845581055,0.6861979961395264,0.6888020038604736,1305600
1968-03-14,0.1350257694721222,0.6894530057907104,0.7044270038604736,0.6875,0.7044270038604736,1267200
1968-03-15,0.13630086183547974,0.695963978767395,0.6979169845581055,0.6770830154418945,0.6894530057907104,1132800
1968-03-18,0.13770335912704468,0.703125,0.7135419845581055,0.6979169845581055,0.6979169845581055,1401600
1968-03-19,0.13617342710494995,0.6953129768371582,0.7057290077209473,0.6953129768371582,0.703125,710400
1968-03-20,0.13617342710494995,0.6953129768371582,0.7057290077209473,0.6953129768371582,0.6953129768371582,576000
1968-03-21,0.13668346405029297,0.6979169845581055,0.7057290077209473,0.6940100193023682,0.6953129768371582,768000
1968-03-22,0.1382133662700653,0.7057290077209473,0.7057290077209473,0.6901040077209473,0.6979169845581055,979200
1968-03-25,0.137958362698555,0.7044270038604736,0.7083330154418945,0.703125,0.7057290077209473,998400
1968-03-26,0.13719336688518524,0.7005209922790527,0.7096350193023682,0.6979169845581055,0.7044270038604736,1670400
1968-03-27,0.13668346405029297,0.6979169845581055,0.7005209922790527,0.6953129768371582,0.7005209922790527,422400
1968-03-28,0.1352807730436325,0.6907550096511841,0.6966149806976318,0.6907550096511841,0.6966149806976318,940800
1968-03-29,0.13617342710494995,0.6953129768371582,0.6992189884185791,0.6888020038604736,0.6907550096511841,2995200
1968-04-01,0.1392335742712021,0.7109379768371582,0.7239580154418945,0.6992189884185791,0.6992189884185791,3609600
1968-04-02,0.13744835555553436,0.7018229961395264,0.7109379768371582,0.7005209922790527,0.7109379768371582,3033600
1968-04-03,0.1382133662700653,0.7057290077209473,0.7161459922790527,0.7044270038604736,0.7044270038604736,1478400
1968-04-04,0.13744835555553436,0.7018229961395264,0.7057290077209473,0.6979169845581055,0.7057290077209473,998400
1968-04-05,0.13783088326454163,0.7037760019302368,0.7083330154418945,0.703125,0.703125,1708800
1968-04-08,0.13744835555553436,0.7018229961395264,0.7083330154418945,0.7018229961395264,0.7037760019302368,1670400
1968-04-10,0.14229357242584229,0.7265629768371582,0.7291669845581055,0.7057290077209473,0.7057290077209473,3072000
1968-04-11,0.14586369693279266,0.7447919845581055,0.7473959922790527,0.7265629768371582,0.7265629768371582,1651200
1968-04-15,0.14484350383281708,0.7395830154418945,0.7526040077209473,0.7200520038604736,0.7447919845581055,1843200
1968-04-16,0.14331364631652832,0.7317709922790527,0.7421879768371582,0.7265629768371582,0.7395830154418945,1113600
1968-04-17,0.14458851516246796,0.7382810115814209,0.7382810115814209,0.7317709922790527,0.7317709922790527,729600
1968-04-18,0.1468835175037384,0.75,0.75,0.7395830154418945,0.7395830154418945,940800
1968-04-19,0.14433354139328003,0.7369790077209473,0.7473959922790527,0.734375,0.7473959922790527,1728000
1968-04-22,0.14586369693279266,0.7447919845581055,0.7473959922790527,0.734375,0.7369790077209473,1113600
1968-04-23,0.15096350014209747,0.7708330154418945,0.7838540077209473,0.75,0.75,1900800
1968-04-24,0.14892365038394928,0.7604169845581055,0.7669270038604736,0.7565100193023682,0.7669270038604736,614400
1968-04-25,0.14892365038394928,0.7604169845581055,0.7643229961395264,0.7578129768371582,0.7604169845581055,787200
1968-04-26,0.1494336873292923,0.7630209922790527,0.765625,0.7578129768371582,0.7604169845581055,844800
1968-04-29,0.1484137773513794,0.7578129768371582,0.765625,0.7578129768371582,0.7630209922790527,633600
1968-04-30,0.1494336873292923,0.7630209922790527,0.7630209922790527,0.7558590173721313,0.7578129768371582,384000
1968-05-01,0.15045368671417236,0.7682290077209473,0.7682290077209473,0.765625,0.765625,1248000
1968-05-02,0.15096350014209747,0.7708330154418945,0.7708330154418945,0.7682290077209473,0.7682290077209473,518400
1968-05-03,0.15198370814323425,0.7760419845581055,0.78125,0.7630209922790527,0.7708330154418945,2304000
1968-05-06,0.15249377489089966,0.7786459922790527,0.7799479961395264,0.7734379768371582,0.7760419845581055,537600
1968-05-07,0.15504390001296997,0.7916669845581055,0.7942709922790527,0.7760419845581055,0.7786459922790527,998400
1968-05-08,0.1581040471792221,0.8072919845581055,0.8072919845581055,0.7929689884185791,0.7929689884185791,1324800
1968-05-09,0.1586138904094696,0.8098959922790527,0.8190100193023682,0.8098959922790527,0.8098959922790527,1651200
1968-05-10,0.1588689684867859,0.8111979961395264,0.8177080154418945,0.8033850193023682,0.8098959922790527,691200
1968-05-13,0.1581040471792221,0.8072919845581055,0.8164060115814209,0.8020830154418945,0.8111979961395264,883200
1968-05-14,0.1588689684867859,0.8111979961395264,0.8111979961395264,0.8020830154418945,0.8072919845581055,1228800
1968-05-15,0.15657387673854828,0.7994790077209473,0.8072919845581055,0.7994790077209473,0.8072919845581055,902400
1968-05-16,0.15351375937461853,0.7838540077209473,0.796875,0.7838540077209473,0.796875,921600
1968-05-17,0.15249377489089966,0.7786459922790527,0.78125,0.7760419845581055,0.78125,2496000
1968-05-20,0.15249377489089966,0.7786459922790527,0.78125,0.7786459922790527,0.7786459922790527,883200
1968-05-21,0.15300366282463074,0.78125,0.7838540077209473,0.7786459922790527,0.7786459922790527,1593600
1968-05-22,0.15325874090194702,0.7825520038604736,0.7825520038604736,0.7792969942092896,0.78125,768000
1968-05-23,0.15351375937461853,0.7838540077209473,0.7838540077209473,0.7786459922790527,0.7825520038604736,1420800
1968-05-24,0.1545337736606598,0.7890629768371582,0.7890629768371582,0.78125,0.7838540077209473,921600
1968-05-27,0.15198370814323425,0.7760419845581055,0.7890629768371582,0.7760419845581055,0.7890629768371582,768000
1968-05-28,0.14994370937347412,0.765625,0.7747399806976318,0.765625,0.7747399806976318,960000
1968-05-29,0.15019863843917847,0.7669270038604736,0.7708330154418945,0.765625,0.765625,844800
1968-05-31,0.15045368671417236,0.7682290077209473,0.7682290077209473,0.7630209922790527,0.7669270038604736,633600
1968-06-03,0.15096350014209747,0.7708330154418945,0.78125,0.765625,0.78125,1046400
1968-06-04,0.1545337736606598,0.7890629768371582,0.7890629768371582,0.7682290077209473,0.7708330154418945,1689600
1968-06-05,0.1581040471792221,0.8072919845581055,0.8125,0.7916669845581055,0.7916669845581055,1142400
1968-06-06,0.16345898807048798,0.8346350193023682,0.8476560115814209,0.8151040077209473,0.8151040077209473,1430400
1968-06-07,0.1637141853570938,0.8359379768371582,0.8385419845581055,0.828125,0.8346350193023682,1824000
1968-06-10,0.1597210168838501,0.8125,0.8424479961395264,0.8098959922790527,0.8359379768371582,1027200
1968-06-11,0.16381628811359406,0.8333330154418945,0.8333330154418945,0.8085939884185791,0.8125,1104000
1968-06-13,0.16176868975162506,0.8229169845581055,0.8463540077209473,0.8229169845581055,0.8333330154418945,1622400
1968-06-14,0.15869726240634918,0.8072919845581055,0.8151040077209473,0.8033850193023682,0.8151040077209473,1161600
1968-06-17,0.15818525850772858,0.8046879768371582,0.8072919845581055,0.796875,0.8072919845581055,1104000
1968-06-18,0.15767323970794678,0.8020830154418945,0.8125,0.8020830154418945,0.8046879768371582,1113600
1968-06-20,0.15869726240634918,0.8072919845581055,0.828125,0.7994790077209473,0.8020830154418945,1401600
1968-06-21,0.15920908749103546,0.8098959922790527,0.8255209922790527,0.796875,0.8072919845581055,950400
1968-06-24,0.15562570095062256,0.7916669845581055,0.8111979961395264,0.7916669845581055,0.8098959922790527,710400
1968-06-25,0.15485773980617523,0.7877600193023682,0.7994790077209473,0.7838540077209473,0.7916669845581055,681600
1968-06-27,0.15229803323745728,0.7747399806976318,0.8020830154418945,0.7721350193023682,0.7877600193023682,1891200
1968-06-28,0.15050636231899261,0.765625,0.7799479961395264,0.765625,0.7747399806976318,1468800
1968-07-01,0.1499944031238556,0.7630209922790527,0.7708330154418945,0.7578129768371582,0.765625,3235200
1968-07-02,0.1525540053844452,0.7760419845581055,0.7838540077209473,0.765625,0.765625,1756800
1968-07-03,0.15588156878948212,0.7929689884185791,0.7929689884185791,0.7786459922790527,0.7786459922790527,777600
1968-07-08,0.16381628811359406,0.8333330154418945,0.8411459922790527,0.8125,0.8125,1641600
1968-07-09,0.1607448160648346,0.8177080154418945,0.8333330154418945,0.8098959922790527,0.8333330154418945,681600
1968-07-11,0.1535777896642685,0.78125,0.8177080154418945,0.78125,0.8177080154418945,1564800
1968-07-12,0.15511366724967957,0.7890629768371582,0.8020830154418945,0.78125,0.78125,1286400
1968-07-15,0.15613751113414764,0.7942709922790527,0.8046879768371582,0.7890629768371582,0.7890629768371582,1641600
1968-07-16,0.15536978840827942,0.7903649806976318,0.7955729961395264,0.7877600193023682,0.7942709922790527,556800
1968-07-18,0.15664944052696228,0.796875,0.8046879768371582,0.7851560115814209,0.7903649806976318,1478400
1968-07-19,0.15434566140174866,0.7851560115814209,0.796875,0.7838540077209473,0.796875,384000
1968-07-22,0.15306596457958221,0.7786459922790527,0.7890629768371582,0.7760419845581055,0.7851560115814209,979200
1968-07-23,0.14948247373104095,0.7604169845581055,0.7708330154418945,0.7513020038604736,0.7708330154418945,940800
1968-07-25,0.145642951130867,0.7408850193023682,0.7578129768371582,0.7395830154418945,0.7578129768371582,1948800
1968-07-26,0.1453869640827179,0.7395830154418945,0.7460939884185791,0.7291669845581055,0.7408850193023682,892800
1968-07-29,0.14410729706287384,0.7330729961395264,0.7395830154418945,0.7304689884185791,0.7395830154418945,1420800
1968-07-30,0.14333930611610413,0.7291669845581055,0.7395830154418945,0.7291669845581055,0.7330729961395264,950400
1968-08-01,0.14410729706287384,0.7330729961395264,0.7395830154418945,0.7317709922790527,0.7317709922790527,1843200
1968-08-02,0.14461922645568848,0.7356770038604736,0.7382810115814209,0.7291669845581055,0.7330729961395264,1017600
1968-08-05,0.14129163324832916,0.71875,0.734375,0.71875,0.734375,1267200
1968-08-06,0.14333930611610413,0.7291669845581055,0.7330729961395264,0.7200520038604736,0.7200520038604736,1824000
1968-08-08,0.14231544733047485,0.7239580154418945,0.734375,0.7239580154418945,0.7291669845581055,1641600
1968-08-09,0.14026781916618347,0.7135419845581055,0.7291669845581055,0.7070310115814209,0.7239580154418945,1488000
1968-08-12,0.1443631649017334,0.734375,0.7395830154418945,0.7135419845581055,0.7135419845581055,969600
1968-08-13,0.1415475457906723,0.7200520038604736,0.734375,0.7200520038604736,0.734375,998400
1968-08-15,0.1443631649017334,0.734375,0.734375,0.71875,0.7200520038604736,1564800
1968-08-16,0.149226576089859,0.7591149806976318,0.7591149806976318,0.7369790077209473,0.7369790077209473,1267200
1968-08-19,0.14743469655513763,0.75,0.7591149806976318,0.734375,0.7591149806976318,1545600
1968-08-20,0.14948247373104095,0.7604169845581055,0.7630209922790527,0.7421879768371582,0.75,489600
1968-08-22,0.15153001248836517,0.7708330154418945,0.7734379768371582,0.7604169845581055,0.7604169845581055,748800
1968-08-23,0.15050636231899261,0.765625,0.7708330154418945,0.765625,0.7708330154418945,633600
1968-08-26,0.1512742042541504,0.7695310115814209,0.7708330154418945,0.7643229961395264,0.765625,508800
1968-08-27,0.15050636231899261,0.765625,0.7695310115814209,0.7578129768371582,0.7695310115814209,508800
1968-08-29,0.15153001248836517,0.7708330154418945,0.7708330154418945,0.7669270038604736,0.7669270038604736,528000
1968-08-30,0.1499944031238556,0.7630209922790527,0.7708330154418945,0.7604169845581055,0.7708330154418945,470400
1968-09-03,0.15101821720600128,0.7682290077209473,0.7760419845581055,0.7643229961395264,0.7643229961395264,700800
1968-09-04,0.15204215049743652,0.7734379768371582,0.78125,0.7708330154418945,0.7708330154418945,873600
1968-09-05,0.1535777896642685,0.78125,0.7864580154418945,0.7773439884185791,0.7773439884185791,979200
1968-09-06,0.1535777896642685,0.78125,0.78125,0.7747399806976318,0.78125,883200
1968-09-09,0.1540898084640503,0.7838540077209473,0.7890629768371582,0.7825520038604736,0.7825520038604736,1132800
1968-09-10,0.15265072882175446,0.7734379768371582,0.7864580154418945,0.7734379768371582,0.7838540077209473,720000
1968-09-12,0.1511087715625763,0.765625,0.7838540077209473,0.7630209922790527,0.7734379768371582,748800
1968-09-13,0.15213653445243835,0.7708330154418945,0.7708330154418945,0.7604169845581055,0.765625,979200
1968-09-16,0.15085169672966003,0.7643229961395264,0.7747399806976318,0.7604169845581055,0.7708330154418945,892800
1968-09-17,0.1511087715625763,0.765625,0.7708330154418945,0.7604169845581055,0.7643229961395264,576000
1968-09-19,0.15367859601974487,0.7786459922790527,0.78125,0.7760419845581055,0.7760419845581055,1209600
1968-09-20,0.15316468477249146,0.7760419845581055,0.7786459922790527,0.7708330154418945,0.7786459922790527,883200
1968-09-23,0.1516226828098297,0.7682290077209473,0.7773439884185791,0.7630209922790527,0.7760419845581055,1152000
1968-09-24,0.1511087715625763,0.765625,0.7721350193023682,0.7630209922790527,0.7682290077209473,787200
1968-09-26,0.1511087715625763,0.765625,0.7695310115814209,0.7578129768371582,0.765625,1238400
1968-09-27,0.14725397527217865,0.7460939884185791,0.7630209922790527,0.7421879768371582,0.7630209922790527,614400
1968-09-30,0.14725397527217865,0.7460939884185791,0.7552080154418945,0.7434899806976318,0.7460939884185791,2352000
1968-10-01,0.1495668888092041,0.7578129768371582,0.7578129768371582,0.7408850193023682,0.7460939884185791,4732800
1968-10-03,0.14751087129116058,0.7473959922790527,0.7604169845581055,0.7447919845581055,0.7578129768371582,2860800
1968-10-04,0.14905275404453278,0.7552080154418945,0.7604169845581055,0.7447919845581055,0.7473959922790527,748800
1968-10-07,0.14699703454971313,0.7447919845581055,0.7578129768371582,0.7434899806976318,0.7552080154418945,1017600
1968-10-08,0.14802484214305878,0.75,0.7552080154418945,0.734375,0.7447919845581055,1411200
1968-10-10,0.14751087129116058,0.7473959922790527,0.7552080154418945,0.7460939884185791,0.75,1420800
1968-10-11,0.14879575371742249,0.7539060115814209,0.7539060115814209,0.7460939884185791,0.7473959922790527,451200
1968-10-14,0.14853887259960175,0.7526040077209473,0.7630209922790527,0.75,0.7539060115814209,1171200
1968-10-15,0.14751087129116058,0.7473959922790527,0.765625,0.7473959922790527,0.7526040077209473,1152000
1968-10-17,0.1495668888092041,0.7578129768371582,0.765625,0.7552080154418945,0.7552080154418945,5750400
1968-10-18,0.1500808447599411,0.7604169845581055,0.7604169845581055,0.7513020038604736,0.7578129768371582,1344000
1968-10-21,0.14982391893863678,0.7591149806976318,0.7630209922790527,0.7513020038604736,0.7604169845581055,1516800
1968-10-22,0.14776793122291565,0.7486979961395264,0.7630209922790527,0.7460939884185791,0.7591149806976318,614400
1968-10-24,0.14905275404453278,0.7552080154418945,0.7552080154418945,0.7486979961395264,0.7486979961395264,1209600
1968-10-25,0.14905275404453278,0.7552080154418945,0.7695310115814209,0.7526040077209473,0.7552080154418945,1363200
1968-10-28,0.14802484214305878,0.75,0.7617189884185791,0.7447919845581055,0.7552080154418945,643200
1968-10-29,0.14751087129116058,0.7473959922790527,0.7526040077209473,0.7421879768371582,0.75,412800
1968-10-31,0.14699703454971313,0.7447919845581055,0.7708330154418945,0.7395830154418945,0.7473959922790527,1603200
1968-11-01,0.14905275404453278,0.7552080154418945,0.7604169845581055,0.75,0.75,1507200
1968-11-04,0.14596891403198242,0.7395830154418945,0.7513020038604736,0.7395830154418945,0.7513020038604736,681600
1968-11-06,0.14648319780826569,0.7421879768371582,0.7539060115814209,0.7395830154418945,0.7395830154418945,960000
1968-11-07,0.14494100213050842,0.734375,0.7447919845581055,0.7317709922790527,0.7421879768371582,662400
1968-11-08,0.14442719519138336,0.7317709922790527,0.75,0.7291669845581055,0.734375,1324800
1968-11-12,0.143399178981781,0.7265629768371582,0.7395830154418945,0.7213540077209473,0.7317709922790527,1526400
1968-11-13,0.1441701501607895,0.7304689884185791,0.7317709922790527,0.7200520038604736,0.7265629768371582,1497600
1968-11-14,0.14648319780826569,0.7421879768371582,0.7447919845581055,0.734375,0.734375,931200
1968-11-15,0.145455002784729,0.7369790077209473,0.7447919845581055,0.7356770038604736,0.7421879768371582,873600
1968-11-18,0.14725397527217865,0.7460939884185791,0.75,0.734375,0.7369790077209473,1228800
1968-11-19,0.14853887259960175,0.7526040077209473,0.7565100193023682,0.7395830154418945,0.7460939884185791,748800
1968-11-21,0.14853887259960175,0.7526040077209473,0.7604169845581055,0.75,0.7526040077209473,1046400
1968-11-22,0.1495668888092041,0.7578129768371582,0.7578129768371582,0.7473959922790527,0.7526040077209473,326400
1968-11-25,0.14967000484466553,0.7552080154418945,0.7643229961395264,0.7526040077209473,0.7578129768371582,681600
1968-11-26,0.14967000484466553,0.7552080154418945,0.7578129768371582,0.734375,0.7552080154418945,1593600
1968-11-27,0.15276660025119781,0.7708330154418945,0.7708330154418945,0.7473959922790527,0.7552080154418945,825600
1968-11-29,0.15354077517986298,0.7747399806976318,0.7851560115814209,0.7734379768371582,0.7734379768371582,1334400
1968-12-02,0.15483103692531586,0.78125,0.78125,0.7760419845581055,0.7760419845581055,1017600
1968-12-03,0.15612122416496277,0.7877600193023682,0.7877600193023682,0.765625,0.78125,1036800
1968-12-05,0.16205653548240662,0.8177080154418945,0.8216149806976318,0.8046879768371582,0.8046879768371582,1315200
1968-12-06,0.15586324036121368,0.7864580154418945,0.8203129768371582,0.7864580154418945,0.8177080154418945,1248000
1968-12-09,0.15534707903862,0.7838540077209473,0.8072919845581055,0.7838540077209473,0.7864580154418945,739200
1968-12-10,0.1507023423910141,0.7604169845581055,0.7786459922790527,0.7578129768371582,0.7786459922790527,998400
1968-12-12,0.15483103692531586,0.78125,0.7890629768371582,0.7786459922790527,0.7786459922790527,758400
1968-12-13,0.15354077517986298,0.7747399806976318,0.7877600193023682,0.7708330154418945,0.78125,681600
1968-12-16,0.15328270196914673,0.7734379768371582,0.7825520038604736,0.7682290077209473,0.7747399806976318,1382400
1968-12-17,0.15018631517887115,0.7578129768371582,0.78125,0.7578129768371582,0.7734379768371582,1104000
1968-12-19,0.15276660025119781,0.7708330154418945,0.7786459922790527,0.7578129768371582,0.7578129768371582,2102400
1968-12-20,0.15276660025119781,0.7708330154418945,0.78125,0.7708330154418945,0.7708330154418945,1872000
1968-12-23,0.14915384352207184,0.7526040077209473,0.7773439884185791,0.7526040077209473,0.7708330154418945,1958400
1968-12-24,0.14708970487117767,0.7421879768371582,0.75,0.7421879768371582,0.75,432000
1968-12-26,0.15018631517887115,0.7578129768371582,0.7578129768371582,0.7395830154418945,0.7421879768371582,950400
1968-12-27,0.14915384352207184,0.7526040077209473,0.7578129768371582,0.75,0.7578129768371582,1660800
1968-12-30,0.14812171459197998,0.7473959922790527,0.7604169845581055,0.7395830154418945,0.7526040077209473,873600
1968-12-31,0.14760564267635345,0.7447919845581055,0.75,0.734375,0.7473959922790527,700800
1969-01-02,0.15018631517887115,0.7578129768371582,0.7578129768371582,0.7434899806976318,0.7447919845581055,1142400
1969-01-03,0.1537988930940628,0.7760419845581055,0.78125,0.7682290077209473,0.7682290077209473,1065600
1969-01-06,0.15431493520736694,0.7786459922790527,0.78125,0.7708330154418945,0.7760419845581055,883200
1969-01-07,0.1522505134344101,0.7682290077209473,0.7760419845581055,0.7447919845581055,0.7760419845581055,1545600
1969-01-08,0.15173456072807312,0.765625,0.7721350193023682,0.7630209922790527,0.7682290077209473,1382400
1969-01-09,0.15173456072807312,0.765625,0.765625,0.7552080154418945,0.765625,921600
1969-01-10,0.15173456072807312,0.765625,0.765625,0.7539060115814209,0.765625,940800
1969-01-13,0.14863774180412292,0.75,0.7643229961395264,0.7395830154418945,0.7643229961395264,3235200
1969-01-14,0.1507023423910141,0.7604169845581055,0.7630209922790527,0.7447919845581055,0.75,844800
1969-01-15,0.15018631517887115,0.7578129768371582,0.7630209922790527,0.7539060115814209,0.7604169845581055,652800
1969-01-16,0.15044419467449188,0.7591149806976318,0.7604169845581055,0.75,0.7578129768371582,1056000
1969-01-17,0.15044419467449188,0.7591149806976318,0.7604169845581055,0.7513020038604736,0.7591149806976318,1046400
1969-01-20,0.15044419467449188,0.7591149806976318,0.7591149806976318,0.7526040077209473,0.7591149806976318,480000
1969-01-21,0.14941193163394928,0.7539060115814209,0.7591149806976318,0.75,0.7591149806976318,1401600
1969-01-22,0.14915384352207184,0.7526040077209473,0.7604169845581055,0.75,0.7539060115814209,1200000
1969-01-23,0.15018631517887115,0.7578129768371582,0.7578129768371582,0.75,0.7526040077209473,1190400
1969-01-24,0.14967000484466553,0.7552080154418945,0.7578129768371582,0.7526040077209473,0.7578129768371582,1161600
1969-01-27,0.14967000484466553,0.7552080154418945,0.7604169845581055,0.7513020038604736,0.7552080154418945,796800
1969-01-28,0.1465732455253601,0.7395830154418945,0.7539060115814209,0.7369790077209473,0.7539060115814209,499200
1969-01-29,0.14734771847724915,0.7434899806976318,0.7434899806976318,0.7369790077209473,0.7395830154418945,1257600
1969-01-30,0.14579930901527405,0.7356770038604736,0.7473959922790527,0.7356770038604736,0.7434899806976318,566400
1969-01-31,0.14812171459197998,0.7473959922790527,0.7473959922790527,0.734375,0.7356770038604736,883200
1969-02-03,0.14502516388893127,0.7317709922790527,0.7486979961395264,0.7291669845581055,0.7473959922790527,1545600
1969-02-04,0.1434767246246338,0.7239580154418945,0.7278649806976318,0.71875,0.7278649806976318,1075200
1969-02-05,0.14244461059570312,0.71875,0.7291669845581055,0.71875,0.7239580154418945,1334400
1969-02-06,0.1447671800851822,0.7304689884185791,0.734375,0.7200520038604736,0.7200520038604736,806400
1969-02-07,0.14502516388893127,0.7317709922790527,0.7330729961395264,0.7265629768371582,0.7304689884185791,710400
1969-02-11,0.14528319239616394,0.7330729961395264,0.734375,0.7317709922790527,0.7317709922790527,691200
1969-02-12,0.14502516388893127,0.7317709922790527,0.7330729961395264,0.7291669845581055,0.7330729961395264,288000
1969-02-13,0.14528319239616394,0.7330729961395264,0.7356770038604736,0.7304689884185791,0.7317709922790527,892800
1969-02-14,0.1447671800851822,0.7304689884185791,0.734375,0.7291669845581055,0.7330729961395264,806400
1969-02-17,0.14502516388893127,0.7317709922790527,0.7369790077209473,0.7317709922790527,0.7317709922790527,864000
1969-02-18,0.1447671800851822,0.7304689884185791,0.7317709922790527,0.7278649806976318,0.7317709922790527,720000
1969-02-19,0.1434767246246338,0.7239580154418945,0.7278649806976318,0.71875,0.7278649806976318,1334400
1969-02-20,0.14089637994766235,0.7109379768371582,0.7239580154418945,0.7083330154418945,0.7239580154418945,1392000
1969-02-24,0.1362512856721878,0.6875,0.7070310115814209,0.6861979961395264,0.7070310115814209,1392000
1969-02-25,0.1362512856721878,0.6875,0.6953129768371582,0.6770830154418945,0.6875,2342400
1969-02-26,0.1383158415555954,0.6979169845581055,0.7005209922790527,0.6875,0.6875,960000
1969-02-27,0.13650943338871002,0.6888020038604736,0.703125,0.6848959922790527,0.6979169845581055,1276800
1969-02-28,0.1411544680595398,0.7122399806976318,0.7122399806976318,0.6888020038604736,0.6888020038604736,950400
1969-03-03,0.14425107836723328,0.7278649806976318,0.7291669845581055,0.7083330154418945,0.7122399806976318,662400
1969-03-04,0.14450901746749878,0.7291669845581055,0.7291669845581055,0.7161459922790527,0.7278649806976318,1008000
1969-03-05,0.14296065270900726,0.7213540077209473,0.7317709922790527,0.7200520038604736,0.7291669845581055,566400
1969-03-06,0.14192841947078705,0.7161459922790527,0.7291669845581055,0.7161459922790527,0.7213540077209473,1248000
1969-03-07,0.14270268380641937,0.7200520038604736,0.7200520038604736,0.6979169845581055,0.7161459922790527,1219200
1969-03-10,0.1423501968383789,0.7148439884185791,0.71875,0.7057290077209473,0.71875,758400
1969-03-11,0.1423501968383789,0.7148439884185791,0.71875,0.7057290077209473,0.7148439884185791,489600
1969-03-12,0.14027565717697144,0.7044270038604736,0.71875,0.7005209922790527,0.7148439884185791,825600
1969-03-13,0.14001648128032684,0.703125,0.7083330154418945,0.6927080154418945,0.7044270038604736,1180800
1969-03-14,0.13949790596961975,0.7005209922790527,0.703125,0.6953129768371582,0.703125,681600
1969-03-17,0.13820140063762665,0.6940100193023682,0.7018229961395264,0.6861979961395264,0.7005209922790527,1545600
1969-03-18,0.1389794647693634,0.6979169845581055,0.7057290077209473,0.6940100193023682,0.6940100193023682,1084800
1969-03-19,0.14053501188755035,0.7057290077209473,0.7057290077209473,0.6966149806976318,0.6979169845581055,825600
1969-03-20,0.14520232379436493,0.7291669845581055,0.7291669845581055,0.7161459922790527,0.7161459922790527,1132800
1969-03-21,0.14494304358959198,0.7278649806976318,0.7291669845581055,0.7239580154418945,0.7291669845581055,1651200
1969-03-24,0.14494304358959198,0.7278649806976318,0.7291669845581055,0.7252600193023682,0.7278649806976318,1046400
1969-03-25,0.1436465084552765,0.7213540077209473,0.7291669845581055,0.71875,0.7278649806976318,1468800
1969-03-26,0.1426093727350235,0.7161459922790527,0.7239580154418945,0.7161459922790527,0.7213540077209473,825600
1969-03-27,0.1441650688648224,0.7239580154418945,0.7291669845581055,0.7148439884185791,0.7161459922790527,1612800
1969-03-28,0.14675810933113098,0.7369790077209473,0.7395830154418945,0.7265629768371582,0.7265629768371582,950400
1969-04-01,0.14986947178840637,0.7526040077209473,0.7578129768371582,0.734375,0.7369790077209473,1065600
1969-04-02,0.14727649092674255,0.7395830154418945,0.7552080154418945,0.734375,0.7526040077209473,864000
1969-04-03,0.14468377828598022,0.7265629768371582,0.7382810115814209,0.7265629768371582,0.7382810115814209,345600
1969-04-07,0.1420908272266388,0.7135419845581055,0.7239580154418945,0.7109379768371582,0.7239580154418945,1296000
1969-04-08,0.14157241582870483,0.7109379768371582,0.7174479961395264,0.7083330154418945,0.7135419845581055,998400
1969-04-09,0.1436465084552765,0.7213540077209473,0.7213540077209473,0.7135419845581055,0.7135419845581055,422400
1969-04-10,0.1423501968383789,0.7148439884185791,0.7226560115814209,0.7135419845581055,0.7213540077209473,604800
1969-04-11,0.1441650688648224,0.7239580154418945,0.7265629768371582,0.7200520038604736,0.7200520038604736,1200000
1969-04-14,0.14468377828598022,0.7265629768371582,0.7369790077209473,0.7239580154418945,0.7239580154418945,652800
1969-04-15,0.1431279480457306,0.71875,0.7304689884185791,0.7161459922790527,0.7265629768371582,412800
1969-04-16,0.14105363190174103,0.7083330154418945,0.7174479961395264,0.7083330154418945,0.7174479961395264,576000
1969-04-17,0.14442428946495056,0.7252600193023682,0.7252600193023682,0.7083330154418945,0.7083330154418945,508800
1969-04-18,0.1420908272266388,0.7135419845581055,0.7265629768371582,0.7109379768371582,0.7252600193023682,700800
1969-04-21,0.1441650688648224,0.7239580154418945,0.7330729961395264,0.71875,0.71875,1056000
1969-04-22,0.14727649092674255,0.7395830154418945,0.7447919845581055,0.7291669845581055,0.7291669845581055,1152000
1969-04-23,0.14779521524906158,0.7421879768371582,0.7473959922790527,0.7369790077209473,0.7395830154418945,806400
1969-04-24,0.14909163117408752,0.7486979961395264,0.75,0.7369790077209473,0.7421879768371582,960000
1969-04-25,0.15064728260040283,0.7565100193023682,0.7565100193023682,0.7486979961395264,0.7486979961395264,518400
1969-04-28,0.14935094118118286,0.75,0.7552080154418945,0.7473959922790527,0.7552080154418945,1276800
1969-04-29,0.14986947178840637,0.7526040077209473,0.7539060115814209,0.7473959922790527,0.75,1123200
1969-04-30,0.14961013197898865,0.7513020038604736,0.7578129768371582,0.7473959922790527,0.7526040077209473,1171200
1969-05-01,0.1509067714214325,0.7578129768371582,0.7747399806976318,0.7552080154418945,0.7552080154418945,2016000
1969-05-02,0.1503879427909851,0.7552080154418945,0.7604169845581055,0.75,0.7578129768371582,1449600
1969-05-05,0.15349939465522766,0.7708330154418945,0.7747399806976318,0.7630209922790527,0.7630209922790527,777600
1969-05-06,0.15505534410476685,0.7786459922790527,0.7799479961395264,0.7682290077209473,0.7708330154418945,1382400
1969-05-07,0.15453675389289856,0.7760419845581055,0.78125,0.7708330154418945,0.7786459922790527,864000
1969-05-08,0.15453675389289856,0.7760419845581055,0.7799479961395264,0.7721350193023682,0.7760419845581055,518400
1969-05-09,0.1509067714214325,0.7578129768371582,0.78125,0.7578129768371582,0.7760419845581055,2025600
1969-05-12,0.15142527222633362,0.7604169845581055,0.7604169845581055,0.75,0.7578129768371582,307200
1969-05-13,0.14727649092674255,0.7395830154418945,0.7552080154418945,0.7395830154418945,0.7552080154418945,988800
1969-05-14,0.15064728260040283,0.7565100193023682,0.7565100193023682,0.7408850193023682,0.7408850193023682,1843200
1969-05-15,0.14935094118118286,0.75,0.7591149806976318,0.75,0.7565100193023682,336000
1969-05-16,0.15142527222633362,0.7604169845581055,0.7604169845581055,0.7395830154418945,0.75,1132800
1969-05-19,0.1503879427909851,0.7552080154418945,0.7578129768371582,0.7513020038604736,0.7578129768371582,480000
1969-05-20,0.1519438624382019,0.7630209922790527,0.7669270038604736,0.7526040077209473,0.7552080154418945,739200
1969-05-21,0.15246249735355377,0.765625,0.7682290077209473,0.7578129768371582,0.7630209922790527,441600
1969-05-22,0.15298090875148773,0.7682290077209473,0.7708330154418945,0.7604169845581055,0.765625,662400
1969-05-23,0.15687018632888794,0.7877600193023682,0.7916669845581055,0.78125,0.78125,2035200
1969-05-26,0.15687018632888794,0.7877600193023682,0.7916669845581055,0.78125,0.7877600193023682,1728000
1969-05-27,0.15868526697158813,0.796875,0.8007810115814209,0.7916669845581055,0.7916669845581055,1430400
1969-05-28,0.15557384490966797,0.78125,0.7916669845581055,0.78125,0.7916669845581055,864000
1969-05-29,0.15557384490966797,0.78125,0.7864580154418945,0.7773439884185791,0.78125,691200
1969-06-02,0.15064728260040283,0.7565100193023682,0.7708330154418945,0.7565100193023682,0.7708330154418945,691200
1969-06-03,0.15064728260040283,0.7565100193023682,0.7708330154418945,0.75,0.7565100193023682,624000
1969-06-04,0.15298090875148773,0.7682290077209473,0.7786459922790527,0.7604169845581055,0.7604169845581055,547200
1969-06-05,0.15505534410476685,0.7786459922790527,0.78125,0.7708330154418945,0.7708330154418945,873600
1969-06-06,0.1547960638999939,0.7773439884185791,0.78125,0.7734379768371582,0.7786459922790527,384000
1969-06-09,0.1520979255437851,0.7604169845581055,0.7799479961395264,0.7578129768371582,0.7773439884185791,624000
1969-06-10,0.14897263050079346,0.7447919845581055,0.7578129768371582,0.7421879768371582,0.7578129768371582,700800
1969-06-11,0.147410050034523,0.7369790077209473,0.7473959922790527,0.7369790077209473,0.7447919845581055,480000
1969-06-12,0.1494934856891632,0.7473959922790527,0.7473959922790527,0.7304689884185791,0.7369790077209473,835200
1969-06-13,0.14897263050079346,0.7447919845581055,0.7565100193023682,0.7369790077209473,0.7473959922790527,9552000
1969-06-16,0.1505352258682251,0.7526040077209473,0.7539060115814209,0.7395830154418945,0.7447919845581055,393600
1969-06-17,0.1484517902135849,0.7421879768371582,0.7552080154418945,0.7317709922790527,0.7526040077209473,787200
1969-06-18,0.15105605125427246,0.7552080154418945,0.7578129768371582,0.75,0.75,892800
1969-06-19,0.1515771448612213,0.7578129768371582,0.7708330154418945,0.75,0.7552080154418945,1440000
1969-06-20,0.14272205531597137,0.7135419845581055,0.7552080154418945,0.7135419845581055,0.7552080154418945,1209600
1969-06-23,0.14324286580085754,0.7161459922790527,0.71875,0.7083330154418945,0.7135419845581055,1382400
1969-06-24,0.14532651007175446,0.7265629768371582,0.7291669845581055,0.71875,0.71875,883200
1969-06-25,0.14480553567409515,0.7239580154418945,0.734375,0.7239580154418945,0.7265629768371582,1296000
1969-06-26,0.14376378059387207,0.71875,0.7291669845581055,0.71875,0.7239580154418945,1305600
1969-06-27,0.14480553567409515,0.7239580154418945,0.7265629768371582,0.71875,0.71875,1824000
1969-06-30,0.14480553567409515,0.7239580154418945,0.7239580154418945,0.7135419845581055,0.7239580154418945,931200
1969-07-01,0.14376378059387207,0.71875,0.71875,0.7148439884185791,0.71875,470400
1969-07-02,0.14532651007175446,0.7265629768371582,0.7265629768371582,0.7200520038604736,0.7200520038604736,864000
1969-07-03,0.1458473950624466,0.7291669845581055,0.7317709922790527,0.7265629768371582,0.7265629768371582,1152000
1969-07-07,0.14532651007175446,0.7265629768371582,0.7317709922790527,0.7239580154418945,0.7291669845581055,1420800
1969-07-08,0.14428465068340302,0.7213540077209473,0.7291669845581055,0.7213540077209473,0.7265629768371582,1497600
1969-07-09,0.14480553567409515,0.7239580154418945,0.7278649806976318,0.7213540077209473,0.7213540077209473,422400
1969-07-10,0.14480553567409515,0.7239580154418945,0.7317709922790527,0.7226560115814209,0.7239580154418945,384000
1969-07-11,0.14480553567409515,0.7239580154418945,0.7382810115814209,0.7239580154418945,0.7239580154418945,921600
1969-07-14,0.14688904583454132,0.734375,0.7421879768371582,0.7213540077209473,0.7239580154418945,912000
1969-07-15,0.1458473950624466,0.7291669845581055,0.7473959922790527,0.7291669845581055,0.734375,1027200
1969-07-16,0.1450658142566681,0.7252600193023682,0.734375,0.7239580154418945,0.7291669845581055,1488000
1969-07-17,0.14871224761009216,0.7434899806976318,0.7473959922790527,0.7265629768371582,0.7265629768371582,1056000
1969-07-18,0.14558693766593933,0.7278649806976318,0.7317709922790527,0.7213540077209473,0.7317709922790527,624000
1969-07-22,0.14376378059387207,0.71875,0.7265629768371582,0.71875,0.7265629768371582,1180800
1969-07-23,0.1458473950624466,0.7291669845581055,0.7291669845581055,0.71875,0.71875,777600
1969-07-24,0.1450658142566681,0.7252600193023682,0.7291669845581055,0.7226560115814209,0.7291669845581055,422400
1969-07-25,0.14324286580085754,0.7161459922790527,0.7239580154418945,0.7135419845581055,0.7239580154418945,499200
1969-07-28,0.13673192262649536,0.6835939884185791,0.7148439884185791,0.6822919845581055,0.7148439884185791,1584000
1969-07-29,0.13699239492416382,0.6848959922790527,0.7005209922790527,0.6848959922790527,0.6848959922790527,1929600
1969-07-30,0.13959693908691406,0.6979169845581055,0.7005209922790527,0.6822919845581055,0.6848959922790527,1305600
1969-07-31,0.14141972362995148,0.7070310115814209,0.7109379768371582,0.6953129768371582,0.6979169845581055,1372800
1969-08-01,0.14688904583454132,0.734375,0.7395830154418945,0.71875,0.71875,2284800
1969-08-04,0.147410050034523,0.7369790077209473,0.7447919845581055,0.7317709922790527,0.734375,816000
1969-08-05,0.1471494883298874,0.7356770038604736,0.7382810115814209,0.7213540077209473,0.7369790077209473,921600
1969-08-06,0.1484517902135849,0.7421879768371582,0.75,0.7421879768371582,0.7421879768371582,835200
1969-08-07,0.14767040312290192,0.7382810115814209,0.7460939884185791,0.7317709922790527,0.7421879768371582,547200
1969-08-08,0.1458473950624466,0.7291669845581055,0.7421879768371582,0.7291669845581055,0.7382810115814209,758400
1969-08-11,0.14480553567409515,0.7239580154418945,0.7291669845581055,0.7148439884185791,0.7291669845581055,1075200
1969-08-12,0.147410050034523,0.7369790077209473,0.7421879768371582,0.7291669845581055,0.7291669845581055,2726400
1969-08-13,0.1479308158159256,0.7395830154418945,0.7421879768371582,0.7239580154418945,0.7369790077209473,1555200
1969-08-14,0.14897263050079346,0.7447919845581055,0.7473959922790527,0.7369790077209473,0.7395830154418945,777600
1969-08-15,0.15105605125427246,0.7552080154418945,0.7552080154418945,0.7486979961395264,0.7486979961395264,1516800
1969-08-18,0.15001444518566132,0.75,0.7526040077209473,0.7395830154418945,0.7526040077209473,643200
1969-08-19,0.1494934856891632,0.7473959922790527,0.7526040077209473,0.7473959922790527,0.75,816000
1969-08-20,0.15001444518566132,0.75,0.7513020038604736,0.7473959922790527,0.7473959922790527,672000
1969-08-21,0.15001444518566132,0.75,0.7526040077209473,0.7421879768371582,0.75,1776000
1969-08-22,0.1494934856891632,0.7473959922790527,0.7539060115814209,0.7473959922790527,0.75,576000
1969-08-25,0.14897263050079346,0.7447919845581055,0.75,0.7447919845581055,0.7473959922790527,480000
1969-08-26,0.1494934856891632,0.7473959922790527,0.75,0.7421879768371582,0.7447919845581055,643200
1969-08-27,0.15079563856124878,0.7539060115814209,0.7552080154418945,0.75,0.75,556800
1969-08-28,0.1505352258682251,0.7526040077209473,0.7539060115814209,0.7473959922790527,0.7539060115814209,1113600
1969-08-29,0.1520979255437851,0.7604169845581055,0.7604169845581055,0.75,0.7526040077209473,1113600
1969-09-02,0.1515771448612213,0.7578129768371582,0.7604169845581055,0.7552080154418945,0.7604169845581055,374400
1969-09-03,0.15001444518566132,0.75,0.7578129768371582,0.7473959922790527,0.7578129768371582,739200
1969-09-04,0.1505352258682251,0.7526040077209473,0.7578129768371582,0.7447919845581055,0.75,499200
1969-09-05,0.15131649374961853,0.7565100193023682,0.7565100193023682,0.7486979961395264,0.7526040077209473,566400
1969-09-08,0.15001444518566132,0.75,0.75,0.7473959922790527,0.75,960000
1969-09-09,0.15131649374961853,0.7565100193023682,0.7565100193023682,0.7486979961395264,0.75,566400
1969-09-10,0.15331561863422394,0.7630209922790527,0.7630209922790527,0.75,0.7565100193023682,576000
1969-09-11,0.15567028522491455,0.7747399806976318,0.7760419845581055,0.7695310115814209,0.7695310115814209,1142400
1969-09-12,0.15567028522491455,0.7747399806976318,0.7799479961395264,0.7682290077209473,0.7747399806976318,1641600
1969-09-15,0.15750163793563843,0.7838540077209473,0.7890629768371582,0.7721350193023682,0.7747399806976318,1459200
1969-09-16,0.1590714305639267,0.7916669845581055,0.7916669845581055,0.78125,0.7838540077209473,1488000
1969-09-17,0.15750163793563843,0.7838540077209473,0.7916669845581055,0.7838540077209473,0.7916669845581055,806400
1969-09-18,0.15854834020137787,0.7890629768371582,0.796875,0.7864580154418945,0.7864580154418945,1219200
1969-09-19,0.1611642837524414,0.8020830154418945,0.8020830154418945,0.7916669845581055,0.7916669845581055,940800
1969-09-22,0.16011789441108704,0.796875,0.7981770038604736,0.7942709922790527,0.7981770038604736,2841600
1969-09-23,0.1645655483007431,0.8190100193023682,0.8255209922790527,0.8072919845581055,0.8072919845581055,1507200
1969-09-24,0.16325747966766357,0.8125,0.8255209922790527,0.8125,0.8190100193023682,489600
1969-09-25,0.16090285778045654,0.8007810115814209,0.8138020038604736,0.8007810115814209,0.8125,403200
1969-09-26,0.16325747966766357,0.8125,0.8229169845581055,0.7942709922790527,0.8007810115814209,2131200
1969-09-29,0.15959469974040985,0.7942709922790527,0.8125,0.7890629768371582,0.8125,1593600
1969-09-30,0.1619495302438736,0.8059899806976318,0.8059899806976318,0.7994790077209473,0.7994790077209473,547200
1969-10-01,0.15959469974040985,0.7942709922790527,0.8085939884185791,0.7916669845581055,0.8059899806976318,451200
1969-10-02,0.16168780624866486,0.8046879768371582,0.8046879768371582,0.7864580154418945,0.7942709922790527,1017600
1969-10-03,0.16168780624866486,0.8046879768371582,0.8111979961395264,0.7994790077209473,0.8046879768371582,691200
1969-10-06,0.16011789441108704,0.796875,0.8098959922790527,0.796875,0.8046879768371582,576000
1969-10-07,0.16221101582050323,0.8072919845581055,0.8072919845581055,0.7981770038604736,0.7981770038604736,835200
1969-10-08,0.16325747966766357,0.8125,0.8203129768371582,0.8020830154418945,0.8072919845581055,480000
1969-10-09,0.16430391371250153,0.8177080154418945,0.8177080154418945,0.8072919845581055,0.8125,1449600
1969-10-10,0.16430391371250153,0.8177080154418945,0.8229169845581055,0.8151040077209473,0.8177080154418945,662400
1969-10-13,0.16535067558288574,0.8229169845581055,0.8255209922790527,0.8177080154418945,0.8177080154418945,998400
1969-10-14,0.16535067558288574,0.8229169845581055,0.828125,0.8125,0.8229169845581055,1449600
1969-10-15,0.16535067558288574,0.8229169845581055,0.8268229961395264,0.8177080154418945,0.8229169845581055,1094400
1969-10-16,0.16535067558288574,0.8229169845581055,0.8294270038604736,0.8177080154418945,0.8229169845581055,1728000
1969-10-17,0.16351914405822754,0.8138020038604736,0.8255209922790527,0.8138020038604736,0.8229169845581055,2688000
1969-10-20,0.1619495302438736,0.8059899806976318,0.8111979961395264,0.7864580154418945,0.8111979961395264,5500800
1969-10-21,0.1661355197429657,0.8268229961395264,0.8268229961395264,0.8125,0.8125,1689600
1969-10-22,0.16744361817836761,0.8333330154418945,0.8333330154418945,0.8203129768371582,0.8268229961395264,1670400
1969-10-23,0.16692028939723969,0.8307290077209473,0.8333330154418945,0.8255209922790527,0.8333330154418945,537600
1969-10-24,0.16796693205833435,0.8359379768371582,0.8411459922790527,0.8307290077209473,0.8307290077209473,1660800
1969-10-27,0.1677052229642868,0.8346350193023682,0.8385419845581055,0.8268229961395264,0.8359379768371582,825600
1969-10-28,0.16744361817836761,0.8333330154418945,0.8385419845581055,0.8307290077209473,0.8346350193023682,1190400
1969-10-29,0.1684901863336563,0.8385419845581055,0.8385419845581055,0.8294270038604736,0.8333330154418945,892800
1969-10-30,0.16875188052654266,0.8398439884185791,0.8398439884185791,0.8359379768371582,0.8385419845581055,1075200
1969-10-31,0.1750308722257614,0.8710939884185791,0.8710939884185791,0.8372399806976318,0.8398439884185791,1161600
1969-11-03,0.17686223983764648,0.8802080154418945,0.8802080154418945,0.8697919845581055,0.8710939884185791,1353600
1969-11-04,0.17581579089164734,0.875,0.8776040077209473,0.8671879768371582,0.8776040077209473,1305600
1969-11-05,0.17581579089164734,0.875,0.8841149806976318,0.8723959922790527,0.875,825600
1969-11-06,0.17581579089164734,0.875,0.8776040077209473,0.875,0.875,585600
1969-11-07,0.17529244720935822,0.8723959922790527,0.8776040077209473,0.8723959922790527,0.875,288000
1969-11-10,0.18000183999538422,0.8958330154418945,0.90625,0.8854169845581055,0.8854169845581055,1564800
1969-11-11,0.1818334311246872,0.9049479961395264,0.9049479961395264,0.8945310115814209,0.8958330154418945,1008000
1969-11-12,0.17686223983764648,0.8802080154418945,0.9036459922790527,0.875,0.9036459922790527,998400
1969-11-13,0.17398439347743988,0.8658850193023682,0.8776040077209473,0.8658850193023682,0.8776040077209473,2755200
1969-11-14,0.17293784022331238,0.8606770038604736,0.8645830154418945,0.8541669845581055,0.8645830154418945,1171200
1969-11-17,0.17267613112926483,0.859375,0.8645830154418945,0.8567709922790527,0.8606770038604736,729600
1969-11-18,0.17267613112926483,0.859375,0.8645830154418945,0.8554689884185791,0.859375,566400
1969-11-19,0.17267613112926483,0.859375,0.8632810115814209,0.8554689884185791,0.859375,374400
1969-11-20,0.17319940030574799,0.8619790077209473,0.8632810115814209,0.8463540077209473,0.859375,1363200
1969-11-21,0.17162974178791046,0.8541669845581055,0.859375,0.84375,0.859375,864000
1969-11-24,0.16969646513462067,0.8411459922790527,0.84375,0.8333330154418945,0.84375,1468800
1969-11-25,0.1675948053598404,0.8307290077209473,0.8424479961395264,0.828125,0.8411459922790527,729600
1969-11-26,0.16601891815662384,0.8229169845581055,0.8255209922790527,0.8216149806976318,0.8255209922790527,2198400
1969-11-28,0.1639171689748764,0.8125,0.8229169845581055,0.8125,0.8229169845581055,537600
1969-12-01,0.1639171689748764,0.8125,0.8138020038604736,0.8059899806976318,0.8125,1804800
1969-12-02,0.1639171689748764,0.8125,0.8177080154418945,0.8046879768371582,0.8125,1046400
1969-12-03,0.1649678647518158,0.8177080154418945,0.8177080154418945,0.8059899806976318,0.8125,1075200
1969-12-04,0.16812022030353546,0.8333330154418945,0.8333330154418945,0.8203129768371582,0.8203129768371582,768000
1969-12-05,0.17022179067134857,0.84375,0.8450520038604736,0.828125,0.8333330154418945,748800
1969-12-08,0.17074719071388245,0.8463540077209473,0.859375,0.84375,0.84375,1094400
1969-12-09,0.17337407171726227,0.859375,0.8697919845581055,0.8463540077209473,0.8463540077209473,1075200
1969-12-10,0.1738993227481842,0.8619790077209473,0.8671879768371582,0.8541669845581055,0.859375,537600
1969-12-11,0.17337407171726227,0.859375,0.8619790077209473,0.8541669845581055,0.8619790077209473,1392000
1969-12-12,0.17284880578517914,0.8567709922790527,0.8632810115814209,0.8515629768371582,0.859375,614400
1969-12-15,0.1731114238500595,0.8580729961395264,0.8632810115814209,0.8580729961395264,0.8580729961395264,451200
1969-12-16,0.16969646513462067,0.8411459922790527,0.8580729961395264,0.8385419845581055,0.8580729961395264,1190400
1969-12-17,0.17022179067134857,0.84375,0.8476560115814209,0.8346350193023682,0.8411459922790527,1257600
1969-12-18,0.1731114238500595,0.8580729961395264,0.859375,0.84375,0.84375,1200000
1969-12-19,0.17074719071388245,0.8463540077209473,0.8645830154418945,0.8463540077209473,0.8580729961395264,969600
1969-12-22,0.16969646513462067,0.8411459922790527,0.8489580154418945,0.8333330154418945,0.8463540077209473,835200
1969-12-23,0.16890834271907806,0.8372399806976318,0.8385419845581055,0.8307290077209473,0.8385419845581055,470400
1969-12-24,0.16601891815662384,0.8229169845581055,0.8372399806976318,0.8203129768371582,0.8372399806976318,1545600
1969-12-26,0.16812022030353546,0.8333330154418945,0.8333330154418945,0.8255209922790527,0.8255209922790527,105600
1969-12-29,0.1678575873374939,0.8320310115814209,0.8320310115814209,0.8177080154418945,0.8320310115814209,662400
1969-12-30,0.17232345044612885,0.8541669845581055,0.8541669845581055,0.8333330154418945,0.8333330154418945,499200
1969-12-31,0.17284880578517914,0.8567709922790527,0.8632810115814209,0.8489580154418945,0.8541669845581055,1123200
1970-01-02,0.17284880578517914,0.8567709922790527,0.8567709922790527,0.8502600193023682,0.8567709922790527,1104000
1970-01-05,0.17022179067134857,0.84375,0.8541669845581055,0.8411459922790527,0.8541669845581055,556800
1970-01-06,0.1717979907989502,0.8515629768371582,0.8541669845581055,0.8398439884185791,0.84375,796800
1970-01-07,0.17284880578517914,0.8567709922790527,0.859375,0.8463540077209473,0.8515629768371582,700800
1970-01-08,0.1731114238500595,0.8580729961395264,0.8645830154418945,0.8515629768371582,0.8567709922790527,1065600
1970-01-09,0.17232345044612885,0.8541669845581055,0.8645830154418945,0.8541669845581055,0.8580729961395264,451200
1970-01-12,0.1738993227481842,0.8619790077209473,0.8619790077209473,0.8489580154418945,0.8541669845581055,1248000
1970-01-13,0.17547552287578583,0.8697919845581055,0.8697919845581055,0.8645830154418945,0.8645830154418945,518400
1970-01-14,0.17652632296085358,0.875,0.875,0.8671879768371582,0.8697919845581055,854400
1970-01-15,0.17810261249542236,0.8828129768371582,0.8854169845581055,0.8723959922790527,0.875,1008000
1970-01-16,0.1786278486251831,0.8854169845581055,0.8880209922790527,0.8841149806976318,0.8841149806976318,892800
1970-01-19,0.1791532039642334,0.8880209922790527,0.8958330154418945,0.8867189884185791,0.8867189884185791,864000
1970-01-20,0.1807292401790619,0.8958330154418945,0.8958330154418945,0.8867189884185791,0.8880209922790527,1286400
1970-01-21,0.1807292401790619,0.8958330154418945,0.8984379768371582,0.8880209922790527,0.8958330154418945,979200
1970-01-22,0.1807292401790619,0.8958330154418945,0.9010419845581055,0.890625,0.8958330154418945,758400
1970-01-23,0.17652632296085358,0.875,0.8880209922790527,0.875,0.8880209922790527,3033600
1970-01-26,0.17416207492351532,0.8632810115814209,0.8723959922790527,0.8619790077209473,0.8723959922790527,1536000
1970-01-27,0.17284880578517914,0.8567709922790527,0.8671879768371582,0.8541669845581055,0.8632810115814209,1161600
1970-01-28,0.17547552287578583,0.8697919845581055,0.8723959922790527,0.8541669845581055,0.8567709922790527,1161600
1970-01-29,0.17258603870868683,0.8554689884185791,0.8671879768371582,0.8541669845581055,0.8671879768371582,1036800
1970-01-30,0.16654421389102936,0.8255209922790527,0.8541669845581055,0.8255209922790527,0.8541669845581055,777600
1970-02-02,0.1675948053598404,0.8307290077209473,0.8385419845581055,0.8098959922790527,0.8255209922790527,2025600
1970-02-03,0.1731114238500595,0.8580729961395264,0.859375,0.8359379768371582,0.8359379768371582,1440000
1970-02-04,0.17337407171726227,0.859375,0.875,0.859375,0.859375,1516800
1970-02-05,0.17258603870868683,0.8554689884185791,0.8632810115814209,0.8515629768371582,0.859375,1286400
1970-02-06,0.17258603870868683,0.8554689884185791,0.859375,0.8502600193023682,0.8554689884185791,1257600
1970-02-09,0.17442485690116882,0.8645830154418945,0.8645830154418945,0.8515629768371582,0.8554689884185791,892800
1970-02-10,0.17232345044612885,0.8541669845581055,0.8645830154418945,0.8528649806976318,0.8645830154418945,854400
1970-02-11,0.17232345044612885,0.8541669845581055,0.8554689884185791,0.8450520038604736,0.8541669845581055,1132800
1970-02-12,0.17127247154712677,0.8489580154418945,0.8541669845581055,0.8489580154418945,0.8541669845581055,470400
1970-02-13,0.16969646513462067,0.8411459922790527,0.8489580154418945,0.8385419845581055,0.8489580154418945,748800
1970-02-16,0.1686457395553589,0.8359379768371582,0.8463540077209473,0.8333330154418945,0.8411459922790527,1488000
1970-02-17,0.16969646513462067,0.8411459922790527,0.8411459922790527,0.8372399806976318,0.8372399806976318,825600
1970-02-18,0.16969646513462067,0.8411459922790527,0.8424479961395264,0.8359379768371582,0.8411459922790527,720000
1970-02-19,0.17022179067134857,0.84375,0.84375,0.8372399806976318,0.8411459922790527,1046400
1970-02-20,0.1717979907989502,0.8515629768371582,0.8528649806976318,0.8411459922790527,0.84375,1104000
1970-02-24,0.171009823679924,0.8476560115814209,0.8515629768371582,0.84375,0.8515629768371582,1929600
1970-02-25,0.1738993227481842,0.8619790077209473,0.8632810115814209,0.859375,0.859375,1104000
1970-02-26,0.17232345044612885,0.8541669845581055,0.859375,0.8502600193023682,0.859375,681600
1970-02-27,0.17416207492351532,0.8632810115814209,0.8671879768371582,0.8606770038604736,0.8606770038604736,681600
1970-03-02,0.17442485690116882,0.8645830154418945,0.8723959922790527,0.8645830154418945,0.8645830154418945,489600
1970-03-03,0.17468737065792084,0.8658850193023682,0.8710939884185791,0.8645830154418945,0.8645830154418945,979200
1970-03-04,0.17652632296085358,0.875,0.8776040077209473,0.8658850193023682,0.8658850193023682,969600
1970-03-05,0.17521296441555023,0.8684899806976318,0.8789060115814209,0.8684899806976318,0.875,1248000
1970-03-06,0.17652632296085358,0.875,0.875,0.8645830154418945,0.8684899806976318,1968000
1970-03-09,0.17442485690116882,0.8645830154418945,0.8697919845581055,0.8645830154418945,0.8697919845581055,1094400
1970-03-10,0.17232345044612885,0.8541669845581055,0.859375,0.8502600193023682,0.859375,1065600
1970-03-11,0.17232345044612885,0.8541669845581055,0.8619790077209473,0.8541669845581055,0.8541669845581055,1017600
1970-03-12,0.17232345044612885,0.8541669845581055,0.8567709922790527,0.8515629768371582,0.8541669845581055,854400
1970-03-13,0.1715351939201355,0.8502600193023682,0.8554689884185791,0.8502600193023682,0.8541669845581055,422400
1970-03-16,0.16890834271907806,0.8372399806976318,0.8515629768371582,0.8307290077209473,0.8502600193023682,1728000
1970-03-17,0.17022179067134857,0.84375,0.84375,0.8346350193023682,0.8372399806976318,1075200
1970-03-18,0.16628150641918182,0.8242189884185791,0.84375,0.8242189884185791,0.84375,1324800
1970-03-19,0.1675948053598404,0.8307290077209473,0.8307290077209473,0.8255209922790527,0.8255209922790527,1641600
1970-03-20,0.16654421389102936,0.8255209922790527,0.8307290077209473,0.8229169845581055,0.8307290077209473,892800
1970-03-23,0.1654934138059616,0.8203129768371582,0.828125,0.8164060115814209,0.8255209922790527,998400
1970-03-24,0.16601891815662384,0.8229169845581055,0.8229169845581055,0.8190100193023682,0.8203129768371582,940800
1970-03-25,0.16706953942775726,0.828125,0.8424479961395264,0.828125,0.828125,1862400
1970-03-26,0.16838277876377106,0.8346350193023682,0.8372399806976318,0.828125,0.828125,854400
1970-03-30,0.16917099058628082,0.8385419845581055,0.8463540077209473,0.8359379768371582,0.8359379768371582,1008000
1970-03-31,0.1686457395553589,0.8359379768371582,0.8372399806976318,0.8294270038604736,0.8372399806976318,710400
1970-04-01,0.16890834271907806,0.8372399806976318,0.8385419845581055,0.8333330154418945,0.8359379768371582,940800
1970-04-02,0.1686457395553589,0.8359379768371582,0.8411459922790527,0.828125,0.8372399806976318,912000
1970-04-03,0.16706953942775726,0.828125,0.8385419845581055,0.828125,0.8359379768371582,1910400
1970-04-06,0.1649678647518158,0.8177080154418945,0.8255209922790527,0.8177080154418945,0.8255209922790527,1651200
1970-04-07,0.16601891815662384,0.8229169845581055,0.8229169845581055,0.8151040077209473,0.8177080154418945,1104000
1970-04-08,0.16339193284511566,0.8098959922790527,0.828125,0.8020830154418945,0.8229169845581055,1795200
1970-04-09,0.1639171689748764,0.8125,0.8138020038604736,0.8020830154418945,0.8098959922790527,1027200
1970-04-10,0.1605023294687271,0.7955729961395264,0.8125,0.7955729961395264,0.8125,2419200
1970-04-13,0.15787547826766968,0.7825520038604736,0.7864580154418945,0.7708330154418945,0.7864580154418945,1632000
1970-04-14,0.1570873260498047,0.7786459922790527,0.7799479961395264,0.7721350193023682,0.7799479961395264,5232000
1970-04-15,0.15971431136131287,0.7916669845581055,0.8072919845581055,0.78125,0.78125,1564800
1970-04-16,0.15918895602226257,0.7890629768371582,0.7916669845581055,0.7825520038604736,0.7916669845581055,1689600
1970-04-17,0.1628664880990982,0.8072919845581055,0.8111979961395264,0.7890629768371582,0.7890629768371582,2832000
1970-04-20,0.16207848489284515,0.8033850193023682,0.8098959922790527,0.7929689884185791,0.8072919845581055,1056000
1970-04-21,0.16207848489284515,0.8033850193023682,0.8072919845581055,0.8020830154418945,0.8033850193023682,979200
1970-04-22,0.16076506674289703,0.796875,0.8020830154418945,0.7929689884185791,0.8020830154418945,1267200
1970-04-23,0.15866349637508392,0.7864580154418945,0.796875,0.7864580154418945,0.796875,1401600
1970-04-24,0.15866349637508392,0.7864580154418945,0.7864580154418945,0.78125,0.7864580154418945,1257600
1970-04-27,0.15446044504642487,0.765625,0.7838540077209473,0.765625,0.7838540077209473,2822400
1970-04-28,0.15262164175510406,0.7565100193023682,0.7669270038604736,0.75,0.765625,6441600
1970-04-29,0.15603671967983246,0.7734379768371582,0.7734379768371582,0.7460939884185791,0.7565100193023682,3014400
1970-04-30,0.15498588979244232,0.7682290077209473,0.7760419845581055,0.7630209922790527,0.7734379768371582,1296000
1970-05-01,0.15288452804088593,0.7578129768371582,0.765625,0.7526040077209473,0.765625,1516800
1970-05-04,0.14920665323734283,0.7395830154418945,0.7578129768371582,0.7330729961395264,0.7578129768371582,2342400
1970-05-05,0.1439530998468399,0.7135419845581055,0.7382810115814209,0.7135419845581055,0.7382810115814209,3772800
1970-05-06,0.14605450630187988,0.7239580154418945,0.75,0.7213540077209473,0.7213540077209473,3302400
1970-05-07,0.14920665323734283,0.7395830154418945,0.7395830154418945,0.7239580154418945,0.7239580154418945,2371200
1970-05-08,0.15078294277191162,0.7473959922790527,0.7486979961395264,0.734375,0.7395830154418945,1075200
1970-05-11,0.1515708714723587,0.7513020038604736,0.7604169845581055,0.75,0.75,2006400
1970-05-12,0.14946936070919037,0.7408850193023682,0.7552080154418945,0.7395830154418945,0.7513020038604736,2544000
1970-05-13,0.14789335429668427,0.7330729961395264,0.7447919845581055,0.7239580154418945,0.7408850193023682,2937600
1970-05-14,0.1476307511329651,0.7317709922790527,0.7317709922790527,0.7135419845581055,0.7317709922790527,2976000
1970-05-15,0.14841869473457336,0.7356770038604736,0.75,0.7252600193023682,0.7317709922790527,2784000
1970-05-18,0.14920665323734283,0.7395830154418945,0.7434899806976318,0.7356770038604736,0.7356770038604736,1526400
1970-05-19,0.1450037658214569,0.71875,0.7395830154418945,0.71875,0.7395830154418945,960000
1970-05-20,0.13843655586242676,0.6861979961395264,0.7135419845581055,0.6835939884185791,0.7135419845581055,2860800
1970-05-21,0.13633504509925842,0.6757810115814209,0.6822919845581055,0.6744790077209473,0.6822919845581055,3148800
1970-05-22,0.13869932293891907,0.6875,0.7005209922790527,0.6744790077209473,0.6757810115814209,3340800
1970-05-25,0.1337081342935562,0.6627600193023682,0.6822919845581055,0.6627600193023682,0.6822919845581055,1651200
1970-05-26,0.1344963163137436,0.6666669845581055,0.6770830154418945,0.65625,0.6627600193023682,4416000
1970-05-27,0.14316491782665253,0.7096350193023682,0.7265629768371582,0.6705729961395264,0.6705729961395264,2985600
1970-05-28,0.1471053808927536,0.7291669845581055,0.734375,0.7109379768371582,0.7109379768371582,3369600
1970-05-29,0.14946936070919037,0.7408850193023682,0.7434899806976318,0.71875,0.7291669845581055,1680000
1970-06-01,0.1576129049062729,0.78125,0.78125,0.7447919845581055,0.7447919845581055,2092800
1970-06-02,0.15551115572452545,0.7708330154418945,0.7747399806976318,0.7604169845581055,0.7747399806976318,1833600
1970-06-03,0.15551115572452545,0.7708330154418945,0.7747399806976318,0.7578129768371582,0.7708330154418945,2169600
1970-06-04,0.1568247377872467,0.7773439884185791,0.7864580154418945,0.7708330154418945,0.7708330154418945,2707200
1970-06-05,0.15235891938209534,0.7552080154418945,0.7695310115814209,0.75,0.7695310115814209,1401600
1970-06-08,0.15338334441184998,0.7565100193023682,0.7591149806976318,0.7434899806976318,0.7552080154418945,912000
1970-06-09,0.15127146244049072,0.7460939884185791,0.7539060115814209,0.734375,0.7539060115814209,1449600
1970-06-10,0.1504794806241989,0.7421879768371582,0.7434899806976318,0.7317709922790527,0.7434899806976318,576000
1970-06-11,0.14836746454238892,0.7317709922790527,0.7382810115814209,0.7226560115814209,0.7382810115814209,921600
1970-06-12,0.14572741091251373,0.71875,0.734375,0.71875,0.7317709922790527,1651200
1970-06-15,0.14546343684196472,0.7174479961395264,0.7278649806976318,0.7109379768371582,0.71875,1228800
1970-06-16,0.1531192511320114,0.7552080154418945,0.7552080154418945,0.7239580154418945,0.7239580154418945,1267200
1970-06-17,0.15153540670871735,0.7473959922790527,0.7708330154418945,0.7473959922790527,0.7552080154418945,1507200
1970-06-18,0.15523143112659454,0.765625,0.7708330154418945,0.7447919845581055,0.7473959922790527,969600
1970-06-19,0.15628723800182343,0.7708330154418945,0.7864580154418945,0.7708330154418945,0.7708330154418945,1900800
1970-06-22,0.15364740788936615,0.7578129768371582,0.7721350193023682,0.7552080154418945,0.7708330154418945,1238400
1970-06-23,0.15338334441184998,0.7565100193023682,0.7604169845581055,0.7526040077209473,0.7578129768371582,1084800
1970-06-24,0.1504794806241989,0.7421879768371582,0.7578129768371582,0.7408850193023682,0.7565100193023682,1785600
1970-06-25,0.1504794806241989,0.7421879768371582,0.7473959922790527,0.7395830154418945,0.7421879768371582,1238400
1970-06-26,0.1504794806241989,0.7421879768371582,0.7552080154418945,0.7421879768371582,0.7421879768371582,960000
1970-06-29,0.14651936292648315,0.7226560115814209,0.7421879768371582,0.7213540077209473,0.7421879768371582,2179200
1970-06-30,0.14651936292648315,0.7226560115814209,0.7291669845581055,0.71875,0.7226560115814209,1382400
1970-07-01,0.1467832773923874,0.7239580154418945,0.7239580154418945,0.7109379768371582,0.7226560115814209,1468800
1970-07-02,0.15153540670871735,0.7473959922790527,0.7473959922790527,0.7291669845581055,0.7291669845581055,1795200
1970-07-06,0.14968736469745636,0.7382810115814209,0.7473959922790527,0.7317709922790527,0.7473959922790527,1593600
1970-07-07,0.14783944189548492,0.7291669845581055,0.734375,0.7252600193023682,0.734375,1958400
1970-07-08,0.1531192511320114,0.7552080154418945,0.7552080154418945,0.7291669845581055,0.7291669845581055,1430400
1970-07-09,0.15100730955600739,0.7447919845581055,0.765625,0.7421879768371582,0.7552080154418945,2812800
1970-07-10,0.15443938970565796,0.7617189884185791,0.7643229961395264,0.7421879768371582,0.7447919845581055,1507200
1970-07-13,0.15391142666339874,0.7591149806976318,0.765625,0.7539060115814209,0.7617189884185791,912000
1970-07-14,0.15127146244049072,0.7460939884185791,0.7643229961395264,0.7421879768371582,0.7591149806976318,912000
1970-07-15,0.15153540670871735,0.7473959922790527,0.7552080154418945,0.7421879768371582,0.7460939884185791,873600
1970-07-16,0.1504794806241989,0.7421879768371582,0.75,0.7395830154418945,0.7473959922790527,2457600
1970-07-17,0.15285518765449524,0.7539060115814209,0.7578129768371582,0.7447919845581055,0.7447919845581055,1401600
1970-07-20,0.15364740788936615,0.7578129768371582,0.765625,0.7526040077209473,0.7539060115814209,1641600
1970-07-21,0.15443938970565796,0.7617189884185791,0.7708330154418945,0.7591149806976318,0.7591149806976318,1123200
1970-07-22,0.15232735872268677,0.7513020038604736,0.7630209922790527,0.75,0.7617189884185791,1152000
1970-07-23,0.152591273188591,0.7526040077209473,0.7539060115814209,0.7447919845581055,0.7513020038604736,1488000
1970-07-24,0.15021532773971558,0.7408850193023682,0.7552080154418945,0.7408850193023682,0.7526040077209473,662400
1970-07-27,0.15074339509010315,0.7434899806976318,0.7473959922790527,0.7421879768371582,0.7421879768371582,374400
1970-07-28,0.14942337572574615,0.7369790077209473,0.7434899806976318,0.7369790077209473,0.7434899806976318,825600
1970-07-29,0.15153540670871735,0.7473959922790527,0.7486979961395264,0.7330729961395264,0.7369790077209473,470400
1970-07-30,0.15417538583278656,0.7604169845581055,0.7604169845581055,0.75,0.75,1075200
1970-07-31,0.15364740788936615,0.7578129768371582,0.765625,0.7578129768371582,0.7604169845581055,1094400
1970-08-03,0.15127146244049072,0.7460939884185791,0.7552080154418945,0.7447919845581055,0.7552080154418945,614400
1970-08-04,0.1504794806241989,0.7421879768371582,0.7434899806976318,0.7395830154418945,0.7434899806976318,902400
1970-08-05,0.14915943145751953,0.7356770038604736,0.7434899806976318,0.734375,0.7421879768371582,1324800
1970-08-06,0.14968736469745636,0.7382810115814209,0.7421879768371582,0.7356770038604736,0.7356770038604736,1104000
1970-08-07,0.14995118975639343,0.7395830154418945,0.7434899806976318,0.7382810115814209,0.7382810115814209,883200
1970-08-10,0.14572741091251373,0.71875,0.7395830154418945,0.71875,0.7395830154418945,1027200
1970-08-11,0.14572741091251373,0.71875,0.7213540077209473,0.7161459922790527,0.71875,1468800
1970-08-12,0.14519929885864258,0.7161459922790527,0.71875,0.7161459922790527,0.71875,633600
1970-08-13,0.14071130752563477,0.6940100193023682,0.7174479961395264,0.6901040077209473,0.7161459922790527,2688000
1970-08-14,0.14044734835624695,0.6927080154418945,0.6966149806976318,0.6875,0.6940100193023682,2025600
1970-08-17,0.13991932570934296,0.6901040077209473,0.6927080154418945,0.6835939884185791,0.6927080154418945,854400
1970-08-18,0.14203135669231415,0.7005209922790527,0.7018229961395264,0.6927080154418945,0.6927080154418945,2304000
1970-08-19,0.14414356648921967,0.7109379768371582,0.7109379768371582,0.7005209922790527,0.7005209922790527,1708800
1970-08-20,0.14467142522335052,0.7135419845581055,0.7161459922790527,0.703125,0.7109379768371582,1315200
1970-08-21,0.14572741091251373,0.71875,0.7213540077209473,0.7135419845581055,0.7135419845581055,1132800
1970-08-24,0.14995118975639343,0.7395830154418945,0.7395830154418945,0.7213540077209473,0.7213540077209473,2467200
1970-08-25,0.15179938077926636,0.7486979961395264,0.75,0.7317709922790527,0.7395830154418945,1593600
1970-08-26,0.1531192511320114,0.7552080154418945,0.7630209922790527,0.7473959922790527,0.7486979961395264,2755200
1970-08-27,0.1520632952451706,0.75,0.7539060115814209,0.75,0.7539060115814209,556800
1970-08-28,0.152591273188591,0.7526040077209473,0.7552080154418945,0.7421879768371582,0.75,912000
1970-08-31,0.15153540670871735,0.7473959922790527,0.7526040077209473,0.7421879768371582,0.7526040077209473,652800
1970-09-01,0.15338334441184998,0.7565100193023682,0.7591149806976318,0.7408850193023682,0.7473959922790527,691200
1970-09-02,0.152591273188591,0.7526040077209473,0.7539060115814209,0.7434899806976318,0.7539060115814209,460800
1970-09-03,0.15443938970565796,0.7617189884185791,0.7643229961395264,0.7539060115814209,0.7539060115814209,729600
1970-09-04,0.15153540670871735,0.7473959922790527,0.7760419845581055,0.7473959922790527,0.7617189884185791,1094400
1970-09-08,0.15523143112659454,0.765625,0.765625,0.7434899806976318,0.7473959922790527,921600
1970-09-09,0.15470334887504578,0.7630209922790527,0.7760419845581055,0.7552080154418945,0.765625,1267200
1970-09-10,0.15493686497211456,0.7604169845581055,0.7604169845581055,0.75,0.7604169845581055,595200
1970-09-11,0.15440626442432404,0.7578129768371582,0.7630209922790527,0.7552080154418945,0.7604169845581055,1065600
1970-09-14,0.15440626442432404,0.7578129768371582,0.7630209922790527,0.7565100193023682,0.7578129768371582,1094400
1970-09-15,0.15228375792503357,0.7473959922790527,0.7552080154418945,0.7421879768371582,0.7552080154418945,1440000
1970-09-16,0.15148785710334778,0.7434899806976318,0.7486979961395264,0.7408850193023682,0.7473959922790527,1516800
1970-09-17,0.15175330638885498,0.7447919845581055,0.75,0.7408850193023682,0.7434899806976318,2092800
1970-09-18,0.15175330638885498,0.7447919845581055,0.7473959922790527,0.7408850193023682,0.7447919845581055,1584000
1970-09-21,0.15122266113758087,0.7421879768371582,0.7473959922790527,0.7421879768371582,0.7447919845581055,1017600
1970-09-22,0.15175330638885498,0.7447919845581055,0.7473959922790527,0.7395830154418945,0.7421879768371582,1075200
1970-09-23,0.15414080023765564,0.7565100193023682,0.7604169845581055,0.7421879768371582,0.7447919845581055,1017600
1970-09-24,0.15705911815166473,0.7708330154418945,0.7708330154418945,0.7578129768371582,0.7578129768371582,1209600
1970-09-25,0.1591816246509552,0.78125,0.78125,0.7760419845581055,0.7760419845581055,2064000
1970-09-28,0.16024285554885864,0.7864580154418945,0.7864580154418945,0.7786459922790527,0.78125,2140800
1970-09-29,0.15971232950687408,0.7838540077209473,0.7890629768371582,0.7760419845581055,0.7864580154418945,1190400
1970-09-30,0.15812043845653534,0.7760419845581055,0.7799479961395264,0.765625,0.7799479961395264,739200
1970-10-01,0.15865105390548706,0.7786459922790527,0.7799479961395264,0.7747399806976318,0.7760419845581055,729600
1970-10-02,0.16103889048099518,0.7903649806976318,0.7903649806976318,0.7747399806976318,0.7786459922790527,1017600
1970-10-05,0.1655489206314087,0.8125,0.8177080154418945,0.796875,0.796875,2438400
1970-10-06,0.1735081672668457,0.8515629768371582,0.8515629768371582,0.8177080154418945,0.8177080154418945,3235200
1970-10-07,0.17032447457313538,0.8359379768371582,0.8515629768371582,0.8307290077209473,0.8515629768371582,2630400
1970-10-08,0.16501827538013458,0.8098959922790527,0.8320310115814209,0.8098959922790527,0.8320310115814209,3667200
1970-10-09,0.16236524283885956,0.796875,0.8072919845581055,0.796875,0.8072919845581055,1468800
1970-10-12,0.16236524283885956,0.796875,0.7994790077209473,0.7864580154418945,0.796875,460800
1970-10-13,0.16289585828781128,0.7994790077209473,0.7994790077209473,0.7942709922790527,0.796875,691200
1970-10-14,0.1655489206314087,0.8125,0.8125,0.7994790077209473,0.7994790077209473,508800
1970-10-15,0.1642223447561264,0.8059899806976318,0.8111979961395264,0.8059899806976318,0.8111979961395264,806400
1970-10-16,0.16661010682582855,0.8177080154418945,0.8229169845581055,0.8085939884185791,0.8085939884185791,844800
1970-10-19,0.16528363525867462,0.8111979961395264,0.8177080154418945,0.8111979961395264,0.8177080154418945,451200
1970-10-20,0.1663447618484497,0.8164060115814209,0.8177080154418945,0.8072919845581055,0.8111979961395264,528000
1970-10-21,0.16528363525867462,0.8111979961395264,0.8203129768371582,0.8098959922790527,0.8164060115814209,432000
1970-10-22,0.16820189356803894,0.8255209922790527,0.828125,0.8098959922790527,0.8111979961395264,777600
1970-10-23,0.16767142713069916,0.8229169845581055,0.8320310115814209,0.8177080154418945,0.8255209922790527,1161600
1970-10-26,0.16820189356803894,0.8255209922790527,0.8294270038604736,0.8203129768371582,0.8229169845581055,633600
1970-10-27,0.1687324494123459,0.828125,0.828125,0.8216149806976318,0.8255209922790527,758400
1970-10-28,0.16952839493751526,0.8320310115814209,0.8320310115814209,0.8190100193023682,0.828125,720000
1970-10-29,0.16714075207710266,0.8203129768371582,0.8333330154418945,0.8177080154418945,0.8320310115814209,2649600
1970-10-30,0.16714075207710266,0.8203129768371582,0.828125,0.8203129768371582,0.8203129768371582,777600
1970-11-02,0.16767142713069916,0.8229169845581055,0.8268229961395264,0.8203129768371582,0.8203129768371582,700800
1970-11-03,0.16767142713069916,0.8229169845581055,0.8268229961395264,0.8229169845581055,0.8229169845581055,585600
1970-11-04,0.16952839493751526,0.8320310115814209,0.8385419845581055,0.8255209922790527,0.8255209922790527,2092800
1970-11-05,0.16952839493751526,0.8320310115814209,0.8320310115814209,0.8242189884185791,0.8320310115814209,739200
1970-11-06,0.17032447457313538,0.8359379768371582,0.8359379768371582,0.828125,0.8320310115814209,691200
1970-11-09,0.17058975994586945,0.8372399806976318,0.84375,0.8333330154418945,0.8359379768371582,1219200
1970-11-10,0.17430390417575836,0.8554689884185791,0.8554689884185791,0.84375,0.84375,1142400
1970-11-11,0.17403873801231384,0.8541669845581055,0.875,0.8515629768371582,0.8554689884185791,1968000
1970-11-12,0.17244674265384674,0.8463540077209473,0.8619790077209473,0.8463540077209473,0.8541669845581055,1017600
1970-11-13,0.1721813976764679,0.8450520038604736,0.8502600193023682,0.8385419845581055,0.8463540077209473,969600
1970-11-16,0.17297735810279846,0.8489580154418945,0.8541669845581055,0.84375,0.8450520038604736,1660800
1970-11-17,0.1721813976764679,0.8450520038604736,0.8515629768371582,0.8450520038604736,0.8489580154418945,777600
1970-11-18,0.17058975994586945,0.8372399806976318,0.8450520038604736,0.8333330154418945,0.8450520038604736,979200
1970-11-19,0.17032447457313538,0.8359379768371582,0.8411459922790527,0.8320310115814209,0.8372399806976318,1008000
1970-11-20,0.17297735810279846,0.8489580154418945,0.8489580154418945,0.8333330154418945,0.8359379768371582,1046400
1970-11-23,0.1721813976764679,0.8450520038604736,0.8541669845581055,0.8450520038604736,0.8489580154418945,729600
1970-11-24,0.17481449246406555,0.8541669845581055,0.8541669845581055,0.8489580154418945,0.8489580154418945,1968000
1970-11-25,0.17881155014038086,0.8736979961395264,0.875,0.8541669845581055,0.8541669845581055,1334400
1970-11-27,0.1782786101102829,0.8710939884185791,0.8736979961395264,0.8697919845581055,0.8736979961395264,729600
1970-11-30,0.17854513227939606,0.8723959922790527,0.875,0.8697919845581055,0.8710939884185791,1248000
1970-12-01,0.17881155014038086,0.8736979961395264,0.8802080154418945,0.8697919845581055,0.8723959922790527,883200
1970-12-02,0.17961110174655914,0.8776040077209473,0.8802080154418945,0.8723959922790527,0.8736979961395264,1171200
1970-12-03,0.18254247307777405,0.8919270038604736,0.9010419845581055,0.8828129768371582,0.8828129768371582,2764800
1970-12-04,0.18334181606769562,0.8958330154418945,0.8958330154418945,0.8880209922790527,0.8919270038604736,1526400
1970-12-07,0.18440788984298706,0.9010419845581055,0.9049479961395264,0.8958330154418945,0.8958330154418945,1228800
1970-12-08,0.1865396499633789,0.9114580154418945,0.9114580154418945,0.9010419845581055,0.9010419845581055,3984000
1970-12-09,0.1838749349117279,0.8984379768371582,0.9114580154418945,0.8932290077209473,0.9114580154418945,2688000
1970-12-10,0.18174296617507935,0.8880209922790527,0.8971350193023682,0.8854169845581055,0.8971350193023682,1296000
1970-12-11,0.17987750470638275,0.8789060115814209,0.8854169845581055,0.8776040077209473,0.8854169845581055,1689600
1970-12-14,0.17907822132110596,0.875,0.8841149806976318,0.8658850193023682,0.8789060115814209,1468800
1970-12-15,0.17961110174655914,0.8776040077209473,0.8841149806976318,0.875,0.875,1008000
1970-12-16,0.17961110174655914,0.8776040077209473,0.8828129768371582,0.8763020038604736,0.8776040077209473,748800
1970-12-17,0.17881155014038086,0.8736979961395264,0.8802080154418945,0.8710939884185791,0.8776040077209473,1104000
1970-12-18,0.17801226675510406,0.8697919845581055,0.8802080154418945,0.8697919845581055,0.8736979961395264,729600
1970-12-21,0.17721274495124817,0.8658850193023682,0.8776040077209473,0.8632810115814209,0.8697919845581055,1296000
1970-12-22,0.17667965590953827,0.8632810115814209,0.8710939884185791,0.8606770038604736,0.8658850193023682,1017600
1970-12-23,0.1756139099597931,0.8580729961395264,0.8671879768371582,0.8580729961395264,0.8632810115814209,940800
1970-12-24,0.17694613337516785,0.8645830154418945,0.8710939884185791,0.8645830154418945,0.8645830154418945,902400
1970-12-28,0.17854513227939606,0.8723959922790527,0.8723959922790527,0.8645830154418945,0.8645830154418945,460800
1970-12-29,0.18041054904460907,0.8815100193023682,0.8854169845581055,0.8776040077209473,0.8776040077209473,1180800
1970-12-30,0.1830754429101944,0.8945310115814209,0.8958330154418945,0.8854169845581055,0.8854169845581055,1737600
1970-12-31,0.1806771159172058,0.8828129768371582,0.8958330154418945,0.8789060115814209,0.8945310115814209,1939200
1971-01-04,0.17721274495124817,0.8658850193023682,0.875,0.8645830154418945,0.875,1603200
1971-01-05,0.17481449246406555,0.8541669845581055,0.8619790077209473,0.8515629768371582,0.8619790077209473,2150400
1971-01-06,0.1777457594871521,0.8684899806976318,0.8684899806976318,0.8541669845581055,0.8541669845581055,3052800
1971-01-07,0.1830754429101944,0.8945310115814209,0.8958330154418945,0.8723959922790527,0.8723959922790527,1603200
1971-01-08,0.1830754429101944,0.8945310115814209,0.8945310115814209,0.8867189884185791,0.8945310115814209,1449600
1971-01-11,0.1828087866306305,0.8932290077209473,0.8932290077209473,0.8880209922790527,0.8932290077209473,643200
1971-01-12,0.18227586150169373,0.890625,0.8984379768371582,0.890625,0.8932290077209473,1785600
1971-01-13,0.18334181606769562,0.8958330154418945,0.8984379768371582,0.8880209922790527,0.890625,1756800
1971-01-14,0.18334181606769562,0.8958330154418945,0.8958330154418945,0.8893229961395264,0.8958330154418945,787200
1971-01-15,0.1828087866306305,0.8932290077209473,0.8997399806976318,0.890625,0.8958330154418945,1420800
1971-01-18,0.1806771159172058,0.8828129768371582,0.8932290077209473,0.8828129768371582,0.8932290077209473,1017600
1971-01-19,0.1806771159172058,0.8828129768371582,0.8880209922790527,0.8802080154418945,0.8828129768371582,374400
1971-01-20,0.18200938403606415,0.8893229961395264,0.8958330154418945,0.8854169845581055,0.8854169845581055,1564800
1971-01-21,0.18227586150169373,0.890625,0.8945310115814209,0.8867189884185791,0.8893229961395264,864000
1971-01-22,0.18147645890712738,0.8867189884185791,0.890625,0.8854169845581055,0.890625,1478400
1971-01-25,0.1828087866306305,0.8932290077209473,0.8958330154418945,0.8854169845581055,0.8867189884185791,835200
1971-01-26,0.18227586150169373,0.890625,0.8958330154418945,0.890625,0.8932290077209473,1728000
1971-01-27,0.1828087866306305,0.8932290077209473,0.8932290077209473,0.8867189884185791,0.890625,825600
1971-01-28,0.18547384440898895,0.90625,0.9088540077209473,0.8932290077209473,0.8932290077209473,1459200
1971-01-29,0.18547384440898895,0.90625,0.9088540077209473,0.9036459922790527,0.90625,460800
1971-02-01,0.18440788984298706,0.9010419845581055,0.90625,0.8958330154418945,0.90625,1094400
1971-02-02,0.18414141237735748,0.8997399806976318,0.9036459922790527,0.8984379768371582,0.9010419845581055,652800
1971-02-03,0.18414141237735748,0.8997399806976318,0.9049479961395264,0.8984379768371582,0.8997399806976318,1612800
1971-02-04,0.18334181606769562,0.8958330154418945,0.9010419845581055,0.8945310115814209,0.8997399806976318,1334400
1971-02-05,0.18334181606769562,0.8958330154418945,0.9036459922790527,0.8958330154418945,0.8958330154418945,1459200
1971-02-08,0.18334181606769562,0.8958330154418945,0.8958330154418945,0.8893229961395264,0.8958330154418945,1084800
1971-02-09,0.18467441201210022,0.9023439884185791,0.9036459922790527,0.8945310115814209,0.8958330154418945,1382400
1971-02-10,0.18600675463676453,0.9088540077209473,0.9101560115814209,0.8958330154418945,0.9023439884185791,1680000
1971-02-11,0.18813854455947876,0.9192709922790527,0.9257810115814209,0.9114580154418945,0.9114580154418945,1132800
1971-02-12,0.18813854455947876,0.9192709922790527,0.9244790077209473,0.9166669845581055,0.9192709922790527,1267200
1971-02-16,0.1886717975139618,0.921875,0.9244790077209473,0.9166669845581055,0.9192709922790527,1651200
1971-02-17,0.18547384440898895,0.90625,0.9231770038604736,0.9036459922790527,0.921875,988800
1971-02-18,0.1838749349117279,0.8984379768371582,0.9036459922790527,0.890625,0.9036459922790527,2323200
1971-02-19,0.1828087866306305,0.8932290077209473,0.9010419845581055,0.8932290077209473,0.8984379768371582,768000
1971-02-22,0.18014390766620636,0.8802080154418945,0.8958330154418945,0.8776040077209473,0.8932290077209473,787200
1971-02-23,0.18174296617507935,0.8880209922790527,0.890625,0.8776040077209473,0.8802080154418945,844800
1971-02-24,0.1830754429101944,0.8945310115814209,0.8997399806976318,0.8919270038604736,0.8919270038604736,624000
1971-02-25,0.18414141237735748,0.8997399806976318,0.8997399806976318,0.8919270038604736,0.8945310115814209,1315200
1971-02-26,0.18574018776416779,0.9075520038604736,0.9114580154418945,0.9036459922790527,0.9036459922790527,1027200
1971-03-01,0.18707282841205597,0.9140629768371582,0.9140629768371582,0.9010419845581055,0.9075520038604736,796800
1971-03-02,0.18707282841205597,0.9140629768371582,0.9205729961395264,0.9101560115814209,0.9140629768371582,624000
1971-03-03,0.18733927607536316,0.9153649806976318,0.9166669845581055,0.9088540077209473,0.9140629768371582,883200
1971-03-04,0.19107002019882202,0.9335939884185791,0.9335939884185791,0.9140629768371582,0.9153649806976318,988800
1971-03-05,0.1908036321401596,0.9322919845581055,0.9348959922790527,0.9257810115814209,0.9335939884185791,729600
1971-03-08,0.19272013008594513,0.9375,0.9375,0.9283850193023682,0.9322919845581055,1008000
1971-03-09,0.19593210518360138,0.953125,0.953125,0.9375,0.9375,1276800
1971-03-10,0.19807332754135132,0.9635419845581055,0.9661459922790527,0.9505209922790527,0.953125,1372800
1971-03-11,0.19593210518360138,0.953125,0.9635419845581055,0.953125,0.9635419845581055,1584000
1971-03-12,0.19646739959716797,0.9557290077209473,0.9609379768371582,0.9505209922790527,0.953125,950400
1971-03-15,0.19539675116539001,0.9505209922790527,0.953125,0.9427080154418945,0.953125,1065600
1971-03-16,0.19860874116420746,0.9661459922790527,0.9713540077209473,0.9557290077209473,0.9557290077209473,1046400
1971-03-17,0.19967922568321228,0.9713540077209473,0.9713540077209473,0.9596350193023682,0.9661459922790527,1036800
1971-03-18,0.2018207162618637,0.9817709922790527,0.9882810115814209,0.9726560115814209,0.9726560115814209,950400
1971-03-19,0.20208840072155,0.9830729961395264,0.9882810115814209,0.9791669845581055,0.9817709922790527,921600
1971-03-22,0.2010178416967392,0.9778649806976318,0.984375,0.9635419845581055,0.9830729961395264,1094400
1971-03-23,0.19780586659908295,0.9622399806976318,0.9739580154418945,0.9570310115814209,0.9739580154418945,1238400
1971-03-24,0.19914405047893524,0.96875,0.96875,0.9557290077209473,0.9622399806976318,1113600
1971-03-25,0.1972702443599701,0.9596350193023682,0.9700520038604736,0.9583330154418945,0.96875,806400
1971-03-26,0.20021465420722961,0.9739580154418945,0.9765629768371582,0.9609379768371582,0.9609379768371582,1766400
1971-03-29,0.20289139449596405,0.9869790077209473,0.9869790077209473,0.9739580154418945,0.9739580154418945,1708800
1971-03-30,0.20235604047775269,0.984375,0.9895830154418945,0.9804689884185791,0.9869790077209473,441600
1971-03-31,0.2018207162618637,0.9817709922790527,0.9869790077209473,0.9817709922790527,0.984375,604800
1971-04-01,0.20342658460140228,0.9895830154418945,0.9895830154418945,0.9856770038604736,0.9856770038604736,969600
1971-04-02,0.20262359082698822,0.9856770038604736,0.9908850193023682,0.9856770038604736,0.9895830154418945,1833600
1971-04-05,0.20422984659671783,0.9934899806976318,0.9973959922790527,0.9804689884185791,0.9856770038604736,1171200
1971-04-06,0.20770946145057678,1.0104169845581055,1.0104169845581055,0.9947919845581055,0.9947919845581055,1094400
1971-04-07,0.2093154340982437,1.0182290077209473,1.0182290077209473,1.0065100193023682,1.0104169845581055,988800
1971-04-08,0.2152041494846344,1.046875,1.046875,1.0182290077209473,1.0182290077209473,950400
1971-04-12,0.22323408722877502,1.0859379768371582,1.09375,1.0520830154418945,1.0520830154418945,1478400
1971-04-13,0.2168101817369461,1.0546879768371582,1.0924479961395264,1.0546879768371582,1.0859379768371582,2064000
1971-04-14,0.21199209988117218,1.03125,1.0455729961395264,1.0260419845581055,1.0455729961395264,1843200
1971-04-15,0.21199209988117218,1.03125,1.0416669845581055,1.03125,1.03125,1142400
1971-04-16,0.2109212726354599,1.0260419845581055,1.0338540077209473,1.0208330154418945,1.03125,2630400
1971-04-19,0.21252726018428802,1.0338540077209473,1.0338540077209473,1.0234379768371582,1.0260419845581055,1065600
1971-04-20,0.20985063910484314,1.0208330154418945,1.0390629768371582,1.0208330154418945,1.0338540077209473,988800
1971-04-21,0.20878003537654877,1.015625,1.0208330154418945,1.015625,1.0208330154418945,1219200
1971-04-22,0.2061033993959427,1.0026040077209473,1.0260419845581055,1.0026040077209473,1.015625,1891200
1971-04-23,0.20637094974517822,1.003906011581421,1.0052080154418945,1.0,1.0026040077209473,1363200
1971-04-26,0.20985063910484314,1.0208330154418945,1.0208330154418945,1.011718988418579,1.011718988418579,1132800
1971-04-27,0.2090475857257843,1.0169270038604736,1.0208330154418945,1.015625,1.0208330154418945,1862400
1971-04-28,0.20878003537654877,1.015625,1.019531011581421,1.011718988418579,1.0169270038604736,1113600
1971-04-29,0.20824481546878815,1.0130209922790527,1.0208330154418945,1.0104169845581055,1.015625,2649600
1971-04-30,0.2058357149362564,1.0013020038604736,1.0104169845581055,0.9973959922790527,1.0104169845581055,1056000
1971-05-03,0.20556800067424774,1.0,1.0,0.9960939884185791,1.0,921600
1971-05-04,0.20770946145057678,1.0104169845581055,1.0104169845581055,0.9960939884185791,1.0,1651200
1971-05-05,0.20878003537654877,1.015625,1.015625,1.0052080154418945,1.0104169845581055,2188800
1971-05-06,0.20985063910484314,1.0208330154418945,1.0234379768371582,1.0130209922790527,1.015625,2419200
1971-05-07,0.21038608253002167,1.0234379768371582,1.0247399806976318,1.015625,1.0208330154418945,1833600
1971-05-10,0.21038608253002167,1.0234379768371582,1.0286459922790527,1.0208330154418945,1.0234379768371582,528000
1971-05-11,0.21466881036758423,1.0442709922790527,1.046875,1.0234379768371582,1.0234379768371582,1747200
1971-05-12,0.21627452969551086,1.0520830154418945,1.066406011581421,1.046875,1.046875,1737600
1971-05-13,0.2168101817369461,1.0546879768371582,1.058593988418579,1.0390629768371582,1.0520830154418945,1305600
1971-05-14,0.21841596066951752,1.0625,1.0729169845581055,1.0546879768371582,1.0546879768371582,816000
1971-05-17,0.21199209988117218,1.03125,1.0611979961395264,1.0286459922790527,1.0611979961395264,883200
1971-05-18,0.21306267380714417,1.0364580154418945,1.0416669845581055,1.0234379768371582,1.03125,979200
1971-05-19,0.21413348615169525,1.0416669845581055,1.0455729961395264,1.0364580154418945,1.0364580154418945,1065600
1971-05-20,0.21573936939239502,1.0494790077209473,1.0494790077209473,1.0390629768371582,1.0416669845581055,806400
1971-05-21,0.2178807109594345,1.0598959922790527,1.0677080154418945,1.0494790077209473,1.0494790077209473,1286400
1971-05-24,0.2149364948272705,1.0455729961395264,1.0572919845581055,1.0416669845581055,1.0572919845581055,1382400
1971-05-25,0.21252726018428802,1.0338540077209473,1.0416669845581055,1.0286459922790527,1.0416669845581055,1372800
1971-05-26,0.21333037316799164,1.0377600193023682,1.0442709922790527,1.03125,1.0338540077209473,979200
1971-05-27,0.21440114080905914,1.042968988418579,1.0455729961395264,1.0390629768371582,1.0390629768371582,355200
1971-05-28,0.21547165513038635,1.0481770038604736,1.0481770038604736,1.0416669845581055,1.042968988418579,508800
1971-06-01,0.21466881036758423,1.0442709922790527,1.0494790077209473,1.0442709922790527,1.0481770038604736,1171200
1971-06-02,0.21627452969551086,1.0520830154418945,1.0520830154418945,1.042968988418579,1.0442709922790527,1622400
1971-06-03,0.2178807109594345,1.0598959922790527,1.0651040077209473,1.0520830154418945,1.0520830154418945,1785600
1971-06-04,0.220289945602417,1.0716149806976318,1.0729169845581055,1.0546879768371582,1.0598959922790527,1075200
1971-06-07,0.22350186109542847,1.0872399806976318,1.0885419845581055,1.078125,1.078125,844800
1971-06-08,0.22300738096237183,1.0807290077209473,1.0872399806976318,1.0807290077209473,1.0872399806976318,662400
1971-06-09,0.22139541804790497,1.0729169845581055,1.0833330154418945,1.0703129768371582,1.0807290077209473,1113600
1971-06-10,0.22139541804790497,1.0729169845581055,1.0729169845581055,1.0677080154418945,1.0729169845581055,691200
1971-06-11,0.2235446721315384,1.0833330154418945,1.0833330154418945,1.0729169845581055,1.0729169845581055,700800
1971-06-14,0.22408226132392883,1.0859379768371582,1.0859379768371582,1.078125,1.0833330154418945,585600
1971-06-15,0.22461964190006256,1.0885419845581055,1.089843988418579,1.0833330154418945,1.0859379768371582,508800
1971-06-16,0.2238135188817978,1.0846350193023682,1.09375,1.0833330154418945,1.0885419845581055,2582400
1971-06-17,0.22139541804790497,1.0729169845581055,1.0924479961395264,1.0729169845581055,1.0846350193023682,1200000
1971-06-18,0.21494698524475098,1.0416669845581055,1.0703129768371582,1.0416669845581055,1.0703129768371582,700800
1971-06-21,0.21655891835689545,1.0494790077209473,1.0494790077209473,1.0338540077209473,1.0416669845581055,1411200
1971-06-22,0.2170964926481247,1.0520830154418945,1.0559899806976318,1.042968988418579,1.0494790077209473,768000
1971-06-23,0.21736490726470947,1.0533850193023682,1.0572919845581055,1.0494790077209473,1.0520830154418945,2649600
1971-06-24,0.21682745218276978,1.050781011581421,1.0546879768371582,1.0442709922790527,1.0533850193023682,796800
1971-06-25,0.2154843509197235,1.0442709922790527,1.0520830154418945,1.0364580154418945,1.050781011581421,355200
1971-06-28,0.21602176129817963,1.046875,1.046875,1.0416669845581055,1.0442709922790527,1296000
1971-06-29,0.21817134320735931,1.0572919845581055,1.0651040077209473,1.0494790077209473,1.0494790077209473,1161600
1971-06-30,0.22058913111686707,1.0690100193023682,1.0703129768371582,1.0520830154418945,1.0572919845581055,921600
1971-07-01,0.22247010469436646,1.078125,1.0794270038604736,1.0703129768371582,1.0703129768371582,1891200
1971-07-02,0.22300738096237183,1.0807290077209473,1.0833330154418945,1.074218988418579,1.078125,662400
1971-07-06,0.22139541804790497,1.0729169845581055,1.0807290077209473,1.0625,1.0807290077209473,633600
1971-07-07,0.22032064199447632,1.0677080154418945,1.0729169845581055,1.0651040077209473,1.0729169845581055,393600
1971-07-08,0.21924588084220886,1.0625,1.0677080154418945,1.0598959922790527,1.0677080154418945,518400
1971-07-09,0.2170964926481247,1.0520830154418945,1.0625,1.046875,1.0625,1776000
1971-07-12,0.21682745218276978,1.050781011581421,1.0572919845581055,1.0494790077209473,1.0520830154418945,566400
1971-07-13,0.21467842161655426,1.0403649806976318,1.050781011581421,1.0364580154418945,1.050781011581421,624000
1971-07-14,0.21172267198562622,1.0260419845581055,1.0442709922790527,1.015625,1.0403649806976318,9004800
1971-07-15,0.2162902057170868,1.0481770038604736,1.0494790077209473,1.0338540077209473,1.0338540077209473,2112000
1971-07-16,0.21655891835689545,1.0494790077209473,1.0572919845581055,1.046875,1.0481770038604736,3206400
1971-07-19,0.21924588084220886,1.0625,1.0651040077209473,1.0546879768371582,1.0546879768371582,460800
1971-07-20,0.22166407108306885,1.074218988418579,1.0807290077209473,1.0651040077209473,1.0651040077209473,1132800
1971-07-21,0.22193267941474915,1.0755209922790527,1.0807290077209473,1.074218988418579,1.074218988418579,777600
1971-07-22,0.22193267941474915,1.0755209922790527,1.078125,1.0703129768371582,1.0755209922790527,748800
1971-07-23,0.22193267941474915,1.0755209922790527,1.0755209922790527,1.0729169845581055,1.0755209922790527,470400
1971-07-26,0.22139541804790497,1.0729169845581055,1.078125,1.0729169845581055,1.0755209922790527,854400
1971-07-27,0.21924588084220886,1.0625,1.0703129768371582,1.0625,1.0703129768371582,988800
1971-07-28,0.21763381361961365,1.0546879768371582,1.0651040077209473,1.0533850193023682,1.0625,1123200
1971-07-29,0.21414071321487427,1.0377600193023682,1.050781011581421,1.03125,1.050781011581421,1747200
1971-07-30,0.21467842161655426,1.0403649806976318,1.0416669845581055,1.035156011581421,1.0377600193023682,1132800
1971-08-02,0.21440953016281128,1.0390629768371582,1.0455729961395264,1.0390629768371582,1.0403649806976318,1315200
1971-08-03,0.21333469450473785,1.0338540077209473,1.042968988418579,1.03125,1.0390629768371582,1017600
1971-08-04,0.21414071321487427,1.0377600193023682,1.0403649806976318,1.0338540077209473,1.0338540077209473,1094400
1971-08-05,0.2154843509197235,1.0442709922790527,1.0442709922790527,1.0390629768371582,1.0390629768371582,969600
1971-08-06,0.21736490726470947,1.0533850193023682,1.0611979961395264,1.0494790077209473,1.0494790077209473,1593600
1971-08-09,0.2170964926481247,1.0520830154418945,1.0572919845581055,1.0494790077209473,1.0533850193023682,672000
1971-08-10,0.2170964926481247,1.0520830154418945,1.0559899806976318,1.0481770038604736,1.0520830154418945,912000
1971-08-11,0.21924588084220886,1.0625,1.0625,1.0572919845581055,1.0572919845581055,969600
1971-08-12,0.21924588084220886,1.0625,1.0625,1.058593988418579,1.0625,739200
1971-08-13,0.21924588084220886,1.0625,1.066406011581421,1.0598959922790527,1.0625,518400
1971-08-16,0.22300738096237183,1.0807290077209473,1.09375,1.0729169845581055,1.0729169845581055,4070400
1971-08-17,0.21924588084220886,1.0625,1.0833330154418945,1.0625,1.0807290077209473,2323200
1971-08-18,0.21817134320735931,1.0572919845581055,1.0625,1.0520830154418945,1.0625,2409600
1971-08-19,0.21924588084220886,1.0625,1.066406011581421,1.0494790077209473,1.0572919845581055,1814400
1971-08-20,0.22461964190006256,1.0885419845581055,1.0885419845581055,1.0625,1.0625,2947200
1971-08-23,0.23214256763458252,1.125,1.125,1.0859379768371582,1.0885419845581055,3110400
1971-08-24,0.23348598182201385,1.1315100193023682,1.1432290077209473,1.1276040077209473,1.1276040077209473,2419200
1971-08-25,0.23268012702465057,1.1276040077209473,1.1354169845581055,1.125,1.1315100193023682,1584000
1971-08-26,0.23106802999973297,1.1197919845581055,1.1328129768371582,1.1197919845581055,1.1276040077209473,1497600
1971-08-27,0.23402366042137146,1.1341149806976318,1.1341149806976318,1.121093988418579,1.121093988418579,940800
1971-08-30,0.23402366042137146,1.1341149806976318,1.1341149806976318,1.128906011581421,1.1341149806976318,585600
1971-08-31,0.23429229855537415,1.1354169845581055,1.1354169845581055,1.1276040077209473,1.1341149806976318,854400
1971-09-01,0.23375491797924042,1.1328129768371582,1.136718988418579,1.1302080154418945,1.1354169845581055,1094400
1971-09-02,0.2332172393798828,1.1302080154418945,1.1328129768371582,1.1302080154418945,1.1328129768371582,604800
1971-09-03,0.23429229855537415,1.1354169845581055,1.1354169845581055,1.1302080154418945,1.1302080154418945,499200
1971-09-07,0.23482950031757355,1.1380209922790527,1.1484379768371582,1.1328129768371582,1.1354169845581055,1824000
1971-09-08,0.23482950031757355,1.1380209922790527,1.140625,1.1276040077209473,1.1380209922790527,921600
1971-09-09,0.23482950031757355,1.1380209922790527,1.144531011581421,1.1354169845581055,1.1380209922790527,422400
1971-09-10,0.23244574666023254,1.1223959922790527,1.128906011581421,1.1119790077209473,1.128906011581421,604800
1971-09-13,0.23082779347896576,1.1145830154418945,1.1302080154418945,1.109375,1.1223959922790527,528000
1971-09-14,0.22813142836093903,1.1015629768371582,1.1145830154418945,1.1015629768371582,1.1145830154418945,969600
1971-09-15,0.23163697123527527,1.1184899806976318,1.1184899806976318,1.0989580154418945,1.1015629768371582,758400
1971-09-16,0.2297491729259491,1.109375,1.1184899806976318,1.0989580154418945,1.1184899806976318,892800
1971-09-17,0.23028846085071564,1.1119790077209473,1.1171879768371582,1.1080729961395264,1.109375,940800
1971-09-20,0.23136724531650543,1.1171879768371582,1.1223959922790527,1.1145830154418945,1.1145830154418945,201600
1971-09-21,0.23001889884471893,1.1106770038604736,1.1223959922790527,1.1041669845581055,1.1171879768371582,537600
1971-09-22,0.23055818676948547,1.113281011581421,1.113281011581421,1.1015629768371582,1.1106770038604736,1046400
1971-09-23,0.2297491729259491,1.109375,1.113281011581421,1.097656011581421,1.113281011581421,1708800
1971-09-24,0.23244574666023254,1.1223959922790527,1.1302080154418945,1.1145830154418945,1.1145830154418945,710400
1971-09-27,0.23082779347896576,1.1145830154418945,1.1197919845581055,1.113281011581421,1.1197919845581055,480000
1971-09-28,0.23082779347896576,1.1145830154418945,1.1171879768371582,1.1119790077209473,1.1145830154418945,528000
1971-09-29,0.23244574666023254,1.1223959922790527,1.1223959922790527,1.1106770038604736,1.1145830154418945,748800
1971-09-30,0.23406361043453217,1.1302080154418945,1.1328129768371582,1.1223959922790527,1.1223959922790527,489600
1971-10-01,0.23676025867462158,1.1432290077209473,1.1458330154418945,1.1302080154418945,1.1302080154418945,1622400
1971-10-04,0.23999620974063873,1.1588540077209473,1.1588540077209473,1.1510419845581055,1.1510419845581055,1113600
1971-10-05,0.23999620974063873,1.1588540077209473,1.1627600193023682,1.1510419845581055,1.1588540077209473,508800
1971-10-06,0.2405356913805008,1.1614580154418945,1.1614580154418945,1.1510419845581055,1.1588540077209473,604800
1971-10-07,0.24485023319721222,1.1822919845581055,1.1822919845581055,1.1627600193023682,1.1627600193023682,470400
1971-10-08,0.24646806716918945,1.1901040077209473,1.1901040077209473,1.1822919845581055,1.1822919845581055,1065600
1971-10-11,0.24431081116199493,1.1796879768371582,1.191406011581421,1.1796879768371582,1.1901040077209473,441600
1971-10-12,0.2362210750579834,1.140625,1.1666669845581055,1.140625,1.1666669845581055,1238400
1971-10-13,0.2356816828250885,1.1380209922790527,1.1432290077209473,1.1328129768371582,1.140625,854400
1971-10-14,0.23028846085071564,1.1119790077209473,1.1328129768371582,1.1119790077209473,1.1328129768371582,1267200
1971-10-15,0.2321760654449463,1.121093988418579,1.121093988418579,1.109375,1.1119790077209473,1094400
1971-10-18,0.23244574666023254,1.1223959922790527,1.1302080154418945,1.1223959922790527,1.1223959922790527,1267200
1971-10-19,0.231906458735466,1.1197919845581055,1.1197919845581055,1.109375,1.1197919845581055,940800
1971-10-20,0.23082779347896576,1.1145830154418945,1.1197919845581055,1.1106770038604736,1.1197919845581055,2083200
1971-10-21,0.23298504948616028,1.125,1.125,1.1145830154418945,1.1145830154418945,1478400
1971-10-22,0.2383784055709839,1.1510419845581055,1.15625,1.1302080154418945,1.1302080154418945,2659200
1971-10-25,0.2351422905921936,1.1354169845581055,1.1510419845581055,1.1354169845581055,1.1510419845581055,720000
1971-10-26,0.23298504948616028,1.125,1.140625,1.125,1.1354169845581055,902400
1971-10-27,0.231906458735466,1.1197919845581055,1.1276040077209473,1.1197919845581055,1.125,748800
1971-10-28,0.23406361043453217,1.1302080154418945,1.1302080154418945,1.1041669845581055,1.1197919845581055,1430400
1971-10-29,0.2351422905921936,1.1354169845581055,1.140625,1.1276040077209473,1.1302080154418945,1334400
1971-11-01,0.23406361043453217,1.1302080154418945,1.140625,1.1302080154418945,1.1354169845581055,681600
1971-11-02,0.2343333512544632,1.1315100193023682,1.1328129768371582,1.1276040077209473,1.1302080154418945,1315200
1971-11-03,0.23945705592632294,1.15625,1.15625,1.1354169845581055,1.1354169845581055,1334400
1971-11-04,0.2405356913805008,1.1614580154418945,1.1692709922790527,1.1614580154418945,1.1614580154418945,1401600
1971-11-05,0.24080516397953033,1.1627600193023682,1.1627600193023682,1.1484379768371582,1.1614580154418945,729600
1971-11-08,0.24161434173583984,1.1666669845581055,1.1692709922790527,1.1588540077209473,1.1627600193023682,278400
1971-11-09,0.2432321012020111,1.1744790077209473,1.1744790077209473,1.1666669845581055,1.1666669845581055,1094400
1971-11-10,0.2405356913805008,1.1614580154418945,1.1770830154418945,1.1614580154418945,1.1744790077209473,566400
1971-11-11,0.23082779347896576,1.1145830154418945,1.15625,1.1145830154418945,1.15625,681600
1971-11-12,0.231906458735466,1.1197919845581055,1.125,1.1119790077209473,1.1145830154418945,1353600
1971-11-15,0.22947953641414642,1.1080729961395264,1.1197919845581055,1.105468988418579,1.1197919845581055,1123200
1971-11-16,0.23028846085071564,1.1119790077209473,1.1119790077209473,1.0989580154418945,1.1080729961395264,787200
1971-11-17,0.23082779347896576,1.1145830154418945,1.1171879768371582,1.097656011581421,1.1119790077209473,739200
1971-11-18,0.23136724531650543,1.1171879768371582,1.125,1.1171879768371582,1.1171879768371582,556800
1971-11-19,0.22651347517967224,1.09375,1.125,1.0833330154418945,1.1171879768371582,2102400
1971-11-22,0.22543463110923767,1.0885419845581055,1.0989580154418945,1.0885419845581055,1.09375,1507200
1971-11-23,0.22759175300598145,1.0989580154418945,1.0989580154418945,1.0833330154418945,1.0885419845581055,1190400
1971-11-24,0.2279059737920761,1.0963540077209473,1.1015629768371582,1.0911459922790527,1.0989580154418945,835200
1971-11-26,0.2344021499156952,1.1276040077209473,1.1276040077209473,1.1002600193023682,1.1002600193023682,441600
1971-11-29,0.23548506200313568,1.1328129768371582,1.144531011581421,1.125,1.1276040077209473,1353600
1971-11-30,0.2344021499156952,1.1276040077209473,1.1302080154418945,1.1171879768371582,1.1302080154418945,988800
1971-12-01,0.2381914108991623,1.1458330154418945,1.1458330154418945,1.1276040077209473,1.1276040077209473,1411200
1971-12-02,0.24252215027809143,1.1666669845581055,1.1692709922790527,1.1458330154418945,1.1458330154418945,2044800
1971-12-03,0.24522924423217773,1.1796879768371582,1.1848959922790527,1.1744790077209473,1.1744790077209473,950400
1971-12-06,0.24143949151039124,1.1614580154418945,1.1875,1.1614580154418945,1.1796879768371582,902400
1971-12-07,0.23981578648090363,1.1536459922790527,1.1588540077209473,1.1354169845581055,1.1588540077209473,1411200
1971-12-08,0.24198122322559357,1.1640629768371582,1.1705729961395264,1.15625,1.15625,556800
1971-12-09,0.2446875274181366,1.1770830154418945,1.1770830154418945,1.1640629768371582,1.1640629768371582,729600
1971-12-10,0.24901844561100006,1.1979169845581055,1.1979169845581055,1.1822919845581055,1.1822919845581055,1372800
1971-12-13,0.24901844561100006,1.1979169845581055,1.2109379768371582,1.1979169845581055,1.1979169845581055,1228800
1971-12-14,0.24901844561100006,1.1979169845581055,1.2057290077209473,1.191406011581421,1.1979169845581055,864000
1971-12-15,0.24820637702941895,1.1940100193023682,1.1979169845581055,1.1901040077209473,1.1979169845581055,1324800
1971-12-16,0.2479357272386551,1.1927080154418945,1.203125,1.1901040077209473,1.1940100193023682,1881600
1971-12-17,0.25118380784988403,1.2083330154418945,1.2135419845581055,1.1796879768371582,1.1927080154418945,1507200
1971-12-20,0.25740915536880493,1.238281011581421,1.238281011581421,1.2265629768371582,1.2265629768371582,1545600
1971-12-21,0.2695894241333008,1.296875,1.2994790077209473,1.25,1.25,2150400
1971-12-22,0.2671535313129425,1.285156011581421,1.296875,1.2786459922790527,1.296875,1152000
1971-12-23,0.2595745325088501,1.2486979961395264,1.2877600193023682,1.2421879768371582,1.285156011581421,1152000
1971-12-27,0.2582215964794159,1.2421879768371582,1.2526040077209473,1.2421879768371582,1.2486979961395264,576000
1971-12-28,0.2595745325088501,1.2486979961395264,1.2486979961395264,1.2317709922790527,1.2421879768371582,576000
1971-12-29,0.2598453164100647,1.25,1.265625,1.25,1.25,873600
1971-12-30,0.2582215964794159,1.2421879768371582,1.2604169845581055,1.2421879768371582,1.25,576000
1971-12-31,0.26417598128318787,1.2708330154418945,1.2708330154418945,1.2526040077209473,1.2526040077209473,633600
1972-01-03,0.2609279155731201,1.2552080154418945,1.2682290077209473,1.2552080154418945,1.2682290077209473,566400
1972-01-04,0.2614694833755493,1.2578129768371582,1.261718988418579,1.2473959922790527,1.2552080154418945,816000
1972-01-05,0.2598453164100647,1.25,1.2604169845581055,1.25,1.2578129768371582,1180800
1972-01-06,0.2528076767921448,1.2161459922790527,1.246093988418579,1.2109379768371582,1.246093988418579,1948800
1972-01-07,0.25118380784988403,1.2083330154418945,1.21875,1.2018229961395264,1.2161459922790527,1728000
1972-01-10,0.2538905441761017,1.2213540077209473,1.2291669845581055,1.2161459922790527,1.2161459922790527,1123200
1972-01-11,0.2565971314907074,1.234375,1.2447919845581055,1.2239580154418945,1.2239580154418945,547200
1972-01-12,0.25578543543815613,1.230468988418579,1.2395830154418945,1.2291669845581055,1.234375,892800
1972-01-13,0.25118380784988403,1.2083330154418945,1.2265629768371582,1.2057290077209473,1.2265629768371582,1382400
1972-01-14,0.25172528624534607,1.2109379768371582,1.2109379768371582,1.2018229961395264,1.2083330154418945,585600
1972-01-17,0.2498304843902588,1.2018229961395264,1.2083330154418945,1.1901040077209473,1.2083330154418945,739200
1972-01-18,0.24955977499485016,1.2005209922790527,1.2057290077209473,1.1979169845581055,1.2018229961395264,806400
1972-01-19,0.24901844561100006,1.1979169845581055,1.203125,1.1940100193023682,1.2005209922790527,1440000
1972-01-20,0.24414625763893127,1.1744790077209473,1.1953129768371582,1.171875,1.1953129768371582,1353600
1972-01-21,0.2479357272386551,1.1927080154418945,1.1979169845581055,1.1796879768371582,1.1796879768371582,1084800
1972-01-24,0.25118380784988403,1.2083330154418945,1.2109379768371582,1.1927080154418945,1.1927080154418945,892800
1972-01-25,0.2533492147922516,1.21875,1.21875,1.2018229961395264,1.2083330154418945,1200000
1972-01-26,0.2528076767921448,1.2161459922790527,1.2265629768371582,1.2109379768371582,1.21875,988800
1972-01-27,0.2536197900772095,1.2200520038604736,1.2239580154418945,1.2161459922790527,1.2161459922790527,604800
1972-01-28,0.2555147707462311,1.2291669845581055,1.2291669845581055,1.2109379768371582,1.2200520038604736,691200
1972-01-31,0.2593040466308594,1.2473959922790527,1.2552080154418945,1.230468988418579,1.230468988418579,1075200
1972-02-01,0.2598453164100647,1.25,1.2630209922790527,1.2434899806976318,1.2473959922790527,1468800
1972-02-02,0.26688265800476074,1.2838540077209473,1.2838540077209473,1.2552080154418945,1.2552080154418945,1622400
1972-02-03,0.26688265800476074,1.2838540077209473,1.2903649806976318,1.28125,1.2838540077209473,1209600
1972-02-04,0.26688265800476074,1.2838540077209473,1.2916669845581055,1.28125,1.2838540077209473,604800
1972-02-07,0.2630935311317444,1.265625,1.28125,1.265625,1.28125,1507200
1972-02-08,0.26525893807411194,1.2760419845581055,1.28125,1.269531011581421,1.269531011581421,518400
1972-02-09,0.2671535313129425,1.285156011581421,1.285156011581421,1.2708330154418945,1.2760419845581055,777600
1972-02-10,0.26525893807411194,1.2760419845581055,1.2916669845581055,1.2760419845581055,1.285156011581421,1008000
1972-02-11,0.2679656147956848,1.2890629768371582,1.2890629768371582,1.2760419845581055,1.2760419845581055,854400
1972-02-14,0.26904815435409546,1.2942709922790527,1.2942709922790527,1.28125,1.2890629768371582,806400
1972-02-15,0.271213561296463,1.3046879768371582,1.3072919845581055,1.2916669845581055,1.2942709922790527,1132800
1972-02-16,0.27608564496040344,1.328125,1.3307290077209473,1.3125,1.3125,1996800
1972-02-17,0.27608564496040344,1.328125,1.3385419845581055,1.3255209922790527,1.328125,931200
1972-02-18,0.27283775806427,1.3125,1.3255209922790527,1.3072919845581055,1.3255209922790527,595200
1972-02-22,0.2717549502849579,1.3072919845581055,1.3151040077209473,1.3046879768371582,1.3125,556800
1972-02-23,0.2722962200641632,1.3098959922790527,1.3125,1.3046879768371582,1.3072919845581055,624000
1972-02-24,0.2695894241333008,1.296875,1.3098959922790527,1.2916669845581055,1.3098959922790527,1036800
1972-02-25,0.27067214250564575,1.3020830154418945,1.3020830154418945,1.296875,1.296875,1257600
1972-02-28,0.26904815435409546,1.2942709922790527,1.3020830154418945,1.2942709922790527,1.3020830154418945,835200
1972-02-29,0.27040135860443115,1.300781011581421,1.300781011581421,1.2942709922790527,1.2942709922790527,710400
1972-03-01,0.2739201784133911,1.3177080154418945,1.3177080154418945,1.3046879768371582,1.3046879768371582,1286400
1972-03-02,0.27608564496040344,1.328125,1.3307290077209473,1.3190100193023682,1.3190100193023682,1545600
1972-03-03,0.2763564884662628,1.3294270038604736,1.3333330154418945,1.328125,1.328125,739200
1972-03-06,0.2787923812866211,1.3411459922790527,1.3424479961395264,1.3294270038604736,1.3294270038604736,1497600
1972-03-07,0.27933382987976074,1.34375,1.34375,1.3346350193023682,1.3411459922790527,979200
1972-03-08,0.2874540090560913,1.3828129768371582,1.3828129768371582,1.34375,1.34375,1315200
1972-03-09,0.2904312312602997,1.3971350193023682,1.3997399806976318,1.3776040077209473,1.3828129768371582,1132800
1972-03-10,0.28507745265960693,1.3671879768371582,1.3958330154418945,1.3645830154418945,1.3958330154418945,979200
1972-03-13,0.2742172181606293,1.3151040077209473,1.3463540077209473,1.3125,1.3463540077209473,2361600
1972-03-14,0.275846391916275,1.3229169845581055,1.3229169845581055,1.3125,1.3151040077209473,1728000
1972-03-15,0.2731311619281769,1.3098959922790527,1.3229169845581055,1.3098959922790527,1.3229169845581055,902400
1972-03-16,0.2720452845096588,1.3046879768371582,1.3125,1.296875,1.3098959922790527,1296000
1972-03-17,0.27150213718414307,1.3020830154418945,1.3072919845581055,1.292968988418579,1.3046879768371582,1939200
1972-03-20,0.2731311619281769,1.3098959922790527,1.3151040077209473,1.2981770038604736,1.3020830154418945,979200
1972-03-21,0.27258825302124023,1.3072919845581055,1.3098959922790527,1.2994790077209473,1.3098959922790527,787200
1972-03-22,0.27530333399772644,1.3203129768371582,1.3229169845581055,1.3046879768371582,1.3072919845581055,508800
1972-03-23,0.27801814675331116,1.3333330154418945,1.3333330154418945,1.3177080154418945,1.3203129768371582,796800
1972-03-24,0.28019019961357117,1.34375,1.34375,1.3333330154418945,1.3333330154418945,1161600
1972-03-27,0.27801814675331116,1.3333330154418945,1.34375,1.3203129768371582,1.34375,460800
1972-03-28,0.2766605615615845,1.3268229961395264,1.3333330154418945,1.3229169845581055,1.3333330154418945,1065600
1972-03-29,0.27258825302124023,1.3072919845581055,1.328125,1.3020830154418945,1.3268229961395264,768000
1972-03-30,0.273674339056015,1.3125,1.3125,1.2994790077209473,1.3072919845581055,1123200
1972-04-03,0.2731311619281769,1.3098959922790527,1.3151040077209473,1.3020830154418945,1.3125,854400
1972-04-04,0.273674339056015,1.3125,1.3138020038604736,1.3020830154418945,1.3098959922790527,883200
1972-04-05,0.2766605615615845,1.3268229961395264,1.3359379768371582,1.3255209922790527,1.3255209922790527,1276800
1972-04-06,0.27530333399772644,1.3203129768371582,1.3333330154418945,1.3203129768371582,1.3268229961395264,691200
1972-04-07,0.2796473205089569,1.3411459922790527,1.34375,1.3203129768371582,1.3203129768371582,1401600
1972-04-10,0.2812764048576355,1.3489580154418945,1.3541669845581055,1.3463540077209473,1.3463540077209473,1977600
1972-04-11,0.2829054296016693,1.3567709922790527,1.3619790077209473,1.3411459922790527,1.3489580154418945,2102400
1972-04-12,0.2834482491016388,1.359375,1.359375,1.3515629768371582,1.3567709922790527,1497600
1972-04-13,0.2883354723453522,1.3828129768371582,1.3828129768371582,1.3645830154418945,1.3645830154418945,537600
1972-04-14,0.28670626878738403,1.375,1.3854169845581055,1.3723959922790527,1.3828129768371582,1200000
1972-04-17,0.2883354723453522,1.3828129768371582,1.3828129768371582,1.371093988418579,1.375,873600
1972-04-18,0.2883354723453522,1.3828129768371582,1.3854169845581055,1.3776040077209473,1.3828129768371582,777600
1972-04-19,0.2845342457294464,1.3645830154418945,1.3828129768371582,1.3619790077209473,1.3828129768371582,902400
1972-04-20,0.2791043817996979,1.3385419845581055,1.3619790077209473,1.3333330154418945,1.3619790077209473,1468800
1972-04-21,0.27747535705566406,1.3307290077209473,1.34375,1.328125,1.3385419845581055,777600
1972-04-24,0.273674339056015,1.3125,1.3359379768371582,1.3072919845581055,1.3307290077209473,1680000
1972-04-25,0.2709592878818512,1.2994790077209473,1.3046879768371582,1.296875,1.3046879768371582,1766400
1972-04-26,0.27476024627685547,1.3177080154418945,1.3229169845581055,1.2916669845581055,1.2994790077209473,768000
1972-04-27,0.27747535705566406,1.3307290077209473,1.3333330154418945,1.3229169845581055,1.3229169845581055,576000
1972-04-28,0.2831767201423645,1.3580729961395264,1.3580729961395264,1.328125,1.3307290077209473,681600
1972-05-01,0.2823624610900879,1.3541669845581055,1.3645830154418945,1.3541669845581055,1.3580729961395264,1152000
1972-05-02,0.2769321799278259,1.328125,1.3515629768371582,1.3255209922790527,1.3515629768371582,7824000
1972-05-03,0.27801814675331116,1.3333330154418945,1.3411459922790527,1.3229169845581055,1.328125,777600
1972-05-04,0.27530333399772644,1.3203129768371582,1.3333330154418945,1.3203129768371582,1.3333330154418945,988800
1972-05-05,0.27638933062553406,1.3255209922790527,1.3255209922790527,1.3125,1.3203129768371582,796800
1972-05-08,0.273674339056015,1.3125,1.3229169845581055,1.3125,1.3229169845581055,480000
1972-05-09,0.27476024627685547,1.3177080154418945,1.3177080154418945,1.2890629768371582,1.3125,1660800
1972-05-10,0.27476024627685547,1.3177080154418945,1.328125,1.3177080154418945,1.3177080154418945,2112000
1972-05-11,0.27991870045661926,1.3424479961395264,1.34375,1.3229169845581055,1.3229169845581055,432000
1972-05-12,0.28019019961357117,1.34375,1.3489580154418945,1.3385419845581055,1.3424479961395264,1036800
1972-05-15,0.28073322772979736,1.3463540077209473,1.3502600193023682,1.3411459922790527,1.34375,758400
1972-05-16,0.28073322772979736,1.3463540077209473,1.3489580154418945,1.34375,1.3463540077209473,537600
1972-05-17,0.2796473205089569,1.3411459922790527,1.3489580154418945,1.3411459922790527,1.3463540077209473,873600
1972-05-18,0.2791043817996979,1.3385419845581055,1.34375,1.3333330154418945,1.3411459922790527,835200
1972-05-19,0.282090961933136,1.3528649806976318,1.3541669845581055,1.3359379768371582,1.3385419845581055,2246400
1972-05-22,0.28371989727020264,1.3606770038604736,1.3697919845581055,1.3606770038604736,1.3606770038604736,1440000
1972-05-23,0.2812764048576355,1.3489580154418945,1.3671879768371582,1.3463540077209473,1.3606770038604736,3052800
1972-05-24,0.2834482491016388,1.359375,1.375,1.3489580154418945,1.3489580154418945,1680000
1972-05-25,0.28589189052581787,1.371093988418579,1.371093988418579,1.359375,1.359375,921600
1972-05-26,0.2877924144268036,1.3802080154418945,1.3828129768371582,1.3697919845581055,1.371093988418579,1046400
1972-05-30,0.2888784408569336,1.3854169845581055,1.3880209922790527,1.3802080154418945,1.3802080154418945,1017600
1972-05-31,0.2886069118976593,1.3841149806976318,1.3880209922790527,1.3802080154418945,1.3854169845581055,1084800
1972-06-01,0.28724944591522217,1.3776040077209473,1.3880209922790527,1.375,1.3841149806976318,748800
1972-06-02,0.2861633598804474,1.3723959922790527,1.375,1.3697919845581055,1.375,393600
1972-06-05,0.2856203615665436,1.3697919845581055,1.375,1.3671879768371582,1.3723959922790527,662400
1972-06-06,0.2831767201423645,1.3580729961395264,1.3645830154418945,1.355468988418579,1.3645830154418945,768000
1972-06-07,0.28181952238082886,1.3515629768371582,1.3515629768371582,1.3411459922790527,1.3515629768371582,1420800
1972-06-08,0.28216809034347534,1.3489580154418945,1.3489580154418945,1.3411459922790527,1.3489580154418945,537600
1972-06-09,0.28107842803001404,1.34375,1.3463540077209473,1.3359379768371582,1.3463540077209473,748800
1972-06-12,0.278899610042572,1.3333330154418945,1.3463540077209473,1.3307290077209473,1.34375,556800
1972-06-13,0.278899610042572,1.3333330154418945,1.3385419845581055,1.332031011581421,1.3333330154418945,1507200
1972-06-14,0.28107842803001404,1.34375,1.3463540077209473,1.3333330154418945,1.3333330154418945,1862400
1972-06-15,0.28107842803001404,1.34375,1.3463540077209473,1.3385419845581055,1.34375,931200
1972-06-16,0.2827128767967224,1.3515629768371582,1.3541669845581055,1.3463540077209473,1.3463540077209473,931200
1972-06-19,0.2848914563655853,1.3619790077209473,1.3619790077209473,1.3489580154418945,1.3515629768371582,1075200
1972-06-20,0.28707054257392883,1.3723959922790527,1.375,1.3645830154418945,1.3645830154418945,1142400
1972-06-21,0.28979429602622986,1.3854169845581055,1.390625,1.3776040077209473,1.3776040077209473,2160000
1972-06-22,0.28979429602622986,1.3854169845581055,1.390625,1.3802080154418945,1.3854169845581055,451200
1972-06-23,0.2903388738632202,1.3880209922790527,1.3932290077209473,1.3815100193023682,1.3854169845581055,1776000
1972-06-26,0.2903388738632202,1.3880209922790527,1.3880209922790527,1.3815100193023682,1.3880209922790527,931200
1972-06-27,0.28979429602622986,1.3854169845581055,1.390625,1.3854169845581055,1.3880209922790527,739200
1972-06-28,0.28979429602622986,1.3854169845581055,1.3854169845581055,1.3802080154418945,1.3854169845581055,585600
1972-06-29,0.28979429602622986,1.3854169845581055,1.3880209922790527,1.3802080154418945,1.3854169845581055,633600
1972-06-30,0.2908835709095001,1.390625,1.390625,1.3854169845581055,1.3854169845581055,1056000
1972-07-03,0.29142826795578003,1.3932290077209473,1.3932290077209473,1.3893229961395264,1.390625,326400
1972-07-05,0.29442429542541504,1.4075520038604736,1.4075520038604736,1.3958330154418945,1.3958330154418945,950400
1972-07-06,0.2995993494987488,1.4322919845581055,1.4401040077209473,1.4270830154418945,1.4270830154418945,1977600
1972-07-07,0.29742035269737244,1.421875,1.4375,1.4140629768371582,1.4322919845581055,720000
1972-07-10,0.2968756854534149,1.4192709922790527,1.421875,1.4088540077209473,1.421875,422400
1972-07-11,0.2957861125469208,1.4140629768371582,1.4244790077209473,1.4140629768371582,1.4192709922790527,3436800
1972-07-12,0.29524126648902893,1.4114580154418945,1.421875,1.4114580154418945,1.4140629768371582,672000
1972-07-13,0.2946966886520386,1.4088540077209473,1.4192709922790527,1.3971350193023682,1.4114580154418945,1104000
1972-07-14,0.29524126648902893,1.4114580154418945,1.4244790077209473,1.4088540077209473,1.4088540077209473,2265600
1972-07-17,0.2966032028198242,1.417968988418579,1.4192709922790527,1.4114580154418945,1.4114580154418945,384000
1972-07-18,0.29742035269737244,1.421875,1.421875,1.4114580154418945,1.417968988418579,595200
1972-07-19,0.2946966886520386,1.4088540077209473,1.421875,1.4088540077209473,1.421875,595200
1972-07-20,0.2963308095932007,1.4166669845581055,1.4166669845581055,1.4088540077209473,1.4088540077209473,585600
1972-07-21,0.29905474185943604,1.4296879768371582,1.4296879768371582,1.4192709922790527,1.4192709922790527,1142400
1972-07-24,0.30286771059036255,1.4479169845581055,1.4479169845581055,1.4270830154418945,1.4296879768371582,1113600
1972-07-25,0.3061361312866211,1.4635419845581055,1.4661459922790527,1.441406011581421,1.4479169845581055,1574400
1972-07-26,0.3066806197166443,1.4661459922790527,1.46875,1.4583330154418945,1.4635419845581055,1440000
1972-07-27,0.31648585200309753,1.5130209922790527,1.519531011581421,1.484375,1.484375,1593600
1972-07-28,0.3126727044582367,1.4947919845581055,1.5052080154418945,1.4895830154418945,1.5052080154418945,1190400
1972-07-31,0.309404194355011,1.4791669845581055,1.4921879768371582,1.4765629768371582,1.4921879768371582,326400
1972-08-01,0.3202987611293793,1.53125,1.53125,1.5026040077209473,1.5026040077209473,2217600
1972-08-02,0.3175753057003021,1.5182290077209473,1.53125,1.515625,1.53125,1190400
1972-08-03,0.3143067955970764,1.5026040077209473,1.5208330154418945,1.5026040077209473,1.5182290077209473,576000
1972-08-04,0.30885955691337585,1.4765629768371582,1.5052080154418945,1.4739580154418945,1.5026040077209473,1017600
1972-08-07,0.30885955691337585,1.4765629768371582,1.4791669845581055,1.46875,1.4765629768371582,4502400
1972-08-08,0.3099488914012909,1.4817709922790527,1.484375,1.4739580154418945,1.4765629768371582,979200
1972-08-09,0.311583012342453,1.4895830154418945,1.4895830154418945,1.4830729961395264,1.4830729961395264,604800
1972-08-10,0.3153964877128601,1.5078129768371582,1.5078129768371582,1.484375,1.4895830154418945,633600
1972-08-11,0.31703048944473267,1.515625,1.515625,1.5,1.5078129768371582,1257600
1972-08-14,0.316213458776474,1.511718988418579,1.5169270038604736,1.511718988418579,1.515625,528000
1972-08-15,0.3137620687484741,1.5,1.5104169845581055,1.4921879768371582,1.5104169845581055,1056000
1972-08-16,0.31648585200309753,1.5130209922790527,1.5130209922790527,1.4921879768371582,1.5,777600
1972-08-17,0.3153964877128601,1.5078129768371582,1.5130209922790527,1.5,1.5130209922790527,1324800
1972-08-18,0.31703048944473267,1.515625,1.5182290077209473,1.5078129768371582,1.5078129768371582,700800
1972-08-21,0.31594085693359375,1.5104169845581055,1.5234379768371582,1.5104169845581055,1.515625,508800
1972-08-22,0.31648585200309753,1.5130209922790527,1.5130209922790527,1.5104169845581055,1.5104169845581055,432000
1972-08-23,0.31594085693359375,1.5104169845581055,1.515625,1.5078129768371582,1.5130209922790527,768000
1972-08-24,0.3137620687484741,1.5,1.5104169845581055,1.4973959922790527,1.5104169845581055,643200
1972-08-25,0.30450162291526794,1.4557290077209473,1.4791669845581055,1.4348959922790527,1.4791669845581055,1814400
1972-08-28,0.30341213941574097,1.4505209922790527,1.4583330154418945,1.4453129768371582,1.4557290077209473,336000
1972-08-29,0.3072252869606018,1.46875,1.46875,1.4479169845581055,1.4505209922790527,432000
1972-08-30,0.3077699542045593,1.4713540077209473,1.4713540077209473,1.4635419845581055,1.46875,508800
1972-08-31,0.3077699542045593,1.4713540077209473,1.4713540077209473,1.4635419845581055,1.4713540077209473,547200
1972-09-01,0.30885955691337585,1.4765629768371582,1.4765629768371582,1.4713540077209473,1.4713540077209473,854400
1972-09-05,0.3072252869606018,1.46875,1.4752600193023682,1.4635419845581055,1.4752600193023682,1315200
1972-09-06,0.3053187131881714,1.4596350193023682,1.4661459922790527,1.4596350193023682,1.4661459922790527,422400
1972-09-07,0.30450162291526794,1.4557290077209473,1.4622399806976318,1.453125,1.4596350193023682,624000
1972-09-08,0.30211982131004333,1.4401040077209473,1.4518229961395264,1.4401040077209473,1.4518229961395264,326400
1972-09-11,0.2999345660209656,1.4296879768371582,1.4453129768371582,1.4296879768371582,1.4401040077209473,729600
1972-09-12,0.29392489790916443,1.4010419845581055,1.4270830154418945,1.3932290077209473,1.4270830154418945,1459200
1972-09-13,0.29501765966415405,1.40625,1.40625,1.3984379768371582,1.4010419845581055,748800
1972-09-14,0.29474425315856934,1.4049479961395264,1.4088540077209473,1.402343988418579,1.40625,681600
1972-09-15,0.29173949360847473,1.390625,1.4036459922790527,1.3880209922790527,1.4036459922790527,892800
1972-09-18,0.28791528940200806,1.3723959922790527,1.390625,1.371093988418579,1.390625,1104000
1972-09-19,0.2895541787147522,1.3802080154418945,1.3841149806976318,1.371093988418579,1.3723959922790527,2044800
1972-09-20,0.290100634098053,1.3828129768371582,1.3880209922790527,1.3776040077209473,1.3802080154418945,1171200
1972-09-21,0.2928321361541748,1.3958330154418945,1.3958330154418945,1.3854169845581055,1.3854169845581055,1257600
1972-09-22,0.296110063791275,1.4114580154418945,1.4114580154418945,1.3984379768371582,1.3984379768371582,1420800
1972-09-25,0.29392489790916443,1.4010419845581055,1.4140629768371582,1.4010419845581055,1.4114580154418945,268800
1972-09-26,0.29774922132492065,1.4192709922790527,1.4270830154418945,1.4036459922790527,1.4036459922790527,1075200
1972-09-27,0.30266594886779785,1.4427080154418945,1.4427080154418945,1.4244790077209473,1.4244790077209473,595200
1972-09-28,0.3070369064807892,1.4635419845581055,1.4635419845581055,1.4427080154418945,1.4427080154418945,1027200
1972-09-29,0.3081292510032654,1.46875,1.4934899806976318,1.4661459922790527,1.4661459922790527,1440000
1972-10-02,0.30403202772140503,1.449218988418579,1.4557290077209473,1.4479169845581055,1.4557290077209473,748800
1972-10-03,0.3053976595401764,1.4557290077209473,1.457031011581421,1.4479169845581055,1.449218988418579,364800
1972-10-04,0.3037588596343994,1.4479169845581055,1.4583330154418945,1.4479169845581055,1.4557290077209473,700800
1972-10-05,0.2988417446613312,1.4244790077209473,1.4427080154418945,1.4192709922790527,1.4427080154418945,1094400
1972-10-06,0.30266594886779785,1.4427080154418945,1.453125,1.4192709922790527,1.4244790077209473,614400
1972-10-09,0.30430498719215393,1.4505209922790527,1.453125,1.4427080154418945,1.4427080154418945,528000
1972-10-10,0.3081292510032654,1.46875,1.472656011581421,1.4557290077209473,1.4557290077209473,1094400
1972-10-11,0.30649062991142273,1.4609379768371582,1.4765629768371582,1.4583330154418945,1.46875,748800
1972-10-12,0.3004809021949768,1.4322919845581055,1.4596350193023682,1.4296879768371582,1.4596350193023682,825600
1972-10-13,0.29829567670822144,1.421875,1.4375,1.421875,1.4322919845581055,624000
1972-10-16,0.29692959785461426,1.4153649806976318,1.4296879768371582,1.40625,1.421875,1478400
1972-10-17,0.296110063791275,1.4114580154418945,1.4192709922790527,1.4088540077209473,1.4153649806976318,931200
1972-10-18,0.29720285534858704,1.4166669845581055,1.4192709922790527,1.4088540077209473,1.4114580154418945,1094400
1972-10-19,0.29720285534858704,1.4166669845581055,1.4166669845581055,1.4114580154418945,1.4166669845581055,480000
1972-10-20,0.3015735447406769,1.4375,1.4375,1.4114580154418945,1.4166669845581055,768000
1972-10-23,0.3075829744338989,1.4661459922790527,1.4661459922790527,1.4583330154418945,1.4583330154418945,1094400
1972-10-24,0.31031468510627747,1.4791669845581055,1.4791669845581055,1.4583330154418945,1.4661459922790527,1344000
1972-10-25,0.30976834893226624,1.4765629768371582,1.4895830154418945,1.4739580154418945,1.4791669845581055,912000
1972-10-26,0.3114072382450104,1.484375,1.4947919845581055,1.4817709922790527,1.4817709922790527,1084800
1972-10-27,0.31249988079071045,1.4895830154418945,1.4895830154418945,1.4817709922790527,1.484375,537600
1972-10-30,0.31523165106773376,1.5026040077209473,1.5026040077209473,1.4895830154418945,1.4895830154418945,633600
1972-10-31,0.3141390383243561,1.4973959922790527,1.5,1.4921879768371582,1.5,825600
1972-11-01,0.3130466341972351,1.4921879768371582,1.5,1.4895830154418945,1.4973959922790527,1084800
1972-11-02,0.3081292510032654,1.46875,1.4921879768371582,1.4661459922790527,1.4921879768371582,1833600
1972-11-03,0.31249988079071045,1.4895830154418945,1.4921879768371582,1.4661459922790527,1.46875,1996800
1972-11-06,0.31359273195266724,1.4947919845581055,1.5,1.4895830154418945,1.4895830154418945,883200
1972-11-08,0.30976834893226624,1.4765629768371582,1.503906011581421,1.4765629768371582,1.4947919845581055,1027200
1972-11-09,0.3081292510032654,1.46875,1.4713540077209473,1.4505209922790527,1.4713540077209473,1670400
1972-11-10,0.3081292510032654,1.46875,1.4765629768371582,1.4661459922790527,1.46875,2131200
1972-11-13,0.30649062991142273,1.4609379768371582,1.46875,1.4557290077209473,1.46875,1545600
1972-11-14,0.31031468510627747,1.4791669845581055,1.4791669845581055,1.4609379768371582,1.4609379768371582,902400
1972-11-15,0.3127731382846832,1.4908850193023682,1.4934899806976318,1.4791669845581055,1.4791669845581055,1017600
1972-11-16,0.3141390383243561,1.4973959922790527,1.4973959922790527,1.4791669845581055,1.4908850193023682,1209600
1972-11-17,0.31359273195266724,1.4947919845581055,1.4973959922790527,1.484375,1.4973959922790527,2419200
1972-11-20,0.31359273195266724,1.4947919845581055,1.4986979961395264,1.4869790077209473,1.4947919845581055,816000
1972-11-21,0.3146853744983673,1.5,1.5052080154418945,1.4973959922790527,1.4973959922790527,1612800
1972-11-22,0.31359273195266724,1.4947919845581055,1.5,1.4895830154418945,1.5,1075200
1972-11-24,0.3146853744983673,1.5,1.5026040077209473,1.4921879768371582,1.4947919845581055,1171200
1972-11-27,0.31284448504447937,1.4869790077209473,1.4921879768371582,1.4791669845581055,1.4921879768371582,2908800
1972-11-28,0.3150360584259033,1.4973959922790527,1.4973959922790527,1.4817709922790527,1.4869790077209473,873600
1972-11-29,0.31448817253112793,1.4947919845581055,1.5078129768371582,1.4947919845581055,1.4973959922790527,1171200
1972-11-30,0.31229642033576965,1.484375,1.4947919845581055,1.4817709922790527,1.4947919845581055,777600
1972-12-01,0.31284448504447937,1.4869790077209473,1.4921879768371582,1.484375,1.484375,1612800
1972-12-04,0.31777524948120117,1.5104169845581055,1.5104169845581055,1.484375,1.4869790077209473,1824000
1972-12-05,0.3199669122695923,1.5208330154418945,1.5208330154418945,1.5065100193023682,1.5104169845581055,1113600
1972-12-06,0.3199669122695923,1.5208330154418945,1.5208330154418945,1.5104169845581055,1.5208330154418945,1315200
1972-12-07,0.3227063715457916,1.5338540077209473,1.5338540077209473,1.5234379768371582,1.5234379768371582,499200
1972-12-08,0.322158545255661,1.53125,1.5442709922790527,1.53125,1.5338540077209473,758400
1972-12-11,0.32161083817481995,1.5286459922790527,1.5325520038604736,1.5221350193023682,1.53125,2611200
1972-12-12,0.3265414834022522,1.5520830154418945,1.5546879768371582,1.527343988418579,1.5286459922790527,3004800
1972-12-13,0.3265414834022522,1.5520830154418945,1.5546879768371582,1.5416669845581055,1.5520830154418945,940800
1972-12-14,0.32599371671676636,1.5494790077209473,1.5546879768371582,1.546875,1.5520830154418945,547200
1972-12-15,0.32435014843940735,1.5416669845581055,1.5520830154418945,1.5416669845581055,1.5494790077209473,1872000
1972-12-18,0.3232544958591461,1.5364580154418945,1.5442709922790527,1.5286459922790527,1.5416669845581055,1718400
1972-12-19,0.32051515579223633,1.5234379768371582,1.5416669845581055,1.5234379768371582,1.5364580154418945,1555200
1972-12-20,0.3172277510166168,1.5078129768371582,1.5130209922790527,1.5026040077209473,1.5130209922790527,1440000
1972-12-21,0.3161317706108093,1.5026040077209473,1.5078129768371582,1.5026040077209473,1.5078129768371582,1094400
1972-12-22,0.31941932439804077,1.5182290077209473,1.5182290077209473,1.5026040077209473,1.5026040077209473,480000
1972-12-26,0.3183235228061676,1.5130209922790527,1.519531011581421,1.5104169845581055,1.5182290077209473,2812800
1972-12-27,0.32051515579223633,1.5234379768371582,1.5234379768371582,1.5104169845581055,1.5130209922790527,1075200
1972-12-29,0.3254459500312805,1.546875,1.5598959922790527,1.5416669845581055,1.5416669845581055,1756800
1973-01-02,0.3213368058204651,1.527343988418579,1.5455729961395264,1.5221350193023682,1.5455729961395264,1008000
1973-01-03,0.3248980641365051,1.5442709922790527,1.5442709922790527,1.5234379768371582,1.527343988418579,1526400
1973-01-04,0.32763734459877014,1.5572919845581055,1.5572919845581055,1.5364580154418945,1.5442709922790527,1238400
1973-01-05,0.32599371671676636,1.5494790077209473,1.5598959922790527,1.5442709922790527,1.5572919845581055,2064000
1973-01-08,0.32435014843940735,1.5416669845581055,1.546875,1.5338540077209473,1.546875,2428800
1973-01-09,0.3248980641365051,1.5442709922790527,1.5442709922790527,1.5364580154418945,1.5416669845581055,950400
1973-01-10,0.3183235228061676,1.5130209922790527,1.542968988418579,1.5130209922790527,1.542968988418579,873600
1973-01-11,0.32435014843940735,1.5416669845581055,1.5416669845581055,1.515625,1.515625,2169600
1973-01-12,0.3213368058204651,1.527343988418579,1.5455729961395264,1.5234379768371582,1.5416669845581055,1555200
1973-01-15,0.31777524948120117,1.5104169845581055,1.5286459922790527,1.5104169845581055,1.527343988418579,1545600
1973-01-16,0.3183235228061676,1.5130209922790527,1.5130209922790527,1.5065100193023682,1.5104169845581055,912000
1973-01-17,0.3210628628730774,1.5260419845581055,1.5260419845581055,1.5078129768371582,1.5130209922790527,3484800
1973-01-18,0.32161083817481995,1.5286459922790527,1.5390629768371582,1.5286459922790527,1.5286459922790527,1104000
1973-01-19,0.31777524948120117,1.5104169845581055,1.5182290077209473,1.5052080154418945,1.5182290077209473,1363200
1973-01-22,0.3199669122695923,1.5208330154418945,1.5286459922790527,1.5104169845581055,1.5104169845581055,1555200
1973-01-23,0.32161083817481995,1.5286459922790527,1.5364580154418945,1.519531011581421,1.5208330154418945,2601600
1973-01-24,0.3210628628730774,1.5260419845581055,1.535156011581421,1.5208330154418945,1.5286459922790527,969600
1973-01-26,0.316679447889328,1.5052080154418945,1.5260419845581055,1.5,1.5260419845581055,1372800
1973-01-29,0.3150360584259033,1.4973959922790527,1.5078129768371582,1.4947919845581055,1.5052080154418945,6000000
1973-01-30,0.31777524948120117,1.5104169845581055,1.5260419845581055,1.5,1.5,1459200
1973-01-31,0.31941932439804077,1.5182290077209473,1.53125,1.5130209922790527,1.5130209922790527,1142400
1973-02-01,0.31448817253112793,1.4947919845581055,1.515625,1.4908850193023682,1.515625,1200000
1973-02-02,0.31448817253112793,1.4947919845581055,1.4973959922790527,1.4791669845581055,1.4947919845581055,3110400
1973-02-05,0.3150360584259033,1.4973959922790527,1.5104169845581055,1.4973959922790527,1.4973959922790527,2236800
1973-02-06,0.314214289188385,1.4934899806976318,1.5026040077209473,1.4934899806976318,1.4973959922790527,614400
1973-02-07,0.31394052505493164,1.4921879768371582,1.5,1.4921879768371582,1.4934899806976318,1209600
1973-02-08,0.314214289188385,1.4934899806976318,1.496093988418579,1.4869790077209473,1.4921879768371582,1334400
1973-02-09,0.3161317706108093,1.5026040077209473,1.5026040077209473,1.4921879768371582,1.4934899806976318,940800
1973-02-12,0.322158545255661,1.53125,1.5364580154418945,1.5052080154418945,1.5052080154418945,1574400
1973-02-13,0.322158545255661,1.53125,1.546875,1.53125,1.53125,11836800
1973-02-14,0.32051515579223633,1.5234379768371582,1.5364580154418945,1.5208330154418945,1.53125,748800
1973-02-15,0.31777524948120117,1.5104169845581055,1.5234379768371582,1.5104169845581055,1.5234379768371582,528000
1973-02-16,0.3172277510166168,1.5078129768371582,1.5130209922790527,1.5052080154418945,1.5104169845581055,614400
1973-02-20,0.31804952025413513,1.511718988418579,1.5182290077209473,1.5052080154418945,1.5078129768371582,1075200
1973-02-21,0.31448817253112793,1.4947919845581055,1.5104169845581055,1.4947919845581055,1.5104169845581055,940800
1973-02-22,0.3133922219276428,1.4895830154418945,1.4947919845581055,1.484375,1.4947919845581055,1228800
1973-02-23,0.3133922219276428,1.4895830154418945,1.5026040077209473,1.4869790077209473,1.4895830154418945,1728000
1973-02-26,0.3079136610031128,1.4635419845581055,1.4713540077209473,1.4583330154418945,1.4713540077209473,2227200
1973-02-27,0.3010648488998413,1.4309899806976318,1.4661459922790527,1.4283850193023682,1.4635419845581055,1046400
1973-02-28,0.3073658049106598,1.4609379768371582,1.4609379768371582,1.4114580154418945,1.4309899806976318,4492800
1973-03-01,0.30626967549324036,1.4557290077209473,1.4791669845581055,1.4544270038604736,1.4609379768371582,1670400
1973-03-02,0.3133922219276428,1.4895830154418945,1.4895830154418945,1.4388020038604736,1.4557290077209473,1267200
1973-03-05,0.31777524948120117,1.5104169845581055,1.515625,1.4908850193023682,1.4908850193023682,1929600
1973-03-06,0.32380229234695435,1.5390629768371582,1.5390629768371582,1.5234379768371582,1.5234379768371582,1363200
1973-03-07,0.3265414834022522,1.5520830154418945,1.5520830154418945,1.5338540077209473,1.5390629768371582,1113600
1973-03-08,0.32681554555892944,1.5533850193023682,1.5625,1.546875,1.5520830154418945,2188800
1973-03-09,0.3248980641365051,1.5442709922790527,1.5559899806976318,1.5364580154418945,1.5533850193023682,787200
1973-03-12,0.32418370246887207,1.5364580154418945,1.546875,1.53125,1.5442709922790527,1324800
1973-03-13,0.3261069357395172,1.5455729961395264,1.546875,1.53125,1.5364580154418945,748800
1973-03-14,0.3285793662071228,1.5572919845581055,1.5572919845581055,1.5403649806976318,1.5455729961395264,1161600
1973-03-15,0.3258320391178131,1.5442709922790527,1.5572919845581055,1.5390629768371582,1.5572919845581055,1305600
1973-03-16,0.3225354254245758,1.5286459922790527,1.5390629768371582,1.5104169845581055,1.5390629768371582,1660800
1973-03-19,0.3197880983352661,1.515625,1.5234379768371582,1.5078129768371582,1.5234379768371582,1459200
1973-03-20,0.32033759355545044,1.5182290077209473,1.5260419845581055,1.5104169845581055,1.515625,1142400
1973-03-21,0.3159416615962982,1.4973959922790527,1.5260419845581055,1.4947919845581055,1.5182290077209473,1977600
1973-03-22,0.30934810638427734,1.4661459922790527,1.4921879768371582,1.4609379768371582,1.4921879768371582,1852800
1973-03-23,0.307150274515152,1.4557290077209473,1.4895830154418945,1.4296879768371582,1.4661459922790527,2380800
1973-03-26,0.3044028580188751,1.4427080154418945,1.4583330154418945,1.4322919845581055,1.4557290077209473,2390400
1973-03-27,0.30660074949264526,1.453125,1.4583330154418945,1.4427080154418945,1.4427080154418945,1756800
1973-03-28,0.30769994854927063,1.4583330154418945,1.4583330154418945,1.4453129768371582,1.453125,1315200
1973-03-29,0.30550193786621094,1.4479169845581055,1.4583330154418945,1.4479169845581055,1.4583330154418945,1286400
1973-03-30,0.307150274515152,1.4557290077209473,1.4557290077209473,1.4453129768371582,1.4479169845581055,1401600
1973-04-02,0.3044028580188751,1.4427080154418945,1.4505209922790527,1.4427080154418945,1.4505209922790527,883200
1973-04-03,0.3011060059070587,1.4270830154418945,1.4375,1.4192709922790527,1.4375,1382400
1973-04-04,0.30220526456832886,1.4322919845581055,1.4375,1.4114580154418945,1.4270830154418945,1372800
1973-04-05,0.30220526456832886,1.4322919845581055,1.4375,1.4270830154418945,1.4322919845581055,1190400
1973-04-06,0.307150274515152,1.4557290077209473,1.4583330154418945,1.4348959922790527,1.4348959922790527,1315200
1973-04-09,0.3126450181007385,1.4817709922790527,1.4817709922790527,1.4557290077209473,1.4557290077209473,739200
1973-04-10,0.31539222598075867,1.4947919845581055,1.5,1.4869790077209473,1.4869790077209473,2515200
1973-04-11,0.31456807255744934,1.4908850193023682,1.4973959922790527,1.4869790077209473,1.4947919845581055,787200
1973-04-12,0.3181397020816803,1.5078129768371582,1.5078129768371582,1.4973959922790527,1.4973959922790527,1852800
1973-04-13,0.3186889588832855,1.5104169845581055,1.5104169845581055,1.5,1.5078129768371582,1027200
1973-04-16,0.3148431181907654,1.4921879768371582,1.5052080154418945,1.4921879768371582,1.5052080154418945,806400
1973-04-17,0.31511759757995605,1.4934899806976318,1.5026040077209473,1.4895830154418945,1.4921879768371582,700800
1973-04-18,0.31539222598075867,1.4947919845581055,1.4947919845581055,1.4869790077209473,1.4934899806976318,566400
1973-04-19,0.31649133563041687,1.5,1.5026040077209473,1.4947919845581055,1.4947919845581055,921600
1973-04-23,0.3137438893318176,1.4869790077209473,1.5026040077209473,1.4869790077209473,1.5,2121600
1973-04-24,0.29973265528678894,1.4205729961395264,1.4713540077209473,1.4205729961395264,1.4713540077209473,1987200
1973-04-25,0.2972601354122162,1.4088540077209473,1.4192709922790527,1.40625,1.4192709922790527,1852800
1973-04-26,0.30550193786621094,1.4479169845581055,1.4479169845581055,1.402343988418579,1.4088540077209473,1862400
1973-04-27,0.30550193786621094,1.4479169845581055,1.4544270038604736,1.4440100193023682,1.4479169845581055,892800
1973-04-30,0.3033042252063751,1.4375,1.4440100193023682,1.4296879768371582,1.4440100193023682,1516800
1973-05-01,0.2994580864906311,1.4192709922790527,1.4322919845581055,1.4192709922790527,1.4322919845581055,1209600
1973-05-02,0.30000734329223633,1.421875,1.4296879768371582,1.4192709922790527,1.4192709922790527,1680000
1973-05-03,0.30220526456832886,1.4322919845581055,1.4348959922790527,1.4166669845581055,1.421875,2304000
1973-05-04,0.30275478959083557,1.4348959922790527,1.4466149806976318,1.4270830154418945,1.4322919845581055,5020800
1973-05-07,0.2967105209827423,1.40625,1.425781011581421,1.402343988418579,1.425781011581421,1065600
1973-05-08,0.30000734329223633,1.421875,1.421875,1.4075520038604736,1.4075520038604736,2496000
1973-05-09,0.2989083528518677,1.4166669845581055,1.4296879768371582,1.4166669845581055,1.421875,1756800
1973-05-10,0.2983589172363281,1.4140629768371582,1.4270830154418945,1.40625,1.4166669845581055,2006400
1973-05-11,0.2961609661579132,1.4036459922790527,1.4140629768371582,1.3958330154418945,1.4140629768371582,1804800
1973-05-14,0.2906664311885834,1.3776040077209473,1.390625,1.3658850193023682,1.390625,3062400
1973-05-15,0.29451265931129456,1.3958330154418945,1.3958330154418945,1.3658850193023682,1.3776040077209473,2294400
1973-05-16,0.29533687233924866,1.3997399806976318,1.4036459922790527,1.3932290077209473,1.3958330154418945,844800
1973-05-17,0.2925894260406494,1.386718988418579,1.4088540077209473,1.3854169845581055,1.3997399806976318,1555200
1973-05-18,0.29313910007476807,1.3893229961395264,1.390625,1.375,1.386718988418579,1670400
1973-05-21,0.2901168465614319,1.375,1.3828129768371582,1.3645830154418945,1.3828129768371582,1872000
1973-05-22,0.29451265931129456,1.3958330154418945,1.3958330154418945,1.3723959922790527,1.375,1632000
1973-05-23,0.2967105209827423,1.40625,1.4114580154418945,1.3854169845581055,1.3958330154418945,883200
1973-05-24,0.307150274515152,1.4557290077209473,1.4583330154418945,1.40625,1.40625,3302400
1973-05-25,0.30989739298820496,1.46875,1.4739580154418945,1.453125,1.4557290077209473,2649600
1973-05-29,0.31209540367126465,1.4791669845581055,1.4791669845581055,1.4609379768371582,1.46875,2390400
1973-05-30,0.3137438893318176,1.4869790077209473,1.4895830154418945,1.4700520038604736,1.4791669845581055,3014400
1973-05-31,0.30934810638427734,1.4661459922790527,1.4817709922790527,1.4661459922790527,1.4817709922790527,2044800
1973-06-01,0.3005566895008087,1.4244790077209473,1.4635419845581055,1.4244790077209473,1.4635419845581055,873600
1973-06-04,0.2983589172363281,1.4140629768371582,1.4192709922790527,1.4036459922790527,1.4192709922790527,1142400
1973-06-05,0.3033042252063751,1.4375,1.4401040077209473,1.4114580154418945,1.4140629768371582,1027200
1973-06-06,0.306875616312027,1.4544270038604736,1.46875,1.4505209922790527,1.4505209922790527,1497600
1973-06-07,0.3115459084510803,1.4765629768371582,1.484375,1.4544270038604736,1.4544270038604736,1852800
1973-06-08,0.3146872818470001,1.4869790077209473,1.4921879768371582,1.4791669845581055,1.4791669845581055,2102400
1973-06-11,0.31193187832832336,1.4739580154418945,1.4947919845581055,1.4739580154418945,1.4869790077209473,1795200
1973-06-12,0.31523841619491577,1.4895830154418945,1.4921879768371582,1.4765629768371582,1.4765629768371582,864000
1973-06-13,0.3196474611759186,1.5104169845581055,1.5143229961395264,1.4947919845581055,1.4947919845581055,2016000
1973-06-14,0.32212749123573303,1.5221350193023682,1.5286459922790527,1.5052080154418945,1.5104169845581055,1737600
1973-06-15,0.3196474611759186,1.5104169845581055,1.5130209922790527,1.4947919845581055,1.5130209922790527,1440000
1973-06-18,0.31523841619491577,1.4895830154418945,1.5052080154418945,1.484375,1.5052080154418945,1027200
1973-06-19,0.3108294606208801,1.46875,1.4895830154418945,1.4231770038604736,1.4895830154418945,2102400
1973-06-20,0.31413620710372925,1.484375,1.4856770038604736,1.472656011581421,1.472656011581421,844800
1973-06-21,0.3108294606208801,1.46875,1.488281011581421,1.46875,1.484375,508800
1973-06-22,0.3124829828739166,1.4765629768371582,1.488281011581421,1.46875,1.46875,864000
1973-06-25,0.30531826615333557,1.4427080154418945,1.4713540077209473,1.4427080154418945,1.4713540077209473,1104000
1973-06-26,0.3083493411540985,1.457031011581421,1.4583330154418945,1.4427080154418945,1.4427080154418945,729600
1973-06-27,0.31413620710372925,1.484375,1.484375,1.4609379768371582,1.4609379768371582,1785600
1973-06-28,0.3130340278148651,1.4791669845581055,1.4895830154418945,1.4791669845581055,1.484375,1689600
1973-06-29,0.3155139982700348,1.4908850193023682,1.4947919845581055,1.4752600193023682,1.4791669845581055,816000
1973-07-02,0.31220728158950806,1.4752600193023682,1.4830729961395264,1.4752600193023682,1.4830729961395264,844800
1973-07-03,0.3077983260154724,1.4544270038604736,1.4830729961395264,1.4544270038604736,1.4752600193023682,1296000
1973-07-05,0.3044916093349457,1.4388020038604736,1.4505209922790527,1.4375,1.4505209922790527,1689600
1973-07-06,0.3042162358760834,1.4375,1.4440100193023682,1.425781011581421,1.4388020038604736,2208000
1973-07-09,0.3097275495529175,1.4635419845581055,1.46875,1.4296879768371582,1.4375,2313600
1973-07-10,0.31165629625320435,1.472656011581421,1.4791669845581055,1.4622399806976318,1.4635419845581055,777600
1973-07-11,0.31799396872520447,1.5026040077209473,1.5208330154418945,1.488281011581421,1.488281011581421,1900800
1973-07-12,0.31523841619491577,1.4895830154418945,1.5078129768371582,1.4856770038604736,1.5026040077209473,921600
1973-07-13,0.3146872818470001,1.4869790077209473,1.4908850193023682,1.4817709922790527,1.4895830154418945,566400
1973-07-16,0.32047411799430847,1.5143229961395264,1.5143229961395264,1.480468988418579,1.4869790077209473,1027200
1973-07-17,0.31661632657051086,1.496093988418579,1.5208330154418945,1.496093988418579,1.5143229961395264,1276800
1973-07-18,0.3127587139606476,1.4778649806976318,1.4921879768371582,1.464843988418579,1.4921879768371582,1478400
1973-07-19,0.31606525182724,1.4934899806976318,1.5,1.4700520038604736,1.4778649806976318,1833600
1973-07-20,0.31661632657051086,1.496093988418579,1.4973959922790527,1.4869790077209473,1.4934899806976318,844800
1973-07-23,0.31523841619491577,1.4895830154418945,1.5,1.4895830154418945,1.496093988418579,1286400
1973-07-24,0.3155139982700348,1.4908850193023682,1.4947919845581055,1.4817709922790527,1.4895830154418945,1065600
1973-07-25,0.31689178943634033,1.4973959922790527,1.5091149806976318,1.4895830154418945,1.4908850193023682,1363200
1973-07-26,0.31799396872520447,1.5026040077209473,1.5065100193023682,1.4895830154418945,1.4973959922790527,969600
1973-07-27,0.31606525182724,1.4934899806976318,1.5026040077209473,1.4895830154418945,1.5026040077209473,979200
1973-07-30,0.3193720281124115,1.5091149806976318,1.5091149806976318,1.4895830154418945,1.4934899806976318,499200
1973-07-31,0.31744295358657837,1.5,1.5143229961395264,1.5,1.5091149806976318,1881600
1973-08-01,0.31413620710372925,1.484375,1.4921879768371582,1.4791669845581055,1.4921879768371582,700800
1973-08-02,0.31799396872520447,1.5026040077209473,1.503906011581421,1.4817709922790527,1.484375,643200
1973-08-03,0.3157898783683777,1.4921879768371582,1.5078129768371582,1.4895830154418945,1.5026040077209473,921600
1973-08-06,0.31882065534591675,1.5065100193023682,1.5091149806976318,1.4869790077209473,1.4921879768371582,768000
1973-08-07,0.31992295384407043,1.511718988418579,1.515625,1.5091149806976318,1.5091149806976318,1046400
1973-08-08,0.31716716289520264,1.4986979961395264,1.5104169845581055,1.4921879768371582,1.5104169845581055,758400
1973-08-09,0.31689178943634033,1.4973959922790527,1.5052080154418945,1.4869790077209473,1.4986979961395264,940800
1973-08-10,0.31689178943634033,1.4973959922790527,1.5013020038604736,1.4947919845581055,1.4973959922790527,700800
1973-08-13,0.31165629625320435,1.472656011581421,1.4947919845581055,1.4609379768371582,1.4947919845581055,1180800
1973-08-14,0.3108294606208801,1.46875,1.4869790077209473,1.46875,1.472656011581421,662400
1973-08-15,0.3130340278148651,1.4791669845581055,1.4791669845581055,1.453125,1.46875,1190400
1973-08-16,0.31110498309135437,1.4700520038604736,1.4817709922790527,1.4700520038604736,1.4791669845581055,1113600
1973-08-17,0.3089005947113037,1.4596350193023682,1.4700520038604736,1.4596350193023682,1.4700520038604736,633600
1973-08-20,0.3080739974975586,1.4557290077209473,1.4596350193023682,1.4427080154418945,1.4596350193023682,873600
1973-08-21,0.3086250126361847,1.4583330154418945,1.4635419845581055,1.453125,1.4557290077209473,537600
1973-08-22,0.3083493411540985,1.457031011581421,1.4622399806976318,1.4479169845581055,1.4583330154418945,748800
1973-08-23,0.3127587139606476,1.4778649806976318,1.4791669845581055,1.4609379768371582,1.4609379768371582,1219200
1973-08-24,0.30917659401893616,1.4609379768371582,1.4791669845581055,1.4609379768371582,1.4778649806976318,508800
1973-08-27,0.31358516216278076,1.4817709922790527,1.484375,1.4583330154418945,1.4609379768371582,595200
1973-08-28,0.3196474611759186,1.5104169845581055,1.5104169845581055,1.4895830154418945,1.4895830154418945,2505600
1973-08-29,0.31744295358657837,1.5,1.5078129768371582,1.5,1.5078129768371582,672000
1973-08-30,0.31358516216278076,1.4817709922790527,1.5,1.4817709922790527,1.5,748800
1973-08-31,0.31055399775505066,1.4674479961395264,1.4869790077209473,1.464843988418579,1.4817709922790527,729600
1973-09-04,0.3108294606208801,1.46875,1.4739580154418945,1.4609379768371582,1.4674479961395264,1104000
1973-09-05,0.3130340278148651,1.4791669845581055,1.4830729961395264,1.4700520038604736,1.4700520038604736,1459200
1973-09-06,0.3163408935070038,1.4947919845581055,1.4973959922790527,1.4791669845581055,1.4791669845581055,1756800
1973-09-07,0.31826967000961304,1.503906011581421,1.5104169845581055,1.5013020038604736,1.5013020038604736,1324800
1973-09-10,0.31185534596443176,1.46875,1.496093988418579,1.46875,1.496093988418579,1276800
1973-09-11,0.31379085779190063,1.4778649806976318,1.488281011581421,1.46875,1.46875,1190400
1973-09-12,0.3160025179386139,1.488281011581421,1.4921879768371582,1.4739580154418945,1.4778649806976318,1036800
1973-09-13,0.31544971466064453,1.4856770038604736,1.4908850193023682,1.4817709922790527,1.488281011581421,528000
1973-09-14,0.3168320953845978,1.4921879768371582,1.4934899806976318,1.4765629768371582,1.4856770038604736,940800
1973-09-17,0.3151732385158539,1.484375,1.4869790077209473,1.4739580154418945,1.4869790077209473,1276800
1973-09-18,0.3151732385158539,1.484375,1.4973959922790527,1.4791669845581055,1.484375,1027200
1973-09-19,0.3129613995552063,1.4739580154418945,1.488281011581421,1.4700520038604736,1.484375,1008000
1973-09-20,0.3168320953845978,1.4921879768371582,1.4947919845581055,1.4791669845581055,1.4791669845581055,1497600
1973-09-21,0.32125553488731384,1.5130209922790527,1.5208330154418945,1.4934899806976318,1.4934899806976318,1699200
1973-09-24,0.32153189182281494,1.5143229961395264,1.5208330154418945,1.5,1.5130209922790527,1228800
1973-09-25,0.32429686188697815,1.527343988418579,1.53125,1.511718988418579,1.5143229961395264,1612800
1973-09-26,0.32263773679733276,1.519531011581421,1.53125,1.5065100193023682,1.527343988418579,1123200
1973-09-27,0.32180845737457275,1.515625,1.5260419845581055,1.5078129768371582,1.519531011581421,2524800
1973-09-28,0.32346758246421814,1.5234379768371582,1.5286459922790527,1.5130209922790527,1.515625,672000
1973-10-01,0.3223613202571869,1.5182290077209473,1.5260419845581055,1.5065100193023682,1.5234379768371582,729600
1973-10-02,0.3209790289402008,1.511718988418579,1.5208330154418945,1.5104169845581055,1.5182290077209473,1209600
1973-10-03,0.31406736373901367,1.4791669845581055,1.5104169845581055,1.4752600193023682,1.5104169845581055,1795200
1973-10-04,0.3077087104320526,1.449218988418579,1.4765629768371582,1.4453129768371582,1.4765629768371582,2112000
1973-10-05,0.31185534596443176,1.46875,1.46875,1.4518229961395264,1.4518229961395264,4099200
1973-10-08,0.3113027513027191,1.4661459922790527,1.4713540077209473,1.4583330154418945,1.46875,1257600
1973-10-09,0.31240832805633545,1.4713540077209473,1.4778649806976318,1.4544270038604736,1.4661459922790527,1852800
1973-10-10,0.31627893447875977,1.4895830154418945,1.4986979961395264,1.4765629768371582,1.4765629768371582,1324800
1973-10-11,0.3173850476741791,1.4947919845581055,1.5013020038604736,1.4869790077209473,1.4895830154418945,1363200
1973-10-12,0.3190437853336334,1.5026040077209473,1.5026040077209473,1.4895830154418945,1.4947919845581055,816000
1973-10-15,0.31544971466064453,1.4856770038604736,1.4947919845581055,1.4765629768371582,1.4947919845581055,912000
1973-10-16,0.315726101398468,1.4869790077209473,1.4921879768371582,1.4765629768371582,1.4856770038604736,864000
1973-10-17,0.315726101398468,1.4869790077209473,1.4986979961395264,1.4869790077209473,1.4869790077209473,816000
1973-10-18,0.3173850476741791,1.4947919845581055,1.5,1.4895830154418945,1.4895830154418945,998400
1973-10-19,0.31821420788764954,1.4986979961395264,1.5078129768371582,1.4947919845581055,1.4947919845581055,662400
1973-10-22,0.3151732385158539,1.484375,1.4895830154418945,1.4765629768371582,1.4895830154418945,537600
1973-10-23,0.3179376721382141,1.4973959922790527,1.4973959922790527,1.484375,1.484375,384000
1973-10-24,0.3168320953845978,1.4921879768371582,1.4973959922790527,1.484375,1.4973959922790527,1353600
1973-10-25,0.31627893447875977,1.4895830154418945,1.4973959922790527,1.4869790077209473,1.4921879768371582,604800
1973-10-26,0.3207026720046997,1.5104169845581055,1.5104169845581055,1.5026040077209473,1.5026040077209473,883200
1973-10-29,0.3184908330440521,1.5,1.5104169845581055,1.5,1.5104169845581055,768000
1973-10-30,0.3184908330440521,1.5,1.503906011581421,1.4895830154418945,1.5,969600
1973-10-31,0.31544971466064453,1.4856770038604736,1.4947919845581055,1.4817709922790527,1.4947919845581055,1065600
1973-11-01,0.3179376721382141,1.4973959922790527,1.5052080154418945,1.4817709922790527,1.4856770038604736,1219200
1973-11-02,0.3195965886116028,1.5052080154418945,1.5091149806976318,1.4869790077209473,1.4973959922790527,806400
1973-11-05,0.32042616605758667,1.5091149806976318,1.5182290077209473,1.5,1.5052080154418945,2745600
1973-11-06,0.3151732385158539,1.484375,1.5104169845581055,1.4791669845581055,1.5091149806976318,969600
1973-11-07,0.3195965886116028,1.5052080154418945,1.5052080154418945,1.4739580154418945,1.484375,1152000
1973-11-08,0.3184908330440521,1.5,1.5143229961395264,1.4973959922790527,1.5052080154418945,892800
1973-11-09,0.3179376721382141,1.4973959922790527,1.5052080154418945,1.4908850193023682,1.5,729600
1973-11-12,0.31462031602859497,1.4817709922790527,1.5065100193023682,1.4765629768371582,1.4973959922790527,931200
1973-11-13,0.3129613995552063,1.4739580154418945,1.484375,1.46875,1.4817709922790527,2112000
1973-11-14,0.31240832805633545,1.4713540077209473,1.4791669845581055,1.464843988418579,1.4739580154418945,854400
1973-11-15,0.31185534596443176,1.46875,1.4739580154418945,1.4661459922790527,1.4713540077209473,1449600
1973-11-16,0.3132379353046417,1.4752600193023682,1.4791669845581055,1.4674479961395264,1.46875,1180800
1973-11-19,0.293332040309906,1.3815100193023682,1.4713540077209473,1.3776040077209473,1.4713540077209473,6508800
1973-11-20,0.29499107599258423,1.3893229961395264,1.394531011581421,1.355468988418579,1.3815100193023682,3916800
1973-11-21,0.2963733971118927,1.3958330154418945,1.4166669845581055,1.3671879768371582,1.3893229961395264,3360000
1973-11-23,0.29471465945243835,1.3880209922790527,1.40625,1.3828129768371582,1.3958330154418945,1084800
1973-11-26,0.28911006450653076,1.3567709922790527,1.3684899806976318,1.3541669845581055,1.3684899806976318,2841600
1973-11-27,0.28800034523010254,1.3515629768371582,1.375,1.34375,1.3567709922790527,3609600
1973-11-28,0.28772270679473877,1.3502600193023682,1.371093988418579,1.3203129768371582,1.3515629768371582,3206400
1973-11-29,0.28994232416152954,1.3606770038604736,1.3723959922790527,1.3333330154418945,1.3502600193023682,2323200
1973-11-30,0.28800034523010254,1.3515629768371582,1.3619790077209473,1.3463540077209473,1.3606770038604736,1286400
1973-12-03,0.2805088460445404,1.316406011581421,1.3450520038604736,1.3072919845581055,1.3450520038604736,3715200
1973-12-04,0.27801185846328735,1.3046879768371582,1.3216149806976318,1.3046879768371582,1.316406011581421,2438400
1973-12-05,0.2782893180847168,1.3059899806976318,1.308593988418579,1.292968988418579,1.3046879768371582,3388800
1973-12-06,0.27523714303970337,1.2916669845581055,1.3072919845581055,1.2890629768371582,1.3059899806976318,3273600
1973-12-07,0.27745670080184937,1.3020830154418945,1.3177080154418945,1.296875,1.296875,2256000
1973-12-10,0.2855031192302704,1.339843988418579,1.339843988418579,1.2864580154418945,1.3020830154418945,1680000
1973-12-11,0.2757919430732727,1.2942709922790527,1.3528649806976318,1.2916669845581055,1.339843988418579,1536000
1973-12-12,0.27301740646362305,1.28125,1.2864580154418945,1.2747399806976318,1.2864580154418945,2524800
1973-12-13,0.2707976698875427,1.2708330154418945,1.2825520038604736,1.2630209922790527,1.28125,3340800
1973-12-14,0.26968806982040405,1.265625,1.2708330154418945,1.2395830154418945,1.2708330154418945,3580800
1973-12-17,0.26635846495628357,1.25,1.2682290077209473,1.2369790077209473,1.265625,1075200
1973-12-18,0.26885566115379333,1.261718988418579,1.2682290077209473,1.234375,1.25,2803200
1973-12-19,0.26691338419914246,1.2526040077209473,1.28125,1.2526040077209473,1.261718988418579,1785600
1973-12-20,0.26469388604164124,1.2421879768371582,1.2747399806976318,1.234375,1.2526040077209473,2889600
1973-12-21,0.25969958305358887,1.21875,1.2447919845581055,1.21875,1.2421879768371582,2064000
1973-12-24,0.2574799358844757,1.2083330154418945,1.2135419845581055,1.203125,1.2135419845581055,2563200
1973-12-26,0.26635846495628357,1.25,1.253906011581421,1.2239580154418945,1.2239580154418945,2323200
1973-12-27,0.2782893180847168,1.3059899806976318,1.308593988418579,1.246093988418579,1.25,2534400
1973-12-28,0.2785666286945343,1.3072919845581055,1.3125,1.2916669845581055,1.3059899806976318,1315200
1973-12-31,0.2807861566543579,1.3177080154418945,1.3203129768371582,1.2981770038604736,1.3072919845581055,1872000
1974-01-02,0.27634695172309875,1.296875,1.3125,1.296875,1.3125,1008000
1974-01-03,0.28189617395401,1.3229169845581055,1.3307290077209473,1.3046879768371582,1.3046879768371582,2208000
1974-01-04,0.27523714303970337,1.2916669845581055,1.3125,1.2825520038604736,1.3125,2736000
1974-01-07,0.2707976698875427,1.2708330154418945,1.28125,1.253906011581421,1.28125,1612800
1974-01-08,0.2641388475894928,1.2395830154418945,1.265625,1.234375,1.265625,3465600
1974-01-09,0.2541503310203552,1.1927080154418945,1.2057290077209473,1.1927080154418945,1.2057290077209473,5904000
1974-01-10,0.24915610253810883,1.1692709922790527,1.2057290077209473,1.1692709922790527,1.1927080154418945,2889600
1974-01-11,0.2541503310203552,1.1927080154418945,1.1927080154418945,1.1614580154418945,1.1692709922790527,3484800
1974-01-14,0.2610865533351898,1.2252600193023682,1.2473959922790527,1.2096350193023682,1.2096350193023682,3417600
1974-01-15,0.26691338419914246,1.2526040077209473,1.2760419845581055,1.2317709922790527,1.2317709922790527,1881600
1974-01-16,0.26663583517074585,1.2513020038604736,1.2552080154418945,1.2369790077209473,1.2526040077209473,1852800
1974-01-17,0.27773407101631165,1.3033850193023682,1.3072919845581055,1.261718988418579,1.261718988418579,5280000
1974-01-18,0.27301740646362305,1.28125,1.3033850193023682,1.28125,1.3033850193023682,2323200
1974-01-21,0.26691338419914246,1.2526040077209473,1.265625,1.234375,1.265625,2736000
1974-01-22,0.26746830344200134,1.2552080154418945,1.2604169845581055,1.2395830154418945,1.2526040077209473,2198400
1974-01-23,0.2694106698036194,1.2643229961395264,1.2708330154418945,1.2526040077209473,1.2552080154418945,1910400
1974-01-24,0.2694106698036194,1.2643229961395264,1.265625,1.2526040077209473,1.2643229961395264,748800
1974-01-25,0.26746830344200134,1.2552080154418945,1.2604169845581055,1.25,1.2604169845581055,1276800
1974-01-28,0.2702431082725525,1.2682290077209473,1.2721350193023682,1.2552080154418945,1.2552080154418945,1305600
1974-01-29,0.2671909034252167,1.253906011581421,1.265625,1.253906011581421,1.265625,960000
1974-01-30,0.2660811245441437,1.2486979961395264,1.261718988418579,1.2473959922790527,1.253906011581421,1296000
1974-01-31,0.2608092725276947,1.2239580154418945,1.2513020038604736,1.2239580154418945,1.2486979961395264,1536000
1974-02-01,0.259976863861084,1.2200520038604736,1.222656011581421,1.2044270038604736,1.222656011581421,2092800
1974-02-04,0.25803473591804504,1.2109379768371582,1.2174479961395264,1.2057290077209473,1.2174479961395264,1766400
1974-02-05,0.2558151185512543,1.2005209922790527,1.2083330154418945,1.1927080154418945,1.2083330154418945,1641600
1974-02-06,0.2547054886817932,1.1953129768371582,1.2135419845581055,1.1901040077209473,1.2005209922790527,1152000
1974-02-07,0.2552604377269745,1.1979169845581055,1.203125,1.1809899806976318,1.1953129768371582,1180800
1974-02-08,0.2524857819080353,1.1848959922790527,1.2083330154418945,1.183593988418579,1.1979169845581055,1075200
1974-02-11,0.2444392442703247,1.1471350193023682,1.1822919845581055,1.1458330154418945,1.1822919845581055,2496000
1974-02-12,0.2436070293188095,1.1432290077209473,1.1614580154418945,1.1432290077209473,1.1471350193023682,2169600
1974-02-13,0.24665901064872742,1.1575520038604736,1.160156011581421,1.1510419845581055,1.1510419845581055,1382400
1974-02-14,0.24471697211265564,1.1484379768371582,1.1692709922790527,1.1471350193023682,1.1575520038604736,969600
1974-02-15,0.24499434232711792,1.1497399806976318,1.1640629768371582,1.140625,1.1484379768371582,1468800
1974-02-19,0.2444392442703247,1.1471350193023682,1.171875,1.1458330154418945,1.1497399806976318,2860800
1974-02-20,0.24887871742248535,1.167968988418579,1.1744790077209473,1.1419270038604736,1.1471350193023682,1900800
1974-02-21,0.2524857819080353,1.1848959922790527,1.1875,1.15625,1.167968988418579,2294400
1974-02-22,0.25165337324142456,1.1809899806976318,1.1888020038604736,1.1783850193023682,1.1848959922790527,1612800
1974-02-25,0.25054362416267395,1.175781011581421,1.1848959922790527,1.171875,1.1809899806976318,1219200
1974-02-26,0.25165337324142456,1.1809899806976318,1.1979169845581055,1.1666669845581055,1.175781011581421,1296000
1974-02-27,0.2552604377269745,1.1979169845581055,1.2083330154418945,1.1875,1.1875,2073600
1974-02-28,0.2552604377269745,1.1979169845581055,1.203125,1.1940100193023682,1.1979169845581055,854400
1974-03-01,0.2544277608394623,1.1940100193023682,1.2005209922790527,1.1940100193023682,1.1979169845581055,1065600
1974-03-04,0.2533178925514221,1.1888020038604736,1.1953129768371582,1.1731770038604736,1.1940100193023682,1161600
1974-03-05,0.2541503310203552,1.1927080154418945,1.1966149806976318,1.183593988418579,1.1888020038604736,2035200
1974-03-06,0.2558151185512543,1.2005209922790527,1.203125,1.1927080154418945,1.1927080154418945,1488000
1974-03-07,0.2513759136199951,1.1796879768371582,1.1953129768371582,1.1783850193023682,1.1953129768371582,1344000
1974-03-08,0.25418075919151306,1.1875,1.1901040077209473,1.1666669845581055,1.1796879768371582,1315200
1974-03-11,0.26226332783699036,1.2252600193023682,1.2395830154418945,1.1822919845581055,1.1875,2544000
1974-03-12,0.26588669419288635,1.2421879768371582,1.2421879768371582,1.2213540077209473,1.2252600193023682,1651200
1974-03-13,0.26588669419288635,1.2421879768371582,1.25,1.2291669845581055,1.2421879768371582,1708800
1974-03-14,0.26226332783699036,1.2252600193023682,1.2408850193023682,1.2135419845581055,1.2408850193023682,1804800
1974-03-15,0.2580825686454773,1.2057290077209473,1.2135419845581055,1.1927080154418945,1.2135419845581055,1027200
1974-03-18,0.25250867009162903,1.1796879768371582,1.203125,1.1770830154418945,1.203125,1862400
1974-03-19,0.25418075919151306,1.1875,1.1875,1.1666669845581055,1.1796879768371582,1123200
1974-03-20,0.257246732711792,1.2018229961395264,1.2044270038604736,1.1875,1.1875,1622400
1974-03-21,0.2600337266921997,1.214843988418579,1.222656011581421,1.2018229961395264,1.2018229961395264,1420800
1974-03-22,0.26142728328704834,1.2213540077209473,1.230468988418579,1.2057290077209473,1.214843988418579,1612800
1974-03-25,0.2636570334434509,1.2317709922790527,1.2317709922790527,1.2109379768371582,1.2213540077209473,1238400
1974-03-26,0.26142728328704834,1.2213540077209473,1.2369790077209473,1.2213540077209473,1.2317709922790527,1603200
1974-03-27,0.25529560446739197,1.1927080154418945,1.2278649806976318,1.1927080154418945,1.2213540077209473,1171200
1974-03-28,0.24860671162605286,1.1614580154418945,1.1744790077209473,1.160156011581421,1.1744790077209473,2313600
1974-03-29,0.2455407828092575,1.1471350193023682,1.1653649806976318,1.1471350193023682,1.1614580154418945,1209600
1974-04-01,0.24386867880821228,1.1393229961395264,1.1497399806976318,1.1380209922790527,1.1471350193023682,1756800
1974-04-02,0.24358993768692017,1.1380209922790527,1.1458330154418945,1.1302080154418945,1.1393229961395264,1516800
1974-04-03,0.2463771551847458,1.1510419845581055,1.1510419845581055,1.1380209922790527,1.1380209922790527,1363200
1974-04-04,0.2460983693599701,1.1497399806976318,1.1731770038604736,1.1484379768371582,1.1510419845581055,1008000
1974-04-05,0.24136029183864594,1.1276040077209473,1.1484379768371582,1.125,1.1484379768371582,2448000
1974-04-08,0.23885168135166168,1.1158850193023682,1.1223959922790527,1.1158850193023682,1.1223959922790527,1622400
1974-04-09,0.24386867880821228,1.1393229961395264,1.1393229961395264,1.1145830154418945,1.1158850193023682,2457600
1974-04-10,0.24080292880535126,1.125,1.1458330154418945,1.1197919845581055,1.1393229961395264,1756800
1974-04-11,0.2433113157749176,1.136718988418579,1.1432290077209473,1.125,1.125,576000
1974-04-15,0.2449834644794464,1.144531011581421,1.1458330154418945,1.1184899806976318,1.136718988418579,3168000
1974-04-16,0.25083625316619873,1.171875,1.171875,1.1393229961395264,1.144531011581421,2112000
1974-04-17,0.25111499428749084,1.1731770038604736,1.1848959922790527,1.167968988418579,1.171875,2630400
1974-04-18,0.24972158670425415,1.1666669845581055,1.171875,1.1575520038604736,1.171875,1804800
1974-04-19,0.24526220560073853,1.1458330154418945,1.1588540077209473,1.1419270038604736,1.1588540077209473,1545600
1974-04-22,0.2455407828092575,1.1471350193023682,1.1536459922790527,1.140625,1.1458330154418945,816000
1974-04-23,0.24108149111270905,1.1263020038604736,1.1497399806976318,1.125,1.1471350193023682,1737600
1974-04-24,0.2374584823846817,1.109375,1.1223959922790527,1.109375,1.1223959922790527,1843200
1974-04-25,0.2346714735031128,1.0963540077209473,1.1067709922790527,1.0924479961395264,1.1067709922790527,3484800
1974-04-26,0.23327815532684326,1.089843988418579,1.1119790077209473,1.0833330154418945,1.0963540077209473,4396800
1974-04-29,0.23439264297485352,1.0950520038604736,1.0989580154418945,1.0703129768371582,1.089843988418579,2006400
1974-04-30,0.23522858321666718,1.0989580154418945,1.1015629768371582,1.0794270038604736,1.0950520038604736,1382400
1974-05-01,0.23327815532684326,1.089843988418579,1.097656011581421,1.0794270038604736,1.097656011581421,3523200
1974-05-02,0.22463791072368622,1.0494790077209473,1.0911459922790527,1.0494790077209473,1.089843988418579,4089600
1974-05-03,0.22017858922481537,1.0286459922790527,1.0416669845581055,1.027343988418579,1.0416669845581055,4915200
1974-05-06,0.22268691658973694,1.0403649806976318,1.0520830154418945,1.0247399806976318,1.0286459922790527,3235200
1974-05-07,0.22352315485477448,1.0442709922790527,1.0559899806976318,1.0416669845581055,1.0416669845581055,2188800
1974-05-08,0.23188425600528717,1.0833330154418945,1.0833330154418945,1.0416669845581055,1.0442709922790527,2390400
1974-05-09,0.24191763997077942,1.1302080154418945,1.140625,1.0859379768371582,1.0859379768371582,3369600
1974-05-10,0.24191763997077942,1.1302080154418945,1.140625,1.121093988418579,1.1302080154418945,2976000
1974-05-13,0.2396881878376007,1.1197919845581055,1.1393229961395264,1.1145830154418945,1.1302080154418945,2419200
1974-05-14,0.23913082480430603,1.1171879768371582,1.1354169845581055,1.1080729961395264,1.1197919845581055,2025600
1974-05-15,0.2396881878376007,1.1197919845581055,1.1197919845581055,1.109375,1.1171879768371582,1296000
1974-05-16,0.23522858321666718,1.0989580154418945,1.1302080154418945,1.0989580154418945,1.1197919845581055,1200000
1974-05-17,0.22742493450641632,1.0625,1.0833330154418945,1.0598959922790527,1.0833330154418945,2390400
1974-05-20,0.22742493450641632,1.0625,1.0703129768371582,1.0598959922790527,1.0625,1209600
1974-05-21,0.22853964567184448,1.0677080154418945,1.0872399806976318,1.0625,1.0625,2889600
1974-05-22,0.22519534826278687,1.0520830154418945,1.0703129768371582,1.0520830154418945,1.0677080154418945,5212800
1974-05-23,0.22965466976165771,1.0729169845581055,1.0729169845581055,1.0520830154418945,1.0520830154418945,2246400
1974-05-24,0.23160558938980103,1.082031011581421,1.0911459922790527,1.0690100193023682,1.0729169845581055,3350400
1974-05-28,0.23104824125766754,1.0794270038604736,1.0859379768371582,1.078125,1.082031011581421,2112000
1974-05-29,0.22909727692604065,1.0703129768371582,1.0768229961395264,1.0677080154418945,1.0768229961395264,1872000
1974-05-30,0.23439264297485352,1.0950520038604736,1.1028649806976318,1.0703129768371582,1.0703129768371582,1872000
1974-05-31,0.23885168135166168,1.1158850193023682,1.125,1.0911459922790527,1.0950520038604736,1584000
1974-06-03,0.24247531592845917,1.1328129768371582,1.1354169845581055,1.109375,1.1158850193023682,1190400
1974-06-04,0.2463771551847458,1.1510419845581055,1.1575520038604736,1.1432290077209473,1.1432290077209473,2496000
1974-06-05,0.24303273856639862,1.1354169845581055,1.160156011581421,1.1354169845581055,1.1510419845581055,3033600
1974-06-06,0.25473833084106445,1.1901040077209473,1.1901040077209473,1.1393229961395264,1.1393229961395264,1209600
1974-06-07,0.25585320591926575,1.1953129768371582,1.222656011581421,1.1927080154418945,1.1927080154418945,3139200
1974-06-10,0.26258987188339233,1.2213540077209473,1.2291669845581055,1.1809899806976318,1.1953129768371582,2400000
1974-06-11,0.2609102427959442,1.2135419845581055,1.2200520038604736,1.2057290077209473,1.2200520038604736,2025600
1974-06-12,0.2609102427959442,1.2135419845581055,1.2135419845581055,1.1979169845581055,1.2135419845581055,1257600
1974-06-13,0.2642694413661957,1.2291669845581055,1.2330729961395264,1.2135419845581055,1.2135419845581055,1948800
1974-06-14,0.26398953795433044,1.2278649806976318,1.2330729961395264,1.2213540077209473,1.2291669845581055,1056000
1974-06-17,0.25923043489456177,1.2057290077209473,1.2278649806976318,1.2005209922790527,1.2278649806976318,2419200
1974-06-18,0.25923043489456177,1.2057290077209473,1.2213540077209473,1.1940100193023682,1.2057290077209473,1334400
1974-06-19,0.2550312876701355,1.1861979961395264,1.203125,1.1861979961395264,1.203125,1228800
1974-06-20,0.2525117099285126,1.1744790077209473,1.1953129768371582,1.171875,1.1861979961395264,1200000
1974-06-21,0.24607300758361816,1.144531011581421,1.1653649806976318,1.1393229961395264,1.1653649806976318,1545600
1974-06-24,0.2466326504945755,1.1471350193023682,1.15625,1.128906011581421,1.144531011581421,1536000
1974-06-25,0.25111204385757446,1.167968988418579,1.1731770038604736,1.1510419845581055,1.1510419845581055,1180800
1974-06-26,0.24467307329177856,1.1380209922790527,1.1705729961395264,1.1380209922790527,1.167968988418579,1372800
1974-06-27,0.24243348836898804,1.1276040077209473,1.1393229961395264,1.121093988418579,1.1380209922790527,1113600
1974-06-28,0.24187366664409637,1.125,1.125,1.1119790077209473,1.125,1632000
1974-07-01,0.24215354025363922,1.1263020038604736,1.1354169845581055,1.1263020038604736,1.1263020038604736,566400
1974-07-02,0.23095586895942688,1.074218988418579,1.1302080154418945,1.0729169845581055,1.1263020038604736,1449600
1974-07-03,0.22619669139385223,1.0520830154418945,1.0755209922790527,1.0481770038604736,1.074218988418579,2496000
1974-07-05,0.22675688564777374,1.0546879768371582,1.0546879768371582,1.0442709922790527,1.0520830154418945,1027200
1974-07-08,0.22283731400966644,1.0364580154418945,1.042968988418579,1.0338540077209473,1.042968988418579,1833600
1974-07-09,0.2253568321466446,1.0481770038604736,1.0520830154418945,1.0208330154418945,1.0364580154418945,2889600
1974-07-10,0.2233973890542984,1.0390629768371582,1.0625,1.0390629768371582,1.0481770038604736,1670400
1974-07-11,0.22171767055988312,1.03125,1.0572919845581055,1.0260419845581055,1.0390629768371582,2889600
1974-07-12,0.22731663286685944,1.0572919845581055,1.0611979961395264,1.0455729961395264,1.0455729961395264,2035200
1974-07-15,0.23291534185409546,1.0833330154418945,1.089843988418579,1.0729169845581055,1.0729169845581055,2601600
1974-07-16,0.22003808617591858,1.0234379768371582,1.0794270038604736,1.0234379768371582,1.0794270038604736,2976000
1974-07-17,0.22367709875106812,1.0403649806976318,1.0416669845581055,1.0,1.0234379768371582,3148800
1974-07-18,0.21667863428592682,1.0078129768371582,1.0338540077209473,1.0013020038604736,1.0338540077209473,2995200
1974-07-19,0.21723850071430206,1.0104169845581055,1.015625,1.0,1.0078129768371582,2227200
1974-07-22,0.21639852225780487,1.0065100193023682,1.0130209922790527,1.0052080154418945,1.0104169845581055,1497600
1974-07-23,0.21499888598918915,1.0,1.0208330154418945,0.9986979961395264,1.0065100193023682,2592000
1974-07-24,0.21303927898406982,0.9908850193023682,0.9934899806976318,0.9739580154418945,0.9934899806976318,4598400
1974-07-25,0.2105197161436081,0.9791669845581055,0.9895830154418945,0.9661459922790527,0.9895830154418945,3600000
1974-07-26,0.20492078363895416,0.953125,0.9609379768371582,0.9505209922790527,0.9609379768371582,3916800
1974-07-29,0.19988195598125458,0.9296879768371582,0.9375,0.921875,0.9375,4329600
1974-07-30,0.1976422369480133,0.9192709922790527,0.9348959922790527,0.9075520038604736,0.9296879768371582,3398400
1974-07-31,0.19064363837242126,0.8867189884185791,0.9140629768371582,0.8763020038604736,0.9140629768371582,3571200
1974-08-01,0.1875641644001007,0.8723959922790527,0.9010419845581055,0.8671879768371582,0.8867189884185791,4022400
1974-08-02,0.18476468324661255,0.859375,0.8723959922790527,0.8567709922790527,0.8723959922790527,3360000
1974-08-05,0.1839248538017273,0.8554689884185791,0.8645830154418945,0.8489580154418945,0.859375,5126400
1974-08-06,0.18700435757637024,0.8697919845581055,0.8880209922790527,0.8554689884185791,0.8554689884185791,4924800
1974-08-07,0.19792206585407257,0.9205729961395264,0.9244790077209473,0.8658850193023682,0.8697919845581055,3696000
1974-08-08,0.1942829191684723,0.9036459922790527,0.9270830154418945,0.8984379768371582,0.9205729961395264,5971200
1974-08-09,0.1864444613456726,0.8671879768371582,0.8984379768371582,0.8671879768371582,0.8984379768371582,5251200
1974-08-12,0.17944559454917908,0.8346350193023682,0.8658850193023682,0.8333330154418945,0.8658850193023682,2928000
1974-08-13,0.17468656599521637,0.8125,0.8346350193023682,0.796875,0.8346350193023682,4339200
1974-08-14,0.17636637389659882,0.8203129768371582,0.8307290077209473,0.7994790077209473,0.8125,3024000
1974-08-15,0.17636637389659882,0.8203129768371582,0.8359379768371582,0.8151040077209473,0.8203129768371582,1929600
1974-08-16,0.17748621106147766,0.8255209922790527,0.8411459922790527,0.8164060115814209,0.8203129768371582,2428800
1974-08-19,0.17720630764961243,0.8242189884185791,0.8320310115814209,0.8190100193023682,0.8255209922790527,2851200
1974-08-20,0.17496658861637115,0.8138020038604736,0.8515629768371582,0.8138020038604736,0.8242189884185791,3571200
1974-08-21,0.17020756006240845,0.7916669845581055,0.8151040077209473,0.7916669845581055,0.8138020038604736,2025600
1974-08-22,0.16404859721660614,0.7630209922790527,0.7916669845581055,0.7552080154418945,0.7916669845581055,6374400
1974-08-23,0.16376876831054688,0.7617189884185791,0.7864580154418945,0.7604169845581055,0.7630209922790527,3705600
1974-08-26,0.16684825718402863,0.7760419845581055,0.7786459922790527,0.7552080154418945,0.7617189884185791,4166400
1974-08-27,0.16124913096427917,0.75,0.765625,0.7473959922790527,0.765625,2563200
1974-08-28,0.1609693020582199,0.7486979961395264,0.7630209922790527,0.7460939884185791,0.75,2438400
1974-08-29,0.15900950133800507,0.7395830154418945,0.7447919845581055,0.7317709922790527,0.7447919845581055,2716800
1974-08-30,0.1629287302494049,0.7578129768371582,0.7617189884185791,0.7395830154418945,0.7395830154418945,3571200
1974-09-03,0.16124913096427917,0.75,0.7708330154418945,0.7434899806976318,0.7578129768371582,1929600
1974-09-04,0.1545303910970688,0.71875,0.7395830154418945,0.7122399806976318,0.7395830154418945,3993600
1974-09-05,0.16404859721660614,0.7630209922790527,0.7630209922790527,0.7265629768371582,0.7265629768371582,3696000
1974-09-06,0.16236881911754608,0.7552080154418945,0.7708330154418945,0.75,0.7630209922790527,2688000
1974-09-09,0.15481050312519073,0.7200520038604736,0.7447919845581055,0.7200520038604736,0.7447919845581055,1728000
1974-09-10,0.15347416698932648,0.7083330154418945,0.734375,0.7057290077209473,0.7200520038604736,2908800
1974-09-11,0.15262781083583832,0.7044270038604736,0.71875,0.7044270038604736,0.7083330154418945,1689600
1974-09-12,0.1441643387079239,0.6653649806976318,0.703125,0.6640629768371582,0.703125,4598400
1974-09-13,0.14444641768932343,0.6666669845581055,0.6666669845581055,0.6458330154418945,0.6653649806976318,4608000
1974-09-16,0.15008878707885742,0.6927080154418945,0.6992189884185791,0.6640629768371582,0.6666669845581055,3283200
1974-09-17,0.15178154408931732,0.7005209922790527,0.7239580154418945,0.7005209922790527,0.7005209922790527,3235200
1974-09-18,0.15234582126140594,0.703125,0.7083330154418945,0.6796879768371582,0.7005209922790527,2428800
1974-09-19,0.15855252742767334,0.7317709922790527,0.7369790077209473,0.7135419845581055,0.7135419845581055,2793600
1974-09-20,0.155731201171875,0.71875,0.7304689884185791,0.703125,0.7304689884185791,3820800
1974-09-23,0.14218929409980774,0.65625,0.71875,0.65625,0.71875,28022400
1974-09-24,0.13541845977306366,0.625,0.640625,0.6223959922790527,0.640625,5068800
1974-09-25,0.1314687281847,0.6067709922790527,0.6510419845581055,0.6067709922790527,0.625,10588800
1974-09-26,0.1261083334684372,0.5820310115814209,0.5963540077209473,0.578125,0.5963540077209473,4329600
1974-09-27,0.11228445172309875,0.5182290077209473,0.5859379768371582,0.5104169845581055,0.5820310115814209,5865600
1974-09-30,0.11566988378763199,0.5338540077209473,0.5338540077209473,0.5,0.5182290077209473,6470400
1974-10-01,0.11905530840158463,0.5494790077209473,0.5598959922790527,0.5,0.5338540077209473,9379200
1974-10-02,0.11115603893995285,0.5130209922790527,0.5507810115814209,0.5130209922790527,0.5494790077209473,6038400
1974-10-03,0.105231374502182,0.48567700386047363,0.48958298563957214,0.46744799613952637,0.48958298563957214,7334400
1974-10-04,0.10438503324985504,0.48177099227905273,0.49739599227905273,0.4648439884185791,0.48567700386047363,6124800
1974-10-07,0.11059188097715378,0.5104169845581055,0.5234379768371582,0.4934900104999542,0.4934900104999542,5654400
1974-10-08,0.11143812537193298,0.5143229961395264,0.5182290077209473,0.5,0.5104169845581055,8246400
1974-10-09,0.12159451842308044,0.5611979961395264,0.5625,0.5078129768371582,0.5143229961395264,8620800
1974-10-10,0.1286475509405136,0.59375,0.6171879768371582,0.5807290077209473,0.5807290077209473,10454400
1974-10-11,0.1314687281847,0.6067709922790527,0.6171879768371582,0.5885419845581055,0.59375,6460800
1974-10-14,0.13852182030677795,0.6393229961395264,0.6601560115814209,0.6119790077209473,0.6119790077209473,5923200
1974-10-15,0.13965022563934326,0.6445310115814209,0.6510419845581055,0.6119790077209473,0.6393229961395264,7401600
1974-10-16,0.134854257106781,0.6223959922790527,0.6471350193023682,0.6210939884185791,0.6445310115814209,6009600
1974-10-17,0.1314687281847,0.6067709922790527,0.6302080154418945,0.6067709922790527,0.6223959922790527,4742400
1974-10-18,0.13062244653701782,0.6028649806976318,0.6210939884185791,0.5859379768371582,0.6067709922790527,5875200
1974-10-21,0.13429000973701477,0.6197919845581055,0.6223959922790527,0.5911459922790527,0.6028649806976318,3504000
1974-10-22,0.13118664920330048,0.6054689884185791,0.6341149806976318,0.6015629768371582,0.6197919845581055,4348800
1974-10-23,0.1292116492986679,0.5963540077209473,0.6015629768371582,0.5807290077209473,0.6015629768371582,2966400
1974-10-24,0.1292116492986679,0.5963540077209473,0.6015629768371582,0.5820310115814209,0.5963540077209473,2380800
1974-10-25,0.1309044510126114,0.6041669845581055,0.6276040077209473,0.6015629768371582,0.6015629768371582,3523200
1974-10-28,0.1314687281847,0.6067709922790527,0.6132810115814209,0.5924479961395264,0.6041669845581055,2016000
1974-10-29,0.14049667119979858,0.6484379768371582,0.6484379768371582,0.6080729961395264,0.6080729961395264,3571200
1974-10-30,0.14726760983467102,0.6796879768371582,0.6979169845581055,0.6432290077209473,0.6484379768371582,8764800
1974-10-31,0.14218929409980774,0.65625,0.6914060115814209,0.65625,0.6796879768371582,4300800
1974-11-01,0.14190725982189178,0.6549479961395264,0.6653649806976318,0.6471350193023682,0.65625,3024000
1974-11-04,0.14218929409980774,0.65625,0.6640629768371582,0.6354169845581055,0.6549479961395264,1939200
1974-11-05,0.14839616417884827,0.6848959922790527,0.6848959922790527,0.6510419845581055,0.65625,3436800
1974-11-06,0.14754977822303772,0.6809899806976318,0.7161459922790527,0.6770830154418945,0.6848959922790527,6912000
1974-11-07,0.14642107486724854,0.6757810115814209,0.6927080154418945,0.6640629768371582,0.6809899806976318,3715200
1974-11-08,0.13711141049861908,0.6328129768371582,0.6796879768371582,0.6328129768371582,0.6757810115814209,4848000
1974-11-11,0.13316135108470917,0.6145830154418945,0.6328129768371582,0.6015629768371582,0.6328129768371582,3100800
1974-11-12,0.1286475509405136,0.59375,0.6145830154418945,0.5885419845581055,0.6145830154418945,3993600
1974-11-13,0.1309044510126114,0.6041669845581055,0.6067709922790527,0.5872399806976318,0.59375,2803200
1974-11-14,0.1286475509405136,0.59375,0.6184899806976318,0.5885419845581055,0.6041669845581055,4012800
1974-11-15,0.12413368374109268,0.5729169845581055,0.5989580154418945,0.5729169845581055,0.59375,2880000
1974-11-18,0.1103096753358841,0.5091149806976318,0.5677080154418945,0.5026040077209473,0.5677080154418945,10771200
1974-11-19,0.1134130135178566,0.5234379768371582,0.5286459922790527,0.49869799613952637,0.5091149806976318,7353600
1974-11-20,0.1125664934515953,0.5195310115814209,0.5377600193023682,0.5143229961395264,0.5234379768371582,5817600
1974-11-21,0.1125664934515953,0.5195310115814209,0.5299479961395264,0.5130209922790527,0.5195310115814209,4742400
1974-11-22,0.11510568112134933,0.53125,0.5390629768371582,0.5208330154418945,0.5208330154418945,5558400
1974-11-25,0.1168915182352066,0.5338540077209473,0.5416669845581055,0.5169270038604736,0.53125,4675200
1974-11-26,0.12088287621736526,0.5520830154418945,0.5572919845581055,0.53125,0.5338540077209473,4224000
1974-11-27,0.12230849266052246,0.5585939884185791,0.5768229961395264,0.5572919845581055,0.5572919845581055,5558400
1974-11-29,0.12316377460956573,0.5625,0.5703129768371582,0.5598959922790527,0.5598959922790527,1488000
1974-12-02,0.11632130295038223,0.53125,0.5598959922790527,0.5169270038604736,0.5598959922790527,3772800
1974-12-03,0.11518102139234543,0.5260419845581055,0.53125,0.5117189884185791,0.53125,3024000
1974-12-04,0.11489593237638474,0.5247399806976318,0.5377600193023682,0.5208330154418945,0.5260419845581055,2908800
1974-12-05,0.11232996731996536,0.5130209922790527,0.53125,0.5117189884185791,0.5247399806976318,2659200
1974-12-06,0.10719794780015945,0.48958298563957214,0.5,0.4882810115814209,0.5,4569600
1974-12-09,0.11090434342622757,0.5065100193023682,0.5169270038604736,0.4882810115814209,0.48958298563957214,3494400
1974-12-10,0.11717654764652252,0.5351560115814209,0.5416669845581055,0.5117189884185791,0.5117189884185791,3916800
1974-12-11,0.11318521201610565,0.5169270038604736,0.5455729961395264,0.515625,0.5351560115814209,3744000
1974-12-12,0.11347030103206635,0.5182290077209473,0.5234379768371582,0.5065100193023682,0.5169270038604736,4204800
1974-12-13,0.11118964850902557,0.5078129768371582,0.5234379768371582,0.5,0.5182290077209473,3110400
1974-12-16,0.10805349797010422,0.4934900104999542,0.5130209922790527,0.4908849895000458,0.5078129768371582,4924800
1974-12-17,0.11404049396514893,0.5208330154418945,0.5208330154418945,0.48567700386047363,0.4934900104999542,12134400
1974-12-18,0.11290011554956436,0.515625,0.53125,0.5130209922790527,0.5208330154418945,4924800
1974-12-19,0.11518102139234543,0.5260419845581055,0.5260419845581055,0.5104169845581055,0.515625,2774400
1974-12-20,0.11232996731996536,0.5130209922790527,0.5286459922790527,0.5104169845581055,0.5260419845581055,1872000
1974-12-23,0.11375527083873749,0.5195310115814209,0.5299479961395264,0.5104169845581055,0.5130209922790527,3984000
1974-12-24,0.11404049396514893,0.5208330154418945,0.5221350193023682,0.515625,0.5195310115814209,1363200
1974-12-26,0.11632130295038223,0.53125,0.5364580154418945,0.5234379768371582,0.5234379768371582,2620800
1974-12-27,0.11632130295038223,0.53125,0.5364580154418945,0.5273439884185791,0.53125,2275200
1974-12-30,0.11660643666982651,0.5325520038604736,0.5338540077209473,0.5234379768371582,0.53125,3801600
1974-12-31,0.12088287621736526,0.5520830154418945,0.5546879768371582,0.5325520038604736,0.5325520038604736,4934400
1975-01-02,0.1254446804523468,0.5729169845581055,0.5807290077209473,0.5546879768371582,0.5546879768371582,3763200
1975-01-03,0.12858082354068756,0.5872399806976318,0.5989580154418945,0.5638020038604736,0.5729169845581055,5788800
1975-01-06,0.13029132783412933,0.5950520038604736,0.6067709922790527,0.5911459922790527,0.5911459922790527,5299200
1975-01-07,0.13000623881816864,0.59375,0.5963540077209473,0.5859379768371582,0.5950520038604736,2505600
1975-01-08,0.12259361147880554,0.5598959922790527,0.5950520038604736,0.5598959922790527,0.59375,4310400
1975-01-09,0.132286936044693,0.6041669845581055,0.6041669845581055,0.5598959922790527,0.5598959922790527,4012800
1975-01-10,0.13570831716060638,0.6197919845581055,0.6315100193023682,0.609375,0.609375,6124800
1975-01-13,0.13114653527736664,0.5989580154418945,0.6223959922790527,0.5989580154418945,0.6197919845581055,5568000
1975-01-14,0.13029132783412933,0.5950520038604736,0.6015629768371582,0.5911459922790527,0.5989580154418945,3830400
1975-01-15,0.13513816893100739,0.6171879768371582,0.6171879768371582,0.5898439884185791,0.5950520038604736,3532800
1975-01-16,0.13456779718399048,0.6145830154418945,0.6236979961395264,0.5963540077209473,0.6171879768371582,3676800
1975-01-17,0.132286936044693,0.6041669845581055,0.6132810115814209,0.6002600193023682,0.6132810115814209,3504000
1975-01-20,0.13342738151550293,0.609375,0.6119790077209473,0.5911459922790527,0.6041669845581055,2400000
1975-01-21,0.13000623881816864,0.59375,0.6132810115814209,0.5885419845581055,0.609375,2592000
1975-01-22,0.13513816893100739,0.6171879768371582,0.6171879768371582,0.5859379768371582,0.59375,2524800
1975-01-23,0.13884443044662476,0.6341149806976318,0.6497399806976318,0.6197919845581055,0.6197919845581055,5433600
1975-01-24,0.13941451907157898,0.6367189884185791,0.6458330154418945,0.6341149806976318,0.6341149806976318,4176000
1975-01-27,0.1502484381198883,0.6861979961395264,0.6875,0.6536459922790527,0.6536459922790527,8803200
1975-01-28,0.14768250286579132,0.6744790077209473,0.6992189884185791,0.6744790077209473,0.6861979961395264,7641600
1975-01-29,0.15053346753120422,0.6875,0.6953129768371582,0.6640629768371582,0.6744790077209473,5001600
1975-01-30,0.15138886868953705,0.6914060115814209,0.7070310115814209,0.6888020038604736,0.6888020038604736,7046400
1975-01-31,0.15195897221565247,0.6940100193023682,0.703125,0.6848959922790527,0.6914060115814209,4320000
1975-02-03,0.1588013470172882,0.7252600193023682,0.7252600193023682,0.6888020038604736,0.6940100193023682,5385600
1975-02-04,0.15509510040283203,0.7083330154418945,0.7239580154418945,0.7005209922790527,0.7239580154418945,9043200
1975-02-05,0.16649918258190155,0.7604169845581055,0.7604169845581055,0.7122399806976318,0.7122399806976318,6556800
1975-02-06,0.16792455315589905,0.7669270038604736,0.796875,0.765625,0.765625,8899200
1975-02-07,0.16478858888149261,0.7526040077209473,0.7539060115814209,0.7369790077209473,0.7539060115814209,10329600
1975-02-10,0.1607970893383026,0.734375,0.7526040077209473,0.734375,0.7526040077209473,3984000
1975-02-11,0.16307806968688965,0.7447919845581055,0.7526040077209473,0.7291669845581055,0.734375,4396800
1975-02-12,0.17305663228034973,0.7903649806976318,0.7903649806976318,0.7460939884185791,0.7460939884185791,3811200
1975-02-13,0.1761927604675293,0.8046879768371582,0.8294270038604736,0.8020830154418945,0.8020830154418945,8179200
1975-02-14,0.17391175031661987,0.7942709922790527,0.8046879768371582,0.7838540077209473,0.8046879768371582,5664000
1975-02-18,0.16992032527923584,0.7760419845581055,0.7942709922790527,0.7708330154418945,0.7942709922790527,3753600
1975-02-19,0.170490562915802,0.7786459922790527,0.78125,0.7565100193023682,0.7760419845581055,3350400
1975-02-20,0.16906504333019257,0.7721350193023682,0.7851560115814209,0.7682290077209473,0.7786459922790527,3993600
1975-02-21,0.16678433120250702,0.7617189884185791,0.78125,0.7617189884185791,0.7721350193023682,3955200
1975-02-24,0.16193744540214539,0.7395830154418945,0.7591149806976318,0.7369790077209473,0.7591149806976318,3926400
1975-02-25,0.1585162729024887,0.7239580154418945,0.7330729961395264,0.7122399806976318,0.7330729961395264,5088000
1975-02-26,0.15937171876430511,0.7278649806976318,0.734375,0.7213540077209473,0.7239580154418945,2150400
1975-02-27,0.16136737167835236,0.7369790077209473,0.7382810115814209,0.7304689884185791,0.7304689884185791,2150400
1975-02-28,0.15937171876430511,0.7278649806976318,0.7395830154418945,0.7265629768371582,0.7369790077209473,3417600
1975-03-03,0.16364823281764984,0.7473959922790527,0.7486979961395264,0.7291669845581055,0.7291669845581055,3062400
1975-03-04,0.16649918258190155,0.7604169845581055,0.7838540077209473,0.7604169845581055,0.7604169845581055,4608000
1975-03-05,0.16935019195079803,0.7734379768371582,0.8046879768371582,0.75,0.7604169845581055,7411200
1975-03-06,0.17932860553264618,0.8190100193023682,0.8190100193023682,0.7734379768371582,0.7734379768371582,6758400
1975-03-07,0.17704792320728302,0.8085939884185791,0.8190100193023682,0.8072919845581055,0.8190100193023682,6153600
1975-03-10,0.17904351651668549,0.8177080154418945,0.8203129768371582,0.7929689884185791,0.8085939884185791,3763200
1975-03-11,0.17950329184532166,0.8138020038604736,0.8307290077209473,0.8072919845581055,0.8177080154418945,3724800
1975-03-12,0.17749294638633728,0.8046879768371582,0.8229169845581055,0.8046879768371582,0.8138020038604736,3120000
1975-03-13,0.17835447192192078,0.8085939884185791,0.8098959922790527,0.796875,0.8046879768371582,3417600
1975-03-14,0.17921607196331024,0.8125,0.8151040077209473,0.8046879768371582,0.8085939884185791,3206400
1975-03-17,0.1849602311849594,0.8385419845581055,0.8385419845581055,0.8125,0.8125,6422400
1975-03-18,0.18237535655498505,0.8268229961395264,0.8489580154418945,0.8203129768371582,0.8385419845581055,5683200
1975-03-19,0.18237535655498505,0.8268229961395264,0.8320310115814209,0.8203129768371582,0.8268229961395264,3110400
1975-03-20,0.18208818137645721,0.8255209922790527,0.8385419845581055,0.8203129768371582,0.8268229961395264,3888000
1975-03-21,0.1809394210577011,0.8203129768371582,0.8268229961395264,0.8151040077209473,0.8255209922790527,2361600
1975-03-24,0.17691832780838013,0.8020830154418945,0.8046879768371582,0.7877600193023682,0.8046879768371582,3801600
1975-03-25,0.17663104832172394,0.8007810115814209,0.8125,0.7916669845581055,0.8020830154418945,4512000
1975-03-26,0.18237535655498505,0.8268229961395264,0.8333330154418945,0.8059899806976318,0.8059899806976318,3984000
1975-03-27,0.18208818137645721,0.8255209922790527,0.8333330154418945,0.8242189884185791,0.8268229961395264,4214400
1975-03-31,0.18151380121707916,0.8229169845581055,0.8333330154418945,0.8203129768371582,0.8255209922790527,1929600
1975-04-01,0.17462076246738434,0.7916669845581055,0.8203129768371582,0.7877600193023682,0.8203129768371582,7564800
1975-04-02,0.1751951277256012,0.7942709922790527,0.8059899806976318,0.7851560115814209,0.7916669845581055,2294400
1975-04-03,0.17347192764282227,0.7864580154418945,0.8020830154418945,0.7799479961395264,0.7942709922790527,2236800
1975-04-04,0.17174868285655975,0.7786459922790527,0.7838540077209473,0.7734379768371582,0.7838540077209473,1795200
1975-04-07,0.16887663304805756,0.765625,0.765625,0.7578129768371582,0.765625,3667200
1975-04-08,0.17059993743896484,0.7734379768371582,0.7786459922790527,0.765625,0.765625,3283200
1975-04-09,0.17289741337299347,0.7838540077209473,0.7916669845581055,0.765625,0.7734379768371582,3417600
1975-04-10,0.1749080866575241,0.7929689884185791,0.7994790077209473,0.7838540077209473,0.7838540077209473,2688000
1975-04-11,0.1749080866575241,0.7929689884185791,0.796875,0.7890629768371582,0.7929689884185791,1939200
1975-04-14,0.17950329184532166,0.8138020038604736,0.8164060115814209,0.7942709922790527,0.7942709922790527,2745600
1975-04-15,0.18467304110527039,0.8372399806976318,0.8463540077209473,0.8203129768371582,0.8203129768371582,4320000
1975-04-16,0.1849602311849594,0.8385419845581055,0.8411459922790527,0.828125,0.8372399806976318,3897600
1975-04-17,0.18208818137645721,0.8255209922790527,0.84375,0.8255209922790527,0.8385419845581055,3974400
1975-04-18,0.1806519627571106,0.8190100193023682,0.8229169845581055,0.8138020038604736,0.8229169845581055,2102400
1975-04-21,0.18122656643390656,0.8216149806976318,0.828125,0.8190100193023682,0.8190100193023682,2668800
1975-04-22,0.18438585102558136,0.8359379768371582,0.8372399806976318,0.828125,0.828125,3004800
1975-04-23,0.18467304110527039,0.8372399806976318,0.8463540077209473,0.8320310115814209,0.8359379768371582,2803200
1975-04-24,0.1809394210577011,0.8203129768371582,0.8411459922790527,0.8203129768371582,0.8372399806976318,2486400
1975-04-25,0.18151380121707916,0.8229169845581055,0.8385419845581055,0.8203129768371582,0.8203129768371582,1564800
1975-04-28,0.1797904670238495,0.8151040077209473,0.8307290077209473,0.8098959922790527,0.8229169845581055,2611200
1975-04-29,0.17892876267433167,0.8111979961395264,0.8151040077209473,0.8098959922790527,0.8151040077209473,1344000
1975-04-30,0.18409845232963562,0.8346350193023682,0.8359379768371582,0.8072919845581055,0.8111979961395264,1776000
1975-05-01,0.192427396774292,0.8723959922790527,0.875,0.8502600193023682,0.8502600193023682,4291200
1975-05-02,0.19673554599285126,0.8919270038604736,0.8932290077209473,0.8867189884185791,0.8867189884185791,3024000
1975-05-05,0.2087983638048172,0.9466149806976318,0.9466149806976318,0.8984379768371582,0.8984379768371582,3945600
1975-05-06,0.19443780183792114,0.8815100193023682,0.9348959922790527,0.8815100193023682,0.9348959922790527,4502400
1975-05-07,0.19932043552398682,0.9036459922790527,0.9140629768371582,0.8723959922790527,0.8815100193023682,5443200
1975-05-08,0.20219247043132782,0.9166669845581055,0.9166669845581055,0.8854169845581055,0.9036459922790527,3024000
1975-05-09,0.20535185933113098,0.9309899806976318,0.9322919845581055,0.9140629768371582,0.9166669845581055,3139200
1975-05-12,0.2050645500421524,0.9296879768371582,0.9401040077209473,0.9192709922790527,0.9309899806976318,3446400
1975-05-13,0.2113829404115677,0.9583330154418945,0.9609379768371582,0.9270830154418945,0.9296879768371582,2793600
1975-05-14,0.2113829404115677,0.9583330154418945,0.9661459922790527,0.9479169845581055,0.9583330154418945,3945600
1975-05-15,0.20535185933113098,0.9309899806976318,0.9609379768371582,0.9283850193023682,0.9583330154418945,2544000
1975-05-16,0.2062133252620697,0.9348959922790527,0.9375,0.9166669845581055,0.9309899806976318,2630400
1975-05-19,0.2090853899717331,0.9479169845581055,0.9570310115814209,0.9192709922790527,0.9348959922790527,2313600
1975-05-20,0.21052129566669464,0.9544270038604736,0.9635419845581055,0.9453129768371582,0.9479169845581055,2505600
1975-05-21,0.20535185933113098,0.9309899806976318,0.9479169845581055,0.9270830154418945,0.9479169845581055,2342400
1975-05-22,0.20592619478702545,0.9335939884185791,0.9518229961395264,0.9283850193023682,0.9309899806976318,2419200
1975-05-23,0.20678772032260895,0.9375,0.9414060115814209,0.9270830154418945,0.9335939884185791,2697600
1975-05-27,0.20678772032260895,0.9375,0.9453129768371582,0.9296879768371582,0.9375,2908800
1975-05-28,0.20161813497543335,0.9140629768371582,0.9322919845581055,0.9114580154418945,0.9322919845581055,1843200
1975-05-29,0.19731003046035767,0.8945310115814209,0.9114580154418945,0.8932290077209473,0.9114580154418945,2409600
1975-05-30,0.2062133252620697,0.9348959922790527,0.9348959922790527,0.9088540077209473,0.9088540077209473,2947200
1975-06-02,0.21080848574638367,0.9557290077209473,0.9583330154418945,0.9322919845581055,0.9348959922790527,1987200
1975-06-03,0.21454225480556488,0.9726560115814209,0.9739580154418945,0.9492189884185791,0.9557290077209473,2409600
1975-06-04,0.21253177523612976,0.9635419845581055,0.9700520038604736,0.9609379768371582,0.9700520038604736,1718400
1975-06-05,0.2128191888332367,0.9648439884185791,0.9648439884185791,0.9453129768371582,0.9635419845581055,1747200
1975-06-06,0.21454225480556488,0.9726560115814209,0.9739580154418945,0.9596350193023682,0.9648439884185791,2208000
1975-06-09,0.21066996455192566,0.9492189884185791,0.9661459922790527,0.9453129768371582,0.9661459922790527,1660800
1975-06-10,0.20749124884605408,0.9348959922790527,0.9401040077209473,0.9283850193023682,0.9401040077209473,1785600
1975-06-11,0.20633530616760254,0.9296879768371582,0.9505209922790527,0.9270830154418945,0.9348959922790527,1795200
1975-06-12,0.20113356411457062,0.90625,0.9270830154418945,0.90625,0.9270830154418945,1584000
1975-06-13,0.20546816289424896,0.9257810115814209,0.9270830154418945,0.90625,0.90625,1353600
1975-06-16,0.20691342651844025,0.9322919845581055,0.9375,0.9166669845581055,0.9257810115814209,1776000
1975-06-17,0.20344534516334534,0.9166669845581055,0.9361979961395264,0.9166669845581055,0.9322919845581055,1488000
1975-06-18,0.20171138644218445,0.9088540077209473,0.9153649806976318,0.8984379768371582,0.9153649806976318,1401600
1975-06-19,0.20286740362644196,0.9140629768371582,0.9166669845581055,0.90625,0.9088540077209473,2169600
1975-06-20,0.20489031076431274,0.9231770038604736,0.9361979961395264,0.9192709922790527,0.9192709922790527,3244800
1975-06-23,0.20893597602844238,0.9414060115814209,0.9466149806976318,0.9192709922790527,0.9231770038604736,2380800
1975-06-24,0.21066996455192566,0.9492189884185791,0.953125,0.9427080154418945,0.9427080154418945,2246400
1975-06-25,0.21211479604244232,0.9557290077209473,0.9557290077209473,0.9427080154418945,0.9492189884185791,1315200
1975-06-26,0.2080691158771515,0.9375,0.9557290077209473,0.9375,0.9557290077209473,2044800
1975-06-27,0.2080691158771515,0.9375,0.9453129768371582,0.9375,0.9375,2515200
1975-06-30,0.20951388776302338,0.9440100193023682,0.9453129768371582,0.9375,0.9375,1142400
1975-07-01,0.20749124884605408,0.9348959922790527,0.9440100193023682,0.9192709922790527,0.9440100193023682,2601600
1975-07-02,0.20864711701869965,0.9401040077209473,0.9427080154418945,0.9296879768371582,0.9348959922790527,1584000
1975-07-03,0.21124786138534546,0.9518229961395264,0.9518229961395264,0.9348959922790527,0.9401040077209473,950400
1975-07-07,0.2080691158771515,0.9375,0.9518229961395264,0.9375,0.9518229961395264,1180800
1975-07-08,0.20691342651844025,0.9322919845581055,0.9348959922790527,0.921875,0.9348959922790527,2294400
1975-07-09,0.21038110554218292,0.9479169845581055,0.9518229961395264,0.9375,0.9375,1171200
1975-07-10,0.21124786138534546,0.9518229961395264,0.9583330154418945,0.9505209922790527,0.9505209922790527,2448000
1975-07-11,0.21038110554218292,0.9479169845581055,0.9557290077209473,0.9440100193023682,0.9518229961395264,931200
1975-07-14,0.20980311930179596,0.9453129768371582,0.9479169845581055,0.9414060115814209,0.9479169845581055,1363200
1975-07-15,0.20633530616760254,0.9296879768371582,0.9505209922790527,0.9296879768371582,0.9453129768371582,3782400
1975-07-16,0.19911043345928192,0.8971350193023682,0.9401040077209473,0.8958330154418945,0.9296879768371582,3072000
1975-07-17,0.19766563177108765,0.890625,0.9140629768371582,0.8854169845581055,0.8971350193023682,2352000
1975-07-18,0.19361978769302368,0.8723959922790527,0.890625,0.8697919845581055,0.890625,3177600
1975-07-21,0.1924639791250229,0.8671879768371582,0.8828129768371582,0.859375,0.8723959922790527,2236800
1975-07-22,0.1962207853794098,0.8841149806976318,0.8854169845581055,0.8658850193023682,0.8671879768371582,2659200
1975-07-23,0.1959317922592163,0.8828129768371582,0.8880209922790527,0.8776040077209473,0.8841149806976318,3724800
1975-07-24,0.1930420845746994,0.8697919845581055,0.8841149806976318,0.8619790077209473,0.8828129768371582,2112000
1975-07-25,0.18899625539779663,0.8515629768371582,0.8723959922790527,0.8515629768371582,0.8697919845581055,3350400
1975-07-28,0.18697331845760345,0.8424479961395264,0.8528649806976318,0.8385419845581055,0.8515629768371582,2966400
1975-07-29,0.1861063539981842,0.8385419845581055,0.8515629768371582,0.8307290077209473,0.8424479961395264,2764800
1975-07-30,0.18697331845760345,0.8424479961395264,0.8489580154418945,0.8333330154418945,0.8385419845581055,3168000
1975-07-31,0.18437232077121735,0.8307290077209473,0.8489580154418945,0.8307290077209473,0.8424479961395264,1497600
1975-08-01,0.1806156039237976,0.8138020038604736,0.8359379768371582,0.8072919845581055,0.8307290077209473,1910400
1975-08-04,0.17570281028747559,0.7916669845581055,0.8098959922790527,0.7916669845581055,0.8098959922790527,1334400
1975-08-05,0.1736799031496048,0.7825520038604736,0.8020830154418945,0.78125,0.7916669845581055,3657600
1975-08-06,0.1814824640750885,0.8177080154418945,0.8177080154418945,0.7851560115814209,0.7851560115814209,3340800
1975-08-07,0.18090444803237915,0.8151040077209473,0.8255209922790527,0.8125,0.8177080154418945,2966400
1975-08-08,0.17917074263095856,0.8072919845581055,0.8177080154418945,0.8072919845581055,0.8151040077209473,1334400
1975-08-11,0.18234963715076447,0.8216149806976318,0.8216149806976318,0.8072919845581055,0.8072919845581055,2611200
1975-08-12,0.1811934858560562,0.8164060115814209,0.8294270038604736,0.8138020038604736,0.8216149806976318,1430400
1975-08-13,0.17743661999702454,0.7994790077209473,0.8151040077209473,0.7981770038604736,0.8151040077209473,1708800
1975-08-14,0.17685864865779877,0.796875,0.796875,0.7916669845581055,0.796875,1670400
1975-08-15,0.17945969104766846,0.8085939884185791,0.8125,0.7994790077209473,0.7994790077209473,1008000
1975-08-18,0.17656981945037842,0.7955729961395264,0.8151040077209473,0.7929689884185791,0.8085939884185791,1113600
1975-08-19,0.17483559250831604,0.7877600193023682,0.7955729961395264,0.7838540077209473,0.7955729961395264,1420800
1975-08-20,0.1733909398317337,0.78125,0.7851560115814209,0.7760419845581055,0.7851560115814209,2784000
1975-08-21,0.171656996011734,0.7734379768371582,0.7903649806976318,0.7708330154418945,0.78125,2179200
1975-08-22,0.1733909398317337,0.78125,0.78125,0.7708330154418945,0.7734379768371582,2006400
1975-08-25,0.17454680800437927,0.7864580154418945,0.7994790077209473,0.7825520038604736,0.7825520038604736,1459200
1975-08-26,0.17107896506786346,0.7708330154418945,0.7903649806976318,0.7708330154418945,0.7864580154418945,1478400
1975-08-27,0.1722349375486374,0.7760419845581055,0.7760419845581055,0.7669270038604736,0.7708330154418945,2131200
1975-08-28,0.17570281028747559,0.7916669845581055,0.7942709922790527,0.7734379768371582,0.7760419845581055,2563200
1975-08-29,0.1780145913362503,0.8020830154418945,0.8046879768371582,0.7825520038604736,0.7916669845581055,2803200
1975-09-02,0.1733909398317337,0.78125,0.8138020038604736,0.7799479961395264,0.8020830154418945,2889600
1975-09-03,0.17252416908740997,0.7773439884185791,0.7864580154418945,0.7721350193023682,0.78125,2092800
1975-09-04,0.16876716911792755,0.7604169845581055,0.78125,0.7578129768371582,0.7773439884185791,2006400
1975-09-05,0.169056236743927,0.7617189884185791,0.7708330154418945,0.7617189884185791,0.7617189884185791,2025600
1975-09-08,0.16818943619728088,0.7578129768371582,0.7591149806976318,0.7513020038604736,0.7591149806976318,1929600
1975-09-09,0.1655883938074112,0.7460939884185791,0.7708330154418945,0.7447919845581055,0.7578129768371582,2323200
1975-09-10,0.16488926112651825,0.7369790077209473,0.7395830154418945,0.734375,0.7395830154418945,1363200
1975-09-11,0.16430658102035522,0.734375,0.7421879768371582,0.7317709922790527,0.7369790077209473,1689600
1975-09-12,0.16488926112651825,0.7369790077209473,0.7447919845581055,0.7330729961395264,0.734375,1315200
1975-09-15,0.16372403502464294,0.7317709922790527,0.7395830154418945,0.7265629768371582,0.7369790077209473,1670400
1975-09-16,0.16372403502464294,0.7317709922790527,0.7369790077209473,0.7252600193023682,0.7317709922790527,2544000
1975-09-17,0.1622673124074936,0.7252600193023682,0.7330729961395264,0.7252600193023682,0.7317709922790527,1161600
1975-09-18,0.16896766424179077,0.7552080154418945,0.7552080154418945,0.7291669845581055,0.7291669845581055,2044800
1975-09-19,0.1747942715883255,0.78125,0.7890629768371582,0.7552080154418945,0.7552080154418945,3571200
1975-09-22,0.175959512591362,0.7864580154418945,0.796875,0.78125,0.78125,2611200
1975-09-23,0.17188096046447754,0.7682290077209473,0.7786459922790527,0.7526040077209473,0.7786459922790527,3590400
1975-09-24,0.17188096046447754,0.7682290077209473,0.7786459922790527,0.7630209922790527,0.7682290077209473,2323200
1975-09-25,0.17188096046447754,0.7682290077209473,0.7760419845581055,0.7630209922790527,0.7682290077209473,1766400
1975-09-26,0.1707158386707306,0.7630209922790527,0.7760419845581055,0.7630209922790527,0.7682290077209473,825600
1975-09-29,0.16955065727233887,0.7578129768371582,0.7630209922790527,0.7552080154418945,0.7630209922790527,873600
1975-09-30,0.16488926112651825,0.7369790077209473,0.7552080154418945,0.7317709922790527,0.7552080154418945,2121600
1975-10-01,0.16314134001731873,0.7291669845581055,0.7447919845581055,0.7278649806976318,0.7369790077209473,2956800
1975-10-02,0.16780248284339905,0.75,0.75,0.7382810115814209,0.7382810115814209,1670400
1975-10-03,0.175959512591362,0.7864580154418945,0.7864580154418945,0.7552080154418945,0.7552080154418945,2131200
1975-10-06,0.177998885512352,0.7955729961395264,0.8046879768371582,0.7864580154418945,0.7864580154418945,2716800
1975-10-07,0.17945535480976105,0.8020830154418945,0.8046879768371582,0.7890629768371582,0.7955729961395264,1449600
1975-10-08,0.18353413045406342,0.8203129768371582,0.828125,0.8072919845581055,0.8072919845581055,2505600
1975-10-09,0.18615588545799255,0.8320310115814209,0.84375,0.8255209922790527,0.8255209922790527,2188800
1975-10-10,0.18353413045406342,0.8203129768371582,0.8411459922790527,0.8203129768371582,0.8320310115814209,3331200
1975-10-13,0.18499058485031128,0.8268229961395264,0.8268229961395264,0.8098959922790527,0.8203129768371582,1104000
1975-10-14,0.18236859142780304,0.8151040077209473,0.8333330154418945,0.8125,0.8268229961395264,3081600
1975-10-15,0.18236859142780304,0.8151040077209473,0.8229169845581055,0.8072919845581055,0.8151040077209473,2380800
1975-10-16,0.18528185784816742,0.828125,0.8411459922790527,0.8164060115814209,0.8164060115814209,3148800
1975-10-17,0.1876126080751419,0.8385419845581055,0.84375,0.8190100193023682,0.828125,2668800
1975-10-20,0.19343870878219604,0.8645830154418945,0.8645830154418945,0.8385419845581055,0.8385419845581055,2448000
1975-10-21,0.19285626709461212,0.8619790077209473,0.8776040077209473,0.8619790077209473,0.8645830154418945,2755200
1975-10-22,0.19460448622703552,0.8697919845581055,0.8697919845581055,0.859375,0.8619790077209473,1987200
1975-10-23,0.1978089064359665,0.8841149806976318,0.8854169845581055,0.8671879768371582,0.8697919845581055,1872000
1975-10-24,0.19285626709461212,0.8619790077209473,0.8854169845581055,0.8619790077209473,0.8841149806976318,2582400
1975-10-27,0.19402167201042175,0.8671879768371582,0.8776040077209473,0.859375,0.8619790077209473,1641600
1975-10-28,0.19460448622703552,0.8697919845581055,0.875,0.8645830154418945,0.8671879768371582,1545600
1975-10-29,0.1881953626871109,0.8411459922790527,0.8645830154418945,0.8398439884185791,0.8645830154418945,2630400
1975-10-30,0.1876126080751419,0.8385419845581055,0.8515629768371582,0.8359379768371582,0.8411459922790527,2976000
1975-10-31,0.18936043977737427,0.8463540077209473,0.8463540077209473,0.828125,0.8385419845581055,1276800
1975-11-03,0.18877781927585602,0.84375,0.8489580154418945,0.8411459922790527,0.8463540077209473,1353600
1975-11-04,0.1896517127752304,0.8476560115814209,0.8489580154418945,0.8372399806976318,0.84375,1920000
1975-11-05,0.19373033940792084,0.8658850193023682,0.8723959922790527,0.8515629768371582,0.8515629768371582,5395200
1975-11-06,0.19635207951068878,0.8776040077209473,0.8776040077209473,0.8658850193023682,0.8658850193023682,3955200
1975-11-07,0.1981002241373062,0.8854169845581055,0.8919270038604736,0.8789060115814209,0.8789060115814209,4732800
1975-11-10,0.19955676794052124,0.8919270038604736,0.8958330154418945,0.8828129768371582,0.8854169845581055,2688000
1975-11-11,0.20217861235141754,0.9036459922790527,0.90625,0.8893229961395264,0.8919270038604736,2505600
1975-11-12,0.20625734329223633,0.921875,0.9244790077209473,0.9088540077209473,0.9088540077209473,4416000
1975-11-13,0.20625734329223633,0.921875,0.9348959922790527,0.921875,0.921875,4924800
1975-11-14,0.20567452907562256,0.9192709922790527,0.921875,0.9166669845581055,0.921875,3494400
1975-11-17,0.2053832858800888,0.9179689884185791,0.9231770038604736,0.9127600193023682,0.9192709922790527,1814400
1975-11-18,0.2050919234752655,0.9166669845581055,0.9270830154418945,0.9166669845581055,0.9179689884185791,4310400
1975-11-19,0.20450930297374725,0.9140629768371582,0.9179689884185791,0.9036459922790527,0.9166669845581055,2496000
1975-11-20,0.2018873691558838,0.9023439884185791,0.921875,0.9023439884185791,0.9140629768371582,1862400
1975-11-21,0.2018873691558838,0.9023439884185791,0.9101560115814209,0.8958330154418945,0.9023439884185791,1968000
1975-11-24,0.202943354845047,0.9010419845581055,0.90625,0.8958330154418945,0.9023439884185791,1843200
1975-11-25,0.2058761566877365,0.9140629768371582,0.921875,0.9075520038604736,0.9075520038604736,1977600
1975-11-26,0.2058761566877365,0.9140629768371582,0.9192709922790527,0.90625,0.9140629768371582,2256000
1975-11-28,0.2052893042564392,0.9114580154418945,0.9179689884185791,0.9075520038604736,0.9140629768371582,1161600
1975-12-01,0.20646259188652039,0.9166669845581055,0.9244790077209473,0.9127600193023682,0.9127600193023682,1574400
1975-12-02,0.20411629974842072,0.90625,0.9140629768371582,0.8984379768371582,0.9140629768371582,3158400
1975-12-03,0.19502480328083038,0.8658850193023682,0.8893229961395264,0.8619790077209473,0.8893229961395264,5049600
1975-12-04,0.19473162293434143,0.8645830154418945,0.875,0.8567709922790527,0.8658850193023682,3648000
1975-12-05,0.19121234118938446,0.8489580154418945,0.8697919845581055,0.8489580154418945,0.8645830154418945,2553600
1975-12-08,0.19355860352516174,0.859375,0.8632810115814209,0.8463540077209473,0.8489580154418945,2592000
1975-12-09,0.19649124145507812,0.8723959922790527,0.8723959922790527,0.8541669845581055,0.859375,2342400
1975-12-10,0.19942399859428406,0.8854169845581055,0.8854169845581055,0.8723959922790527,0.8723959922790527,2380800
1975-12-11,0.19678452610969543,0.8736979961395264,0.8919270038604736,0.8723959922790527,0.8854169845581055,2592000
1975-12-12,0.19766439497470856,0.8776040077209473,0.8776040077209473,0.8697919845581055,0.8736979961395264,1478400
1975-12-15,0.1982509195804596,0.8802080154418945,0.8815100193023682,0.8710939884185791,0.8776040077209473,2073600
1975-12-16,0.200303852558136,0.8893229961395264,0.8932290077209473,0.8828129768371582,0.8828129768371582,2390400
1975-12-17,0.19883765280246735,0.8828129768371582,0.8958330154418945,0.8828129768371582,0.8893229961395264,1939200
1975-12-18,0.19678452610969543,0.8736979961395264,0.8841149806976318,0.8736979961395264,0.8828129768371582,1641600
1975-12-19,0.19121234118938446,0.8489580154418945,0.8723959922790527,0.8489580154418945,0.8723959922790527,2774400
1975-12-22,0.19033265113830566,0.8450520038604736,0.859375,0.8450520038604736,0.8489580154418945,2563200
1975-12-23,0.19355860352516174,0.859375,0.859375,0.8489580154418945,0.8489580154418945,1776000
1975-12-24,0.195318341255188,0.8671879768371582,0.875,0.8671879768371582,0.8671879768371582,1766400
1975-12-26,0.19649124145507812,0.8723959922790527,0.8723959922790527,0.8658850193023682,0.8671879768371582,403200
1975-12-29,0.1941450983285904,0.8619790077209473,0.8723959922790527,0.8619790077209473,0.8723959922790527,1449600
1975-12-30,0.19209234416484833,0.8528649806976318,0.8606770038604736,0.8489580154418945,0.8606770038604736,2188800
1975-12-31,0.1929720789194107,0.8567709922790527,0.8619790077209473,0.8515629768371582,0.8528649806976318,2006400
1976-01-02,0.19590480625629425,0.8697919845581055,0.8697919845581055,0.8541669845581055,0.8567709922790527,1305600
1976-01-05,0.20118354260921478,0.8932290077209473,0.8958330154418945,0.8671879768371582,0.8697919845581055,2236800
1976-01-06,0.202943354845047,0.9010419845581055,0.9088540077209473,0.8958330154418945,0.8958330154418945,3936000
1976-01-07,0.20235686004161835,0.8984379768371582,0.9140629768371582,0.8971350193023682,0.9010419845581055,4656000
1976-01-08,0.20352979004383087,0.9036459922790527,0.90625,0.8932290077209473,0.8984379768371582,2889600
1976-01-09,0.2070491462945938,0.9192709922790527,0.9244790077209473,0.8984379768371582,0.9036459922790527,2371200
1976-01-12,0.21056833863258362,0.9348959922790527,0.9348959922790527,0.9101560115814209,0.9192709922790527,2880000
1976-01-13,0.20939531922340393,0.9296879768371582,0.9401040077209473,0.9270830154418945,0.9348959922790527,6940800
1976-01-14,0.2108614593744278,0.9361979961395264,0.9361979961395264,0.921875,0.9296879768371582,4291200
1976-01-15,0.20792895555496216,0.9231770038604736,0.9375,0.9231770038604736,0.9361979961395264,2524800
1976-01-16,0.21203456819057465,0.9414060115814209,0.9414060115814209,0.9244790077209473,0.9244790077209473,2784000
1976-01-19,0.2135009914636612,0.9479169845581055,0.9544270038604736,0.9322919845581055,0.9414060115814209,3878400
1976-01-20,0.2108614593744278,0.9361979961395264,0.9518229961395264,0.9322919845581055,0.9479169845581055,2582400
1976-01-21,0.20910196006298065,0.9283850193023682,0.9375,0.9283850193023682,0.9361979961395264,4300800
1976-01-22,0.2126210778951645,0.9440100193023682,0.9479169845581055,0.9283850193023682,0.9283850193023682,2611200
1976-01-23,0.21731354296207428,0.9648439884185791,0.9765629768371582,0.9375,0.9440100193023682,4252800
1976-01-26,0.21936629712581635,0.9739580154418945,0.9895830154418945,0.96875,0.96875,6067200
1976-01-27,0.21291443705558777,0.9453129768371582,0.9622399806976318,0.9453129768371582,0.9622399806976318,4540800
1976-01-28,0.2126210778951645,0.9440100193023682,0.9505209922790527,0.9348959922790527,0.9453129768371582,2832000
1976-01-29,0.21965958178043365,0.9752600193023682,0.9752600193023682,0.9414060115814209,0.9440100193023682,2764800
1976-01-30,0.21760690212249756,0.9661459922790527,0.9921879768371582,0.9635419845581055,0.9752600193023682,5020800
1976-02-02,0.2164338380098343,0.9609379768371582,0.9661459922790527,0.9479169845581055,0.9661459922790527,2889600
1976-02-03,0.21584714949131012,0.9583330154418945,0.9635419845581055,0.9505209922790527,0.9609379768371582,4310400
1976-02-04,0.21438080072402954,0.9518229961395264,0.9609379768371582,0.9518229961395264,0.9583330154418945,2476800
1976-02-05,0.20968875288963318,0.9309899806976318,0.9505209922790527,0.9283850193023682,0.9505209922790527,3897600
1976-02-06,0.20939531922340393,0.9296879768371582,0.9453129768371582,0.921875,0.9309899806976318,4118400
1976-02-09,0.21115489304065704,0.9375,0.9414060115814209,0.9192709922790527,0.9296879768371582,4089600
1976-02-10,0.2117413580417633,0.9401040077209473,0.9453129768371582,0.9296879768371582,0.9375,1872000
1976-02-11,0.20998188853263855,0.9322919845581055,0.9466149806976318,0.9296879768371582,0.9401040077209473,2534400
1976-02-12,0.2055826485157013,0.9127600193023682,0.9348959922790527,0.9114580154418945,0.9322919845581055,2150400
1976-02-13,0.2032366842031479,0.9023439884185791,0.9153649806976318,0.9023439884185791,0.9127600193023682,2793600
1976-02-17,0.20206329226493835,0.8971350193023682,0.9101560115814209,0.8958330154418945,0.9023439884185791,4281600
1976-02-18,0.20089022815227509,0.8919270038604736,0.90625,0.8919270038604736,0.8971350193023682,3724800
1976-02-19,0.2070491462945938,0.9192709922790527,0.921875,0.9036459922790527,0.9036459922790527,4723200
1976-02-20,0.20968875288963318,0.9309899806976318,0.9440100193023682,0.9140629768371582,0.9192709922790527,6441600
1976-02-23,0.2102750688791275,0.9335939884185791,0.9375,0.9244790077209473,0.9309899806976318,2860800
1976-02-24,0.2088085412979126,0.9270830154418945,0.9414060115814209,0.9270830154418945,0.9335939884185791,4214400
1976-02-25,0.2058761566877365,0.9140629768371582,0.9348959922790527,0.90625,0.9270830154418945,3926400
1976-02-26,0.19883765280246735,0.8828129768371582,0.9127600193023682,0.8802080154418945,0.9127600193023682,4444800
1976-02-27,0.1982509195804596,0.8802080154418945,0.8958330154418945,0.8697919845581055,0.8828129768371582,4012800
1976-03-01,0.20352979004383087,0.9036459922790527,0.9036459922790527,0.8854169845581055,0.8854169845581055,2995200
1976-03-02,0.20440958440303802,0.9075520038604736,0.9166669845581055,0.9010419845581055,0.9036459922790527,4540800
1976-03-03,0.20470266044139862,0.9088540077209473,0.9244790077209473,0.8932290077209473,0.9075520038604736,6960000
1976-03-04,0.200303852558136,0.8893229961395264,0.9088540077209473,0.8854169845581055,0.9088540077209473,2208000
1976-03-05,0.19854393601417542,0.8815100193023682,0.9036459922790527,0.8789060115814209,0.8893229961395264,3868800
1976-03-08,0.20646259188652039,0.9166669845581055,0.9166669845581055,0.8854169845581055,0.8854169845581055,3129600
1976-03-09,0.20235686004161835,0.8984379768371582,0.9244790077209473,0.8984379768371582,0.9166669845581055,3907200
1976-03-10,0.20352979004383087,0.9036459922790527,0.9114580154418945,0.8984379768371582,0.8984379768371582,1852800
1976-03-11,0.20450393855571747,0.9010419845581055,0.9049479961395264,0.8854169845581055,0.9036459922790527,3955200
1976-03-12,0.2042083591222763,0.8997399806976318,0.9036459922790527,0.890625,0.9010419845581055,3436800
1976-03-15,0.20184418559074402,0.8893229961395264,0.8984379768371582,0.8893229961395264,0.8984379768371582,1814400
1976-03-16,0.20450393855571747,0.9010419845581055,0.9036459922790527,0.8867189884185791,0.8893229961395264,2352000
1976-03-17,0.20479953289031982,0.9023439884185791,0.9166669845581055,0.9010419845581055,0.9010419845581055,2745600
1976-03-18,0.20332174003124237,0.8958330154418945,0.9023439884185791,0.890625,0.9023439884185791,2784000
1976-03-19,0.2027307003736496,0.8932290077209473,0.8971350193023682,0.8880209922790527,0.8958330154418945,3955200
1976-03-22,0.2039129137992859,0.8984379768371582,0.9010419845581055,0.8932290077209473,0.8932290077209473,2822400
1976-03-23,0.20332174003124237,0.8958330154418945,0.8984379768371582,0.8880209922790527,0.8984379768371582,5203200
1976-03-24,0.20716358721256256,0.9127600193023682,0.9192709922790527,0.9010419845581055,0.9010419845581055,3964800
1976-03-25,0.20539042353630066,0.9049479961395264,0.9166669845581055,0.9049479961395264,0.9127600193023682,2640000
1976-03-26,0.2083459347486496,0.9179689884185791,0.9205729961395264,0.9114580154418945,0.9114580154418945,1488000
1976-03-29,0.206867977976799,0.9114580154418945,0.921875,0.9088540077209473,0.9179689884185791,2380800
1976-03-30,0.20479953289031982,0.9023439884185791,0.9140629768371582,0.9023439884185791,0.9114580154418945,1929600
1976-03-31,0.20775480568408966,0.9153649806976318,0.9166669845581055,0.9036459922790527,0.9036459922790527,2928000
1976-04-01,0.20598158240318298,0.9075520038604736,0.9153649806976318,0.9075520038604736,0.9153649806976318,3427200
1976-04-02,0.20598158240318298,0.9075520038604736,0.9114580154418945,0.8893229961395264,0.9075520038604736,2976000
1976-04-05,0.20539042353630066,0.9049479961395264,0.9101560115814209,0.8984379768371582,0.9075520038604736,2140800
1976-04-06,0.20568615198135376,0.90625,0.9140629768371582,0.90625,0.90625,3772800
1976-04-07,0.20066212117671967,0.8841149806976318,0.9036459922790527,0.8828129768371582,0.9036459922790527,4176000
1976-04-08,0.1985933929681778,0.875,0.8919270038604736,0.8710939884185791,0.8841149806976318,4521600
1976-04-09,0.19918446242809296,0.8776040077209473,0.8880209922790527,0.8736979961395264,0.875,1900800
1976-04-12,0.19888882339000702,0.8763020038604736,0.8841149806976318,0.875,0.8776040077209473,3196800
1976-04-13,0.20066212117671967,0.8841149806976318,0.8841149806976318,0.8697919845581055,0.8763020038604736,4233600
1976-04-14,0.20007094740867615,0.8815100193023682,0.8880209922790527,0.8802080154418945,0.8841149806976318,2054400
1976-04-15,0.19977547228336334,0.8802080154418945,0.8828129768371582,0.8736979961395264,0.8815100193023682,1372800
1976-04-19,0.20007094740867615,0.8815100193023682,0.8828129768371582,0.875,0.8802080154418945,2697600
1976-04-20,0.2027307003736496,0.8932290077209473,0.8945310115814209,0.8802080154418945,0.8815100193023682,5616000
1976-04-21,0.20864111185073853,0.9192709922790527,0.9244790077209473,0.8932290077209473,0.8932290077209473,4012800
1976-04-22,0.206867977976799,0.9114580154418945,0.9270830154418945,0.9114580154418945,0.9192709922790527,3235200
1976-04-23,0.20095759630203247,0.8854169845581055,0.90625,0.8854169845581055,0.90625,5193600
1976-04-26,0.20095759630203247,0.8854169845581055,0.890625,0.8828129768371582,0.8854169845581055,3292800
1976-04-27,0.19918446242809296,0.8776040077209473,0.890625,0.8763020038604736,0.8854169845581055,2419200
1976-04-28,0.1985933929681778,0.875,0.8919270038604736,0.8658850193023682,0.8776040077209473,3388800
1976-04-29,0.19741131365299225,0.8697919845581055,0.8815100193023682,0.8697919845581055,0.875,2160000
1976-04-30,0.195047065615654,0.859375,0.875,0.859375,0.8697919845581055,1795200
1976-05-03,0.19416040182113647,0.8554689884185791,0.8632810115814209,0.84375,0.859375,3580800
1976-05-04,0.19475160539150238,0.8580729961395264,0.859375,0.8502600193023682,0.8554689884185791,4166400
1976-05-05,0.195047065615654,0.859375,0.859375,0.8515629768371582,0.8580729961395264,2563200
1976-05-06,0.19682039320468903,0.8671879768371582,0.875,0.8541669845581055,0.859375,2553600
1976-05-07,0.20095759630203247,0.8854169845581055,0.8854169845581055,0.8710939884185791,0.8710939884185791,2774400
1976-05-10,0.19947993755340576,0.8789060115814209,0.8932290077209473,0.8776040077209473,0.8854169845581055,4310400
1976-05-11,0.19888882339000702,0.8763020038604736,0.8828129768371582,0.8736979961395264,0.8789060115814209,3129600
1976-05-12,0.19563812017440796,0.8619790077209473,0.8776040077209473,0.859375,0.8763020038604736,3052800
1976-05-13,0.1965244710445404,0.8658850193023682,0.8697919845581055,0.8567709922790527,0.8619790077209473,1737600
1976-05-14,0.19268272817134857,0.8489580154418945,0.8632810115814209,0.8463540077209473,0.8632810115814209,2563200
1976-05-17,0.1920916736125946,0.8463540077209473,0.8528649806976318,0.8385419845581055,0.8489580154418945,2659200
1976-05-18,0.19356951117515564,0.8528649806976318,0.8541669845581055,0.8463540077209473,0.8463540077209473,3984000
1976-05-19,0.195047065615654,0.859375,0.8619790077209473,0.8541669845581055,0.8541669845581055,1977600
1976-05-20,0.19327406585216522,0.8515629768371582,0.8645830154418945,0.8515629768371582,0.859375,3465600
1976-05-21,0.18943195044994354,0.8346350193023682,0.8567709922790527,0.8333330154418945,0.8515629768371582,3062400
1976-05-24,0.18884092569351196,0.8320310115814209,0.8372399806976318,0.8307290077209473,0.8346350193023682,3331200
1976-05-25,0.19002322852611542,0.8372399806976318,0.8398439884185791,0.8320310115814209,0.8320310115814209,4588800
1976-05-26,0.19002322852611542,0.8372399806976318,0.8450520038604736,0.8359379768371582,0.8372399806976318,2688000
1976-05-27,0.18972767889499664,0.8359379768371582,0.8359379768371582,0.8255209922790527,0.8359379768371582,5318400
1976-05-28,0.1920916736125946,0.8463540077209473,0.8463540077209473,0.8346350193023682,0.8359379768371582,3648000
1976-06-01,0.19031879305839539,0.8385419845581055,0.84375,0.8320310115814209,0.84375,2006400
1976-06-02,0.1867724061012268,0.8229169845581055,0.8411459922790527,0.8229169845581055,0.8385419845581055,3436800
1976-06-03,0.1864769458770752,0.8216149806976318,0.8268229961395264,0.8203129768371582,0.8229169845581055,5539200
1976-06-04,0.18440811336040497,0.8125,0.8229169845581055,0.8098959922790527,0.8216149806976318,2419200
1976-06-07,0.18411259353160858,0.8111979961395264,0.8151040077209473,0.8111979961395264,0.8125,3590400
1976-06-08,0.1868833303451538,0.8164060115814209,0.8177080154418945,0.8085939884185791,0.8111979961395264,5126400
1976-06-09,0.18718144297599792,0.8177080154418945,0.8229169845581055,0.8125,0.8164060115814209,3686400
1976-06-10,0.18956603109836578,0.828125,0.8307290077209473,0.8125,0.8177080154418945,4512000
1976-06-11,0.1922486573457718,0.8398439884185791,0.8411459922790527,0.8320310115814209,0.8320310115814209,6240000
1976-06-14,0.19433464109897614,0.8489580154418945,0.8502600193023682,0.84375,0.84375,6470400
1976-06-15,0.19433464109897614,0.8489580154418945,0.8515629768371582,0.8411459922790527,0.8489580154418945,3724800
1976-06-16,0.19373862445354462,0.8463540077209473,0.8541669845581055,0.84375,0.8489580154418945,4473600
1976-06-17,0.19701749086380005,0.8606770038604736,0.8632810115814209,0.8528649806976318,0.8528649806976318,4886400
1976-06-18,0.19552716612815857,0.8541669845581055,0.8697919845581055,0.8541669845581055,0.8606770038604736,3926400
1976-06-21,0.1940368115901947,0.8476560115814209,0.8502600193023682,0.8385419845581055,0.8502600193023682,3657600
1976-06-22,0.1919504702091217,0.8385419845581055,0.8476560115814209,0.8385419845581055,0.8476560115814209,2169600
1976-06-23,0.1907581090927124,0.8333330154418945,0.84375,0.828125,0.8385419845581055,2956800
1976-06-24,0.19373862445354462,0.8463540077209473,0.8463540077209473,0.8307290077209473,0.8333330154418945,3427200
1976-06-25,0.19433464109897614,0.8489580154418945,0.8567709922790527,0.8463540077209473,0.8463540077209473,2054400
1976-06-28,0.1931426078081131,0.84375,0.8528649806976318,0.84375,0.8489580154418945,3667200
1976-06-29,0.19791154563426971,0.8645830154418945,0.8710939884185791,0.8515629768371582,0.8515629768371582,3830400
1976-06-30,0.20059402287006378,0.8763020038604736,0.8828129768371582,0.8697919845581055,0.8697919845581055,3340800
1976-07-01,0.19940195977687836,0.8710939884185791,0.8776040077209473,0.8658850193023682,0.8763020038604736,1939200
1976-07-02,0.19880570471286774,0.8684899806976318,0.8723959922790527,0.8632810115814209,0.8710939884185791,2371200
1976-07-06,0.19761356711387634,0.8632810115814209,0.8723959922790527,0.8632810115814209,0.8684899806976318,3715200
1976-07-07,0.19910386204719543,0.8697919845581055,0.8697919845581055,0.8645830154418945,0.8645830154418945,1833600
1976-07-08,0.20029611885547638,0.875,0.8802080154418945,0.8697919845581055,0.8697919845581055,3782400
1976-07-09,0.20566131174564362,0.8984379768371582,0.8984379768371582,0.8723959922790527,0.875,2601600
1976-07-12,0.20983409881591797,0.9166669845581055,0.9244790077209473,0.9036459922790527,0.9036459922790527,4300800
1976-07-13,0.20744958519935608,0.90625,0.9179689884185791,0.90625,0.9166669845581055,3177600
1976-07-14,0.20864158868789673,0.9114580154418945,0.9166669845581055,0.9036459922790527,0.90625,4454400
1976-07-15,0.20804554224014282,0.9088540077209473,0.9166669845581055,0.90625,0.9114580154418945,1488000
1976-07-16,0.2065553367137909,0.9023439884185791,0.9049479961395264,0.8958330154418945,0.9049479961395264,1689600
1976-07-19,0.20327675342559814,0.8880209922790527,0.9049479961395264,0.8880209922790527,0.9023439884185791,2352000
1976-07-20,0.20089229941368103,0.8776040077209473,0.890625,0.8723959922790527,0.8880209922790527,1670400
1976-07-21,0.20089229941368103,0.8776040077209473,0.8841149806976318,0.875,0.8776040077209473,2352000
1976-07-22,0.20089229941368103,0.8776040077209473,0.8789060115814209,0.8736979961395264,0.8776040077209473,2966400
1976-07-23,0.20357473194599152,0.8893229961395264,0.8932290077209473,0.8815100193023682,0.8815100193023682,2620800
1976-07-26,0.20625734329223633,0.9010419845581055,0.9023439884185791,0.8932290077209473,0.8932290077209473,2985600
1976-07-27,0.20625734329223633,0.9010419845581055,0.9075520038604736,0.9010419845581055,0.9010419845581055,2275200
1976-07-28,0.20625734329223633,0.9010419845581055,0.9010419845581055,0.8945310115814209,0.9010419845581055,2640000
1976-07-29,0.20715153217315674,0.9049479961395264,0.9049479961395264,0.8984379768371582,0.9010419845581055,1833600
1976-07-30,0.20685343444347382,0.9036459922790527,0.9049479961395264,0.8984379768371582,0.9049479961395264,2179200
1976-08-02,0.20744958519935608,0.90625,0.9088540077209473,0.9010419845581055,0.9036459922790527,1324800
1976-08-03,0.21102632582187653,0.921875,0.921875,0.9075520038604736,0.9075520038604736,3206400
1976-08-04,0.21132415533065796,0.9231770038604736,0.9270830154418945,0.9140629768371582,0.921875,4272000
1976-08-05,0.20864158868789673,0.9114580154418945,0.9192709922790527,0.9114580154418945,0.9192709922790527,2668800
1976-08-06,0.20685343444347382,0.9036459922790527,0.9114580154418945,0.9036459922790527,0.9114580154418945,1478400
1976-08-09,0.20417089760303497,0.8919270038604736,0.9088540077209473,0.8919270038604736,0.9036459922790527,2352000
1976-08-10,0.20625734329223633,0.9010419845581055,0.9010419845581055,0.8971350193023682,0.8971350193023682,1929600
1976-08-11,0.20685343444347382,0.9036459922790527,0.9114580154418945,0.8997399806976318,0.9010419845581055,3648000
1976-08-12,0.20744958519935608,0.90625,0.90625,0.8997399806976318,0.9036459922790527,2726400
1976-08-13,0.20923791825771332,0.9140629768371582,0.9140629768371582,0.9049479961395264,0.90625,2467200
1976-08-16,0.20893974602222443,0.9127600193023682,0.9127600193023682,0.9075520038604736,0.9127600193023682,4262400
1976-08-17,0.20923791825771332,0.9140629768371582,0.9153649806976318,0.9088540077209473,0.9127600193023682,3350400
1976-08-18,0.20983409881591797,0.9166669845581055,0.921875,0.9153649806976318,0.9153649806976318,3408000
1976-08-19,0.20893974602222443,0.9127600193023682,0.9192709922790527,0.9114580154418945,0.9166669845581055,2620800
1976-08-20,0.20864158868789673,0.9114580154418945,0.9140629768371582,0.9075520038604736,0.9127600193023682,2400000
1976-08-23,0.20476697385311127,0.8945310115814209,0.8997399806976318,0.8880209922790527,0.8997399806976318,5212800
1976-08-24,0.20119018852710724,0.8789060115814209,0.8880209922790527,0.8736979961395264,0.8880209922790527,2976000
1976-08-25,0.20387274026870728,0.890625,0.8932290077209473,0.8723959922790527,0.8789060115814209,3235200
1976-08-26,0.2020844966173172,0.8828129768371582,0.890625,0.8802080154418945,0.890625,2505600
1976-08-27,0.2017863541841507,0.8815100193023682,0.8854169845581055,0.875,0.8828129768371582,1084800
1976-08-30,0.20268069207668304,0.8854169845581055,0.8854169845581055,0.8802080154418945,0.8815100193023682,1776000
1976-08-31,0.20595914125442505,0.8997399806976318,0.8997399806976318,0.8828129768371582,0.8854169845581055,2860800
1976-09-01,0.20834362506866455,0.9101560115814209,0.9101560115814209,0.8984379768371582,0.8997399806976318,1939200
1976-09-02,0.20715153217315674,0.9049479961395264,0.9153649806976318,0.9049479961395264,0.9101560115814209,2409600
1976-09-03,0.20864158868789673,0.9114580154418945,0.9114580154418945,0.9036459922790527,0.9049479961395264,1593600
1976-09-07,0.21013213694095612,0.9179689884185791,0.9205729961395264,0.9114580154418945,0.9114580154418945,2131200
1976-09-08,0.21102632582187653,0.921875,0.9257810115814209,0.9192709922790527,0.9192709922790527,3312000
1976-09-09,0.20715153217315674,0.9049479961395264,0.9192709922790527,0.9036459922790527,0.9192709922790527,1843200
1976-09-10,0.2081415206193924,0.9023439884185791,0.9023439884185791,0.8828129768371582,0.9023439884185791,2668800
1976-09-13,0.20633940398693085,0.8945310115814209,0.9010419845581055,0.890625,0.9010419845581055,1737600
1976-09-14,0.2048376351594925,0.8880209922790527,0.8932290077209473,0.8867189884185791,0.8932290077209473,1737600
1976-09-15,0.20543834567070007,0.890625,0.8919270038604736,0.8880209922790527,0.8880209922790527,1968000
1976-09-16,0.20784123241901398,0.9010419845581055,0.9010419845581055,0.8880209922790527,0.890625,2035200
1976-09-17,0.21204590797424316,0.9192709922790527,0.9192709922790527,0.90625,0.90625,2976000
1976-09-20,0.20964315533638,0.9088540077209473,0.9192709922790527,0.9088540077209473,0.9192709922790527,2352000
1976-09-21,0.20994342863559723,0.9101560115814209,0.921875,0.9036459922790527,0.9088540077209473,3340800
1976-09-22,0.21414829790592194,0.9283850193023682,0.9335939884185791,0.9127600193023682,0.9127600193023682,4934400
1976-09-23,0.21114502847194672,0.9153649806976318,0.9283850193023682,0.9114580154418945,0.9283850193023682,5030400
1976-09-24,0.20844177901744843,0.9036459922790527,0.9114580154418945,0.9010419845581055,0.9114580154418945,3244800
1976-09-27,0.20964315533638,0.9088540077209473,0.9101560115814209,0.9049479961395264,0.9049479961395264,1190400
1976-09-28,0.2072405219078064,0.8984379768371582,0.9088540077209473,0.8880209922790527,0.9088540077209473,2400000
1976-09-29,0.20543834567070007,0.890625,0.8984379768371582,0.890625,0.8984379768371582,1516800
1976-09-30,0.20633940398693085,0.8945310115814209,0.8958330154418945,0.8880209922790527,0.890625,2140800
1976-10-01,0.2036362588405609,0.8828129768371582,0.8958330154418945,0.8828129768371582,0.8945310115814209,4732800
1976-10-04,0.2027350664138794,0.8789060115814209,0.8854169845581055,0.875,0.8828129768371582,4502400
1976-10-05,0.20333589613437653,0.8815100193023682,0.8815100193023682,0.8723959922790527,0.8789060115814209,2188800
1976-10-06,0.2036362588405609,0.8828129768371582,0.8880209922790527,0.8789060115814209,0.8815100193023682,2323200
1976-10-07,0.20543834567070007,0.890625,0.890625,0.8776040077209473,0.8828129768371582,3388800
1976-10-08,0.2048376351594925,0.8880209922790527,0.8984379768371582,0.8880209922790527,0.890625,2572800
1976-10-11,0.2048376351594925,0.8880209922790527,0.8880209922790527,0.8802080154418945,0.8880209922790527,1910400
1976-10-12,0.20183414220809937,0.875,0.8854169845581055,0.8710939884185791,0.8854169845581055,2236800
1976-10-13,0.20123353600502014,0.8723959922790527,0.8723959922790527,0.8632810115814209,0.8723959922790527,7555200
1976-10-14,0.19312411546707153,0.8372399806976318,0.8710939884185791,0.8359379768371582,0.8710939884185791,4070400
1976-10-15,0.19282379746437073,0.8359379768371582,0.8385419845581055,0.8320310115814209,0.8372399806976318,6633600
1976-10-18,0.19552680850028992,0.8476560115814209,0.8502600193023682,0.8372399806976318,0.8372399806976318,3235200
1976-10-19,0.19552680850028992,0.8476560115814209,0.8515629768371582,0.84375,0.8476560115814209,2419200
1976-10-20,0.19612732529640198,0.8502600193023682,0.8502600193023682,0.8411459922790527,0.8476560115814209,2380800
1976-10-21,0.19432540237903595,0.8424479961395264,0.8528649806976318,0.8411459922790527,0.8502600193023682,1948800
1976-10-22,0.1934245228767395,0.8385419845581055,0.8385419845581055,0.8190100193023682,0.8385419845581055,2668800
1976-10-25,0.19282379746437073,0.8359379768371582,0.8385419845581055,0.8255209922790527,0.8385419845581055,2505600
1976-10-26,0.19462573528289795,0.84375,0.8463540077209473,0.8333330154418945,0.8359379768371582,2870400
1976-10-27,0.19702856242656708,0.8541669845581055,0.8567709922790527,0.8476560115814209,0.8476560115814209,3187200
1976-10-28,0.19612732529640198,0.8502600193023682,0.859375,0.8502600193023682,0.8541669845581055,2150400
1976-10-29,0.19762928783893585,0.8567709922790527,0.8567709922790527,0.8463540077209473,0.8502600193023682,2208000
1976-11-01,0.19762928783893585,0.8567709922790527,0.8723959922790527,0.8567709922790527,0.8567709922790527,1968000
1976-11-03,0.19642804563045502,0.8515629768371582,0.8554689884185791,0.8463540077209473,0.8554689884185791,4032000
1976-11-04,0.19462573528289795,0.84375,0.8567709922790527,0.84375,0.8515629768371582,2198400
1976-11-05,0.18711701035499573,0.8111979961395264,0.8463540077209473,0.8059899806976318,0.84375,10108800
1976-11-08,0.18591566383838654,0.8059899806976318,0.8085939884185791,0.7942709922790527,0.8085939884185791,6067200
1976-11-09,0.18621596693992615,0.8072919845581055,0.8111979961395264,0.7994790077209473,0.8059899806976318,5280000
1976-11-10,0.18381325900554657,0.796875,0.8125,0.7955729961395264,0.8072919845581055,5020800
1976-11-11,0.18741735816001892,0.8125,0.8125,0.7955729961395264,0.796875,2092800
1976-11-12,0.18471422791481018,0.8007810115814209,0.8098959922790527,0.7942709922790527,0.8098959922790527,3187200
1976-11-15,0.18801811337471008,0.8151040077209473,0.8151040077209473,0.8007810115814209,0.8007810115814209,3052800
1976-11-16,0.18741735816001892,0.8125,0.8229169845581055,0.8111979961395264,0.8151040077209473,3024000
1976-11-17,0.1892196089029312,0.8203129768371582,0.8229169845581055,0.8098959922790527,0.8125,3206400
1976-11-18,0.19072124361991882,0.8268229961395264,0.828125,0.8177080154418945,0.8203129768371582,2870400
1976-11-19,0.1895199567079544,0.8216149806976318,0.8333330154418945,0.8216149806976318,0.8268229961395264,3225600
1976-11-22,0.19222290813922882,0.8333330154418945,0.8424479961395264,0.8255209922790527,0.8255209922790527,3408000
1976-11-23,0.19132190942764282,0.8294270038604736,0.8372399806976318,0.8242189884185791,0.8333330154418945,3139200
1976-11-24,0.19625748693943024,0.84375,0.84375,0.8216149806976318,0.8294270038604736,3820800
1976-11-26,0.1971660852432251,0.8476560115814209,0.8515629768371582,0.8398439884185791,0.84375,2563200
1976-11-29,0.19353166222572327,0.8320310115814209,0.8489580154418945,0.8307290077209473,0.8476560115814209,1152000
1976-11-30,0.1917145699262619,0.8242189884185791,0.8320310115814209,0.8216149806976318,0.8320310115814209,2140800
1976-12-01,0.1908060908317566,0.8203129768371582,0.8294270038604736,0.8203129768371582,0.8242189884185791,2294400
1976-12-02,0.1908060908317566,0.8203129768371582,0.8255209922790527,0.8203129768371582,0.8203129768371582,2179200
1976-12-03,0.18989726901054382,0.8164060115814209,0.8229169845581055,0.8138020038604736,0.8203129768371582,4368000
1976-12-06,0.1877773106098175,0.8072919845581055,0.8177080154418945,0.8072919845581055,0.8164060115814209,3273600
1976-12-07,0.18595995008945465,0.7994790077209473,0.8151040077209473,0.7994790077209473,0.8072919845581055,4012800
1976-12-08,0.18838296830654144,0.8098959922790527,0.8098959922790527,0.796875,0.7994790077209473,6336000
1976-12-09,0.18656562268733978,0.8020830154418945,0.8164060115814209,0.8020830154418945,0.8098959922790527,6528000
1976-12-10,0.1841428577899933,0.7916669845581055,0.8072919845581055,0.7890629768371582,0.8020830154418945,8832000
1976-12-13,0.18384017050266266,0.7903649806976318,0.7929689884185791,0.7825520038604736,0.7916669845581055,3187200
1976-12-14,0.18656562268733978,0.8020830154418945,0.8020830154418945,0.7890629768371582,0.7903649806976318,5155200
1976-12-15,0.1829313039779663,0.7864580154418945,0.8007810115814209,0.7851560115814209,0.8007810115814209,7056000
1976-12-16,0.1829313039779663,0.7864580154418945,0.7916669845581055,0.7838540077209473,0.7864580154418945,5356800
1976-12-17,0.18202288448810577,0.7825520038604736,0.796875,0.7825520038604736,0.7864580154418945,3820800
1976-12-20,0.1780855506658554,0.765625,0.7851560115814209,0.765625,0.7825520038604736,9936000
1976-12-21,0.18202288448810577,0.7825520038604736,0.7825520038604736,0.7643229961395264,0.765625,7430400
1976-12-22,0.18717160820960999,0.8046879768371582,0.8098959922790527,0.7877600193023682,0.7877600193023682,8764800
1976-12-23,0.1886858195066452,0.8111979961395264,0.8177080154418945,0.8072919845581055,0.8072919845581055,4790400
1976-12-27,0.18989726901054382,0.8164060115814209,0.8203129768371582,0.8098959922790527,0.8111979961395264,5673600
1976-12-28,0.19201746582984924,0.8255209922790527,0.828125,0.8177080154418945,0.8177080154418945,3552000
1976-12-29,0.18989726901054382,0.8164060115814209,0.8268229961395264,0.8138020038604736,0.8255209922790527,3744000
1976-12-30,0.19020019471645355,0.8177080154418945,0.8242189884185791,0.8177080154418945,0.8177080154418945,2409600
1976-12-31,0.19141162931919098,0.8229169845581055,0.8229169845581055,0.8151040077209473,0.8177080154418945,2217600
1977-01-03,0.19020019471645355,0.8177080154418945,0.8229169845581055,0.8138020038604736,0.8229169845581055,2611200
1977-01-04,0.18808020651340485,0.8085939884185791,0.8164060115814209,0.8020830154418945,0.8164060115814209,2880000
1977-01-05,0.1850513219833374,0.7955729961395264,0.8098959922790527,0.7955729961395264,0.8085939884185791,4003200
1977-01-06,0.1877773106098175,0.8072919845581055,0.8072919845581055,0.7955729961395264,0.7955729961395264,3110400
1977-01-07,0.18656562268733978,0.8020830154418945,0.8072919845581055,0.796875,0.8072919845581055,3388800
1977-01-10,0.18626287579536438,0.8007810115814209,0.8020830154418945,0.7981770038604736,0.8020830154418945,1910400
1977-01-11,0.18384017050266266,0.7903649806976318,0.8007810115814209,0.7864580154418945,0.8007810115814209,5289600
1977-01-12,0.18262851238250732,0.7851560115814209,0.7877600193023682,0.7799479961395264,0.7877600193023682,3484800
1977-01-13,0.1853543072938919,0.796875,0.8007810115814209,0.7890629768371582,0.7890629768371582,4300800
1977-01-14,0.1829313039779663,0.7864580154418945,0.796875,0.7864580154418945,0.796875,4329600
1977-01-17,0.1811140477657318,0.7786459922790527,0.7864580154418945,0.7760419845581055,0.7864580154418945,3484800
1977-01-18,0.1808113306760788,0.7773439884185791,0.7851560115814209,0.7708330154418945,0.7786459922790527,4972800
1977-01-19,0.18171991407871246,0.78125,0.7838540077209473,0.7695310115814209,0.7773439884185791,2860800
1977-01-20,0.1808113306760788,0.7773439884185791,0.7916669845581055,0.7760419845581055,0.78125,3331200
1977-01-21,0.18444573879241943,0.7929689884185791,0.7929689884185791,0.78125,0.78125,3696000
1977-01-24,0.18353720009326935,0.7890629768371582,0.7929689884185791,0.7864580154418945,0.7929689884185791,3763200
1977-01-25,0.18353720009326935,0.7890629768371582,0.7916669845581055,0.7838540077209473,0.7890629768371582,4348800
1977-01-26,0.1811140477657318,0.7786459922790527,0.7890629768371582,0.7773439884185791,0.7890629768371582,4041600
1977-01-27,0.1811140477657318,0.7786459922790527,0.78125,0.7747399806976318,0.7786459922790527,3840000
1977-01-28,0.18020564317703247,0.7747399806976318,0.7825520038604736,0.7721350193023682,0.7786459922790527,4934400
1977-01-31,0.1811140477657318,0.7786459922790527,0.7786459922790527,0.7695310115814209,0.7747399806976318,3580800
1977-02-01,0.18020564317703247,0.7747399806976318,0.78125,0.7682290077209473,0.7786459922790527,3638400
1977-02-02,0.1808113306760788,0.7773439884185791,0.78125,0.7708330154418945,0.7747399806976318,4348800
1977-02-03,0.17990277707576752,0.7734379768371582,0.7786459922790527,0.7734379768371582,0.7773439884185791,7161600
1977-02-04,0.18020564317703247,0.7747399806976318,0.7851560115814209,0.7721350193023682,0.7734379768371582,4550400
1977-02-07,0.1841428577899933,0.7916669845581055,0.796875,0.7838540077209473,0.7838540077209473,3609600
1977-02-08,0.1829313039779663,0.7864580154418945,0.7942709922790527,0.7773439884185791,0.7916669845581055,5500800
1977-02-09,0.18232567608356476,0.7838540077209473,0.7903649806976318,0.7786459922790527,0.7864580154418945,6134400
1977-02-10,0.1829313039779663,0.7864580154418945,0.7890629768371582,0.7825520038604736,0.7838540077209473,2620800
1977-02-11,0.1829313039779663,0.7864580154418945,0.7890629768371582,0.7825520038604736,0.7864580154418945,4003200
1977-02-14,0.18565712869167328,0.7981770038604736,0.7994790077209473,0.7825520038604736,0.7864580154418945,4176000
1977-02-15,0.18626287579536438,0.8007810115814209,0.8020830154418945,0.796875,0.7981770038604736,3312000
1977-02-16,0.18808020651340485,0.8085939884185791,0.8111979961395264,0.7955729961395264,0.8007810115814209,5356800
1977-02-17,0.18686866760253906,0.8033850193023682,0.8098959922790527,0.8020830154418945,0.8085939884185791,3782400
1977-02-18,0.18717160820960999,0.8046879768371582,0.8046879768371582,0.7994790077209473,0.8033850193023682,6777600
1977-02-22,0.18808020651340485,0.8085939884185791,0.8111979961395264,0.8033850193023682,0.8046879768371582,3062400
1977-02-23,0.18595995008945465,0.7994790077209473,0.8138020038604736,0.7981770038604736,0.8085939884185791,2928000
1977-02-24,0.18444573879241943,0.7929689884185791,0.7955729961395264,0.7916669845581055,0.7955729961395264,2620800
1977-02-25,0.18474845588207245,0.7942709922790527,0.7942709922790527,0.7877600193023682,0.7929689884185791,2755200
1977-02-28,0.18565712869167328,0.7981770038604736,0.7994790077209473,0.7903649806976318,0.7942709922790527,4300800
1977-03-01,0.19141162931919098,0.8229169845581055,0.8229169845581055,0.7981770038604736,0.7981770038604736,6422400
1977-03-02,0.19383437931537628,0.8333330154418945,0.8333330154418945,0.8229169845581055,0.8229169845581055,6019200
1977-03-03,0.1944403350353241,0.8359379768371582,0.8359379768371582,0.828125,0.8333330154418945,9532800
1977-03-04,0.18595995008945465,0.7994790077209473,0.8359379768371582,0.7981770038604736,0.8359379768371582,11020800
1977-03-07,0.1841428577899933,0.7916669845581055,0.8046879768371582,0.7799479961395264,0.7994790077209473,14246400
1977-03-08,0.1841428577899933,0.7916669845581055,0.8059899806976318,0.7916669845581055,0.7916669845581055,8284800
1977-03-09,0.17687422037124634,0.7604169845581055,0.7916669845581055,0.7604169845581055,0.7916669845581055,14611200
1977-03-10,0.18518753349781036,0.7877600193023682,0.796875,0.7630209922790527,0.7630209922790527,17395200
1977-03-11,0.18794241547584534,0.7994790077209473,0.8046879768371582,0.7942709922790527,0.7942709922790527,4147200
1977-03-14,0.19069726765155792,0.8111979961395264,0.8125,0.7955729961395264,0.7994790077209473,5107200
1977-03-15,0.1900852471590042,0.8085939884185791,0.8164060115814209,0.8072919845581055,0.8111979961395264,4204800
1977-03-16,0.19161559641361237,0.8151040077209473,0.8164060115814209,0.8111979961395264,0.8111979961395264,3532800
1977-03-17,0.1919216811656952,0.8164060115814209,0.8164060115814209,0.8125,0.8151040077209473,4617600
1977-03-18,0.19100339710712433,0.8125,0.8151040077209473,0.8111979961395264,0.8151040077209473,3216000
1977-03-21,0.1913096159696579,0.8138020038604736,0.8151040077209473,0.8098959922790527,0.8125,2400000
1977-03-22,0.19100339710712433,0.8125,0.8151040077209473,0.8098959922790527,0.8138020038604736,1968000
1977-03-23,0.19100339710712433,0.8125,0.8164060115814209,0.8111979961395264,0.8125,3609600
1977-03-24,0.18947292864322662,0.8059899806976318,0.8111979961395264,0.8059899806976318,0.8111979961395264,2995200
1977-03-25,0.1900852471590042,0.8085939884185791,0.8111979961395264,0.8072919845581055,0.8072919845581055,1372800
1977-03-28,0.19039122760295868,0.8098959922790527,0.8098959922790527,0.8046879768371582,0.8085939884185791,4070400
1977-03-29,0.19039122760295868,0.8098959922790527,0.8125,0.8059899806976318,0.8098959922790527,1382400
1977-03-30,0.18671803176403046,0.7942709922790527,0.8111979961395264,0.7942709922790527,0.8098959922790527,6153600
1977-03-31,0.18824853003025055,0.8007810115814209,0.8033850193023682,0.7929689884185791,0.7942709922790527,1564800
1977-04-01,0.1897791028022766,0.8072919845581055,0.8072919845581055,0.7994790077209473,0.8007810115814209,4300800
1977-04-04,0.1873302310705185,0.796875,0.8125,0.796875,0.8072919845581055,3168000
1977-04-05,0.18671803176403046,0.7942709922790527,0.8020830154418945,0.7890629768371582,0.796875,2332800
1977-04-06,0.18518753349781036,0.7877600193023682,0.7994790077209473,0.7877600193023682,0.7942709922790527,1833600
1977-04-07,0.18610592186450958,0.7916669845581055,0.7942709922790527,0.7890629768371582,0.7890629768371582,4473600
1977-04-11,0.18794241547584534,0.7994790077209473,0.8020830154418945,0.7916669845581055,0.7916669845581055,3744000
1977-04-12,0.1900852471590042,0.8085939884185791,0.8098959922790527,0.796875,0.7994790077209473,3561600
1977-04-13,0.19284017384052277,0.8203129768371582,0.8203129768371582,0.8033850193023682,0.8085939884185791,4300800
1977-04-14,0.19437044858932495,0.8268229961395264,0.8307290077209473,0.8164060115814209,0.8203129768371582,7756800
1977-04-15,0.19375833868980408,0.8242189884185791,0.828125,0.8229169845581055,0.8268229961395264,4147200
1977-04-18,0.19345223903656006,0.8229169845581055,0.828125,0.8216149806976318,0.8242189884185791,2563200
1977-04-19,0.19222787022590637,0.8177080154418945,0.8255209922790527,0.8164060115814209,0.8229169845581055,2793600
1977-04-20,0.19161559641361237,0.8151040077209473,0.8190100193023682,0.8125,0.8177080154418945,5385600
1977-04-21,0.18916703760623932,0.8046879768371582,0.8190100193023682,0.8046879768371582,0.8151040077209473,3888000
1977-04-22,0.18549378216266632,0.7890629768371582,0.8085939884185791,0.7890629768371582,0.8046879768371582,5952000
1977-04-25,0.17875976860523224,0.7604169845581055,0.7877600193023682,0.7604169845581055,0.7877600193023682,8582400
1977-04-26,0.17875976860523224,0.7604169845581055,0.7734379768371582,0.7591149806976318,0.7604169845581055,8937600
1977-04-27,0.17875976860523224,0.7604169845581055,0.7682290077209473,0.7486979961395264,0.7604169845581055,8409600
1977-04-28,0.18182070553302765,0.7734379768371582,0.7799479961395264,0.7604169845581055,0.7604169845581055,5337600
1977-04-29,0.18120840191841125,0.7708330154418945,0.7786459922790527,0.7643229961395264,0.7734379768371582,4377600
1977-05-02,0.18120840191841125,0.7708330154418945,0.7760419845581055,0.7643229961395264,0.7708330154418945,2361600
1977-05-03,0.18457536399364471,0.7851560115814209,0.7890629768371582,0.7773439884185791,0.7773439884185791,5568000
1977-05-04,0.18488141894340515,0.7864580154418945,0.7903649806976318,0.78125,0.7851560115814209,5337600
1977-05-05,0.1857999563217163,0.7903649806976318,0.7929689884185791,0.7851560115814209,0.7864580154418945,3369600
1977-05-06,0.18273891508579254,0.7773439884185791,0.7877600193023682,0.7760419845581055,0.7877600193023682,6096000
1977-05-09,0.1805962175130844,0.7682290077209473,0.7773439884185791,0.765625,0.7773439884185791,8208000
1977-05-10,0.18120840191841125,0.7708330154418945,0.7799479961395264,0.7682290077209473,0.7682290077209473,5232000
1977-05-11,0.1790657490491867,0.7617189884185791,0.7708330154418945,0.7604169845581055,0.7708330154418945,3820800
1977-05-12,0.17814761400222778,0.7578129768371582,0.7643229961395264,0.7578129768371582,0.7617189884185791,6633600
1977-05-13,0.1793719232082367,0.7630209922790527,0.765625,0.7578129768371582,0.7578129768371582,5088000
1977-05-16,0.180290088057518,0.7669270038604736,0.7747399806976318,0.7669270038604736,0.7669270038604736,2284800
1977-05-17,0.1836571991443634,0.78125,0.7838540077209473,0.7643229961395264,0.7669270038604736,3504000
1977-05-18,0.18273891508579254,0.7773439884185791,0.7851560115814209,0.7760419845581055,0.78125,6864000
1977-05-19,0.1805962175130844,0.7682290077209473,0.7786459922790527,0.7682290077209473,0.7773439884185791,4608000
1977-05-20,0.1836571991443634,0.78125,0.78125,0.7669270038604736,0.7682290077209473,8620800
1977-05-23,0.180902361869812,0.7695310115814209,0.7786459922790527,0.7682290077209473,0.7786459922790527,4752000
1977-05-24,0.18151432275772095,0.7721350193023682,0.7721350193023682,0.7669270038604736,0.7695310115814209,2611200
1977-05-25,0.17845356464385986,0.7591149806976318,0.7747399806976318,0.7578129768371582,0.7721350193023682,7574400
1977-05-26,0.17784135043621063,0.7565100193023682,0.7617189884185791,0.7513020038604736,0.7591149806976318,7238400
1977-05-27,0.17692293226718903,0.7526040077209473,0.7552080154418945,0.75,0.7552080154418945,2361600
1977-05-31,0.17600475251674652,0.7486979961395264,0.7552080154418945,0.7473959922790527,0.7526040077209473,2419200
1977-06-01,0.18243278563022614,0.7760419845581055,0.7786459922790527,0.7473959922790527,0.7786459922790527,4401600
1977-06-02,0.1793719232082367,0.7630209922790527,0.7760419845581055,0.7578129768371582,0.7760419845581055,2913600
1977-06-03,0.18243278563022614,0.7760419845581055,0.7786459922790527,0.7630209922790527,0.7630209922790527,3412800
1977-06-06,0.18488141894340515,0.7864580154418945,0.7890629768371582,0.7708330154418945,0.7760419845581055,3240000
1977-06-07,0.18120840191841125,0.7708330154418945,0.7890629768371582,0.7604169845581055,0.7864580154418945,8476800
1977-06-08,0.1836571991443634,0.78125,0.7864580154418945,0.7682290077209473,0.7708330154418945,5337600
1977-06-09,0.18426938354969025,0.7838540077209473,0.7838540077209473,0.7734379768371582,0.78125,2448000
1977-06-10,0.18431898951530457,0.7760419845581055,0.7786459922790527,0.7734379768371582,0.7786459922790527,1819200
1977-06-13,0.1818447858095169,0.765625,0.78125,0.765625,0.7760419845581055,4372800
1977-06-14,0.18308180570602417,0.7708330154418945,0.78125,0.765625,0.765625,3595200
1977-06-15,0.18308180570602417,0.7708330154418945,0.7734379768371582,0.7630209922790527,0.7708330154418945,4435200
1977-06-16,0.18308180570602417,0.7708330154418945,0.7760419845581055,0.7630209922790527,0.7708330154418945,4027200
1977-06-17,0.18370048701763153,0.7734379768371582,0.7734379768371582,0.765625,0.7708330154418945,3240000
1977-06-20,0.18122616410255432,0.7630209922790527,0.7708330154418945,0.7604169845581055,0.7708330154418945,3724800
1977-06-21,0.18431898951530457,0.7760419845581055,0.7786459922790527,0.765625,0.765625,2889600
1977-06-22,0.18555577099323273,0.78125,0.78125,0.7708330154418945,0.7760419845581055,3633600
1977-06-23,0.18493744730949402,0.7786459922790527,0.78125,0.7734379768371582,0.78125,2020800
1977-06-24,0.1874115914106369,0.7890629768371582,0.7942709922790527,0.7760419845581055,0.7786459922790527,3652800
1977-06-27,0.18803003430366516,0.7916669845581055,0.7942709922790527,0.7864580154418945,0.7890629768371582,3187200
1977-06-28,0.18679288029670715,0.7864580154418945,0.7942709922790527,0.7838540077209473,0.7916669845581055,2102400
1977-06-29,0.18370048701763153,0.7734379768371582,0.7838540077209473,0.7708330154418945,0.7838540077209473,4800000
1977-06-30,0.18431898951530457,0.7760419845581055,0.7786459922790527,0.765625,0.7734379768371582,3772800
1977-07-01,0.18308180570602417,0.7708330154418945,0.7786459922790527,0.7708330154418945,0.7760419845581055,2016000
1977-07-05,0.18493744730949402,0.7786459922790527,0.78125,0.7708330154418945,0.7708330154418945,2006400
1977-07-06,0.18555577099323273,0.78125,0.78125,0.7734379768371582,0.7786459922790527,1228800
1977-07-07,0.1874115914106369,0.7890629768371582,0.7916669845581055,0.7786459922790527,0.78125,1579200
1977-07-08,0.18864856660366058,0.7942709922790527,0.8020830154418945,0.7942709922790527,0.7942709922790527,1252800
1977-07-11,0.1874115914106369,0.7890629768371582,0.7942709922790527,0.7838540077209473,0.7942709922790527,1348800
1977-07-12,0.18803003430366516,0.7916669845581055,0.7916669845581055,0.7838540077209473,0.7890629768371582,1790400
1977-07-13,0.1892668753862381,0.796875,0.796875,0.7838540077209473,0.7916669845581055,1310400
1977-07-15,0.19545228779315948,0.8229169845581055,0.8255209922790527,0.8046879768371582,0.8046879768371582,2788800
1977-07-18,0.1966891586780548,0.828125,0.8307290077209473,0.8177080154418945,0.8229169845581055,3710400
1977-07-19,0.2010188102722168,0.8463540077209473,0.8489580154418945,0.8177080154418945,0.828125,3748800
1977-07-20,0.19854478538036346,0.8359379768371582,0.8515629768371582,0.8307290077209473,0.8463540077209473,2668800
1977-07-21,0.19607071578502655,0.8255209922790527,0.8333330154418945,0.8203129768371582,0.8333330154418945,1996800
1977-07-22,0.19792614877223969,0.8333330154418945,0.8385419845581055,0.828125,0.828125,1684800
1977-07-25,0.19545228779315948,0.8229169845581055,0.8359379768371582,0.8177080154418945,0.8333330154418945,1646400
1977-07-26,0.19607071578502655,0.8255209922790527,0.828125,0.8177080154418945,0.8229169845581055,1382400
1977-07-27,0.19545228779315948,0.8229169845581055,0.8255209922790527,0.8177080154418945,0.8255209922790527,897600
1977-07-28,0.19235965609550476,0.8098959922790527,0.8151040077209473,0.8072919845581055,0.8151040077209473,1579200
1977-07-29,0.19359664618968964,0.8151040077209473,0.8177080154418945,0.7994790077209473,0.8098959922790527,1747200
1977-08-01,0.1942150592803955,0.8177080154418945,0.8255209922790527,0.8072919845581055,0.8151040077209473,1752000
1977-08-02,0.19297809898853302,0.8125,0.8203129768371582,0.8046879768371582,0.8177080154418945,1704000
1977-08-03,0.19297809898853302,0.8125,0.8151040077209473,0.8046879768371582,0.8125,1060800
1977-08-04,0.19297809898853302,0.8125,0.8151040077209473,0.8098959922790527,0.8125,3523200
1977-08-05,0.1917412281036377,0.8072919845581055,0.8125,0.8020830154418945,0.8125,1584000
1977-08-08,0.1898854672908783,0.7994790077209473,0.8098959922790527,0.796875,0.8072919845581055,1468800
1977-08-09,0.1917412281036377,0.8072919845581055,0.8098959922790527,0.7942709922790527,0.7994790077209473,873600
1977-08-10,0.1917412281036377,0.8072919845581055,0.8098959922790527,0.8020830154418945,0.8072919845581055,1828800
1977-08-11,0.19112268090248108,0.8046879768371582,0.8098959922790527,0.8020830154418945,0.8072919845581055,2059200
1977-08-12,0.19112268090248108,0.8046879768371582,0.8072919845581055,0.7942709922790527,0.8046879768371582,1017600
1977-08-15,0.19235965609550476,0.8098959922790527,0.8098959922790527,0.796875,0.8046879768371582,1435200
1977-08-16,0.19235965609550476,0.8098959922790527,0.8125,0.8072919845581055,0.8098959922790527,2952000
1977-08-17,0.19297809898853302,0.8125,0.8151040077209473,0.8046879768371582,0.8098959922790527,1075200
1977-08-18,0.19545228779315948,0.8229169845581055,0.8385419845581055,0.8098959922790527,0.8125,3691200
1977-08-19,0.1966891586780548,0.828125,0.8333330154418945,0.8203129768371582,0.8229169845581055,1521600
1977-08-22,0.19792614877223969,0.8333330154418945,0.8359379768371582,0.8203129768371582,0.828125,2342400
1977-08-23,0.19854478538036346,0.8359379768371582,0.8385419845581055,0.8307290077209473,0.8333330154418945,1886400
1977-08-24,0.197307750582695,0.8307290077209473,0.8385419845581055,0.8307290077209473,0.8359379768371582,2510400
1977-08-25,0.19359664618968964,0.8151040077209473,0.8307290077209473,0.8098959922790527,0.8307290077209473,1272000
1977-08-26,0.19359664618968964,0.8151040077209473,0.8203129768371582,0.8072919845581055,0.8151040077209473,1478400
1977-08-29,0.197307750582695,0.8307290077209473,0.8359379768371582,0.8177080154418945,0.8177080154418945,1132800
1977-08-30,0.197307750582695,0.8307290077209473,0.8359379768371582,0.828125,0.8307290077209473,2164800
1977-08-31,0.1966891586780548,0.828125,0.8307290077209473,0.8151040077209473,0.8307290077209473,1934400
1977-09-01,0.197307750582695,0.8307290077209473,0.8359379768371582,0.8229169845581055,0.828125,950400
1977-09-02,0.197307750582695,0.8307290077209473,0.8359379768371582,0.8229169845581055,0.8307290077209473,2323200
1977-09-06,0.197307750582695,0.8307290077209473,0.8359379768371582,0.8229169845581055,0.8307290077209473,1334400
1977-09-07,0.19792614877223969,0.8333330154418945,0.8359379768371582,0.8307290077209473,0.8307290077209473,1483200
1977-09-08,0.1942150592803955,0.8177080154418945,0.8359379768371582,0.8177080154418945,0.8333330154418945,1478400
1977-09-09,0.1966891586780548,0.828125,0.8307290077209473,0.8177080154418945,0.8177080154418945,1478400
1977-09-12,0.1973639279603958,0.8229169845581055,0.828125,0.8177080154418945,0.828125,2448000
1977-09-13,0.19861306250095367,0.828125,0.828125,0.8203129768371582,0.8229169845581055,2520000
1977-09-14,0.20048677921295166,0.8359379768371582,0.8411459922790527,0.828125,0.828125,6446400
1977-09-15,0.20111122727394104,0.8385419845581055,0.84375,0.8333330154418945,0.8359379768371582,2702400
1977-09-16,0.20111122727394104,0.8385419845581055,0.8411459922790527,0.8359379768371582,0.8385419845581055,1872000
1977-09-19,0.19923748075962067,0.8307290077209473,0.8359379768371582,0.8203129768371582,0.8359379768371582,1425600
1977-09-20,0.1967393308877945,0.8203129768371582,0.828125,0.8125,0.828125,2380800
1977-09-21,0.19611462950706482,0.8177080154418945,0.8229169845581055,0.8125,0.8203129768371582,1680000
1977-09-22,0.19611462950706482,0.8177080154418945,0.8203129768371582,0.8151040077209473,0.8177080154418945,2827200
1977-09-23,0.1973639279603958,0.8229169845581055,0.8229169845581055,0.8177080154418945,0.8177080154418945,2016000
1977-09-26,0.19861306250095367,0.828125,0.828125,0.8203129768371582,0.8229169845581055,1660800
1977-09-27,0.19861306250095367,0.828125,0.8307290077209473,0.8229169845581055,0.828125,1272000
1977-09-28,0.19923748075962067,0.8307290077209473,0.8333330154418945,0.828125,0.828125,2875200
1977-09-29,0.19923748075962067,0.8307290077209473,0.8333330154418945,0.8255209922790527,0.8307290077209473,1944000
1977-09-30,0.19798827171325684,0.8255209922790527,0.8359379768371582,0.8255209922790527,0.8307290077209473,1569600
1977-10-03,0.20048677921295166,0.8359379768371582,0.8359379768371582,0.828125,0.828125,3369600
1977-10-04,0.1954900324344635,0.8151040077209473,0.8385419845581055,0.8151040077209473,0.8359379768371582,3206400
1977-10-05,0.19611462950706482,0.8177080154418945,0.8255209922790527,0.8125,0.8151040077209473,3537600
1977-10-06,0.19861306250095367,0.828125,0.828125,0.8151040077209473,0.8177080154418945,2620800
1977-10-07,0.19923748075962067,0.8307290077209473,0.8307290077209473,0.8229169845581055,0.828125,1214400
1977-10-10,0.19798827171325684,0.8255209922790527,0.8333330154418945,0.8203129768371582,0.8307290077209473,806400
1977-10-11,0.19986212253570557,0.8333330154418945,0.8359379768371582,0.8203129768371582,0.8255209922790527,2160000
1977-10-12,0.19174246490001678,0.7994790077209473,0.8203129768371582,0.7942709922790527,0.8203129768371582,2073600
1977-10-13,0.19174246490001678,0.7994790077209473,0.8098959922790527,0.796875,0.7994790077209473,1675200
1977-10-14,0.19174246490001678,0.7994790077209473,0.8177080154418945,0.7994790077209473,0.7994790077209473,3696000
1977-10-17,0.1929919570684433,0.8046879768371582,0.8046879768371582,0.796875,0.7994790077209473,1281600
1977-10-18,0.19174246490001678,0.7994790077209473,0.8072919845581055,0.796875,0.8046879768371582,979200
1977-10-19,0.18737080693244934,0.78125,0.7994790077209473,0.7760419845581055,0.7994790077209473,3364800
1977-10-20,0.18737080693244934,0.78125,0.7864580154418945,0.7708330154418945,0.78125,2097600
1977-10-21,0.18799525499343872,0.7838540077209473,0.7890629768371582,0.7786459922790527,0.78125,1540800
1977-10-24,0.18737080693244934,0.78125,0.7890629768371582,0.78125,0.7838540077209473,1483200
1977-10-25,0.1861216425895691,0.7760419845581055,0.78125,0.7630209922790527,0.78125,3441600
1977-10-26,0.18986909091472626,0.7916669845581055,0.7942709922790527,0.7760419845581055,0.7760419845581055,3403200
1977-10-27,0.19236715137958527,0.8020830154418945,0.8046879768371582,0.796875,0.796875,4718400
1977-10-28,0.18986909091472626,0.7916669845581055,0.8020830154418945,0.7916669845581055,0.8020830154418945,3480000
1977-10-31,0.18674631416797638,0.7786459922790527,0.7890629768371582,0.7734379768371582,0.7890629768371582,2424000
1977-11-01,0.18424776196479797,0.7682290077209473,0.78125,0.7682290077209473,0.7786459922790527,2232000
1977-11-02,0.1780022382736206,0.7421879768371582,0.7708330154418945,0.7395830154418945,0.7682290077209473,7756800
1977-11-03,0.18050041794776917,0.7526040077209473,0.7552080154418945,0.7421879768371582,0.7421879768371582,2836800
1977-11-04,0.1823742389678955,0.7604169845581055,0.7630209922790527,0.75,0.7526040077209473,3537600
1977-11-07,0.1861216425895691,0.7760419845581055,0.78125,0.7630209922790527,0.7630209922790527,3249600
1977-11-08,0.18737080693244934,0.78125,0.7864580154418945,0.7760419845581055,0.7760419845581055,7502400
1977-11-09,0.19174246490001678,0.7994790077209473,0.8020830154418945,0.7734379768371582,0.78125,4185600
1977-11-10,0.19486543536186218,0.8125,0.8125,0.7916669845581055,0.7994790077209473,6268800
1977-11-11,0.1967393308877945,0.8203129768371582,0.8307290077209473,0.8177080154418945,0.8177080154418945,3518400
1977-11-14,0.19486543536186218,0.8125,0.8203129768371582,0.8098959922790527,0.8203129768371582,3192000
1977-11-15,0.1929919570684433,0.8046879768371582,0.8125,0.7942709922790527,0.8125,3475200
1977-11-16,0.1929919570684433,0.8046879768371582,0.8098959922790527,0.7994790077209473,0.8046879768371582,2908800
1977-11-17,0.18986909091472626,0.7916669845581055,0.8020830154418945,0.7916669845581055,0.8020830154418945,3585600
1977-11-18,0.19361647963523865,0.8072919845581055,0.8072919845581055,0.7942709922790527,0.7942709922790527,3201600
1977-11-21,0.19236715137958527,0.8020830154418945,0.8098959922790527,0.8020830154418945,0.8072919845581055,3825600
1977-11-22,0.1929919570684433,0.8046879768371582,0.8098959922790527,0.8020830154418945,0.8020830154418945,4608000
1977-11-23,0.19361647963523865,0.8072919845581055,0.8072919845581055,0.7994790077209473,0.8046879768371582,3120000
1977-11-25,0.19555947184562683,0.8072919845581055,0.8072919845581055,0.796875,0.8072919845581055,2788800
1977-11-28,0.19303596019744873,0.796875,0.8072919845581055,0.796875,0.8072919845581055,2582400
1977-11-29,0.19177447259426117,0.7916669845581055,0.7942709922790527,0.7864580154418945,0.7942709922790527,1300800
1977-11-30,0.19114363193511963,0.7890629768371582,0.7942709922790527,0.7864580154418945,0.7916669845581055,1833600
1977-12-01,0.19051271677017212,0.7864580154418945,0.7942709922790527,0.7864580154418945,0.7890629768371582,2361600
1977-12-02,0.1886201798915863,0.7786459922790527,0.7916669845581055,0.7786459922790527,0.7864580154418945,2443200
1977-12-05,0.18672753870487213,0.7708330154418945,0.7786459922790527,0.7682290077209473,0.7786459922790527,2611200
1977-12-06,0.18546591699123383,0.765625,0.7682290077209473,0.7578129768371582,0.7682290077209473,3633600
1977-12-07,0.1848352551460266,0.7630209922790527,0.7682290077209473,0.7604169845581055,0.765625,3456000
1977-12-08,0.18609686195850372,0.7682290077209473,0.7708330154418945,0.7604169845581055,0.7630209922790527,5966400
1977-12-09,0.1879894882440567,0.7760419845581055,0.7838540077209473,0.7682290077209473,0.7682290077209473,1656000
1977-12-12,0.18735873699188232,0.7734379768371582,0.7760419845581055,0.765625,0.7760419845581055,1430400
1977-12-13,0.18735873699188232,0.7734379768371582,0.7760419845581055,0.7630209922790527,0.7734379768371582,2270400
1977-12-14,0.1879894882440567,0.7760419845581055,0.7760419845581055,0.765625,0.7734379768371582,2044800
1977-12-15,0.18609686195850372,0.7682290077209473,0.7838540077209473,0.7682290077209473,0.7760419845581055,4166400
1977-12-16,0.1879894882440567,0.7760419845581055,0.7786459922790527,0.765625,0.7682290077209473,1368000
1977-12-19,0.18609686195850372,0.7682290077209473,0.78125,0.7682290077209473,0.7760419845581055,1795200
1977-12-20,0.18546591699123383,0.765625,0.765625,0.7578129768371582,0.765625,2961600
1977-12-21,0.18420448899269104,0.7604169845581055,0.765625,0.7578129768371582,0.765625,2947200
1977-12-22,0.18420448899269104,0.7604169845581055,0.7760419845581055,0.7604169845581055,0.7604169845581055,2673600
1977-12-23,0.18546591699123383,0.765625,0.7734379768371582,0.7630209922790527,0.7630209922790527,2390400
1977-12-27,0.18609686195850372,0.7682290077209473,0.7760419845581055,0.765625,0.765625,1435200
1977-12-28,0.1848352551460266,0.7630209922790527,0.7708330154418945,0.7630209922790527,0.7682290077209473,1401600
1977-12-29,0.18672753870487213,0.7708330154418945,0.7708330154418945,0.7630209922790527,0.7630209922790527,4166400
1977-12-30,0.1879894882440567,0.7760419845581055,0.78125,0.7708330154418945,0.7708330154418945,2020800
1978-01-03,0.18357373774051666,0.7578129768371582,0.7682290077209473,0.7578129768371582,0.7682290077209473,2088000
1978-01-04,0.18546591699123383,0.765625,0.7682290077209473,0.7578129768371582,0.7578129768371582,2208000
1978-01-05,0.18357373774051666,0.7578129768371582,0.7838540077209473,0.7578129768371582,0.765625,1627200
1978-01-06,0.18357373774051666,0.7578129768371582,0.7578129768371582,0.7473959922790527,0.7578129768371582,1684800
1978-01-09,0.1816810667514801,0.75,0.7552080154418945,0.7421879768371582,0.7552080154418945,3249600
1978-01-10,0.1823118031024933,0.7526040077209473,0.7578129768371582,0.75,0.75,1526400
1978-01-11,0.18041935563087463,0.7447919845581055,0.7526040077209473,0.7421879768371582,0.7526040077209473,2827200
1978-01-12,0.17852668464183807,0.7369790077209473,0.7473959922790527,0.734375,0.7447919845581055,3259200
1978-01-13,0.17915761470794678,0.7395830154418945,0.7421879768371582,0.734375,0.7369790077209473,2020800
1978-01-16,0.18105018138885498,0.7473959922790527,0.75,0.7369790077209473,0.7395830154418945,2308800
1978-01-17,0.1816810667514801,0.75,0.75,0.7395830154418945,0.7473959922790527,2395200
1978-01-18,0.18357373774051666,0.7578129768371582,0.7578129768371582,0.7473959922790527,0.75,2678400
1978-01-19,0.1848352551460266,0.7630209922790527,0.7682290077209473,0.7552080154418945,0.7578129768371582,1344000
1978-01-20,0.18357373774051666,0.7578129768371582,0.765625,0.7552080154418945,0.7630209922790527,1238400
1978-01-23,0.1816810667514801,0.75,0.7578129768371582,0.7473959922790527,0.7578129768371582,2088000
1978-01-24,0.17915761470794678,0.7395830154418945,0.75,0.7395830154418945,0.75,2884800
1978-01-25,0.17915761470794678,0.7395830154418945,0.7447919845581055,0.7395830154418945,0.7395830154418945,1569600
1978-01-26,0.17789600789546967,0.734375,0.75,0.734375,0.7395830154418945,1862400
1978-01-27,0.17852668464183807,0.7369790077209473,0.7421879768371582,0.7317709922790527,0.734375,2342400
1978-01-30,0.1816810667514801,0.75,0.7526040077209473,0.7369790077209473,0.7369790077209473,4756800
1978-01-31,0.18041935563087463,0.7447919845581055,0.7578129768371582,0.7421879768371582,0.75,4689600
1978-02-01,0.18105018138885498,0.7473959922790527,0.7526040077209473,0.7421879768371582,0.7447919845581055,5529600
1978-02-02,0.18420448899269104,0.7604169845581055,0.7604169845581055,0.7473959922790527,0.7473959922790527,3796800
1978-02-03,0.18420448899269104,0.7604169845581055,0.7630209922790527,0.7526040077209473,0.7604169845581055,2856000
1978-02-06,0.18546591699123383,0.765625,0.7682290077209473,0.7552080154418945,0.7604169845581055,974400
1978-02-07,0.18672753870487213,0.7708330154418945,0.7734379768371582,0.765625,0.765625,2380800
1978-02-08,0.18735873699188232,0.7734379768371582,0.7760419845581055,0.7708330154418945,0.7708330154418945,3052800
1978-02-09,0.18609686195850372,0.7682290077209473,0.7734379768371582,0.7630209922790527,0.7734379768371582,1334400
1978-02-10,0.18420448899269104,0.7604169845581055,0.7682290077209473,0.7604169845581055,0.7682290077209473,3964800
1978-02-13,0.18546591699123383,0.765625,0.765625,0.7604169845581055,0.7604169845581055,1065600
1978-02-14,0.18420448899269104,0.7604169845581055,0.7630209922790527,0.7552080154418945,0.7630209922790527,3590400
1978-02-15,0.18357373774051666,0.7578129768371582,0.7578129768371582,0.75,0.7578129768371582,2380800
1978-02-16,0.1823118031024933,0.7526040077209473,0.7552080154418945,0.75,0.7552080154418945,2697600
1978-02-17,0.1816810667514801,0.75,0.7526040077209473,0.75,0.7526040077209473,1809600
1978-02-21,0.18041935563087463,0.7447919845581055,0.7526040077209473,0.7447919845581055,0.75,3326400
1978-02-22,0.18105018138885498,0.7473959922790527,0.75,0.7421879768371582,0.7447919845581055,4574400
1978-02-23,0.18105018138885498,0.7473959922790527,0.7473959922790527,0.7421879768371582,0.7473959922790527,2539200
1978-02-24,0.1823118031024933,0.7526040077209473,0.7552080154418945,0.75,0.75,2510400
1978-02-27,0.18105018138885498,0.7473959922790527,0.7552080154418945,0.7473959922790527,0.7526040077209473,1339200
1978-02-28,0.18105018138885498,0.7473959922790527,0.75,0.7421879768371582,0.7473959922790527,3067200
1978-03-01,0.18420448899269104,0.7604169845581055,0.7604169845581055,0.7421879768371582,0.7473959922790527,1977600
1978-03-02,0.18420448899269104,0.7604169845581055,0.7682290077209473,0.7578129768371582,0.7604169845581055,3009600
1978-03-03,0.18672753870487213,0.7708330154418945,0.7708330154418945,0.765625,0.765625,2534400
1978-03-06,0.18546591699123383,0.765625,0.7708330154418945,0.7604169845581055,0.7708330154418945,1617600
1978-03-07,0.18546591699123383,0.765625,0.765625,0.7604169845581055,0.765625,1291200
1978-03-08,0.18672753870487213,0.7708330154418945,0.7708330154418945,0.7630209922790527,0.765625,2611200
1978-03-09,0.1879894882440567,0.7760419845581055,0.7786459922790527,0.765625,0.7708330154418945,2356800
1978-03-10,0.1914873719215393,0.78125,0.78125,0.765625,0.7760419845581055,2668800
1978-03-13,0.1914873719215393,0.78125,0.7864580154418945,0.7786459922790527,0.78125,2361600
1978-03-14,0.19212567806243896,0.7838540077209473,0.7838540077209473,0.7786459922790527,0.78125,1972800
1978-03-15,0.19276390969753265,0.7864580154418945,0.7890629768371582,0.7838540077209473,0.7838540077209473,2904000
1978-03-16,0.19531698524951935,0.796875,0.7994790077209473,0.7864580154418945,0.7864580154418945,2337600
1978-03-17,0.19850866496562958,0.8098959922790527,0.8125,0.7942709922790527,0.796875,3235200
1978-03-20,0.20106182992458344,0.8203129768371582,0.8229169845581055,0.8151040077209473,0.8151040077209473,3633600
1978-03-21,0.19404052197933197,0.7916669845581055,0.8125,0.7864580154418945,0.8125,3504000
1978-03-22,0.19276390969753265,0.7864580154418945,0.796875,0.7838540077209473,0.7916669845581055,2318400
1978-03-23,0.19212567806243896,0.7838540077209473,0.7890629768371582,0.7708330154418945,0.7864580154418945,3331200
1978-03-27,0.19212567806243896,0.7838540077209473,0.7864580154418945,0.7760419845581055,0.7838540077209473,2942400
1978-03-28,0.19467885792255402,0.7942709922790527,0.796875,0.7786459922790527,0.7838540077209473,1464000
1978-03-29,0.19467885792255402,0.7942709922790527,0.7942709922790527,0.7838540077209473,0.7942709922790527,3768000
1978-03-30,0.19404052197933197,0.7916669845581055,0.7916669845581055,0.7838540077209473,0.7916669845581055,3249600
1978-03-31,0.19340236485004425,0.7890629768371582,0.7890629768371582,0.7838540077209473,0.7890629768371582,2136000
1978-04-03,0.19212567806243896,0.7838540077209473,0.7890629768371582,0.7786459922790527,0.7890629768371582,1046400
1978-04-04,0.19212567806243896,0.7838540077209473,0.7890629768371582,0.78125,0.7838540077209473,2697600
1978-04-05,0.19595536589622498,0.7994790077209473,0.7994790077209473,0.7838540077209473,0.7838540077209473,2116800
1978-04-06,0.19531698524951935,0.796875,0.7994790077209473,0.7864580154418945,0.7994790077209473,1848000
1978-04-07,0.1991468369960785,0.8125,0.8125,0.7994790077209473,0.7994790077209473,5035200
1978-04-10,0.1997850388288498,0.8151040077209473,0.8151040077209473,0.8072919845581055,0.8125,2294400
1978-04-11,0.1997850388288498,0.8151040077209473,0.8229169845581055,0.8098959922790527,0.8151040077209473,2208000
1978-04-12,0.20106182992458344,0.8203129768371582,0.8203129768371582,0.8151040077209473,0.8151040077209473,5688000
1978-04-13,0.20170003175735474,0.8229169845581055,0.8229169845581055,0.8177080154418945,0.8203129768371582,2832000
1978-04-14,0.20744465291500092,0.8463540077209473,0.8515629768371582,0.8333330154418945,0.8333330154418945,8232000
1978-04-17,0.21063615381717682,0.859375,0.8802080154418945,0.8541669845581055,0.8541669845581055,9513600
1978-04-18,0.20680643618106842,0.84375,0.8515629768371582,0.8385419845581055,0.8515629768371582,3686400
1978-04-19,0.20808281004428864,0.8489580154418945,0.8515629768371582,0.8385419845581055,0.84375,2841600
1978-04-20,0.20999781787395477,0.8567709922790527,0.8645830154418945,0.84375,0.8489580154418945,3715200
1978-04-21,0.20552974939346313,0.8385419845581055,0.8645830154418945,0.8385419845581055,0.8567709922790527,4900800
1978-04-24,0.2112744152545929,0.8619790077209473,0.8619790077209473,0.8411459922790527,0.8411459922790527,3144000
1978-04-25,0.21446570754051208,0.875,0.8854169845581055,0.875,0.875,10934400
1978-04-26,0.2157423347234726,0.8802080154418945,0.8854169845581055,0.8697919845581055,0.875,4248000
1978-04-27,0.2157423347234726,0.8802080154418945,0.8828129768371582,0.8723959922790527,0.8802080154418945,4665600
1978-04-28,0.2157423347234726,0.8802080154418945,0.8828129768371582,0.875,0.8802080154418945,3748800
1978-05-01,0.21701912581920624,0.8854169845581055,0.8854169845581055,0.8776040077209473,0.8802080154418945,3691200
1978-05-02,0.21191243827342987,0.8645830154418945,0.8828129768371582,0.8645830154418945,0.8828129768371582,7324800
1978-05-03,0.20680643618106842,0.84375,0.8671879768371582,0.84375,0.8645830154418945,5942400
1978-05-04,0.21318919956684113,0.8697919845581055,0.8697919845581055,0.8255209922790527,0.84375,7320000
1978-05-05,0.21191243827342987,0.8645830154418945,0.8776040077209473,0.8567709922790527,0.8697919845581055,4137600
1978-05-08,0.2112744152545929,0.8619790077209473,0.875,0.8619790077209473,0.8645830154418945,2390400
1978-05-09,0.20808281004428864,0.8489580154418945,0.8645830154418945,0.8489580154418945,0.8619790077209473,4881600
1978-05-10,0.2087213546037674,0.8515629768371582,0.8619790077209473,0.8515629768371582,0.8515629768371582,2630400
1978-05-11,0.21510417759418488,0.8776040077209473,0.8776040077209473,0.8333330154418945,0.8515629768371582,5865600
1978-05-12,0.2157423347234726,0.8802080154418945,0.8828129768371582,0.8697919845581055,0.8776040077209473,5232000
1978-05-15,0.21701912581920624,0.8854169845581055,0.8854169845581055,0.8776040077209473,0.8802080154418945,1737600
1978-05-16,0.22276359796524048,0.9088540077209473,0.9088540077209473,0.8854169845581055,0.8854169845581055,6969600
1978-05-17,0.22531668841838837,0.9192709922790527,0.921875,0.8984379768371582,0.9088540077209473,7089600
1978-05-18,0.22404031455516815,0.9140629768371582,0.9192709922790527,0.8984379768371582,0.9192709922790527,7118400
1978-05-19,0.22276359796524048,0.9088540077209473,0.9166669845581055,0.90625,0.9140629768371582,5467200
1978-05-22,0.22467857599258423,0.9166669845581055,0.921875,0.9036459922790527,0.9088540077209473,2956800
1978-05-23,0.22531668841838837,0.9192709922790527,0.921875,0.9140629768371582,0.9166669845581055,2702400
1978-05-24,0.22212544083595276,0.90625,0.9114580154418945,0.8984379768371582,0.9114580154418945,4305600
1978-05-25,0.22021053731441498,0.8984379768371582,0.9140629768371582,0.8984379768371582,0.90625,4195200
1978-05-26,0.21829554438591003,0.890625,0.8958330154418945,0.8854169845581055,0.8958330154418945,2764800
1978-05-30,0.21765732765197754,0.8880209922790527,0.8932290077209473,0.8802080154418945,0.890625,3100800
1978-05-31,0.21765732765197754,0.8880209922790527,0.8958330154418945,0.8828129768371582,0.8880209922790527,2827200
1978-06-01,0.21765732765197754,0.8880209922790527,0.8932290077209473,0.8828129768371582,0.8880209922790527,1420800
1978-06-02,0.223401740193367,0.9114580154418945,0.9140629768371582,0.8880209922790527,0.8880209922790527,1603200
1978-06-05,0.22723160684108734,0.9270830154418945,0.9270830154418945,0.9088540077209473,0.9114580154418945,8846400
1978-06-06,0.2259550243616104,0.921875,0.9375,0.9192709922790527,0.9270830154418945,4219200
1978-06-07,0.223401740193367,0.9114580154418945,0.9140629768371582,0.90625,0.9140629768371582,2164800
1978-06-08,0.223401740193367,0.9114580154418945,0.9140629768371582,0.90625,0.9114580154418945,2592000
1978-06-09,0.22467857599258423,0.9166669845581055,0.9166669845581055,0.90625,0.9114580154418945,2184000
1978-06-12,0.21854157745838165,0.8828129768371582,0.9088540077209473,0.8802080154418945,0.9088540077209473,2515200
1978-06-13,0.21789665520191193,0.8802080154418945,0.8854169845581055,0.8723959922790527,0.8828129768371582,2217600
1978-06-14,0.21789665520191193,0.8802080154418945,0.8958330154418945,0.8776040077209473,0.8802080154418945,4204800
1978-06-15,0.21596291661262512,0.8723959922790527,0.8828129768371582,0.8697919845581055,0.8802080154418945,3960000
1978-06-16,0.21273945271968842,0.859375,0.8723959922790527,0.859375,0.8723959922790527,3926400
1978-06-19,0.21467344462871552,0.8671879768371582,0.8671879768371582,0.8541669845581055,0.859375,3201600
1978-06-20,0.21338413655757904,0.8619790077209473,0.8697919845581055,0.859375,0.8671879768371582,4953600
1978-06-21,0.21402870118618011,0.8645830154418945,0.8723959922790527,0.859375,0.8619790077209473,2923200
1978-06-22,0.21467344462871552,0.8671879768371582,0.8723959922790527,0.8619790077209473,0.8645830154418945,1272000
1978-06-23,0.21273945271968842,0.859375,0.8697919845581055,0.859375,0.8671879768371582,3220800
1978-06-26,0.21145007014274597,0.8541669845581055,0.8723959922790527,0.8541669845581055,0.859375,2832000
1978-06-27,0.21209481358528137,0.8567709922790527,0.8645830154418945,0.8463540077209473,0.8541669845581055,2078400
1978-06-28,0.21467344462871552,0.8671879768371582,0.8671879768371582,0.8541669845581055,0.8567709922790527,1502400
1978-06-29,0.21402870118618011,0.8645830154418945,0.8776040077209473,0.859375,0.8671879768371582,2745600
1978-06-30,0.2153182029724121,0.8697919845581055,0.8697919845581055,0.8541669845581055,0.8645830154418945,1944000
1978-07-03,0.21273945271968842,0.859375,0.8671879768371582,0.8515629768371582,0.8671879768371582,772800
1978-07-05,0.21209481358528137,0.8567709922790527,0.8645830154418945,0.8541669845581055,0.859375,1824000
1978-07-06,0.21338413655757904,0.8619790077209473,0.8619790077209473,0.8541669845581055,0.8567709922790527,3292800
1978-07-07,0.21338413655757904,0.8619790077209473,0.8671879768371582,0.8567709922790527,0.8619790077209473,2558400
1978-07-10,0.21660737693309784,0.875,0.875,0.8541669845581055,0.8619790077209473,5712000
1978-07-11,0.21660737693309784,0.875,0.8802080154418945,0.8723959922790527,0.875,4065600
1978-07-12,0.21596291661262512,0.8723959922790527,0.8802080154418945,0.8671879768371582,0.875,3168000
1978-07-13,0.2153182029724121,0.8697919845581055,0.8723959922790527,0.859375,0.8723959922790527,2520000
1978-07-14,0.21596291661262512,0.8723959922790527,0.8723959922790527,0.859375,0.8697919845581055,1430400
1978-07-17,0.2153182029724121,0.8697919845581055,0.8854169845581055,0.8697919845581055,0.8723959922790527,2856000
1978-07-18,0.21145007014274597,0.8541669845581055,0.8723959922790527,0.8463540077209473,0.8697919845581055,1924800
1978-07-19,0.21467344462871552,0.8671879768371582,0.8697919845581055,0.8541669845581055,0.8541669845581055,2155200
1978-07-20,0.2095160037279129,0.8463540077209473,0.8776040077209473,0.8463540077209473,0.8671879768371582,3691200
1978-07-21,0.21145007014274597,0.8541669845581055,0.859375,0.8489580154418945,0.8489580154418945,969600
1978-07-24,0.21402870118618011,0.8645830154418945,0.8671879768371582,0.8515629768371582,0.8541669845581055,2299200
1978-07-25,0.2108055204153061,0.8515629768371582,0.8645830154418945,0.8463540077209473,0.8645830154418945,2529600
1978-07-26,0.21273945271968842,0.859375,0.859375,0.8515629768371582,0.8515629768371582,2908800
1978-07-27,0.21145007014274597,0.8541669845581055,0.8619790077209473,0.8515629768371582,0.859375,1992000
1978-07-28,0.21273945271968842,0.859375,0.8697919845581055,0.8567709922790527,0.8567709922790527,1737600
1978-07-31,0.21983081102371216,0.8880209922790527,0.8958330154418945,0.8671879768371582,0.8671879768371582,3523200
1978-08-01,0.22047534584999084,0.890625,0.8958330154418945,0.8802080154418945,0.8880209922790527,4852800
1978-08-02,0.22563263773918152,0.9114580154418945,0.9114580154418945,0.8854169845581055,0.890625,6024000
1978-08-03,0.22950081527233124,0.9270830154418945,0.9427080154418945,0.921875,0.921875,9153600
1978-08-04,0.23465801775455475,0.9479169845581055,0.9479169845581055,0.9244790077209473,0.9270830154418945,3576000
1978-08-07,0.23465801775455475,0.9479169845581055,0.9635419845581055,0.9453129768371582,0.9479169845581055,4358400
1978-08-08,0.23723655939102173,0.9583330154418945,0.9635419845581055,0.9401040077209473,0.9479169845581055,2313600
1978-08-09,0.23917080461978912,0.9661459922790527,0.984375,0.9583330154418945,0.9583330154418945,7339200
1978-08-10,0.2353028953075409,0.9505209922790527,0.9765629768371582,0.9453129768371582,0.9661459922790527,5587200
1978-08-11,0.23659197986125946,0.9557290077209473,0.9557290077209473,0.9140629768371582,0.9505209922790527,5366400
1978-08-14,0.23207934200763702,0.9375,0.9583330154418945,0.9270830154418945,0.9557290077209473,2702400
1978-08-15,0.23014545440673828,0.9296879768371582,0.9322919845581055,0.9166669845581055,0.9322919845581055,43156800
1978-08-16,0.2314346730709076,0.9348959922790527,0.9401040077209473,0.9296879768371582,0.9296879768371582,3484800
1978-08-17,0.23207934200763702,0.9375,0.9453129768371582,0.9322919845581055,0.9348959922790527,2236800
1978-08-18,0.2314346730709076,0.9348959922790527,0.9479169845581055,0.9348959922790527,0.9375,5438400
1978-08-21,0.23014545440673828,0.9296879768371582,0.9401040077209473,0.9270830154418945,0.9348959922790527,1886400
1978-08-22,0.235947385430336,0.953125,0.953125,0.921875,0.9296879768371582,4636800
1978-08-23,0.23401331901550293,0.9453129768371582,0.9609379768371582,0.9427080154418945,0.953125,2884800
1978-08-24,0.235947385430336,0.953125,0.9557290077209473,0.9427080154418945,0.9453129768371582,1704000
1978-08-25,0.23788148164749146,0.9609379768371582,0.9609379768371582,0.9479169845581055,0.953125,3648000
1978-08-28,0.235947385430336,0.953125,0.9609379768371582,0.953125,0.9609379768371582,4430400
1978-08-29,0.23401331901550293,0.9453129768371582,0.953125,0.9401040077209473,0.953125,4588800
1978-08-30,0.23272396624088287,0.9401040077209473,0.9479169845581055,0.9322919845581055,0.9453129768371582,8270400
1978-08-31,0.23207934200763702,0.9375,0.9453129768371582,0.9348959922790527,0.9401040077209473,3177600
1978-09-01,0.23207934200763702,0.9375,0.9401040077209473,0.9296879768371582,0.9375,4617600
1978-09-05,0.22885596752166748,0.9244790077209473,0.9322919845581055,0.9166669845581055,0.9322919845581055,5092800
1978-09-06,0.23788148164749146,0.9609379768371582,0.9609379768371582,0.9296879768371582,0.9296879768371582,7516800
1978-09-07,0.23788148164749146,0.9609379768371582,0.9661459922790527,0.953125,0.9609379768371582,4243200
1978-09-08,0.24079713225364685,0.9635419845581055,0.9635419845581055,0.953125,0.9609379768371582,2246400
1978-09-11,0.24209876358509064,0.96875,0.9765629768371582,0.9661459922790527,0.9661459922790527,2649600
1978-09-12,0.24405132234096527,0.9765629768371582,0.9791669845581055,0.9635419845581055,0.96875,5822400
1978-09-13,0.24209876358509064,0.96875,0.9765629768371582,0.9661459922790527,0.9765629768371582,5918400
1978-09-14,0.23624156415462494,0.9453129768371582,0.96875,0.9453129768371582,0.96875,4056000
1978-09-15,0.22843213379383087,0.9140629768371582,0.9296879768371582,0.90625,0.9296879768371582,5068800
1978-09-18,0.22322534024715424,0.8932290077209473,0.9270830154418945,0.8932290077209473,0.9140629768371582,3412800
1978-09-19,0.22257448732852936,0.890625,0.8984379768371582,0.8880209922790527,0.8932290077209473,4027200
1978-09-20,0.22517774999141693,0.9010419845581055,0.9010419845581055,0.8828129768371582,0.890625,4008000
1978-09-21,0.22973348200321198,0.9192709922790527,0.9192709922790527,0.9010419845581055,0.9010419845581055,2870400
1978-09-22,0.22582857310771942,0.9036459922790527,0.9192709922790527,0.9010419845581055,0.9192709922790527,2616000
1978-09-25,0.22843213379383087,0.9140629768371582,0.9166669845581055,0.90625,0.90625,1488000
1978-09-26,0.229082852602005,0.9166669845581055,0.9166669845581055,0.90625,0.9140629768371582,2803200
1978-09-27,0.22582857310771942,0.9036459922790527,0.921875,0.8984379768371582,0.9166669845581055,3000000
1978-09-28,0.229082852602005,0.9166669845581055,0.921875,0.8984379768371582,0.9036459922790527,2822400
1978-09-29,0.229082852602005,0.9166669845581055,0.9244790077209473,0.9088540077209473,0.9166669845581055,2443200
1978-10-02,0.23233677446842194,0.9296879768371582,0.9296879768371582,0.9166669845581055,0.9166669845581055,1521600
1978-10-03,0.2310350239276886,0.9244790077209473,0.9348959922790527,0.9192709922790527,0.9296879768371582,1891200
1978-10-04,0.22973348200321198,0.9192709922790527,0.9244790077209473,0.9114580154418945,0.9244790077209473,2116800
1978-10-05,0.23363825678825378,0.9348959922790527,0.9348959922790527,0.921875,0.921875,1497600
1978-10-06,0.23233677446842194,0.9296879768371582,0.9348959922790527,0.9270830154418945,0.9348959922790527,1430400
1978-10-09,0.23233677446842194,0.9296879768371582,0.9348959922790527,0.921875,0.9296879768371582,1286400
1978-10-10,0.23493985831737518,0.9401040077209473,0.9453129768371582,0.9270830154418945,0.9296879768371582,3868800
1978-10-11,0.2381938248872757,0.953125,0.953125,0.9322919845581055,0.9401040077209473,2160000
1978-10-12,0.2355906069278717,0.9427080154418945,0.9557290077209473,0.9375,0.953125,4915200
1978-10-13,0.23298759758472443,0.9322919845581055,0.9375,0.9244790077209473,0.9375,1584000
1978-10-16,0.23038426041603088,0.921875,0.9296879768371582,0.9140629768371582,0.9296879768371582,3576000
1978-10-17,0.22452722489833832,0.8984379768371582,0.9166669845581055,0.890625,0.9166669845581055,7665600
1978-10-18,0.22257448732852936,0.890625,0.9010419845581055,0.8854169845581055,0.8984379768371582,3686400
1978-10-19,0.22257448732852936,0.890625,0.9088540077209473,0.8880209922790527,0.890625,4372800
1978-10-20,0.21866974234580994,0.875,0.9010419845581055,0.8697919845581055,0.890625,3648000
1978-10-23,0.21606658399105072,0.8645830154418945,0.8854169845581055,0.8567709922790527,0.875,4233600
1978-10-24,0.21671748161315918,0.8671879768371582,0.8828129768371582,0.8619790077209473,0.8645830154418945,2342400
1978-10-25,0.21932034194469452,0.8776040077209473,0.8802080154418945,0.859375,0.8671879768371582,2702400
1978-10-26,0.21801909804344177,0.8723959922790527,0.8723959922790527,0.8619790077209473,0.8723959922790527,4084800
1978-10-27,0.21541577577590942,0.8619790077209473,0.8697919845581055,0.8541669845581055,0.8697919845581055,5078400
1978-10-30,0.21606658399105072,0.8645830154418945,0.8645830154418945,0.828125,0.8619790077209473,5529600
1978-10-31,0.21281269192695618,0.8515629768371582,0.8723959922790527,0.8489580154418945,0.8645830154418945,3504000
1978-11-01,0.22647938132286072,0.90625,0.90625,0.8541669845581055,0.8541669845581055,5318400
1978-11-02,0.22322534024715424,0.8932290077209473,0.8984379768371582,0.8854169845581055,0.8984379768371582,4752000
1978-11-03,0.22517774999141693,0.9010419845581055,0.9010419845581055,0.8828129768371582,0.8932290077209473,4056000
1978-11-06,0.22062230110168457,0.8828129768371582,0.9010419845581055,0.8828129768371582,0.9010419845581055,3441600
1978-11-07,0.2173682004213333,0.8697919845581055,0.875,0.8619790077209473,0.875,3014400
1978-11-08,0.2173682004213333,0.8697919845581055,0.8697919845581055,0.8541669845581055,0.8697919845581055,1867200
1978-11-09,0.21606658399105072,0.8645830154418945,0.8776040077209473,0.8567709922790527,0.8697919845581055,3110400
1978-11-10,0.21541577577590942,0.8619790077209473,0.8671879768371582,0.859375,0.8645830154418945,3451200
1978-11-13,0.2121616005897522,0.8489580154418945,0.8645830154418945,0.8489580154418945,0.8619790077209473,1780800
1978-11-14,0.2115108072757721,0.8463540077209473,0.859375,0.8411459922790527,0.8489580154418945,2496000
1978-11-15,0.2115108072757721,0.8463540077209473,0.8645830154418945,0.8463540077209473,0.8463540077209473,2937600
1978-11-16,0.21476489305496216,0.859375,0.8619790077209473,0.8463540077209473,0.8463540077209473,3086400
1978-11-17,0.21671748161315918,0.8671879768371582,0.8671879768371582,0.8567709922790527,0.859375,1891200
1978-11-20,0.21801909804344177,0.8723959922790527,0.8723959922790527,0.8645830154418945,0.8671879768371582,1468800
1978-11-21,0.2141142040491104,0.8567709922790527,0.8723959922790527,0.8567709922790527,0.8723959922790527,1627200
1978-11-22,0.2141142040491104,0.8567709922790527,0.8567709922790527,0.8489580154418945,0.8567709922790527,1449600
1978-11-24,0.21476489305496216,0.859375,0.8619790077209473,0.8489580154418945,0.8567709922790527,1185600
1978-11-27,0.21508094668388367,0.8515629768371582,0.8567709922790527,0.8463540077209473,0.8567709922790527,1555200
1978-11-28,0.21573852002620697,0.8541669845581055,0.8697919845581055,0.8463540077209473,0.8515629768371582,2054400
1978-11-29,0.21508094668388367,0.8515629768371582,0.859375,0.8489580154418945,0.8541669845581055,1622400
1978-11-30,0.21705400943756104,0.859375,0.8619790077209473,0.8489580154418945,0.8515629768371582,1267200
1978-12-01,0.2210003286600113,0.875,0.875,0.8645830154418945,0.8645830154418945,2486400
1978-12-04,0.22231590747833252,0.8802080154418945,0.8828129768371582,0.875,0.875,1780800
1978-12-05,0.22626228630542755,0.8958330154418945,0.9010419845581055,0.8776040077209473,0.8802080154418945,3777600
1978-12-06,0.22692036628723145,0.8984379768371582,0.9088540077209473,0.8958330154418945,0.8958330154418945,4358400
1978-12-07,0.22692036628723145,0.8984379768371582,0.90625,0.8958330154418945,0.8984379768371582,2462400
1978-12-08,0.22626228630542755,0.8958330154418945,0.9036459922790527,0.890625,0.8984379768371582,3360000
1978-12-11,0.23086678981781006,0.9140629768371582,0.9140629768371582,0.8932290077209473,0.8958330154418945,2256000
1978-12-12,0.23020878434181213,0.9114580154418945,0.9166669845581055,0.90625,0.9140629768371582,3144000
1978-12-13,0.22889326512813568,0.90625,0.9114580154418945,0.9036459922790527,0.9114580154418945,3984000
1978-12-14,0.2295510172843933,0.9088540077209473,0.9088540077209473,0.9010419845581055,0.90625,1219200
1978-12-15,0.22889326512813568,0.90625,0.9088540077209473,0.9036459922790527,0.9088540077209473,3110400
1978-12-18,0.2242891639471054,0.8880209922790527,0.890625,0.8802080154418945,0.890625,4824000
1978-12-19,0.22757785022258759,0.9010419845581055,0.9036459922790527,0.8854169845581055,0.8880209922790527,4838400
1978-12-20,0.23020878434181213,0.9114580154418945,0.9140629768371582,0.9010419845581055,0.9010419845581055,4593600
1978-12-21,0.22889326512813568,0.90625,0.921875,0.9036459922790527,0.9114580154418945,2952000
1978-12-22,0.23020878434181213,0.9114580154418945,0.9192709922790527,0.9114580154418945,0.9114580154418945,2265600
1978-12-26,0.23283982276916504,0.921875,0.921875,0.9114580154418945,0.9114580154418945,1468800
1978-12-27,0.23152446746826172,0.9166669845581055,0.9166669845581055,0.9088540077209473,0.9166669845581055,2404800
1978-12-28,0.22823578119277954,0.9036459922790527,0.9166669845581055,0.8984379768371582,0.9166669845581055,2323200
1978-12-29,0.23086678981781006,0.9140629768371582,0.9140629768371582,0.9010419845581055,0.9036459922790527,2236800
1979-01-02,0.22889326512813568,0.90625,0.9088540077209473,0.8932290077209473,0.9088540077209473,2006400
1979-01-03,0.2348131686449051,0.9296879768371582,0.9375,0.9036459922790527,0.90625,7224000
1979-01-04,0.23810169100761414,0.9427080154418945,0.9505209922790527,0.9348959922790527,0.9348959922790527,4243200
1979-01-05,0.2400747835636139,0.9505209922790527,0.9557290077209473,0.9479169845581055,0.9479169845581055,3739200
1979-01-08,0.23875951766967773,0.9453129768371582,0.9479169845581055,0.9427080154418945,0.9479169845581055,2961600
1979-01-09,0.2413901835680008,0.9557290077209473,0.9583330154418945,0.9479169845581055,0.9479169845581055,4036800
1979-01-10,0.23941722512245178,0.9479169845581055,0.953125,0.9427080154418945,0.953125,2164800
1979-01-11,0.23744384944438934,0.9401040077209473,0.9453129768371582,0.9348959922790527,0.9453129768371582,2928000
1979-01-12,0.23875951766967773,0.9453129768371582,0.9609379768371582,0.9453129768371582,0.9453129768371582,4252800
1979-01-15,0.2413901835680008,0.9557290077209473,0.9583330154418945,0.9505209922790527,0.9505209922790527,3182400
1979-01-16,0.23875951766967773,0.9453129768371582,0.9557290077209473,0.9453129768371582,0.9557290077209473,3052800
1979-01-17,0.23810169100761414,0.9427080154418945,0.9505209922790527,0.9375,0.9453129768371582,3388800
1979-01-18,0.23678608238697052,0.9375,0.9453129768371582,0.9296879768371582,0.9427080154418945,1320000
1979-01-19,0.2361285239458084,0.9348959922790527,0.9479169845581055,0.9348959922790527,0.9375,2280000
1979-01-22,0.23415514826774597,0.9270830154418945,0.9348959922790527,0.9192709922790527,0.9348959922790527,2145600
1979-01-23,0.2348131686449051,0.9296879768371582,0.9348959922790527,0.9296879768371582,0.9296879768371582,1248000
1979-01-24,0.2354709655046463,0.9322919845581055,0.9348959922790527,0.9270830154418945,0.9296879768371582,3326400
1979-01-25,0.2354709655046463,0.9322919845581055,0.9375,0.9296879768371582,0.9322919845581055,6110400
1979-01-26,0.2361285239458084,0.9348959922790527,0.9427080154418945,0.9296879768371582,0.9322919845581055,2760000
1979-01-29,0.23349735140800476,0.9244790077209473,0.9322919845581055,0.921875,0.9322919845581055,1017600
1979-01-30,0.23086678981781006,0.9140629768371582,0.921875,0.9114580154418945,0.921875,2097600
1979-01-31,0.23020878434181213,0.9114580154418945,0.921875,0.8984379768371582,0.9140629768371582,7027200
1979-02-01,0.23020878434181213,0.9114580154418945,0.9166669845581055,0.9036459922790527,0.9114580154418945,3110400
1979-02-02,0.23086678981781006,0.9140629768371582,0.921875,0.9114580154418945,0.9114580154418945,3134400
1979-02-05,0.22757785022258759,0.9010419845581055,0.9140629768371582,0.8958330154418945,0.9140629768371582,3753600
1979-02-06,0.22823578119277954,0.9036459922790527,0.9088540077209473,0.8984379768371582,0.9010419845581055,3307200
1979-02-07,0.2210003286600113,0.875,0.8958330154418945,0.8697919845581055,0.8958330154418945,1987200
1979-02-08,0.22165793180465698,0.8776040077209473,0.8828129768371582,0.875,0.875,1747200
1979-02-09,0.22165793180465698,0.8776040077209473,0.8828129768371582,0.875,0.8776040077209473,1152000
1979-02-12,0.22165793180465698,0.8776040077209473,0.8802080154418945,0.8567709922790527,0.8776040077209473,2544000
1979-02-13,0.22494685649871826,0.890625,0.8958330154418945,0.8880209922790527,0.8880209922790527,1795200
1979-02-14,0.22692036628723145,0.8984379768371582,0.9010419845581055,0.890625,0.890625,1348800
1979-02-15,0.22757785022258759,0.9010419845581055,0.9010419845581055,0.8854169845581055,0.8984379768371582,1660800
1979-02-16,0.22692036628723145,0.8984379768371582,0.9010419845581055,0.8880209922790527,0.9010419845581055,2856000
1979-02-20,0.22692036628723145,0.8984379768371582,0.8984379768371582,0.8854169845581055,0.8984379768371582,1272000
1979-02-21,0.2242891639471054,0.8880209922790527,0.8958330154418945,0.8828129768371582,0.8958330154418945,3345600
1979-02-22,0.22494685649871826,0.890625,0.8932290077209473,0.8854169845581055,0.8880209922790527,2572800
1979-02-23,0.22297386825084686,0.8828129768371582,0.890625,0.8802080154418945,0.890625,1262400
1979-02-26,0.2210003286600113,0.875,0.8828129768371582,0.8723959922790527,0.8828129768371582,2764800
1979-02-27,0.21902737021446228,0.8671879768371582,0.875,0.8541669845581055,0.875,3014400
1979-02-28,0.22165793180465698,0.8776040077209473,0.8776040077209473,0.8723959922790527,0.8723959922790527,1617600
1979-03-01,0.2210003286600113,0.875,0.8776040077209473,0.8671879768371582,0.8776040077209473,2390400
1979-03-02,0.22034282982349396,0.8723959922790527,0.875,0.8723959922790527,0.875,1627200
1979-03-05,0.2210003286600113,0.875,0.8802080154418945,0.8723959922790527,0.8723959922790527,2193600
1979-03-06,0.21836936473846436,0.8645830154418945,0.8776040077209473,0.8619790077209473,0.875,3043200
1979-03-07,0.21836936473846436,0.8645830154418945,0.8776040077209473,0.8567709922790527,0.8645830154418945,3307200
1979-03-08,0.2210003286600113,0.875,0.8802080154418945,0.8645830154418945,0.8645830154418945,1771200
1979-03-09,0.22494685649871826,0.890625,0.8958330154418945,0.875,0.875,2505600
1979-03-12,0.22363151609897614,0.8854169845581055,0.890625,0.8723959922790527,0.890625,1968000
1979-03-13,0.22158199548721313,0.8671879768371582,0.875,0.8671879768371582,0.875,3724800
1979-03-14,0.22158199548721313,0.8671879768371582,0.8697919845581055,0.8619790077209473,0.8671879768371582,3115200
1979-03-15,0.21892017126083374,0.8567709922790527,0.8697919845581055,0.8489580154418945,0.8671879768371582,1857600
1979-03-16,0.21825478971004486,0.8541669845581055,0.8567709922790527,0.8463540077209473,0.8567709922790527,3134400
1979-03-19,0.2169238179922104,0.8489580154418945,0.859375,0.84375,0.8541669845581055,2078400
1979-03-20,0.2135971039533615,0.8359379768371582,0.8515629768371582,0.828125,0.8489580154418945,4372800
1979-03-21,0.2149277627468109,0.8411459922790527,0.8411459922790527,0.8333330154418945,0.8359379768371582,3580800
1979-03-22,0.21758955717086792,0.8515629768371582,0.8515629768371582,0.8385419845581055,0.8411459922790527,3609600
1979-03-23,0.2169238179922104,0.8489580154418945,0.859375,0.8463540077209473,0.8515629768371582,2596800
1979-03-26,0.21825478971004486,0.8541669845581055,0.859375,0.84375,0.8489580154418945,3465600
1979-03-27,0.2195856273174286,0.859375,0.8619790077209473,0.8515629768371582,0.8541669845581055,3019200
1979-03-28,0.22158199548721313,0.8671879768371582,0.8697919845581055,0.8619790077209473,0.8619790077209473,2884800
1979-03-29,0.21892017126083374,0.8567709922790527,0.8697919845581055,0.8567709922790527,0.8671879768371582,2683200
1979-03-30,0.2195856273174286,0.859375,0.8645830154418945,0.8567709922790527,0.8567709922790527,1339200
1979-04-02,0.2155931442975998,0.84375,0.8567709922790527,0.8385419845581055,0.8567709922790527,4017600
1979-04-03,0.22224728763103485,0.8697919845581055,0.8697919845581055,0.8489580154418945,0.8489580154418945,3806400
1979-04-04,0.21892017126083374,0.8567709922790527,0.8776040077209473,0.8567709922790527,0.8697919845581055,5049600
1979-04-05,0.2195856273174286,0.859375,0.8645830154418945,0.8541669845581055,0.8567709922790527,2587200
1979-04-06,0.2195856273174286,0.859375,0.8671879768371582,0.8567709922790527,0.859375,3979200
1979-04-09,0.21825478971004486,0.8541669845581055,0.8645830154418945,0.8541669845581055,0.859375,1358400
1979-04-10,0.2155931442975998,0.84375,0.8541669845581055,0.8385419845581055,0.8541669845581055,3268800
1979-04-11,0.21160072088241577,0.828125,0.8463540077209473,0.828125,0.84375,3763200
1979-04-12,0.2076084464788437,0.8125,0.8229169845581055,0.8020830154418945,0.8229169845581055,6163200
1979-04-16,0.20827354490756989,0.8151040077209473,0.8151040077209473,0.8020830154418945,0.8125,2932800
1979-04-17,0.20694290101528168,0.8098959922790527,0.8177080154418945,0.8072919845581055,0.8151040077209473,4406400
1979-04-18,0.20960462093353271,0.8203129768371582,0.8203129768371582,0.8125,0.8125,5462400
1979-04-19,0.21160072088241577,0.828125,0.8333330154418945,0.8229169845581055,0.8229169845581055,4939200
1979-04-20,0.2135971039533615,0.8359379768371582,0.8359379768371582,0.8229169845581055,0.828125,2616000
1979-04-23,0.21226602792739868,0.8307290077209473,0.8359379768371582,0.8255209922790527,0.8359379768371582,1977600
1979-04-24,0.21226602792739868,0.8307290077209473,0.8411459922790527,0.828125,0.8307290077209473,3360000
1979-04-25,0.2149277627468109,0.8411459922790527,0.8411459922790527,0.8333330154418945,0.8333330154418945,2068800
1979-04-26,0.2129315286874771,0.8333330154418945,0.8411459922790527,0.8307290077209473,0.8411459922790527,4084800
1979-04-27,0.21093526482582092,0.8255209922790527,0.8359379768371582,0.8255209922790527,0.8333330154418945,1396800
1979-04-30,0.21226602792739868,0.8307290077209473,0.8333330154418945,0.8177080154418945,0.8255209922790527,3182400
1979-05-01,0.21160072088241577,0.828125,0.8385419845581055,0.828125,0.8307290077209473,3196800
1979-05-02,0.20827354490756989,0.8151040077209473,0.8307290077209473,0.8151040077209473,0.828125,6393600
1979-05-03,0.2076084464788437,0.8125,0.828125,0.8125,0.8151040077209473,4488000
1979-05-04,0.20561212301254272,0.8046879768371582,0.8125,0.8046879768371582,0.8125,4089600
1979-05-07,0.20494642853736877,0.8020830154418945,0.8098959922790527,0.8020830154418945,0.8046879768371582,2448000
1979-05-08,0.20561212301254272,0.8046879768371582,0.8046879768371582,0.7916669845581055,0.8020830154418945,2985600
1979-05-09,0.2029503583908081,0.7942709922790527,0.8072919845581055,0.7942709922790527,0.8046879768371582,7219200
1979-05-10,0.1962963044643402,0.7682290077209473,0.7942709922790527,0.7630209922790527,0.7942709922790527,5256000
1979-05-11,0.19696159660816193,0.7708330154418945,0.7760419845581055,0.7682290077209473,0.7682290077209473,5980800
1979-05-14,0.19962330162525177,0.78125,0.7838540077209473,0.7708330154418945,0.7708330154418945,2486400
1979-05-15,0.200288787484169,0.7838540077209473,0.7942709922790527,0.7838540077209473,0.7838540077209473,1924800
1979-05-16,0.19962330162525177,0.78125,0.7864580154418945,0.7734379768371582,0.7838540077209473,3609600
1979-05-17,0.19829250872135162,0.7760419845581055,0.78125,0.7734379768371582,0.78125,5491200
1979-05-18,0.19895797967910767,0.7786459922790527,0.78125,0.7760419845581055,0.7760419845581055,5630400
1979-05-21,0.19962330162525177,0.78125,0.7864580154418945,0.7760419845581055,0.7786459922790527,3456000
1979-05-22,0.20627745985984802,0.8072919845581055,0.8072919845581055,0.78125,0.78125,3408000
1979-05-23,0.2076084464788437,0.8125,0.8203129768371582,0.8046879768371582,0.8072919845581055,4569600
1979-05-24,0.20494642853736877,0.8020830154418945,0.8098959922790527,0.7916669845581055,0.8098959922790527,2606400
1979-05-25,0.20627745985984802,0.8072919845581055,0.8072919845581055,0.796875,0.8020830154418945,2409600
1979-05-29,0.20627745985984802,0.8072919845581055,0.8072919845581055,0.7994790077209473,0.8072919845581055,2596800
1979-05-30,0.20494642853736877,0.8020830154418945,0.8046879768371582,0.7994790077209473,0.8046879768371582,2812800
1979-05-31,0.20893903076648712,0.8177080154418945,0.8177080154418945,0.7994790077209473,0.8020830154418945,2745600
1979-06-01,0.20827354490756989,0.8151040077209473,0.8203129768371582,0.8125,0.8177080154418945,1315200
1979-06-04,0.20827354490756989,0.8151040077209473,0.8177080154418945,0.8098959922790527,0.8151040077209473,1718400
1979-06-05,0.20960462093353271,0.8203129768371582,0.8255209922790527,0.8125,0.8151040077209473,2352000
1979-06-06,0.20627745985984802,0.8072919845581055,0.8255209922790527,0.8072919845581055,0.8203129768371582,5044800
1979-06-07,0.20694290101528168,0.8098959922790527,0.8151040077209473,0.8046879768371582,0.8072919845581055,2563200
1979-06-08,0.2076084464788437,0.8125,0.8177080154418945,0.8098959922790527,0.8098959922790527,2476800
1979-06-11,0.21426238119602203,0.8385419845581055,0.8385419845581055,0.8151040077209473,0.8151040077209473,2400000
1979-06-12,0.21757645905017853,0.8411459922790527,0.8515629768371582,0.828125,0.8385419845581055,3945600
1979-06-13,0.21690285205841064,0.8385419845581055,0.8463540077209473,0.8385419845581055,0.8411459922790527,4382400
1979-06-14,0.21420830488204956,0.828125,0.8333330154418945,0.8229169845581055,0.8333330154418945,4305600
1979-06-15,0.2101667821407318,0.8125,0.828125,0.8125,0.828125,2380800
1979-06-18,0.20612505078315735,0.796875,0.8125,0.7942709922790527,0.8125,3441600
1979-06-19,0.20747199654579163,0.8020830154418945,0.8072919845581055,0.7942709922790527,0.796875,2188800
1979-06-20,0.20814594626426697,0.8046879768371582,0.8072919845581055,0.796875,0.8020830154418945,1243200
1979-06-21,0.20814594626426697,0.8046879768371582,0.8098959922790527,0.7994790077209473,0.8046879768371582,2467200
1979-06-22,0.20881956815719604,0.8072919845581055,0.8151040077209473,0.8046879768371582,0.8046879768371582,4507200
1979-06-25,0.20747199654579163,0.8020830154418945,0.8151040077209473,0.7916669845581055,0.8072919845581055,4003200
1979-06-26,0.20747199654579163,0.8020830154418945,0.8098959922790527,0.7994790077209473,0.8020830154418945,3518400
1979-06-27,0.20881956815719604,0.8072919845581055,0.8151040077209473,0.8020830154418945,0.8020830154418945,1905600
1979-06-28,0.20949311554431915,0.8098959922790527,0.828125,0.8046879768371582,0.8072919845581055,1857600
1979-06-29,0.20612505078315735,0.796875,0.8072919845581055,0.7890629768371582,0.8072919845581055,2462400
1979-07-02,0.20410428941249847,0.7890629768371582,0.7942709922790527,0.7838540077209473,0.7942709922790527,2289600
1979-07-03,0.20545153319835663,0.7942709922790527,0.7942709922790527,0.7890629768371582,0.7890629768371582,2035200
1979-07-05,0.20545153319835663,0.7942709922790527,0.7994790077209473,0.7916669845581055,0.7942709922790527,2760000
1979-07-06,0.20477797091007233,0.7916669845581055,0.7942709922790527,0.7864580154418945,0.7942709922790527,2841600
1979-07-09,0.20477797091007233,0.7916669845581055,0.796875,0.7890629768371582,0.7916669845581055,5068800
1979-07-10,0.20545153319835663,0.7942709922790527,0.7942709922790527,0.7838540077209473,0.7916669845581055,4684800
1979-07-11,0.20343045890331268,0.7864580154418945,0.7994790077209473,0.7864580154418945,0.7942709922790527,5448000
1979-07-12,0.20275691151618958,0.7838540077209473,0.7916669845581055,0.7838540077209473,0.7864580154418945,2832000
1979-07-13,0.20275691151618958,0.7838540077209473,0.7890629768371582,0.78125,0.7838540077209473,1704000
1979-07-16,0.20410428941249847,0.7890629768371582,0.7890629768371582,0.78125,0.7838540077209473,820800
1979-07-17,0.20140978693962097,0.7786459922790527,0.7890629768371582,0.7708330154418945,0.7890629768371582,3969600
1979-07-18,0.20140978693962097,0.7786459922790527,0.7786459922790527,0.765625,0.7786459922790527,4022400
1979-07-19,0.20073625445365906,0.7760419845581055,0.7890629768371582,0.7708330154418945,0.7786459922790527,2572800
1979-07-20,0.20073625445365906,0.7760419845581055,0.78125,0.765625,0.7760419845581055,1944000
1979-07-23,0.19938886165618896,0.7708330154418945,0.7760419845581055,0.7604169845581055,0.7760419845581055,2174400
1979-07-24,0.20275691151618958,0.7838540077209473,0.7864580154418945,0.7682290077209473,0.7708330154418945,1272000
1979-07-25,0.20477797091007233,0.7916669845581055,0.7942709922790527,0.7838540077209473,0.7838540077209473,1747200
1979-07-26,0.2128610908985138,0.8229169845581055,0.828125,0.7916669845581055,0.7916669845581055,5817600
1979-07-27,0.21218766272068024,0.8203129768371582,0.8229169845581055,0.8151040077209473,0.8229169845581055,1526400
1979-07-30,0.2135348618030548,0.8255209922790527,0.8255209922790527,0.8177080154418945,0.8203129768371582,2073600
1979-07-31,0.21151383221149445,0.8177080154418945,0.8255209922790527,0.8151040077209473,0.8255209922790527,5131200
1979-08-01,0.21084026992321014,0.8151040077209473,0.8177080154418945,0.8072919845581055,0.8177080154418945,5784000
1979-08-02,0.20949311554431915,0.8098959922790527,0.8177080154418945,0.8098959922790527,0.8151040077209473,2529600
1979-08-03,0.21084026992321014,0.8151040077209473,0.8151040077209473,0.8098959922790527,0.8098959922790527,3244800
1979-08-06,0.21151383221149445,0.8177080154418945,0.8177080154418945,0.8072919845581055,0.8151040077209473,2731200
1979-08-07,0.21555548906326294,0.8333330154418945,0.8333330154418945,0.8125,0.8177080154418945,6945600
1979-08-08,0.21555548906326294,0.8333330154418945,0.8359379768371582,0.8307290077209473,0.8333330154418945,5582400
1979-08-09,0.2135348618030548,0.8255209922790527,0.8333330154418945,0.8177080154418945,0.8333330154418945,4224000
1979-08-10,0.21555548906326294,0.8333330154418945,0.8333330154418945,0.8072919845581055,0.8255209922790527,6470400
1979-08-13,0.21488192677497864,0.8307290077209473,0.8385419845581055,0.828125,0.8333330154418945,3417600
1979-08-14,0.21488192677497864,0.8307290077209473,0.8307290077209473,0.8255209922790527,0.8307290077209473,5265600
1979-08-15,0.21555548906326294,0.8333330154418945,0.8333330154418945,0.8229169845581055,0.8307290077209473,3153600
1979-08-16,0.21690285205841064,0.8385419845581055,0.84375,0.8333330154418945,0.8333330154418945,4944000
1979-08-17,0.21622927486896515,0.8359379768371582,0.8385419845581055,0.8333330154418945,0.8385419845581055,2966400
1979-08-20,0.21825003623962402,0.84375,0.8463540077209473,0.8307290077209473,0.8359379768371582,2889600
1979-08-21,0.22027085721492767,0.8515629768371582,0.8515629768371582,0.8359379768371582,0.84375,3523200
1979-08-22,0.21959704160690308,0.8489580154418945,0.8515629768371582,0.84375,0.8515629768371582,3350400
1979-08-23,0.21959704160690308,0.8489580154418945,0.8515629768371582,0.84375,0.8489580154418945,1891200
1979-08-24,0.21690285205841064,0.8385419845581055,0.8411459922790527,0.8359379768371582,0.8411459922790527,1492800
1979-08-27,0.21757645905017853,0.8411459922790527,0.8515629768371582,0.8333330154418945,0.8385419845581055,2491200
1979-08-28,0.21690285205841064,0.8385419845581055,0.8541669845581055,0.8385419845581055,0.8411459922790527,3340800
1979-08-29,0.21622927486896515,0.8359379768371582,0.8385419845581055,0.8333330154418945,0.8385419845581055,2812800
1979-08-30,0.21488192677497864,0.8307290077209473,0.8359379768371582,0.8307290077209473,0.8359379768371582,1248000
1979-08-31,0.21555548906326294,0.8333330154418945,0.8359379768371582,0.828125,0.8307290077209473,3408000
1979-09-04,0.2128610908985138,0.8229169845581055,0.8333330154418945,0.8229169845581055,0.8333330154418945,1896000
1979-09-05,0.21218766272068024,0.8203129768371582,0.8229169845581055,0.8151040077209473,0.8229169845581055,3240000
1979-09-06,0.21084026992321014,0.8151040077209473,0.8229169845581055,0.8151040077209473,0.8203129768371582,4209600
1979-09-07,0.21084026992321014,0.8151040077209473,0.8203129768371582,0.8151040077209473,0.8151040077209473,1780800
1979-09-10,0.21146786212921143,0.8072919845581055,0.8098959922790527,0.8046879768371582,0.8098959922790527,3984000
1979-09-11,0.21146786212921143,0.8072919845581055,0.8177080154418945,0.8072919845581055,0.8072919845581055,4512000
1979-09-12,0.21351420879364014,0.8151040077209473,0.8177080154418945,0.8072919845581055,0.8072919845581055,1257600
1979-09-13,0.2128322273492813,0.8125,0.8203129768371582,0.8125,0.8151040077209473,3273600
1979-09-14,0.21419639885425568,0.8177080154418945,0.8229169845581055,0.8125,0.8125,3403200
1979-09-17,0.21351420879364014,0.8151040077209473,0.8255209922790527,0.8151040077209473,0.8177080154418945,2342400
1979-09-18,0.20942126214504242,0.7994790077209473,0.8177080154418945,0.796875,0.8151040077209473,4478400
1979-09-19,0.20737500488758087,0.7916669845581055,0.8072919845581055,0.7916669845581055,0.7994790077209473,4948800
1979-09-20,0.21010331809520721,0.8020830154418945,0.8020830154418945,0.7838540077209473,0.7916669845581055,6350400
1979-09-21,0.20464637875556946,0.78125,0.8020830154418945,0.78125,0.8020830154418945,7416000
1979-09-24,0.20259986817836761,0.7734379768371582,0.7864580154418945,0.7734379768371582,0.78125,2668800
1979-09-25,0.20191766321659088,0.7708330154418945,0.7734379768371582,0.7630209922790527,0.7734379768371582,4219200
1979-09-26,0.20191766321659088,0.7708330154418945,0.78125,0.7682290077209473,0.7708330154418945,4080000
1979-09-27,0.20055341720581055,0.765625,0.7708330154418945,0.7578129768371582,0.7708330154418945,3220800
1979-09-28,0.19987133145332336,0.7630209922790527,0.7708330154418945,0.7630209922790527,0.765625,3854400
1979-10-01,0.19714246690273285,0.7526040077209473,0.7630209922790527,0.7447919845581055,0.7630209922790527,5289600
1979-10-02,0.19987133145332336,0.7630209922790527,0.7630209922790527,0.7473959922790527,0.7526040077209473,6393600
1979-10-03,0.19782455265522003,0.7552080154418945,0.765625,0.7526040077209473,0.7630209922790527,3057600
1979-10-04,0.19646045565605164,0.75,0.7630209922790527,0.7473959922790527,0.7552080154418945,3144000
1979-10-05,0.19918912649154663,0.7604169845581055,0.7604169845581055,0.7473959922790527,0.75,6628800
1979-10-08,0.19646045565605164,0.75,0.7604169845581055,0.75,0.7604169845581055,1675200
1979-10-09,0.19441404938697815,0.7421879768371582,0.7552080154418945,0.7369790077209473,0.75,4012800
1979-10-10,0.19100309908390045,0.7291669845581055,0.734375,0.7135419845581055,0.734375,6950400
1979-10-11,0.19100309908390045,0.7291669845581055,0.765625,0.7213540077209473,0.7291669845581055,6292800
1979-10-12,0.19100309908390045,0.7291669845581055,0.734375,0.7265629768371582,0.7291669845581055,2870400
1979-10-15,0.18963868916034698,0.7239580154418945,0.7291669845581055,0.71875,0.7291669845581055,3475200
1979-10-16,0.19236743450164795,0.734375,0.734375,0.7239580154418945,0.7239580154418945,3926400
1979-10-17,0.19100309908390045,0.7291669845581055,0.7421879768371582,0.7291669845581055,0.734375,2664000
1979-10-18,0.19032110273838043,0.7265629768371582,0.7369790077209473,0.7265629768371582,0.7291669845581055,2505600
1979-10-19,0.18963868916034698,0.7239580154418945,0.7291669845581055,0.7083330154418945,0.7265629768371582,4934400
1979-10-22,0.18895667791366577,0.7213540077209473,0.7395830154418945,0.7109379768371582,0.7239580154418945,4454400
1979-10-23,0.18759238719940186,0.7161459922790527,0.7239580154418945,0.7135419845581055,0.7213540077209473,2625600
1979-10-24,0.18759238719940186,0.7161459922790527,0.7265629768371582,0.7135419845581055,0.7161459922790527,4003200
1979-10-25,0.1882745325565338,0.71875,0.7239580154418945,0.7109379768371582,0.7161459922790527,2577600
1979-10-26,0.18963868916034698,0.7239580154418945,0.7239580154418945,0.7109379768371582,0.71875,1670400
1979-10-29,0.18895667791366577,0.7213540077209473,0.7265629768371582,0.71875,0.7239580154418945,1564800
1979-10-30,0.18963868916034698,0.7239580154418945,0.7239580154418945,0.7109379768371582,0.7213540077209473,5059200
1979-10-31,0.18759238719940186,0.7161459922790527,0.7265629768371582,0.7161459922790527,0.7239580154418945,3340800
1979-11-01,0.18759238719940186,0.7161459922790527,0.7239580154418945,0.7135419845581055,0.7161459922790527,4814400
1979-11-02,0.18963868916034698,0.7239580154418945,0.7239580154418945,0.7135419845581055,0.7161459922790527,3676800
1979-11-05,0.1882745325565338,0.71875,0.7239580154418945,0.7161459922790527,0.7239580154418945,3902400
1979-11-06,0.18554586172103882,0.7083330154418945,0.71875,0.7083330154418945,0.71875,3076800
1979-11-07,0.18759238719940186,0.7161459922790527,0.7239580154418945,0.6927080154418945,0.7083330154418945,3806400
1979-11-08,0.18281739950180054,0.6979169845581055,0.7161459922790527,0.6979169845581055,0.7161459922790527,9096000
1979-11-09,0.18554586172103882,0.7083330154418945,0.7161459922790527,0.7005209922790527,0.7005209922790527,4670400
1979-11-12,0.19032110273838043,0.7265629768371582,0.7265629768371582,0.7005209922790527,0.7083330154418945,4248000
1979-11-13,0.18554586172103882,0.7083330154418945,0.71875,0.7057290077209473,0.71875,4598400
1979-11-14,0.18281739950180054,0.6979169845581055,0.7057290077209473,0.6979169845581055,0.7057290077209473,3268800
1979-11-15,0.1814529001712799,0.6927080154418945,0.703125,0.6901040077209473,0.6979169845581055,4531200
1979-11-16,0.17940653860569,0.6848959922790527,0.6875,0.6796879768371582,0.6875,3292800
1979-11-19,0.1787245124578476,0.6822919845581055,0.6848959922790527,0.6770830154418945,0.6848959922790527,3067200
1979-11-20,0.17326697707176208,0.6614580154418945,0.6796879768371582,0.6614580154418945,0.6796879768371582,4756800
1979-11-21,0.17531365156173706,0.6692709922790527,0.6770830154418945,0.65625,0.6614580154418945,6201600
1979-11-23,0.1780424863100052,0.6796879768371582,0.6822919845581055,0.6692709922790527,0.6692709922790527,2572800
1979-11-26,0.18491235375404358,0.6953129768371582,0.7005209922790527,0.6822919845581055,0.6822919845581055,4286400
1979-11-27,0.18629738688468933,0.7005209922790527,0.7161459922790527,0.6953129768371582,0.6953129768371582,7435200
1979-11-28,0.18906784057617188,0.7109379768371582,0.7109379768371582,0.7005209922790527,0.7005209922790527,2678400
1979-11-29,0.18629738688468933,0.7005209922790527,0.7135419845581055,0.6953129768371582,0.7109379768371582,3686400
1979-11-30,0.18629738688468933,0.7005209922790527,0.7057290077209473,0.6953129768371582,0.7005209922790527,3120000
1979-12-03,0.18768246471881866,0.7057290077209473,0.7083330154418945,0.6953129768371582,0.7005209922790527,3561600
1979-12-04,0.18976029753684998,0.7135419845581055,0.7135419845581055,0.7057290077209473,0.7057290077209473,8793600
1979-12-05,0.18906784057617188,0.7109379768371582,0.7161459922790527,0.7109379768371582,0.7135419845581055,3902400
1979-12-06,0.18699003756046295,0.703125,0.7109379768371582,0.7005209922790527,0.7109379768371582,5515200
1979-12-07,0.19114525616168976,0.71875,0.7239580154418945,0.7109379768371582,0.7109379768371582,3604800
1979-12-10,0.19322305917739868,0.7265629768371582,0.7265629768371582,0.7109379768371582,0.71875,5712000
1979-12-11,0.1939154714345932,0.7291669845581055,0.734375,0.7239580154418945,0.7265629768371582,4430400
1979-12-12,0.1925302892923355,0.7239580154418945,0.7369790077209473,0.7213540077209473,0.7291669845581055,6676800
1979-12-13,0.19114525616168976,0.71875,0.7317709922790527,0.7161459922790527,0.7239580154418945,3652800
1979-12-14,0.19876331090927124,0.7473959922790527,0.7473959922790527,0.7213540077209473,0.7213540077209473,5380800
1979-12-17,0.20014838874340057,0.7526040077209473,0.7578129768371582,0.7421879768371582,0.7473959922790527,4473600
1979-12-18,0.19945594668388367,0.75,0.7526040077209473,0.7447919845581055,0.7526040077209473,4550400
1979-12-19,0.18976029753684998,0.7135419845581055,0.734375,0.7135419845581055,0.734375,10190400
1979-12-20,0.1904527246952057,0.7161459922790527,0.7213540077209473,0.7109379768371582,0.7135419845581055,9504000
1979-12-21,0.18976029753684998,0.7135419845581055,0.71875,0.7109379768371582,0.7161459922790527,2544000
1979-12-24,0.18976029753684998,0.7135419845581055,0.7161459922790527,0.7083330154418945,0.7135419845581055,1219200
1979-12-26,0.18976029753684998,0.7135419845581055,0.71875,0.7109379768371582,0.7135419845581055,1228800
1979-12-27,0.1939154714345932,0.7291669845581055,0.7317709922790527,0.7135419845581055,0.7135419845581055,4161600
1979-12-28,0.19114525616168976,0.71875,0.7291669845581055,0.71875,0.7291669845581055,2068800
1979-12-31,0.19114525616168976,0.71875,0.7265629768371582,0.71875,0.71875,4032000
1980-01-02,0.18699003756046295,0.703125,0.7213540077209473,0.703125,0.71875,3451200
1980-01-03,0.19183778762817383,0.7213540077209473,0.7239580154418945,0.6979169845581055,0.703125,3960000
1980-01-04,0.1939154714345932,0.7291669845581055,0.7291669845581055,0.71875,0.7213540077209473,1694400
1980-01-07,0.19322305917739868,0.7265629768371582,0.7317709922790527,0.7239580154418945,0.7291669845581055,4396800
1980-01-08,0.19460821151733398,0.7317709922790527,0.734375,0.7265629768371582,0.7265629768371582,3244800
1980-01-09,0.19599297642707825,0.7369790077209473,0.7447919845581055,0.7291669845581055,0.7317709922790527,11568000
1980-01-10,0.19599297642707825,0.7369790077209473,0.7447919845581055,0.7317709922790527,0.7369790077209473,19444800
1980-01-11,0.19668568670749664,0.7395830154418945,0.75,0.734375,0.7369790077209473,6240000
1980-01-14,0.19599297642707825,0.7369790077209473,0.7447919845581055,0.7291669845581055,0.7395830154418945,2145600
1980-01-15,0.1925302892923355,0.7239580154418945,0.7369790077209473,0.71875,0.7369790077209473,7560000
1980-01-16,0.18629738688468933,0.7005209922790527,0.71875,0.7005209922790527,0.71875,12033600
1980-01-17,0.1828346699476242,0.6875,0.7083330154418945,0.6848959922790527,0.7005209922790527,4377600
1980-01-18,0.18214207887649536,0.6848959922790527,0.6927080154418945,0.6822919845581055,0.6875,5121600
1980-01-21,0.18560494482517242,0.6979169845581055,0.703125,0.6875,0.6875,3892800
1980-01-22,0.18352723121643066,0.6901040077209473,0.7083330154418945,0.6901040077209473,0.6979169845581055,6724800
1980-01-23,0.184219628572464,0.6927080154418945,0.6979169845581055,0.6875,0.6901040077209473,6244800
1980-01-24,0.1828346699476242,0.6875,0.6953129768371582,0.6796879768371582,0.6927080154418945,11179200
1980-01-25,0.1828346699476242,0.6875,0.6875,0.6822919845581055,0.6875,9028800
1980-01-28,0.18906784057617188,0.7109379768371582,0.7213540077209473,0.6875,0.6875,15187200
1980-01-29,0.19183778762817383,0.7213540077209473,0.7265629768371582,0.7135419845581055,0.7135419845581055,15969600
1980-01-30,0.1939154714345932,0.7291669845581055,0.7317709922790527,0.7213540077209473,0.7213540077209473,7065600
1980-01-31,0.19460821151733398,0.7317709922790527,0.7473959922790527,0.7317709922790527,0.7317709922790527,8971200
1980-02-01,0.19322305917739868,0.7265629768371582,0.7369790077209473,0.71875,0.7317709922790527,6268800
1980-02-04,0.19183778762817383,0.7213540077209473,0.7291669845581055,0.7213540077209473,0.7265629768371582,8270400
1980-02-05,0.18976029753684998,0.7135419845581055,0.7213540077209473,0.7083330154418945,0.7213540077209473,6662400
1980-02-06,0.18629738688468933,0.7005209922790527,0.7109379768371582,0.6927080154418945,0.7109379768371582,16968000
1980-02-07,0.18560494482517242,0.6979169845581055,0.703125,0.6927080154418945,0.7005209922790527,3758400
1980-02-08,0.18976029753684998,0.7135419845581055,0.7135419845581055,0.6953129768371582,0.6979169845581055,11500800
1980-02-11,0.18699003756046295,0.703125,0.7109379768371582,0.6979169845581055,0.7109379768371582,5179200
1980-02-12,0.18768246471881866,0.7057290077209473,0.7109379768371582,0.6979169845581055,0.703125,6537600
1980-02-13,0.18906784057617188,0.7109379768371582,0.7239580154418945,0.7083330154418945,0.7083330154418945,15052800
1980-02-14,0.18837501108646393,0.7083330154418945,0.7213540077209473,0.7057290077209473,0.7109379768371582,7012800
1980-02-15,0.18699003756046295,0.703125,0.7109379768371582,0.7005209922790527,0.7083330154418945,4137600
1980-02-19,0.184219628572464,0.6927080154418945,0.703125,0.6875,0.703125,8323200
1980-02-20,0.18491235375404358,0.6953129768371582,0.7057290077209473,0.6927080154418945,0.6927080154418945,2798400
1980-02-21,0.184219628572464,0.6927080154418945,0.7005209922790527,0.6901040077209473,0.6953129768371582,2923200
1980-02-22,0.18491235375404358,0.6953129768371582,0.6979169845581055,0.6901040077209473,0.6927080154418945,2721600
1980-02-25,0.1828346699476242,0.6875,0.6953129768371582,0.6875,0.6953129768371582,3384000
1980-02-26,0.18352723121643066,0.6901040077209473,0.6953129768371582,0.6875,0.6875,3019200
1980-02-27,0.18214207887649536,0.6848959922790527,0.6927080154418945,0.6848959922790527,0.6901040077209473,2275200
1980-02-28,0.18352723121643066,0.6901040077209473,0.6901040077209473,0.6848959922790527,0.6848959922790527,4027200
1980-02-29,0.18214207887649536,0.6848959922790527,0.6875,0.6796879768371582,0.6875,6897600
1980-03-03,0.17729422450065613,0.6666669845581055,0.6822919845581055,0.6666669845581055,0.6822919845581055,4512000
1980-03-04,0.17383144795894623,0.6536459922790527,0.65625,0.6354169845581055,0.65625,4449600
1980-03-05,0.168983593583107,0.6354169845581055,0.6484379768371582,0.6302080154418945,0.6484379768371582,11395200
1980-03-06,0.16413570940494537,0.6171879768371582,0.6328129768371582,0.6041669845581055,0.6328129768371582,14304000
1980-03-07,0.16759835183620453,0.6302080154418945,0.6302080154418945,0.6171879768371582,0.6171879768371582,11064000
1980-03-10,0.16621333360671997,0.625,0.6302080154418945,0.6171879768371582,0.6302080154418945,6302400
1980-03-11,0.1685548722743988,0.6223959922790527,0.6328129768371582,0.6171879768371582,0.625,14395200
1980-03-12,0.1678496152162552,0.6197919845581055,0.625,0.6145830154418945,0.6223959922790527,11572800
1980-03-13,0.1678496152162552,0.6197919845581055,0.6223959922790527,0.6145830154418945,0.6197919845581055,2793600
1980-03-14,0.1678496152162552,0.6197919845581055,0.6276040077209473,0.6067709922790527,0.6197919845581055,5035200
1980-03-17,0.1650284230709076,0.609375,0.6197919845581055,0.609375,0.6197919845581055,5707200
1980-03-18,0.1685548722743988,0.6223959922790527,0.6276040077209473,0.6067709922790527,0.609375,4166400
1980-03-19,0.16714443266391754,0.6171879768371582,0.6276040077209473,0.6145830154418945,0.6223959922790527,3628800
1980-03-20,0.1657337248325348,0.6119790077209473,0.6171879768371582,0.6041669845581055,0.6171879768371582,3096000
1980-03-21,0.1650284230709076,0.609375,0.6145830154418945,0.6067709922790527,0.6119790077209473,3940800
1980-03-24,0.16291284561157227,0.6015629768371582,0.609375,0.6015629768371582,0.609375,5702400
1980-03-25,0.1650284230709076,0.609375,0.6197919845581055,0.6015629768371582,0.6015629768371582,5040000
1980-03-26,0.16714443266391754,0.6171879768371582,0.6197919845581055,0.6145830154418945,0.6145830154418945,5174400
1980-03-27,0.1657337248325348,0.6119790077209473,0.6197919845581055,0.6067709922790527,0.6171879768371582,4233600
1980-03-28,0.17772305011749268,0.65625,0.6640629768371582,0.6171879768371582,0.6171879768371582,6230400
1980-03-31,0.17772305011749268,0.65625,0.6588540077209473,0.6432290077209473,0.65625,3748800
1980-04-01,0.17560747265815735,0.6484379768371582,0.6614580154418945,0.640625,0.65625,4017600
1980-04-02,0.17560747265815735,0.6484379768371582,0.6510419845581055,0.640625,0.6484379768371582,4540800
1980-04-03,0.17419667541980743,0.6432290077209473,0.6484379768371582,0.6380209922790527,0.6484379768371582,1891200
1980-04-07,0.17067034542560577,0.6302080154418945,0.6354169845581055,0.6197919845581055,0.6354169845581055,5088000
1980-04-08,0.1699652075767517,0.6276040077209473,0.6328129768371582,0.6223959922790527,0.6302080154418945,2318400
1980-04-09,0.17208103835582733,0.6354169845581055,0.6354169845581055,0.6223959922790527,0.6276040077209473,1843200
1980-04-10,0.17349152266979218,0.640625,0.6458330154418945,0.6328129768371582,0.6354169845581055,2361600
1980-04-11,0.17208103835582733,0.6354169845581055,0.6458330154418945,0.6354169845581055,0.640625,1646400
1980-04-14,0.1713758111000061,0.6328129768371582,0.640625,0.625,0.6354169845581055,1224000
1980-04-15,0.17349152266979218,0.640625,0.640625,0.6302080154418945,0.6328129768371582,2356800
1980-04-16,0.17349152266979218,0.640625,0.6588540077209473,0.6354169845581055,0.640625,6528000
1980-04-17,0.17349152266979218,0.640625,0.6458330154418945,0.6380209922790527,0.640625,1646400
1980-04-18,0.17208103835582733,0.6354169845581055,0.6432290077209473,0.6354169845581055,0.640625,1262400
1980-04-21,0.17349152266979218,0.640625,0.6432290077209473,0.6354169845581055,0.6354169845581055,1204800
1980-04-22,0.17631258070468903,0.6510419845581055,0.65625,0.6432290077209473,0.6432290077209473,5184000
1980-04-23,0.18336497247219086,0.6770830154418945,0.6927080154418945,0.6614580154418945,0.6614580154418945,4224000
1980-04-24,0.1861860603094101,0.6875,0.6953129768371582,0.6796879768371582,0.6796879768371582,2404800
1980-04-25,0.1883019655942917,0.6953129768371582,0.6953129768371582,0.6796879768371582,0.6875,2342400
1980-04-28,0.1861860603094101,0.6875,0.6927080154418945,0.6848959922790527,0.6927080154418945,2553600
1980-04-29,0.18548083305358887,0.6848959922790527,0.6901040077209473,0.6770830154418945,0.6875,2361600
1980-04-30,0.18759630620479584,0.6927080154418945,0.6927080154418945,0.6692709922790527,0.6848959922790527,3009600
1980-05-01,0.18336497247219086,0.6770830154418945,0.6927080154418945,0.6770830154418945,0.6927080154418945,3259200
1980-05-02,0.18548083305358887,0.6848959922790527,0.6848959922790527,0.6770830154418945,0.6770830154418945,1828800
1980-05-05,0.18548083305358887,0.6848959922790527,0.6848959922790527,0.6770830154418945,0.6848959922790527,1656000
1980-05-06,0.18900707364082336,0.6979169845581055,0.703125,0.6796879768371582,0.6848959922790527,3729600
1980-05-07,0.19323864579200745,0.7135419845581055,0.71875,0.6953129768371582,0.6979169845581055,4838400
1980-05-08,0.19605931639671326,0.7239580154418945,0.7239580154418945,0.7161459922790527,0.7161459922790527,4243200
1980-05-09,0.19394394755363464,0.7161459922790527,0.7239580154418945,0.7161459922790527,0.7239580154418945,2428800
1980-05-12,0.1946488618850708,0.71875,0.7239580154418945,0.7135419845581055,0.7161459922790527,2779200
1980-05-13,0.20029102265834808,0.7395830154418945,0.7395830154418945,0.7161459922790527,0.71875,3225600
1980-05-14,0.20099642872810364,0.7421879768371582,0.7473959922790527,0.7395830154418945,0.7395830154418945,6696000
1980-05-15,0.1981753259897232,0.7317709922790527,0.7421879768371582,0.7265629768371582,0.7421879768371582,3374400
1980-05-16,0.1981753259897232,0.7317709922790527,0.734375,0.7265629768371582,0.7317709922790527,1704000
1980-05-19,0.19888053834438324,0.734375,0.734375,0.7291669845581055,0.7317709922790527,1502400
1980-05-20,0.19676494598388672,0.7265629768371582,0.7317709922790527,0.7265629768371582,0.7317709922790527,2486400
1980-05-21,0.19323864579200745,0.7135419845581055,0.7239580154418945,0.7083330154418945,0.7239580154418945,2313600
1980-05-22,0.1911226063966751,0.7057290077209473,0.7135419845581055,0.7057290077209473,0.7135419845581055,6192000
1980-05-23,0.1946488618850708,0.71875,0.7265629768371582,0.7083330154418945,0.7083330154418945,5198400
1980-05-27,0.19182786345481873,0.7083330154418945,0.7239580154418945,0.7083330154418945,0.71875,4060800
1980-05-28,0.18689122796058655,0.6901040077209473,0.7109379768371582,0.6901040077209473,0.7083330154418945,10363200
1980-05-29,0.18759630620479584,0.6927080154418945,0.6979169845581055,0.6901040077209473,0.6901040077209473,8078400
1980-05-30,0.1904175877571106,0.703125,0.703125,0.6901040077209473,0.6927080154418945,5174400
1980-06-02,0.18759630620479584,0.6927080154418945,0.7005209922790527,0.6875,0.7005209922790527,7891200
1980-06-03,0.18689122796058655,0.6901040077209473,0.6979169845581055,0.6901040077209473,0.6927080154418945,2726400
1980-06-04,0.18900707364082336,0.6979169845581055,0.7005209922790527,0.6927080154418945,0.6927080154418945,2347200
1980-06-05,0.19182786345481873,0.7083330154418945,0.71875,0.6927080154418945,0.6979169845581055,5414400
1980-06-06,0.19253334403038025,0.7109379768371582,0.71875,0.7083330154418945,0.7083330154418945,2913600
1980-06-09,0.1913294792175293,0.6953129768371582,0.7005209922790527,0.6927080154418945,0.7005209922790527,2899200
1980-06-10,0.1927625834941864,0.7005209922790527,0.7083330154418945,0.6979169845581055,0.6979169845581055,2438400
1980-06-11,0.19204600155353546,0.6979169845581055,0.7109379768371582,0.6953129768371582,0.7005209922790527,4406400
1980-06-12,0.19204600155353546,0.6979169845581055,0.7005209922790527,0.6901040077209473,0.6979169845581055,3148800
1980-06-13,0.1913294792175293,0.6953129768371582,0.703125,0.6953129768371582,0.6979169845581055,2692800
1980-06-16,0.19061271846294403,0.6927080154418945,0.6979169845581055,0.6901040077209473,0.6953129768371582,2337600
1980-06-17,0.19992849230766296,0.7265629768371582,0.7265629768371582,0.6901040077209473,0.6927080154418945,4641600
1980-06-18,0.19562900066375732,0.7109379768371582,0.71875,0.703125,0.71875,5457600
1980-06-19,0.19061271846294403,0.6927080154418945,0.7109379768371582,0.6927080154418945,0.7109379768371582,10156800
1980-06-20,0.19061271846294403,0.6927080154418945,0.6979169845581055,0.6875,0.6927080154418945,4382400
1980-06-23,0.1891796737909317,0.6875,0.6927080154418945,0.6875,0.6927080154418945,6950400
1980-06-24,0.1913294792175293,0.6953129768371582,0.7083330154418945,0.6953129768371582,0.6953129768371582,4334400
1980-06-25,0.1913294792175293,0.6953129768371582,0.7005209922790527,0.6927080154418945,0.6953129768371582,3048000
1980-06-26,0.19204600155353546,0.6979169845581055,0.7005209922790527,0.6927080154418945,0.6953129768371582,3201600
1980-06-27,0.19061271846294403,0.6927080154418945,0.6953129768371582,0.6875,0.6953129768371582,2256000
1980-06-30,0.1891796737909317,0.6875,0.6979169845581055,0.6848959922790527,0.6927080154418945,1785600
1980-07-01,0.18774642050266266,0.6822919845581055,0.6927080154418945,0.6692709922790527,0.6875,3451200
1980-07-02,0.1855965554714203,0.6744790077209473,0.6822919845581055,0.6692709922790527,0.6822919845581055,4915200
1980-07-03,0.1884630024433136,0.6848959922790527,0.6848959922790527,0.6692709922790527,0.6744790077209473,10084800
1980-07-07,0.18703003227710724,0.6796879768371582,0.6875,0.6744790077209473,0.6848959922790527,4243200
1980-07-08,0.19204600155353546,0.6979169845581055,0.703125,0.6927080154418945,0.6927080154418945,8251200
1980-07-09,0.19347918033599854,0.703125,0.7291669845581055,0.703125,0.703125,6336000
1980-07-10,0.1927625834941864,0.7005209922790527,0.7083330154418945,0.6953129768371582,0.703125,4022400
1980-07-11,0.19491219520568848,0.7083330154418945,0.7083330154418945,0.7005209922790527,0.7005209922790527,3988800
1980-07-14,0.19562900066375732,0.7109379768371582,0.7109379768371582,0.703125,0.7083330154418945,5116800
1980-07-15,0.1970621943473816,0.7161459922790527,0.7291669845581055,0.7135419845581055,0.7135419845581055,11596800
1980-07-16,0.19491219520568848,0.7083330154418945,0.71875,0.7083330154418945,0.7161459922790527,7833600
1980-07-17,0.19634558260440826,0.7135419845581055,0.7135419845581055,0.7005209922790527,0.7083330154418945,4953600
1980-07-18,0.20136164128780365,0.7317709922790527,0.7317709922790527,0.7135419845581055,0.7135419845581055,7118400
1980-07-21,0.20064502954483032,0.7291669845581055,0.7395830154418945,0.71875,0.7317709922790527,6115200
1980-07-22,0.20351144671440125,0.7395830154418945,0.7578129768371582,0.7317709922790527,0.7317709922790527,24955200
1980-07-23,0.19992849230766296,0.7265629768371582,0.7317709922790527,0.71875,0.7317709922790527,15004800
1980-07-24,0.20351144671440125,0.7395830154418945,0.7473959922790527,0.7265629768371582,0.7265629768371582,4742400
1980-07-25,0.20279474556446075,0.7369790077209473,0.7395830154418945,0.7317709922790527,0.7395830154418945,2668800
1980-07-28,0.2078106850385666,0.7552080154418945,0.765625,0.734375,0.7369790077209473,5059200
1980-07-29,0.20924416184425354,0.7604169845581055,0.7604169845581055,0.7526040077209473,0.7552080154418945,4358400
1980-07-30,0.21426032483577728,0.7786459922790527,0.7838540077209473,0.765625,0.765625,8721600
1980-07-31,0.21211020648479462,0.7708330154418945,0.7760419845581055,0.7552080154418945,0.7760419845581055,5889600
1980-08-01,0.21139387786388397,0.7682290077209473,0.7708330154418945,0.7604169845581055,0.7708330154418945,4339200
1980-08-04,0.21139387786388397,0.7682290077209473,0.7682290077209473,0.765625,0.7682290077209473,2275200
1980-08-05,0.21139387786388397,0.7682290077209473,0.7734379768371582,0.765625,0.7682290077209473,4516800
1980-08-06,0.21211020648479462,0.7708330154418945,0.7708330154418945,0.7578129768371582,0.7682290077209473,4934400
1980-08-07,0.21712660789489746,0.7890629768371582,0.7916669845581055,0.765625,0.7708330154418945,18072000
1980-08-08,0.21784332394599915,0.7916669845581055,0.7994790077209473,0.7916669845581055,0.7916669845581055,7670400
1980-08-11,0.21784332394599915,0.7916669845581055,0.7942709922790527,0.7838540077209473,0.7916669845581055,11971200
1980-08-12,0.2164098471403122,0.7864580154418945,0.7994790077209473,0.7838540077209473,0.7916669845581055,8716800
1980-08-13,0.20996074378490448,0.7630209922790527,0.7890629768371582,0.7630209922790527,0.7864580154418945,6148800
1980-08-14,0.21211020648479462,0.7708330154418945,0.7734379768371582,0.75,0.7630209922790527,4420800
1980-08-15,0.20924416184425354,0.7604169845581055,0.7630209922790527,0.7526040077209473,0.7630209922790527,4934400
1980-08-18,0.20422813296318054,0.7421879768371582,0.75,0.7369790077209473,0.75,4142400
1980-08-19,0.20279474556446075,0.7369790077209473,0.7447919845581055,0.7317709922790527,0.7421879768371582,2947200
1980-08-20,0.20566117763519287,0.7473959922790527,0.7473959922790527,0.734375,0.7369790077209473,2356800
1980-08-21,0.21067726612091064,0.765625,0.765625,0.7473959922790527,0.7473959922790527,3835200
1980-08-22,0.21067726612091064,0.765625,0.7734379768371582,0.7630209922790527,0.765625,2913600
1980-08-25,0.2078106850385666,0.7552080154418945,0.7682290077209473,0.7552080154418945,0.765625,3648000
1980-08-26,0.20709441602230072,0.7526040077209473,0.765625,0.7526040077209473,0.7552080154418945,5299200
1980-08-27,0.20566117763519287,0.7473959922790527,0.7526040077209473,0.7421879768371582,0.7526040077209473,4080000
1980-08-28,0.20136164128780365,0.7317709922790527,0.7473959922790527,0.7317709922790527,0.7473959922790527,3489600
1980-08-29,0.20351144671440125,0.7395830154418945,0.7473959922790527,0.7291669845581055,0.7317709922790527,5836800
1980-09-02,0.20709441602230072,0.7526040077209473,0.7604169845581055,0.7421879768371582,0.7421879768371582,2227200
1980-09-03,0.2078106850385666,0.7552080154418945,0.765625,0.7526040077209473,0.7526040077209473,12595200
1980-09-04,0.20852765440940857,0.7578129768371582,0.7682290077209473,0.7578129768371582,0.7578129768371582,5116800
1980-09-05,0.20852765440940857,0.7578129768371582,0.765625,0.7578129768371582,0.7578129768371582,3508800
1980-09-08,0.20709441602230072,0.7526040077209473,0.7630209922790527,0.7526040077209473,0.7578129768371582,4411200
1980-09-09,0.20709441602230072,0.7526040077209473,0.7552080154418945,0.7447919845581055,0.7526040077209473,2980800
1980-09-10,0.19714251160621643,0.7057290077209473,0.7447919845581055,0.7005209922790527,0.7447919845581055,13564800
1980-09-11,0.18986821174621582,0.6796879768371582,0.6901040077209473,0.6770830154418945,0.6901040077209473,33331200
1980-09-12,0.19205044209957123,0.6875,0.6901040077209473,0.6770830154418945,0.6796879768371582,17750400
1980-09-15,0.19277778267860413,0.6901040077209473,0.6979169845581055,0.6796879768371582,0.6875,13108800
1980-09-16,0.19641521573066711,0.703125,0.7083330154418945,0.6927080154418945,0.6927080154418945,11400000
1980-09-17,0.19786998629570007,0.7083330154418945,0.7083330154418945,0.6927080154418945,0.703125,5654400
1980-09-18,0.19423289597034454,0.6953129768371582,0.7057290077209473,0.6953129768371582,0.7057290077209473,5510400
1980-09-19,0.19496028125286102,0.6979169845581055,0.7057290077209473,0.6901040077209473,0.6953129768371582,8404800
1980-09-22,0.19786998629570007,0.7083330154418945,0.7083330154418945,0.6953129768371582,0.6979169845581055,6206400
1980-09-23,0.19786998629570007,0.7083330154418945,0.7265629768371582,0.7083330154418945,0.7083330154418945,8035200
1980-09-24,0.20150728523731232,0.7213540077209473,0.7239580154418945,0.7083330154418945,0.7083330154418945,5611200
1980-09-25,0.19423289597034454,0.6953129768371582,0.71875,0.6953129768371582,0.71875,5740800
1980-09-26,0.1913229376077652,0.6848959922790527,0.6901040077209473,0.6796879768371582,0.6901040077209473,6336000
1980-09-29,0.18623070418834686,0.6666669845581055,0.6848959922790527,0.6666669845581055,0.6848959922790527,5323200
1980-09-30,0.18768572807312012,0.671875,0.6770830154418945,0.6692709922790527,0.6692709922790527,4603200
1980-10-01,0.19423289597034454,0.6953129768371582,0.6953129768371582,0.6770830154418945,0.6770830154418945,3355200
1980-10-02,0.18986821174621582,0.6796879768371582,0.6953129768371582,0.6770830154418945,0.6953129768371582,3552000
1980-10-03,0.19277778267860413,0.6901040077209473,0.7057290077209473,0.6822919845581055,0.6822919845581055,4142400
1980-10-06,0.19350524246692657,0.6927080154418945,0.6953129768371582,0.6875,0.6901040077209473,3168000
1980-10-07,0.1913229376077652,0.6848959922790527,0.703125,0.6848959922790527,0.6927080154418945,4502400
1980-10-08,0.18841299414634705,0.6744790077209473,0.6875,0.6744790077209473,0.6848959922790527,3086400
1980-10-09,0.18768572807312012,0.671875,0.6796879768371582,0.671875,0.6744790077209473,4656000
1980-10-10,0.18914051353931427,0.6770830154418945,0.6796879768371582,0.671875,0.671875,5947200
1980-10-13,0.18841299414634705,0.6744790077209473,0.6770830154418945,0.6692709922790527,0.6770830154418945,1704000
1980-10-14,0.18623070418834686,0.6666669845581055,0.6770830154418945,0.6666669845581055,0.6744790077209473,2529600
1980-10-15,0.18914051353931427,0.6770830154418945,0.6822919845581055,0.6666669845581055,0.6666669845581055,3220800
1980-10-16,0.18404820561408997,0.6588540077209473,0.6822919845581055,0.6588540077209473,0.6770830154418945,5558400
1980-10-17,0.18623070418834686,0.6666669845581055,0.6692709922790527,0.6588540077209473,0.6588540077209473,3345600
1980-10-20,0.18477566540241241,0.6614580154418945,0.6692709922790527,0.6614580154418945,0.6666669845581055,7651200
1980-10-21,0.1833208054304123,0.65625,0.6666669845581055,0.6536459922790527,0.6614580154418945,14467200
1980-10-22,0.18041075766086578,0.6458330154418945,0.65625,0.6458330154418945,0.65625,9441600
1980-10-23,0.18041075766086578,0.6458330154418945,0.6510419845581055,0.6458330154418945,0.6458330154418945,5884800
1980-10-24,0.1818658411502838,0.6510419845581055,0.65625,0.640625,0.6458330154418945,6336000
1980-10-27,0.1789560467004776,0.640625,0.6484379768371582,0.6380209922790527,0.6484379768371582,3556800
1980-10-28,0.1789560467004776,0.640625,0.6458330154418945,0.6380209922790527,0.640625,5918400
1980-10-29,0.1789560467004776,0.640625,0.6510419845581055,0.640625,0.640625,4603200
1980-10-30,0.17750127613544464,0.6354169845581055,0.6432290077209473,0.6302080154418945,0.640625,4440000
1980-10-31,0.17822863161563873,0.6380209922790527,0.6484379768371582,0.6302080154418945,0.6354169845581055,8438400
1980-11-03,0.17822863161563873,0.6380209922790527,0.6432290077209473,0.6354169845581055,0.6380209922790527,4958400
1980-11-05,0.17459115386009216,0.625,0.6666669845581055,0.625,0.6380209922790527,28968000
1980-11-06,0.17459115386009216,0.625,0.6276040077209473,0.6067709922790527,0.625,11328000
1980-11-07,0.1789560467004776,0.640625,0.640625,0.6223959922790527,0.625,6268800
1980-11-10,0.17750127613544464,0.6354169845581055,0.640625,0.6354169845581055,0.640625,4108800
1980-11-11,0.1833208054304123,0.65625,0.6614580154418945,0.6354169845581055,0.6354169845581055,5328000
1980-11-12,0.18477566540241241,0.6614580154418945,0.6666669845581055,0.6536459922790527,0.65625,16060800
1980-11-13,0.18477566540241241,0.6614580154418945,0.6692709922790527,0.65625,0.6614580154418945,8256000
1980-11-14,0.18550342321395874,0.6640629768371582,0.6666669845581055,0.6458330154418945,0.6614580154418945,8803200
1980-11-17,0.18113869428634644,0.6484379768371582,0.6614580154418945,0.640625,0.6614580154418945,10084800
1980-11-18,0.18113869428634644,0.6484379768371582,0.6510419845581055,0.6380209922790527,0.6484379768371582,15446400
1980-11-19,0.17968350648880005,0.6432290077209473,0.6484379768371582,0.6380209922790527,0.6484379768371582,12273600
1980-11-20,0.1833208054304123,0.65625,0.65625,0.640625,0.6432290077209473,9600000
1980-11-21,0.18113869428634644,0.6484379768371582,0.6588540077209473,0.6432290077209473,0.65625,7358400
1980-11-24,0.1791543811559677,0.6302080154418945,0.640625,0.6276040077209473,0.640625,4732800
1980-11-25,0.18285594880580902,0.6432290077209473,0.6458330154418945,0.6354169845581055,0.6354169845581055,5712000
1980-11-26,0.1813753843307495,0.6380209922790527,0.6510419845581055,0.6380209922790527,0.6432290077209473,11740800
1980-11-28,0.1798948496580124,0.6328129768371582,0.640625,0.6328129768371582,0.6380209922790527,3835200
1980-12-01,0.1798948496580124,0.6328129768371582,0.6354169845581055,0.6276040077209473,0.6328129768371582,7017600
1980-12-02,0.18063513934612274,0.6354169845581055,0.6354169845581055,0.6276040077209473,0.6328129768371582,8851200
1980-12-03,0.18359605967998505,0.6458330154418945,0.6484379768371582,0.6354169845581055,0.6354169845581055,6345600
1980-12-04,0.18507680296897888,0.6510419845581055,0.6510419845581055,0.6432290077209473,0.6458330154418945,11342400
1980-12-05,0.17841392755508423,0.6276040077209473,0.6432290077209473,0.6276040077209473,0.6432290077209473,6216000
1980-12-08,0.1791543811559677,0.6302080154418945,0.6328129768371582,0.625,0.6276040077209473,6451200
1980-12-09,0.1791543811559677,0.6302080154418945,0.6380209922790527,0.625,0.6302080154418945,7608000
1980-12-10,0.1791543811559677,0.6302080154418945,0.6380209922790527,0.6276040077209473,0.6302080154418945,3720000
1980-12-11,0.17693349719047546,0.6223959922790527,0.6302080154418945,0.6223959922790527,0.6302080154418945,9902400
1980-12-12,0.17841392755508423,0.6276040077209473,0.6302080154418945,0.6223959922790527,0.6223959922790527,4238400
1980-12-15,0.17767369747161865,0.625,0.6328129768371582,0.625,0.6276040077209473,4219200
1980-12-16,0.18211564421653748,0.640625,0.640625,0.6223959922790527,0.625,7545600
1980-12-17,0.18655745685100555,0.65625,0.65625,0.6380209922790527,0.640625,4982400
1980-12-18,0.18655745685100555,0.65625,0.6744790077209473,0.65625,0.65625,11011200
1980-12-19,0.18803808093070984,0.6614580154418945,0.6666669845581055,0.6458330154418945,0.65625,6484800
1980-12-22,0.1939605474472046,0.6822919845581055,0.6848959922790527,0.6666669845581055,0.6666669845581055,14035200
1980-12-23,0.19840241968631744,0.6979169845581055,0.7109379768371582,0.6875,0.6875,7449600
1980-12-24,0.19840241968631744,0.6979169845581055,0.7057290077209473,0.6953129768371582,0.6979169845581055,1795200
1980-12-26,0.19840241968631744,0.6979169845581055,0.703125,0.6927080154418945,0.6979169845581055,864000
1980-12-29,0.19544124603271484,0.6875,0.7005209922790527,0.6848959922790527,0.6979169845581055,3139200
1980-12-30,0.19544124603271484,0.6875,0.6875,0.671875,0.6875,3081600
1980-12-31,0.19766224920749664,0.6953129768371582,0.7005209922790527,0.6822919845581055,0.6875,8030400
1981-01-02,0.20062318444252014,0.7057290077209473,0.7109379768371582,0.6979169845581055,0.6979169845581055,2126400
1981-01-05,0.21024736762046814,0.7395830154418945,0.7421879768371582,0.7239580154418945,0.7239580154418945,6844800
1981-01-06,0.21098780632019043,0.7421879768371582,0.7578129768371582,0.7317709922790527,0.7395830154418945,12763200
1981-01-07,0.20876659452915192,0.734375,0.7421879768371582,0.7083330154418945,0.7421879768371582,12158400
1981-01-08,0.20950695872306824,0.7369790077209473,0.7447919845581055,0.7291669845581055,0.734375,10761600
1981-01-09,0.21098780632019043,0.7421879768371582,0.7473959922790527,0.734375,0.7369790077209473,6792000
1981-01-12,0.20950695872306824,0.7369790077209473,0.75,0.734375,0.7421879768371582,5750400
1981-01-13,0.20876659452915192,0.734375,0.7369790077209473,0.7291669845581055,0.7369790077209473,5563200
1981-01-14,0.207286074757576,0.7291669845581055,0.7421879768371582,0.7291669845581055,0.734375,5179200
1981-01-15,0.2050650417804718,0.7213540077209473,0.7317709922790527,0.71875,0.7291669845581055,3657600
1981-01-16,0.2050650417804718,0.7213540077209473,0.7291669845581055,0.7213540077209473,0.7213540077209473,3633600
1981-01-19,0.2050650417804718,0.7213540077209473,0.7265629768371582,0.7161459922790527,0.7213540077209473,3648000
1981-01-20,0.20284432172775269,0.7135419845581055,0.7239580154418945,0.7083330154418945,0.7213540077209473,3187200
1981-01-21,0.19766224920749664,0.6953129768371582,0.7083330154418945,0.6822919845581055,0.7083330154418945,7742400
1981-01-22,0.19544124603271484,0.6875,0.7005209922790527,0.6875,0.6953129768371582,3316800
1981-01-23,0.19692175090312958,0.6927080154418945,0.6953129768371582,0.6875,0.6875,2740800
1981-01-26,0.19470088183879852,0.6848959922790527,0.6927080154418945,0.6848959922790527,0.6927080154418945,2812800
1981-01-27,0.19618137180805206,0.6901040077209473,0.6927080154418945,0.6875,0.6875,4233600
1981-01-28,0.1939605474472046,0.6822919845581055,0.6901040077209473,0.6822919845581055,0.6901040077209473,1545600
1981-01-29,0.19988304376602173,0.703125,0.703125,0.6822919845581055,0.6822919845581055,7564800
1981-01-30,0.199142724275589,0.7005209922790527,0.7005209922790527,0.6927080154418945,0.7005209922790527,1665600
1981-02-02,0.19692175090312958,0.6927080154418945,0.6953129768371582,0.6822919845581055,0.6953129768371582,2740800
1981-02-03,0.20284432172775269,0.7135419845581055,0.7135419845581055,0.6875,0.6927080154418945,5779200
1981-02-04,0.20062318444252014,0.7057290077209473,0.7161459922790527,0.7005209922790527,0.7135419845581055,4867200
1981-02-05,0.19840241968631744,0.6979169845581055,0.7057290077209473,0.6927080154418945,0.7057290077209473,9513600
1981-02-06,0.19766224920749664,0.6953129768371582,0.6979169845581055,0.6822919845581055,0.6979169845581055,5184000
1981-02-09,0.19766224920749664,0.6953129768371582,0.6953129768371582,0.6875,0.6953129768371582,2798400
1981-02-10,0.19766224920749664,0.6953129768371582,0.6953129768371582,0.6901040077209473,0.6953129768371582,4699200
1981-02-11,0.20062318444252014,0.7057290077209473,0.7135419845581055,0.6901040077209473,0.6953129768371582,8376000
1981-02-12,0.20062318444252014,0.7057290077209473,0.7135419845581055,0.7005209922790527,0.7057290077209473,5702400
1981-02-13,0.19988304376602173,0.703125,0.7135419845581055,0.7005209922790527,0.7057290077209473,3273600
1981-02-17,0.19988304376602173,0.703125,0.7057290077209473,0.7005209922790527,0.703125,2620800
1981-02-18,0.20062318444252014,0.7057290077209473,0.7109379768371582,0.7005209922790527,0.703125,8246400
1981-02-19,0.199142724275589,0.7005209922790527,0.7135419845581055,0.6953129768371582,0.7057290077209473,4032000
1981-02-20,0.19766224920749664,0.6953129768371582,0.703125,0.6901040077209473,0.7005209922790527,4315200
1981-02-23,0.20062318444252014,0.7057290077209473,0.7083330154418945,0.6979169845581055,0.6979169845581055,5553600
1981-02-24,0.20284432172775269,0.7135419845581055,0.7161459922790527,0.7083330154418945,0.7083330154418945,6014400
1981-02-25,0.20432476699352264,0.71875,0.71875,0.7083330154418945,0.7135419845581055,2654400
1981-02-26,0.20802639424800873,0.7317709922790527,0.7369790077209473,0.7213540077209473,0.7213540077209473,7449600
1981-02-27,0.21246828138828278,0.7473959922790527,0.75,0.7395830154418945,0.7395830154418945,4684800
1981-03-02,0.21320840716362,0.75,0.75,0.7317709922790527,0.7473959922790527,3777600
1981-03-03,0.21098780632019043,0.7421879768371582,0.7473959922790527,0.7395830154418945,0.7473959922790527,4142400
1981-03-04,0.21320840716362,0.75,0.75,0.7395830154418945,0.7421879768371582,3633600
1981-03-05,0.21691015362739563,0.7630209922790527,0.7682290077209473,0.7526040077209473,0.7526040077209473,10780800
1981-03-06,0.21765033900737762,0.765625,0.765625,0.7552080154418945,0.7630209922790527,4257600
1981-03-09,0.2191307544708252,0.7708330154418945,0.7708330154418945,0.7630209922790527,0.765625,5289600
1981-03-10,0.217355877161026,0.7526040077209473,0.7578129768371582,0.7473959922790527,0.7578129768371582,4752000
1981-03-11,0.21660375595092773,0.75,0.7552080154418945,0.7473959922790527,0.7526040077209473,2265600
1981-03-12,0.22562900185585022,0.78125,0.78125,0.75,0.75,12144000
1981-03-13,0.22638122737407684,0.7838540077209473,0.7890629768371582,0.7786459922790527,0.78125,6312000
1981-03-16,0.22262047231197357,0.7708330154418945,0.7760419845581055,0.7578129768371582,0.7760419845581055,6307200
1981-03-17,0.22036437690258026,0.7630209922790527,0.7760419845581055,0.7526040077209473,0.7708330154418945,5553600
1981-03-18,0.2211163192987442,0.765625,0.7682290077209473,0.7578129768371582,0.7630209922790527,3907200
1981-03-19,0.22262047231197357,0.7708330154418945,0.7760419845581055,0.765625,0.765625,6921600
1981-03-20,0.2233726978302002,0.7734379768371582,0.7760419845581055,0.765625,0.7708330154418945,5097600
1981-03-23,0.2271331250667572,0.7864580154418945,0.7864580154418945,0.7760419845581055,0.7760419845581055,7200000
1981-03-24,0.22186848521232605,0.7682290077209473,0.7890629768371582,0.765625,0.7864580154418945,7473600
1981-03-25,0.2241249531507492,0.7760419845581055,0.7760419845581055,0.7682290077209473,0.7682290077209473,6432000
1981-03-26,0.2241249531507492,0.7760419845581055,0.7864580154418945,0.7760419845581055,0.7760419845581055,7521600
1981-03-27,0.2211163192987442,0.765625,0.7838540077209473,0.7630209922790527,0.7760419845581055,7267200
1981-03-30,0.22262047231197357,0.7708330154418945,0.7734379768371582,0.7630209922790527,0.765625,3019200
1981-03-31,0.22186848521232605,0.7682290077209473,0.7760419845581055,0.7682290077209473,0.7708330154418945,1675200
1981-04-01,0.2211163192987442,0.765625,0.7760419845581055,0.7604169845581055,0.7682290077209473,2414400
1981-04-02,0.22186848521232605,0.7682290077209473,0.7708330154418945,0.7604169845581055,0.765625,1948800
1981-04-03,0.22262047231197357,0.7708330154418945,0.7734379768371582,0.765625,0.7682290077209473,3307200
1981-04-06,0.22262047231197357,0.7708330154418945,0.7760419845581055,0.7682290077209473,0.7708330154418945,1665600
1981-04-07,0.22262047231197357,0.7708330154418945,0.7786459922790527,0.7630209922790527,0.7708330154418945,2798400
1981-04-08,0.22487692534923553,0.7786459922790527,0.78125,0.7708330154418945,0.7708330154418945,4560000
1981-04-09,0.2316458374261856,0.8020830154418945,0.8020830154418945,0.7708330154418945,0.7786459922790527,8054400
1981-04-10,0.23615840077400208,0.8177080154418945,0.8177080154418945,0.7994790077209473,0.8020830154418945,10996800
1981-04-13,0.22638122737407684,0.7838540077209473,0.8177080154418945,0.78125,0.8177080154418945,13377600
1981-04-14,0.21961237490177155,0.7604169845581055,0.7708330154418945,0.7578129768371582,0.7708330154418945,11894400
1981-04-15,0.2150997668504715,0.7447919845581055,0.7604169845581055,0.7369790077209473,0.7604169845581055,12403200
1981-04-16,0.2135954648256302,0.7395830154418945,0.7447919845581055,0.7239580154418945,0.7447919845581055,19219200
1981-04-20,0.21284335851669312,0.7369790077209473,0.7395830154418945,0.7239580154418945,0.7395830154418945,11870400
1981-04-21,0.20908275246620178,0.7239580154418945,0.7395830154418945,0.7239580154418945,0.7369790077209473,8870400
1981-04-22,0.20908275246620178,0.7239580154418945,0.7291669845581055,0.71875,0.7239580154418945,13694400
1981-04-23,0.21209126710891724,0.734375,0.734375,0.7161459922790527,0.7239580154418945,9609600
1981-04-24,0.2135954648256302,0.7395830154418945,0.7421879768371582,0.7317709922790527,0.734375,7118400
1981-04-27,0.21209126710891724,0.734375,0.7421879768371582,0.7291669845581055,0.7395830154418945,3273600
1981-04-28,0.20983508229255676,0.7265629768371582,0.734375,0.7213540077209473,0.734375,2956800
1981-04-29,0.20908275246620178,0.7239580154418945,0.7239580154418945,0.7161459922790527,0.7239580154418945,5644800
1981-04-30,0.20833081007003784,0.7213540077209473,0.7265629768371582,0.7161459922790527,0.7239580154418945,3052800
1981-05-01,0.20532256364822388,0.7109379768371582,0.71875,0.7083330154418945,0.71875,7195200
1981-05-04,0.2045702189207077,0.7083330154418945,0.7161459922790527,0.703125,0.7109379768371582,3974400
1981-05-05,0.20532256364822388,0.7109379768371582,0.7109379768371582,0.703125,0.7083330154418945,15120000
1981-05-06,0.20833081007003784,0.7213540077209473,0.7265629768371582,0.7109379768371582,0.7109379768371582,7713600
1981-05-07,0.2143477201461792,0.7421879768371582,0.7421879768371582,0.71875,0.7213540077209473,4516800
1981-05-08,0.2143477201461792,0.7421879768371582,0.7473959922790527,0.7317709922790527,0.7421879768371582,3912000
1981-05-11,0.20908275246620178,0.7239580154418945,0.7421879768371582,0.7213540077209473,0.7421879768371582,5625600
1981-05-12,0.20908275246620178,0.7239580154418945,0.734375,0.7239580154418945,0.7239580154418945,2563200
1981-05-13,0.21058711409568787,0.7291669845581055,0.7317709922790527,0.7213540077209473,0.7239580154418945,4473600
1981-05-14,0.20908275246620178,0.7239580154418945,0.7265629768371582,0.7213540077209473,0.7265629768371582,3004800
1981-05-15,0.21058711409568787,0.7291669845581055,0.734375,0.7291669845581055,0.7291669845581055,2875200
1981-05-18,0.2158517688512802,0.7473959922790527,0.7473959922790527,0.7291669845581055,0.7291669845581055,5966400
1981-05-19,0.217355877161026,0.7526040077209473,0.7552080154418945,0.75,0.75,12105600
1981-05-20,0.2158517688512802,0.7473959922790527,0.7578129768371582,0.7473959922790527,0.7526040077209473,8198400
1981-05-21,0.2181079089641571,0.7552080154418945,0.7552080154418945,0.7447919845581055,0.7473959922790527,8140800
1981-05-22,0.21886025369167328,0.7578129768371582,0.7578129768371582,0.75,0.7552080154418945,5376000
1981-05-26,0.22262047231197357,0.7708330154418945,0.7708330154418945,0.7604169845581055,0.7604169845581055,4689600
1981-05-27,0.22638122737407684,0.7838540077209473,0.7838540077209473,0.7682290077209473,0.7708330154418945,4636800
1981-05-28,0.22487692534923553,0.7786459922790527,0.7864580154418945,0.7760419845581055,0.7838540077209473,6096000
1981-05-29,0.22487692534923553,0.7786459922790527,0.7786459922790527,0.7734379768371582,0.7786459922790527,2284800
1981-06-01,0.2241249531507492,0.7760419845581055,0.7838540077209473,0.7734379768371582,0.7786459922790527,9523200
1981-06-02,0.22186848521232605,0.7682290077209473,0.7734379768371582,0.765625,0.7734379768371582,5452800
1981-06-03,0.2211163192987442,0.765625,0.7682290077209473,0.7552080154418945,0.7682290077209473,2395200
1981-06-04,0.22036437690258026,0.7630209922790527,0.765625,0.7552080154418945,0.765625,3355200
1981-06-05,0.22186848521232605,0.7682290077209473,0.7708330154418945,0.7630209922790527,0.7630209922790527,1128000
1981-06-08,0.22262047231197357,0.7708330154418945,0.7734379768371582,0.7682290077209473,0.7682290077209473,4588800
1981-06-09,0.2276940792798996,0.7760419845581055,0.7786459922790527,0.7630209922790527,0.7708330154418945,3720000
1981-06-10,0.23227858543395996,0.7916669845581055,0.796875,0.7786459922790527,0.7786459922790527,7905600
1981-06-11,0.236862912774086,0.8072919845581055,0.8125,0.7916669845581055,0.7916669845581055,16036800
1981-06-12,0.24297545850276947,0.828125,0.8307290077209473,0.7994790077209473,0.8072919845581055,14750400
1981-06-15,0.24297545850276947,0.828125,0.8385419845581055,0.8255209922790527,0.828125,7204800
1981-06-16,0.23227858543395996,0.7916669845581055,0.828125,0.7864580154418945,0.828125,12264000
1981-06-17,0.23227858543395996,0.7916669845581055,0.7916669845581055,0.78125,0.7916669845581055,4142400
1981-06-18,0.22845816612243652,0.7786459922790527,0.7916669845581055,0.7760419845581055,0.7916669845581055,2462400
1981-06-19,0.22540174424648285,0.7682290077209473,0.7760419845581055,0.7604169845581055,0.7760419845581055,3268800
1981-06-22,0.22005316615104675,0.75,0.765625,0.7473959922790527,0.765625,6307200
1981-06-23,0.21852515637874603,0.7447919845581055,0.7473959922790527,0.7395830154418945,0.7473959922790527,9945600
1981-06-24,0.21394070982933044,0.7291669845581055,0.7369790077209473,0.7291669845581055,0.7369790077209473,8726400
1981-06-25,0.21164840459823608,0.7213540077209473,0.7317709922790527,0.71875,0.7291669845581055,12696000
1981-06-26,0.21164840459823608,0.7213540077209473,0.7239580154418945,0.7161459922790527,0.7213540077209473,5913600
1981-06-29,0.21164840459823608,0.7213540077209473,0.7239580154418945,0.7213540077209473,0.7213540077209473,4665600
1981-06-30,0.21241241693496704,0.7239580154418945,0.7265629768371582,0.71875,0.7213540077209473,5217600
1981-07-01,0.21088430285453796,0.71875,0.7239580154418945,0.7161459922790527,0.7239580154418945,17563200
1981-07-02,0.21088430285453796,0.71875,0.71875,0.7109379768371582,0.71875,3340800
1981-07-06,0.207828089594841,0.7083330154418945,0.71875,0.7005209922790527,0.71875,4492800
1981-07-07,0.20553600788116455,0.7005209922790527,0.7109379768371582,0.6953129768371582,0.7083330154418945,5712000
1981-07-08,0.20553600788116455,0.7005209922790527,0.703125,0.6822919845581055,0.7005209922790527,4478400
1981-07-09,0.2062997668981552,0.703125,0.703125,0.6901040077209473,0.7005209922790527,3182400
1981-07-10,0.207828089594841,0.7083330154418945,0.7135419845581055,0.7005209922790527,0.703125,3153600
1981-07-13,0.21088430285453796,0.71875,0.71875,0.7083330154418945,0.7083330154418945,1584000
1981-07-14,0.2062997668981552,0.703125,0.7213540077209473,0.703125,0.71875,4608000
1981-07-15,0.2062997668981552,0.703125,0.7057290077209473,0.7005209922790527,0.703125,1920000
1981-07-16,0.2062997668981552,0.703125,0.7083330154418945,0.703125,0.703125,3340800
1981-07-17,0.2062997668981552,0.703125,0.7057290077209473,0.6927080154418945,0.703125,1968000
1981-07-20,0.20324364304542542,0.6927080154418945,0.703125,0.6901040077209473,0.703125,5448000
1981-07-21,0.20171554386615753,0.6875,0.6927080154418945,0.6848959922790527,0.6927080154418945,13152000
1981-07-22,0.19865915179252625,0.6770830154418945,0.6953129768371582,0.6744790077209473,0.6875,6878400
1981-07-23,0.20095141232013702,0.6848959922790527,0.6901040077209473,0.6666669845581055,0.6770830154418945,6700800
1981-07-24,0.20477178692817688,0.6979169845581055,0.6979169845581055,0.6848959922790527,0.6848959922790527,3547200
1981-07-27,0.20706391334533691,0.7057290077209473,0.7057290077209473,0.6953129768371582,0.6979169845581055,3638400
1981-07-28,0.2062997668981552,0.703125,0.7083330154418945,0.6953129768371582,0.7057290077209473,5457600
1981-07-29,0.2062997668981552,0.703125,0.7057290077209473,0.7005209922790527,0.703125,2472000
1981-07-30,0.2062997668981552,0.703125,0.7057290077209473,0.7005209922790527,0.703125,1761600
1981-07-31,0.207828089594841,0.7083330154418945,0.7083330154418945,0.703125,0.703125,5548800
1981-08-03,0.2062997668981552,0.703125,0.7135419845581055,0.7005209922790527,0.7083330154418945,2592000
1981-08-04,0.2062997668981552,0.703125,0.703125,0.6901040077209473,0.703125,2688000
1981-08-05,0.2093563675880432,0.7135419845581055,0.7135419845581055,0.7005209922790527,0.703125,3326400
1981-08-06,0.2101203352212906,0.7161459922790527,0.7161459922790527,0.7083330154418945,0.7135419845581055,3412800
1981-08-07,0.20706391334533691,0.7057290077209473,0.7161459922790527,0.7005209922790527,0.7161459922790527,5620800
1981-08-10,0.2062997668981552,0.703125,0.7083330154418945,0.6979169845581055,0.7057290077209473,1819200
1981-08-11,0.207828089594841,0.7083330154418945,0.7135419845581055,0.7057290077209473,0.7057290077209473,3460800
1981-08-12,0.2085922807455063,0.7109379768371582,0.7161459922790527,0.7109379768371582,0.7109379768371582,2265600
1981-08-13,0.2085922807455063,0.7109379768371582,0.7161459922790527,0.7109379768371582,0.7109379768371582,1752000
1981-08-14,0.207828089594841,0.7083330154418945,0.7109379768371582,0.703125,0.7109379768371582,3369600
1981-08-17,0.20553600788116455,0.7005209922790527,0.7057290077209473,0.7005209922790527,0.7057290077209473,1833600
1981-08-18,0.20324364304542542,0.6927080154418945,0.7005209922790527,0.6901040077209473,0.7005209922790527,5846400
1981-08-19,0.20171554386615753,0.6875,0.6953129768371582,0.6875,0.6927080154418945,4473600
1981-08-20,0.20095141232013702,0.6848959922790527,0.6901040077209473,0.6848959922790527,0.6875,2035200
1981-08-21,0.20171554386615753,0.6875,0.6901040077209473,0.6848959922790527,0.6848959922790527,2073600
1981-08-24,0.19636698067188263,0.6692709922790527,0.6875,0.6692709922790527,0.6875,3019200
1981-08-25,0.19483894109725952,0.6640629768371582,0.6666669845581055,0.65625,0.6666669845581055,2822400
1981-08-26,0.19636698067188263,0.6692709922790527,0.6770830154418945,0.6666669845581055,0.6666669845581055,3225600
1981-08-27,0.1971309930086136,0.671875,0.6770830154418945,0.6666669845581055,0.6692709922790527,1862400
1981-08-28,0.20095141232013702,0.6848959922790527,0.6901040077209473,0.671875,0.671875,5073600
1981-08-31,0.20018726587295532,0.6822919845581055,0.6901040077209473,0.6822919845581055,0.6848959922790527,4492800
1981-09-01,0.1971309930086136,0.671875,0.6848959922790527,0.6692709922790527,0.6822919845581055,6326400
1981-09-02,0.1971309930086136,0.671875,0.6744790077209473,0.6640629768371582,0.671875,5544000
1981-09-03,0.19254666566848755,0.65625,0.671875,0.65625,0.671875,5040000
1981-09-04,0.1940746158361435,0.6614580154418945,0.6640629768371582,0.6510419845581055,0.65625,4972800
1981-09-08,0.19254666566848755,0.65625,0.6588540077209473,0.6536459922790527,0.6588540077209473,6148800
1981-09-09,0.19615836441516876,0.65625,0.6614580154418945,0.6354169845581055,0.65625,2400000
1981-09-10,0.19693665206432343,0.6588540077209473,0.6640629768371582,0.6536459922790527,0.65625,3648000
1981-09-11,0.19927193224430084,0.6666669845581055,0.6692709922790527,0.6588540077209473,0.6588540077209473,2572800
1981-09-14,0.19849362969398499,0.6640629768371582,0.671875,0.6640629768371582,0.6666669845581055,3009600
1981-09-15,0.19927193224430084,0.6666669845581055,0.6744790077209473,0.6640629768371582,0.6640629768371582,2035200
1981-09-16,0.19927193224430084,0.6666669845581055,0.6692709922790527,0.6640629768371582,0.6666669845581055,4857600
1981-09-17,0.20082874596118927,0.671875,0.6770830154418945,0.6640629768371582,0.6666669845581055,4123200
1981-09-18,0.2039424479007721,0.6822919845581055,0.6875,0.6640629768371582,0.671875,3556800
1981-09-21,0.20005030930042267,0.6692709922790527,0.6848959922790527,0.6692709922790527,0.6822919845581055,6609600
1981-09-22,0.19927193224430084,0.6666669845581055,0.671875,0.6666669845581055,0.6692709922790527,3945600
1981-09-23,0.19693665206432343,0.6588540077209473,0.6666669845581055,0.6588540077209473,0.6666669845581055,5928000
1981-09-24,0.19927193224430084,0.6666669845581055,0.671875,0.6536459922790527,0.6588540077209473,12652800
1981-09-25,0.19615836441516876,0.65625,0.6588540077209473,0.6458330154418945,0.6588540077209473,3537600
1981-09-28,0.20082874596118927,0.671875,0.6744790077209473,0.6458330154418945,0.65625,11006400
1981-09-29,0.20549920201301575,0.6875,0.6875,0.6692709922790527,0.671875,6993600
1981-09-30,0.21016962826251984,0.703125,0.703125,0.6822919845581055,0.6875,7065600
1981-10-01,0.21483999490737915,0.71875,0.7291669845581055,0.7057290077209473,0.7057290077209473,16819200
1981-10-02,0.21639688313007355,0.7239580154418945,0.7369790077209473,0.7239580154418945,0.7239580154418945,20376000
1981-10-05,0.21717530488967896,0.7265629768371582,0.7291669845581055,0.7239580154418945,0.7239580154418945,5832000
1981-10-06,0.21717530488967896,0.7265629768371582,0.7317709922790527,0.7239580154418945,0.7265629768371582,4838400
1981-10-07,0.2241809070110321,0.75,0.75,0.7265629768371582,0.7265629768371582,11740800
1981-10-08,0.22573764622211456,0.7552080154418945,0.7578129768371582,0.7421879768371582,0.75,7382400
1981-10-09,0.22262416779994965,0.7447919845581055,0.7578129768371582,0.7447919845581055,0.7552080154418945,6345600
1981-10-12,0.2241809070110321,0.75,0.75,0.7395830154418945,0.7447919845581055,1219200
1981-10-13,0.22262416779994965,0.7447919845581055,0.7526040077209473,0.7421879768371582,0.75,4929600
1981-10-14,0.21639688313007355,0.7239580154418945,0.7421879768371582,0.7239580154418945,0.7421879768371582,2644800
1981-10-15,0.21717530488967896,0.7265629768371582,0.7317709922790527,0.71875,0.7239580154418945,1814400
1981-10-16,0.2156183272600174,0.7213540077209473,0.7265629768371582,0.7161459922790527,0.7265629768371582,6172800
1981-10-19,0.2125050276517868,0.7109379768371582,0.7161459922790527,0.7057290077209473,0.7161459922790527,5059200
1981-10-20,0.21094800531864166,0.7057290077209473,0.7135419845581055,0.7057290077209473,0.7109379768371582,7099200
1981-10-21,0.20705585181713104,0.6927080154418945,0.7083330154418945,0.6927080154418945,0.7057290077209473,7699200
1981-10-22,0.21328337490558624,0.7135419845581055,0.71875,0.6875,0.6927080154418945,8524800
1981-10-23,0.2140616476535797,0.7161459922790527,0.7239580154418945,0.7083330154418945,0.7135419845581055,11697600
1981-10-26,0.21328337490558624,0.7135419845581055,0.7135419845581055,0.7083330154418945,0.7135419845581055,3225600
1981-10-27,0.21951043605804443,0.734375,0.734375,0.7057290077209473,0.7135419845581055,7915200
1981-10-28,0.2241809070110321,0.75,0.7604169845581055,0.734375,0.734375,13435200
1981-10-29,0.22495940327644348,0.7526040077209473,0.7578129768371582,0.7421879768371582,0.75,5337600
1981-10-30,0.22962962090969086,0.7682290077209473,0.7682290077209473,0.7552080154418945,0.7552080154418945,4046400
1981-11-02,0.22729463875293732,0.7604169845581055,0.7708330154418945,0.7604169845581055,0.7682290077209473,18115200
1981-11-03,0.22729463875293732,0.7604169845581055,0.7630209922790527,0.7552080154418945,0.7604169845581055,3216000
1981-11-04,0.22106723487377167,0.7395830154418945,0.7604169845581055,0.7395830154418945,0.7604169845581055,1929600
1981-11-05,0.21717530488967896,0.7265629768371582,0.7447919845581055,0.7239580154418945,0.7395830154418945,7790400
1981-11-06,0.21951043605804443,0.734375,0.734375,0.7239580154418945,0.7265629768371582,6216000
1981-11-09,0.22028876841068268,0.7369790077209473,0.7473959922790527,0.7317709922790527,0.734375,1377600
1981-11-10,0.22106723487377167,0.7395830154418945,0.7447919845581055,0.734375,0.7369790077209473,2481600
1981-11-11,0.22106723487377167,0.7395830154418945,0.7395830154418945,0.734375,0.7395830154418945,1248000
1981-11-12,0.22106723487377167,0.7395830154418945,0.75,0.7291669845581055,0.7395830154418945,3758400
1981-11-13,0.21717530488967896,0.7265629768371582,0.7369790077209473,0.7239580154418945,0.7369790077209473,2092800
1981-11-16,0.2117263376712799,0.7083330154418945,0.71875,0.7057290077209473,0.71875,4636800
1981-11-17,0.21094800531864166,0.7057290077209473,0.7083330154418945,0.6979169845581055,0.7083330154418945,6427200
1981-11-18,0.21094800531864166,0.7057290077209473,0.7135419845581055,0.7005209922790527,0.7057290077209473,4608000
1981-11-19,0.2140616476535797,0.7161459922790527,0.71875,0.7109379768371582,0.7109379768371582,2476800
1981-11-20,0.21795377135276794,0.7291669845581055,0.7317709922790527,0.7213540077209473,0.7213540077209473,5726400
1981-11-23,0.22106723487377167,0.7395830154418945,0.7395830154418945,0.7317709922790527,0.7317709922790527,4344000
1981-11-24,0.22078236937522888,0.7265629768371582,0.7265629768371582,0.7213540077209473,0.7265629768371582,6604800
1981-11-25,0.22394758462905884,0.7369790077209473,0.7421879768371582,0.7317709922790527,0.7317709922790527,7195200
1981-11-27,0.22473891079425812,0.7395830154418945,0.7447919845581055,0.734375,0.7369790077209473,2155200
1981-11-30,0.22553037106990814,0.7421879768371582,0.75,0.7395830154418945,0.7395830154418945,4027200
1981-12-01,0.22632168233394623,0.7447919845581055,0.7447919845581055,0.7395830154418945,0.7421879768371582,3278400
1981-12-02,0.2231561541557312,0.734375,0.7421879768371582,0.734375,0.7421879768371582,3705600
1981-12-03,0.22632168233394623,0.7447919845581055,0.7447919845581055,0.734375,0.734375,2803200
1981-12-04,0.22869573533535004,0.7526040077209473,0.7578129768371582,0.7447919845581055,0.7447919845581055,5462400
1981-12-07,0.22948691248893738,0.7552080154418945,0.7578129768371582,0.7473959922790527,0.7526040077209473,2822400
1981-12-08,0.22869573533535004,0.7526040077209473,0.7578129768371582,0.75,0.7552080154418945,6705600
1981-12-09,0.22632168233394623,0.7447919845581055,0.75,0.7421879768371582,0.75,3528000
1981-12-10,0.22632168233394623,0.7447919845581055,0.7552080154418945,0.7421879768371582,0.7447919845581055,3456000
1981-12-11,0.22553037106990814,0.7421879768371582,0.75,0.7395830154418945,0.7447919845581055,2188800
1981-12-14,0.22157378494739532,0.7291669845581055,0.7447919845581055,0.7265629768371582,0.7421879768371582,5644800
1981-12-15,0.22078236937522888,0.7265629768371582,0.7265629768371582,0.71875,0.7265629768371582,5145600
1981-12-16,0.2184082567691803,0.71875,0.7265629768371582,0.71875,0.7265629768371582,1670400
1981-12-17,0.2176169902086258,0.7161459922790527,0.7239580154418945,0.7161459922790527,0.71875,3345600
1981-12-18,0.2184082567691803,0.71875,0.7317709922790527,0.7135419845581055,0.7161459922790527,2467200
1981-12-21,0.2160344123840332,0.7109379768371582,0.7213540077209473,0.7109379768371582,0.71875,3844800
1981-12-22,0.2176169902086258,0.7161459922790527,0.7213540077209473,0.7109379768371582,0.7109379768371582,7137600
1981-12-23,0.2184082567691803,0.71875,0.71875,0.7135419845581055,0.7161459922790527,1660800
1981-12-24,0.21682578325271606,0.7135419845581055,0.71875,0.7135419845581055,0.71875,1084800
1981-12-28,0.21682578325271606,0.7135419845581055,0.7213540077209473,0.7135419845581055,0.7135419845581055,1670400
1981-12-29,0.2176169902086258,0.7161459922790527,0.7213540077209473,0.7135419845581055,0.7135419845581055,2121600
1981-12-30,0.21919956803321838,0.7213540077209473,0.7265629768371582,0.7135419845581055,0.7161459922790527,1540800
1981-12-31,0.21999096870422363,0.7239580154418945,0.7265629768371582,0.7213540077209473,0.7213540077209473,1742400
1982-01-04,0.21919956803321838,0.7213540077209473,0.7265629768371582,0.7083330154418945,0.7239580154418945,2169600
1982-01-05,0.2176169902086258,0.7161459922790527,0.7265629768371582,0.7135419845581055,0.7213540077209473,3499200
1982-01-06,0.21999096870422363,0.7239580154418945,0.7239580154418945,0.7135419845581055,0.7161459922790527,2769600
1982-01-07,0.22632168233394623,0.7447919845581055,0.75,0.7291669845581055,0.7291669845581055,9081600
1982-01-08,0.22790439426898956,0.75,0.7682290077209473,0.7473959922790527,0.7473959922790527,3000000
1982-01-11,0.22632168233394623,0.7447919845581055,0.75,0.7395830154418945,0.75,6470400
1982-01-12,0.22632168233394623,0.7447919845581055,0.7630209922790527,0.7421879768371582,0.7447919845581055,4867200
1982-01-13,0.22394758462905884,0.7369790077209473,0.7473959922790527,0.734375,0.7447919845581055,4051200
1982-01-14,0.22157378494739532,0.7291669845581055,0.734375,0.7239580154418945,0.734375,5380800
1982-01-15,0.2176169902086258,0.7161459922790527,0.7369790077209473,0.7161459922790527,0.7291669845581055,3014400
1982-01-18,0.21682578325271606,0.7135419845581055,0.71875,0.7109379768371582,0.7161459922790527,7497600
1982-01-19,0.20258165895938873,0.6666669845581055,0.6770830154418945,0.6640629768371582,0.6770830154418945,9595200
1982-01-20,0.19387711584568024,0.6380209922790527,0.6614580154418945,0.6354169845581055,0.6614580154418945,28747200
1982-01-21,0.19862495362758636,0.6536459922790527,0.6536459922790527,0.6380209922790527,0.6380209922790527,18556800
1982-01-22,0.19783364236354828,0.6510419845581055,0.6536459922790527,0.6458330154418945,0.6536459922790527,21513600
1982-01-25,0.19545957446098328,0.6432290077209473,0.6484379768371582,0.640625,0.6484379768371582,24556800
1982-01-26,0.19704239070415497,0.6484379768371582,0.6484379768371582,0.640625,0.6432290077209473,11308800
1982-01-27,0.19862495362758636,0.6536459922790527,0.6536459922790527,0.6432290077209473,0.6484379768371582,7800000
1982-01-28,0.20258165895938873,0.6666669845581055,0.6770830154418945,0.65625,0.65625,14875200
1982-01-29,0.2065383791923523,0.6796879768371582,0.6796879768371582,0.6614580154418945,0.6666669845581055,13147200
1982-02-01,0.20179042220115662,0.6640629768371582,0.6770830154418945,0.6640629768371582,0.6770830154418945,13526400
1982-02-02,0.20258165895938873,0.6666669845581055,0.6692709922790527,0.6640629768371582,0.6640629768371582,14616000
1982-02-03,0.20020759105682373,0.6588540077209473,0.6692709922790527,0.6588540077209473,0.6666669845581055,6307200
1982-02-04,0.20179042220115662,0.6640629768371582,0.6640629768371582,0.6536459922790527,0.6588540077209473,8467200
1982-02-05,0.20337292551994324,0.6692709922790527,0.671875,0.6640629768371582,0.6640629768371582,14841600
1982-02-08,0.20179042220115662,0.6640629768371582,0.6692709922790527,0.6614580154418945,0.6692709922790527,5587200
1982-02-09,0.20099882781505585,0.6614580154418945,0.6666669845581055,0.6614580154418945,0.6640629768371582,16142400
1982-02-10,0.2041642963886261,0.671875,0.671875,0.6614580154418945,0.6614580154418945,5880000
1982-02-11,0.2041642963886261,0.671875,0.671875,0.6666669845581055,0.671875,3412800
1982-02-12,0.20337292551994324,0.6692709922790527,0.671875,0.6692709922790527,0.671875,5659200
1982-02-16,0.20099882781505585,0.6614580154418945,0.6666669845581055,0.6536459922790527,0.6666669845581055,8150400
1982-02-17,0.1994161754846573,0.65625,0.6640629768371582,0.6536459922790527,0.6614580154418945,2169600
1982-02-18,0.1994161754846573,0.65625,0.6614580154418945,0.6510419845581055,0.65625,9460800
1982-02-19,0.19704239070415497,0.6484379768371582,0.6510419845581055,0.6432290077209473,0.6510419845581055,6432000
1982-02-22,0.1915029138326645,0.6302080154418945,0.6510419845581055,0.625,0.6484379768371582,6926400
1982-02-23,0.19625087082386017,0.6458330154418945,0.6458330154418945,0.6276040077209473,0.6302080154418945,11092800
1982-02-24,0.19545957446098328,0.6432290077209473,0.6458330154418945,0.6328129768371582,0.6458330154418945,9000000
1982-02-25,0.1922943890094757,0.6328129768371582,0.6432290077209473,0.6328129768371582,0.6432290077209473,8596800
1982-02-26,0.1915029138326645,0.6302080154418945,0.640625,0.6197919845581055,0.6328129768371582,9259200
1982-03-01,0.1930856555700302,0.6354169845581055,0.6380209922790527,0.6276040077209473,0.6302080154418945,5059200
1982-03-02,0.1915029138326645,0.6302080154418945,0.640625,0.6276040077209473,0.6354169845581055,9681600
1982-03-03,0.1922943890094757,0.6328129768371582,0.6380209922790527,0.6197919845581055,0.6302080154418945,11736000
1982-03-04,0.19387711584568024,0.6380209922790527,0.640625,0.6276040077209473,0.6328129768371582,30907200
1982-03-05,0.20020759105682373,0.6588540077209473,0.6588540077209473,0.6380209922790527,0.6380209922790527,15964800
1982-03-08,0.20020759105682373,0.6588540077209473,0.6666669845581055,0.6510419845581055,0.6588540077209473,16089600
1982-03-09,0.2025969922542572,0.6536459922790527,0.6588540077209473,0.6484379768371582,0.6588540077209473,15470400
1982-03-10,0.2025969922542572,0.6536459922790527,0.6588540077209473,0.6510419845581055,0.6536459922790527,4900800
1982-03-11,0.20421114563941956,0.6588540077209473,0.6588540077209473,0.6536459922790527,0.6536459922790527,6777600
1982-03-12,0.2025969922542572,0.6536459922790527,0.6588540077209473,0.6510419845581055,0.6588540077209473,4929600
1982-03-15,0.20421114563941956,0.6588540077209473,0.6614580154418945,0.6536459922790527,0.6536459922790527,5803200
1982-03-16,0.20421114563941956,0.6588540077209473,0.671875,0.6588540077209473,0.6588540077209473,13920000
1982-03-17,0.203404039144516,0.65625,0.6614580154418945,0.6510419845581055,0.6588540077209473,9758400
1982-03-18,0.203404039144516,0.65625,0.6588540077209473,0.6484379768371582,0.65625,8352000
1982-03-19,0.2025969922542572,0.6536459922790527,0.65625,0.6510419845581055,0.65625,6091200
1982-03-22,0.2066328376531601,0.6666669845581055,0.671875,0.65625,0.65625,14092800
1982-03-23,0.21389707922935486,0.6901040077209473,0.6927080154418945,0.6692709922790527,0.6692709922790527,16257600
1982-03-24,0.21631866693496704,0.6979169845581055,0.7083330154418945,0.6927080154418945,0.6927080154418945,19156800
1982-03-25,0.21873995661735535,0.7057290077209473,0.7135419845581055,0.6953129768371582,0.6979169845581055,10627200
1982-03-26,0.21631866693496704,0.6979169845581055,0.7057290077209473,0.6979169845581055,0.7057290077209473,5164800
1982-03-29,0.21631866693496704,0.6979169845581055,0.7005209922790527,0.6901040077209473,0.6979169845581055,2702400
1982-03-30,0.21631866693496704,0.6979169845581055,0.7005209922790527,0.6927080154418945,0.6979169845581055,2707200
1982-03-31,0.2114757001399994,0.6822919845581055,0.6979169845581055,0.6822919845581055,0.6979169845581055,8236800
1982-04-01,0.21389707922935486,0.6901040077209473,0.6927080154418945,0.6822919845581055,0.6822919845581055,8232000
1982-04-02,0.21470417082309723,0.6927080154418945,0.6953129768371582,0.6875,0.6901040077209473,7776000
1982-04-05,0.21389707922935486,0.6901040077209473,0.6953129768371582,0.6875,0.6927080154418945,11169600
1982-04-06,0.21389707922935486,0.6901040077209473,0.6927080154418945,0.6875,0.6901040077209473,5438400
1982-04-07,0.21631866693496704,0.6979169845581055,0.6979169845581055,0.6901040077209473,0.6901040077209473,8251200
1982-04-08,0.21954721212387085,0.7083330154418945,0.7083330154418945,0.6979169845581055,0.6979169845581055,9580800
1982-04-12,0.21873995661735535,0.7057290077209473,0.7109379768371582,0.7005209922790527,0.7083330154418945,5548800
1982-04-13,0.22035446763038635,0.7109379768371582,0.7109379768371582,0.703125,0.7057290077209473,6220800
1982-04-14,0.21954721212387085,0.7083330154418945,0.7109379768371582,0.7057290077209473,0.7109379768371582,6777600
1982-04-15,0.21954721212387085,0.7083330154418945,0.7083330154418945,0.7057290077209473,0.7083330154418945,2318400
1982-04-16,0.22035446763038635,0.7109379768371582,0.7109379768371582,0.7057290077209473,0.7083330154418945,8688000
1982-04-19,0.22358298301696777,0.7213540077209473,0.7213540077209473,0.7083330154418945,0.7109379768371582,8467200
1982-04-20,0.2243901938199997,0.7239580154418945,0.7317709922790527,0.7213540077209473,0.7213540077209473,17553600
1982-04-21,0.22358298301696777,0.7213540077209473,0.7239580154418945,0.7161459922790527,0.7239580154418945,10948800
1982-04-22,0.22519738972187042,0.7265629768371582,0.7291669845581055,0.7239580154418945,0.7239580154418945,18902400
1982-04-23,0.22519738972187042,0.7265629768371582,0.7265629768371582,0.7213540077209473,0.7265629768371582,9369600
1982-04-26,0.22519738972187042,0.7265629768371582,0.7291669845581055,0.7213540077209473,0.7265629768371582,18864000
1982-04-27,0.22358298301696777,0.7213540077209473,0.7291669845581055,0.71875,0.7265629768371582,12408000
1982-04-28,0.2219688594341278,0.7161459922790527,0.7213540077209473,0.7161459922790527,0.7213540077209473,5131200
1982-04-29,0.22116157412528992,0.7135419845581055,0.7161459922790527,0.7083330154418945,0.7161459922790527,5198400
1982-04-30,0.22035446763038635,0.7109379768371582,0.7135419845581055,0.7083330154418945,0.7135419845581055,4171200
1982-05-03,0.21873995661735535,0.7057290077209473,0.7083330154418945,0.703125,0.7083330154418945,7612800
1982-05-04,0.22116157412528992,0.7135419845581055,0.7161459922790527,0.7083330154418945,0.7083330154418945,16896000
1982-05-05,0.22277581691741943,0.71875,0.7213540077209473,0.7135419845581055,0.7135419845581055,26246400
1982-05-06,0.22277581691741943,0.71875,0.7239580154418945,0.71875,0.71875,8236800
1982-05-07,0.22519738972187042,0.7265629768371582,0.7291669845581055,0.71875,0.71875,7224000
1982-05-10,0.22116157412528992,0.7135419845581055,0.7239580154418945,0.7135419845581055,0.7239580154418945,9134400
1982-05-11,0.22277581691741943,0.71875,0.7213540077209473,0.7135419845581055,0.7135419845581055,14136000
1982-05-12,0.22116157412528992,0.7135419845581055,0.7213540077209473,0.7135419845581055,0.71875,8726400
1982-05-13,0.21873995661735535,0.7057290077209473,0.7161459922790527,0.703125,0.7135419845581055,9144000
1982-05-14,0.21712587773799896,0.7005209922790527,0.7057290077209473,0.7005209922790527,0.7057290077209473,6456000
1982-05-17,0.21389707922935486,0.6901040077209473,0.703125,0.6875,0.7005209922790527,7872000
1982-05-18,0.21551162004470825,0.6953129768371582,0.6953129768371582,0.6875,0.6901040077209473,3844800
1982-05-19,0.2179330736398697,0.703125,0.7083330154418945,0.6927080154418945,0.6953129768371582,4670400
1982-05-20,0.21712587773799896,0.7005209922790527,0.703125,0.6979169845581055,0.703125,5428800
1982-05-21,0.21873995661735535,0.7057290077209473,0.7083330154418945,0.6979169845581055,0.7005209922790527,6096000
1982-05-24,0.2187071144580841,0.6927080154418945,0.6953129768371582,0.6875,0.6953129768371582,4608000
1982-05-25,0.22035177052021027,0.6979169845581055,0.6979169845581055,0.6901040077209473,0.6927080154418945,6172800
1982-05-26,0.2154185026884079,0.6822919845581055,0.6953129768371582,0.6796879768371582,0.6953129768371582,7862400
1982-05-27,0.21048539876937866,0.6666669845581055,0.6796879768371582,0.6640629768371582,0.6796879768371582,6244800
1982-05-28,0.21048539876937866,0.6666669845581055,0.6744790077209473,0.6666669845581055,0.6666669845581055,5596800
1982-06-01,0.21212954819202423,0.671875,0.671875,0.6640629768371582,0.6666669845581055,8078400
1982-06-02,0.2178850620985031,0.6901040077209473,0.6901040077209473,0.6744790077209473,0.6744790077209473,7180800
1982-06-03,0.22035177052021027,0.6979169845581055,0.7057290077209473,0.6927080154418945,0.6927080154418945,7012800
1982-06-04,0.22035177052021027,0.6979169845581055,0.7005209922790527,0.6953129768371582,0.6979169845581055,8400000
1982-06-07,0.22117410600185394,0.7005209922790527,0.703125,0.6953129768371582,0.6979169845581055,4737600
1982-06-08,0.2219962179660797,0.703125,0.7057290077209473,0.6979169845581055,0.7005209922790527,5073600
1982-06-09,0.2236405909061432,0.7083330154418945,0.7109379768371582,0.703125,0.703125,8136000
1982-06-10,0.2236405909061432,0.7083330154418945,0.7161459922790527,0.7057290077209473,0.7083330154418945,7224000
1982-06-11,0.2236405909061432,0.7083330154418945,0.7161459922790527,0.7057290077209473,0.7083330154418945,7521600
1982-06-14,0.2219962179660797,0.703125,0.7057290077209473,0.703125,0.7057290077209473,2140800
1982-06-15,0.22117410600185394,0.7005209922790527,0.7057290077209473,0.7005209922790527,0.703125,2985600
1982-06-16,0.21952971816062927,0.6953129768371582,0.703125,0.6927080154418945,0.7005209922790527,6393600
1982-06-17,0.2187071144580841,0.6927080154418945,0.6953129768371582,0.6901040077209473,0.6953129768371582,8088000
1982-06-18,0.2178850620985031,0.6901040077209473,0.6953129768371582,0.6901040077209473,0.6927080154418945,10588800
1982-06-21,0.2219962179660797,0.703125,0.703125,0.6901040077209473,0.6901040077209473,11150400
1982-06-22,0.2318626046180725,0.734375,0.75,0.7005209922790527,0.703125,12864000
1982-06-23,0.2343294322490692,0.7421879768371582,0.7421879768371582,0.7317709922790527,0.734375,11793600
1982-06-24,0.22939598560333252,0.7265629768371582,0.7473959922790527,0.7265629768371582,0.7421879768371582,8697600
1982-06-25,0.2219962179660797,0.703125,0.7135419845581055,0.703125,0.7135419845581055,22713600
1982-06-28,0.22117410600185394,0.7005209922790527,0.703125,0.6927080154418945,0.703125,13843200
1982-06-29,0.22035177052021027,0.6979169845581055,0.703125,0.6979169845581055,0.7005209922790527,3273600
1982-06-30,0.2219962179660797,0.703125,0.7057290077209473,0.6979169845581055,0.6979169845581055,15662400
1982-07-01,0.2219962179660797,0.703125,0.7057290077209473,0.7005209922790527,0.703125,1886400
1982-07-02,0.22117410600185394,0.7005209922790527,0.7057290077209473,0.6979169845581055,0.703125,3456000
1982-07-06,0.21952971816062927,0.6953129768371582,0.7005209922790527,0.6953129768371582,0.7005209922790527,10747200
1982-07-07,0.2228182703256607,0.7057290077209473,0.7083330154418945,0.6979169845581055,0.6979169845581055,11774400
1982-07-08,0.2228182703256607,0.7057290077209473,0.7057290077209473,0.6953129768371582,0.7057290077209473,4646400
1982-07-09,0.23021845519542694,0.7291669845581055,0.7369790077209473,0.7135419845581055,0.7135419845581055,18518400
1982-07-12,0.24090683460235596,0.7630209922790527,0.7630209922790527,0.7526040077209473,0.7526040077209473,12628800
1982-07-13,0.23926261067390442,0.7578129768371582,0.765625,0.7578129768371582,0.7630209922790527,24129600
1982-07-14,0.24090683460235596,0.7630209922790527,0.7630209922790527,0.7526040077209473,0.7578129768371582,12628800
1982-07-15,0.24584007263183594,0.7786459922790527,0.7786459922790527,0.765625,0.765625,25080000
1982-07-16,0.24830664694309235,0.7864580154418945,0.796875,0.7604169845581055,0.7786459922790527,23251200
1982-07-19,0.25323978066444397,0.8020830154418945,0.8072919845581055,0.7890629768371582,0.7890629768371582,14904000
1982-07-20,0.24995142221450806,0.7916669845581055,0.8046879768371582,0.7890629768371582,0.8020830154418945,9134400
1982-07-21,0.24666236340999603,0.78125,0.8020830154418945,0.7708330154418945,0.7916669845581055,12585600
1982-07-22,0.24666236340999603,0.78125,0.7890629768371582,0.7708330154418945,0.78125,9916800
1982-07-23,0.24501803517341614,0.7760419845581055,0.7838540077209473,0.7734379768371582,0.78125,4435200
1982-07-26,0.24419590830802917,0.7734379768371582,0.78125,0.7734379768371582,0.7760419845581055,5568000
1982-07-27,0.24584007263183594,0.7786459922790527,0.7916669845581055,0.7734379768371582,0.7734379768371582,13972800
1982-07-28,0.24255117774009705,0.7682290077209473,0.78125,0.7682290077209473,0.7786459922790527,9043200
1982-07-29,0.2417290210723877,0.765625,0.765625,0.75,0.765625,15878400
1982-07-30,0.24090683460235596,0.7630209922790527,0.7760419845581055,0.7630209922790527,0.765625,10708800
1982-08-02,0.24748444557189941,0.7838540077209473,0.7838540077209473,0.7682290077209473,0.7682290077209473,12888000
1982-08-03,0.249129056930542,0.7890629768371582,0.7942709922790527,0.7864580154418945,0.7864580154418945,12484800
1982-08-04,0.24584007263183594,0.7786459922790527,0.7890629768371582,0.7760419845581055,0.7890629768371582,10512000
1982-08-05,0.23761819303035736,0.7526040077209473,0.7734379768371582,0.75,0.7734379768371582,10636800
1982-08-06,0.23268482089042664,0.7369790077209473,0.75,0.7369790077209473,0.75,10228800
1982-08-09,0.23268482089042664,0.7369790077209473,0.7473959922790527,0.71875,0.7369790077209473,12273600
1982-08-10,0.2318626046180725,0.734375,0.7395830154418945,0.7291669845581055,0.7369790077209473,19416000
1982-08-11,0.22857381403446198,0.7239580154418945,0.7369790077209473,0.7239580154418945,0.734375,5688000
1982-08-12,0.22857381403446198,0.7239580154418945,0.7317709922790527,0.7239580154418945,0.7239580154418945,5438400
1982-08-13,0.23268482089042664,0.7369790077209473,0.7369790077209473,0.71875,0.7239580154418945,5793600
1982-08-16,0.23597358167171478,0.7473959922790527,0.7526040077209473,0.7395830154418945,0.7395830154418945,7142400
1982-08-17,0.24501803517341614,0.7760419845581055,0.7760419845581055,0.75,0.75,13320000
1982-08-18,0.2417290210723877,0.765625,0.7916669845581055,0.7552080154418945,0.7760419845581055,13243200
1982-08-19,0.24090683460235596,0.7630209922790527,0.7786459922790527,0.7604169845581055,0.765625,8860800
1982-08-20,0.24584007263183594,0.7786459922790527,0.796875,0.7630209922790527,0.7630209922790527,12590400
1982-08-23,0.26392892003059387,0.8359379768371582,0.8385419845581055,0.7760419845581055,0.7786459922790527,20270400
1982-08-24,0.25899559259414673,0.8203129768371582,0.8307290077209473,0.8072919845581055,0.8307290077209473,12129600
1982-08-25,0.26228418946266174,0.8307290077209473,0.8411459922790527,0.8203129768371582,0.8203129768371582,9019200
1982-08-26,0.2581731677055359,0.8177080154418945,0.8411459922790527,0.8177080154418945,0.8307290077209473,19699200
1982-08-27,0.25323978066444397,0.8020830154418945,0.8229169845581055,0.7994790077209473,0.8177080154418945,8649600
1982-08-30,0.25652891397476196,0.8125,0.8151040077209473,0.796875,0.8020830154418945,7180800
1982-08-31,0.25899559259414673,0.8203129768371582,0.8229169845581055,0.8072919845581055,0.8125,23520000
1982-09-01,0.2548845410346985,0.8072919845581055,0.828125,0.8046879768371582,0.8203129768371582,16838400
1982-09-02,0.26146209239959717,0.828125,0.8333330154418945,0.8072919845581055,0.8072919845581055,7732800
1982-09-03,0.2672174274921417,0.8463540077209473,0.8541669845581055,0.8255209922790527,0.828125,17899200
1982-09-07,0.26063990592956543,0.8255209922790527,0.8463540077209473,0.8229169845581055,0.8463540077209473,15019200
1982-09-08,0.26228418946266174,0.8307290077209473,0.8359379768371582,0.8255209922790527,0.8255209922790527,12600000
1982-09-09,0.25807520747184753,0.8046879768371582,0.8203129768371582,0.8046879768371582,0.8203129768371582,13896000
1982-09-10,0.2597454786300659,0.8098959922790527,0.8098959922790527,0.796875,0.8046879768371582,15465600
1982-09-13,0.26058071851730347,0.8125,0.8125,0.8020830154418945,0.8098959922790527,5817600
1982-09-14,0.2639216184616089,0.8229169845581055,0.8333330154418945,0.8177080154418945,0.8177080154418945,10368000
1982-09-15,0.269767701625824,0.8411459922790527,0.8411459922790527,0.8229169845581055,0.8229169845581055,11683200
1982-09-16,0.2706030011177063,0.84375,0.8671879768371582,0.8385419845581055,0.8411459922790527,20308800
1982-09-17,0.2706030011177063,0.84375,0.8541669845581055,0.8411459922790527,0.84375,15254400
1982-09-20,0.27143824100494385,0.8463540077209473,0.8489580154418945,0.828125,0.84375,5313600
1982-09-21,0.27979007363319397,0.8723959922790527,0.8802080154418945,0.8515629768371582,0.8515629768371582,21926400
1982-09-22,0.28146034479141235,0.8776040077209473,0.9010419845581055,0.875,0.875,24792000
1982-09-23,0.28730690479278564,0.8958330154418945,0.8984379768371582,0.875,0.8776040077209473,19344000
1982-09-24,0.2848012149333954,0.8880209922790527,0.8932290077209473,0.8854169845581055,0.8932290077209473,13411200
1982-09-27,0.29315343499183655,0.9140629768371582,0.9140629768371582,0.8880209922790527,0.8880209922790527,5203200
1982-09-28,0.28647181391716003,0.8932290077209473,0.921875,0.8932290077209473,0.9140629768371582,10689600
1982-09-29,0.2772844135761261,0.8645830154418945,0.890625,0.859375,0.890625,13075200
1982-09-30,0.27227336168289185,0.8489580154418945,0.8515629768371582,0.8333330154418945,0.8515629768371582,11208000
1982-10-01,0.27561384439468384,0.859375,0.8619790077209473,0.8411459922790527,0.8489580154418945,11347200
1982-10-04,0.27895498275756836,0.8697919845581055,0.8697919845581055,0.8489580154418945,0.859375,15633600
1982-10-05,0.28146034479141235,0.8776040077209473,0.8854169845581055,0.8697919845581055,0.8697919845581055,13761600
1982-10-06,0.29148271679878235,0.9088540077209473,0.9114580154418945,0.8776040077209473,0.8776040077209473,10392000
1982-10-07,0.29398849606513977,0.9166669845581055,0.9322919845581055,0.9010419845581055,0.9088540077209473,18724800
1982-10-08,0.29899969696998596,0.9322919845581055,0.9375,0.90625,0.9166669845581055,19281600
1982-10-11,0.30401086807250977,0.9479169845581055,0.9583330154418945,0.9401040077209473,0.9401040077209473,15240000
1982-10-12,0.303175687789917,0.9453129768371582,0.9635419845581055,0.9401040077209473,0.9479169845581055,14673600
1982-10-13,0.3023402988910675,0.9427080154418945,0.9583330154418945,0.9322919845581055,0.9453129768371582,11208000
1982-10-14,0.29064762592315674,0.90625,0.9427080154418945,0.90625,0.9427080154418945,11280000
1982-10-15,0.2948235273361206,0.9192709922790527,0.9270830154418945,0.890625,0.90625,8721600
1982-10-18,0.3081868588924408,0.9609379768371582,0.9609379768371582,0.9375,0.9375,6979200
1982-10-19,0.3006698191165924,0.9375,0.9609379768371582,0.9296879768371582,0.9609379768371582,21249600
1982-10-20,0.3006698191165924,0.9375,0.9401040077209473,0.9296879768371582,0.9375,12091200
1982-10-21,0.29899969696998596,0.9322919845581055,0.9401040077209473,0.9192709922790527,0.9375,14625600
1982-10-22,0.3006698191165924,0.9375,0.953125,0.9322919845581055,0.9322919845581055,11443200
1982-10-25,0.29231786727905273,0.9114580154418945,0.9348959922790527,0.9114580154418945,0.9348959922790527,16022400
1982-10-26,0.29398849606513977,0.9166669845581055,0.9166669845581055,0.8932290077209473,0.9114580154418945,20812800
1982-10-27,0.2956586480140686,0.921875,0.9322919845581055,0.9088540077209473,0.9166669845581055,18475200
1982-10-28,0.29315343499183655,0.9140629768371582,0.9244790077209473,0.9114580154418945,0.921875,7752000
1982-10-29,0.29231786727905273,0.9114580154418945,0.9166669845581055,0.9010419845581055,0.9140629768371582,6504000
1982-11-01,0.3006698191165924,0.9375,0.9427080154418945,0.9166669845581055,0.9166669845581055,8083200
1982-11-02,0.30484580993652344,0.9505209922790527,0.9609379768371582,0.9427080154418945,0.9427080154418945,18600000
1982-11-03,0.3207145631313324,1.0,1.0052080154418945,0.9557290077209473,0.9557290077209473,16094400
1982-11-04,0.33157214522361755,1.0338540077209473,1.0520830154418945,1.0130209922790527,1.0130209922790527,23716800
1982-11-05,0.3324071168899536,1.0364580154418945,1.0416669845581055,1.0234379768371582,1.0338540077209473,11904000
1982-11-08,0.325725793838501,1.015625,1.0260419845581055,1.0104169845581055,1.0260419845581055,6307200
1982-11-09,0.33073702454566956,1.03125,1.0338540077209473,1.015625,1.015625,9744000
1982-11-10,0.325725793838501,1.015625,1.0442709922790527,1.0104169845581055,1.03125,22190400
1982-11-11,0.32739612460136414,1.0208330154418945,1.0234379768371582,1.0078129768371582,1.015625,6235200
1982-11-12,0.3223848044872284,1.0052080154418945,1.0260419845581055,1.0052080154418945,1.0208330154418945,10416000
1982-11-15,0.30902189016342163,0.9635419845581055,0.9895830154418945,0.9557290077209473,0.9895830154418945,6225600
1982-11-16,0.30484580993652344,0.9505209922790527,0.9609379768371582,0.9375,0.9609379768371582,11260800
1982-11-17,0.3073514699935913,0.9583330154418945,0.9739580154418945,0.9557290077209473,0.9557290077209473,6259200
1982-11-18,0.30484580993652344,0.9505209922790527,0.9609379768371582,0.9453129768371582,0.9583330154418945,11059200
1982-11-19,0.3006698191165924,0.9375,0.9609379768371582,0.9348959922790527,0.9505209922790527,7732800
1982-11-22,0.3006698191165924,0.9375,0.9505209922790527,0.9270830154418945,0.9375,9772800
1982-11-23,0.3106922209262848,0.96875,0.9765629768371582,0.9427080154418945,0.9427080154418945,10036800
1982-11-24,0.311504989862442,0.9583330154418945,0.9713540077209473,0.953125,0.96875,7708800
1982-11-26,0.313198059797287,0.9635419845581055,0.9661459922790527,0.9557290077209473,0.9583330154418945,4934400
1982-11-29,0.3165837526321411,0.9739580154418945,0.9765629768371582,0.96875,0.96875,5736000
1982-11-30,0.3352064788341522,1.03125,1.0364580154418945,0.9791669845581055,0.9791669845581055,23092800
1982-12-01,0.3453642725944519,1.0625,1.0703129768371582,1.0364580154418945,1.0364580154418945,16137600
1982-12-02,0.3436713218688965,1.0572919845581055,1.0651040077209473,1.0546879768371582,1.0625,10728000
1982-12-03,0.34282487630844116,1.0546879768371582,1.09375,1.0546879768371582,1.0572919845581055,11913600
1982-12-06,0.35467541217803955,1.0911459922790527,1.09375,1.0442709922790527,1.0546879768371582,8313600
1982-12-07,0.3580613136291504,1.1015629768371582,1.1145830154418945,1.09375,1.09375,14092800
1982-12-08,0.3614473342895508,1.1119790077209473,1.1145830154418945,1.0989580154418945,1.1015629768371582,8760000
1982-12-09,0.3622937500476837,1.1145830154418945,1.1171879768371582,1.1041669845581055,1.1119790077209473,9758400
1982-12-10,0.353829026222229,1.0885419845581055,1.1119790077209473,1.078125,1.1119790077209473,7267200
1982-12-13,0.3462108373641968,1.0651040077209473,1.0963540077209473,1.0572919845581055,1.0885419845581055,4478400
1982-12-14,0.33182039856910706,1.0208330154418945,1.0911459922790527,0.9973959922790527,1.0651040077209473,26798400
1982-12-15,0.3352064788341522,1.03125,1.0390629768371582,1.0234379768371582,1.0234379768371582,11217600
1982-12-16,0.3402853310108185,1.046875,1.046875,1.0260419845581055,1.03125,8673600
1982-12-17,0.3411318063735962,1.0494790077209473,1.0572919845581055,1.0364580154418945,1.046875,13526400
1982-12-20,0.33012765645980835,1.015625,1.046875,1.015625,1.046875,3062400
1982-12-21,0.3368992507457733,1.0364580154418945,1.0390629768371582,1.0078129768371582,1.015625,13502400
1982-12-22,0.33943891525268555,1.0442709922790527,1.0494790077209473,1.0364580154418945,1.0364580154418945,18268800
1982-12-23,0.3470571041107178,1.0677080154418945,1.0729169845581055,1.046875,1.046875,8726400
1982-12-27,0.35213592648506165,1.0833330154418945,1.0833330154418945,1.0677080154418945,1.0677080154418945,12532800
1982-12-28,0.3470571041107178,1.0677080154418945,1.0911459922790527,1.0651040077209473,1.0833330154418945,3763200
1982-12-29,0.3462108373641968,1.0651040077209473,1.0729169845581055,1.0572919845581055,1.0677080154418945,4012800
1982-12-30,0.3462108373641968,1.0651040077209473,1.0677080154418945,1.0572919845581055,1.0651040077209473,2764800
1982-12-31,0.35213592648506165,1.0833330154418945,1.0833330154418945,1.0546879768371582,1.0651040077209473,6307200
1983-01-03,0.3453642725944519,1.0625,1.0989580154418945,1.0598959922790527,1.0833330154418945,7228800
1983-01-04,0.3470571041107178,1.0677080154418945,1.0703129768371582,1.0520830154418945,1.0625,12441600
1983-01-05,0.3462108373641968,1.0651040077209473,1.0807290077209473,1.0598959922790527,1.0677080154418945,7694400
1983-01-06,0.34875017404556274,1.0729169845581055,1.0885419845581055,1.0651040077209473,1.0651040077209473,8347200
1983-01-07,0.34875017404556274,1.0729169845581055,1.0833330154418945,1.0677080154418945,1.0729169845581055,6628800
1983-01-10,0.353829026222229,1.0885419845581055,1.09375,1.0625,1.0729169845581055,8304000
1983-01-11,0.3419780731201172,1.0520830154418945,1.0833330154418945,1.046875,1.0833330154418945,9302400
1983-01-12,0.33351361751556396,1.0260419845581055,1.0572919845581055,1.0208330154418945,1.0520830154418945,11006400
1983-01-13,0.3250485956668854,1.0,1.0208330154418945,0.9947919845581055,1.0208330154418945,13070400
1983-01-14,0.32758828997612,1.0078129768371582,1.0104169845581055,0.9973959922790527,1.0,7953600
1983-01-17,0.3250485956668854,1.0,1.0182290077209473,1.0,1.0078129768371582,6705600
1983-01-18,0.31827685236930847,0.9791669845581055,0.9947919845581055,0.9739580154418945,0.9947919845581055,10588800
1983-01-19,0.3174305856227875,0.9765629768371582,0.9791669845581055,0.9479169845581055,0.9791669845581055,18729600
1983-01-20,0.3250485956668854,1.0,1.0104169845581055,0.9895830154418945,0.9895830154418945,13305600
1983-01-21,0.3258952498435974,1.0026040077209473,1.0052080154418945,0.9921879768371582,1.0,9312000
1983-01-24,0.3250485956668854,1.0,1.0,0.9791669845581055,1.0,13435200
1983-01-25,0.3233557343482971,0.9947919845581055,1.0026040077209473,0.984375,1.0,23260800
1983-01-26,0.3165837526321411,0.9739580154418945,0.9947919845581055,0.9739580154418945,0.9947919845581055,13584000
1983-01-27,0.32928115129470825,1.0130209922790527,1.015625,0.9869790077209473,0.9869790077209473,25900800
1983-01-28,0.3402853310108185,1.046875,1.0494790077209473,1.0390629768371582,1.0390629768371582,32918400
1983-01-31,0.3402853310108185,1.046875,1.046875,1.0390629768371582,1.046875,10857600
1983-02-01,0.32674142718315125,1.0052080154418945,1.0416669845581055,1.0052080154418945,1.0416669845581055,7449600
1983-02-02,0.3326670527458191,1.0234379768371582,1.03125,0.9895830154418945,1.0052080154418945,15859200
1983-02-03,0.3352064788341522,1.03125,1.0338540077209473,1.0234379768371582,1.0234379768371582,13372800
1983-02-04,0.3385927677154541,1.0416669845581055,1.0416669845581055,1.0260419845581055,1.03125,10118400
1983-02-07,0.3352064788341522,1.03125,1.0416669845581055,1.0260419845581055,1.0416669845581055,3715200
1983-02-08,0.33012765645980835,1.015625,1.0260419845581055,1.0130209922790527,1.0260419845581055,6993600
1983-02-09,0.3225093483924866,0.9921879768371582,1.015625,0.9791669845581055,1.015625,13324800
1983-02-10,0.3225093483924866,0.9921879768371582,1.0078129768371582,0.9895830154418945,0.9921879768371582,12422400
1983-02-11,0.3242022395133972,0.9973959922790527,1.0078129768371582,0.9895830154418945,0.9921879768371582,13502400
1983-02-14,0.321662575006485,0.9895830154418945,1.0,0.9791669845581055,0.9973959922790527,29414400
1983-02-15,0.320816308259964,0.9869790077209473,1.0,0.984375,0.9895830154418945,24585600
1983-02-16,0.3225093483924866,0.9921879768371582,1.0,0.984375,0.9869790077209473,11385600
1983-02-17,0.3250485956668854,1.0,1.0026040077209473,0.9921879768371582,0.9921879768371582,14035200
1983-02-18,0.32674142718315125,1.0052080154418945,1.0052080154418945,0.9947919845581055,1.0,10468800
1983-02-22,0.321662575006485,0.9895830154418945,1.0104169845581055,0.9869790077209473,1.0052080154418945,7608000
1983-02-23,0.33012765645980835,1.015625,1.015625,0.9947919845581055,0.9947919845581055,11697600
1983-02-24,0.3368992507457733,1.0364580154418945,1.0416669845581055,1.0208330154418945,1.0208330154418945,14889600
1983-02-25,0.3385927677154541,1.0416669845581055,1.0520830154418945,1.0390629768371582,1.0390629768371582,11812800
1983-02-28,0.3368992507457733,1.0364580154418945,1.0442709922790527,1.0338540077209473,1.0416669845581055,9451200
1983-03-01,0.3402853310108185,1.046875,1.046875,1.0338540077209473,1.0364580154418945,13324800
1983-03-02,0.3436713218688965,1.0572919845581055,1.0677080154418945,1.046875,1.046875,21619200
1983-03-03,0.3436713218688965,1.0572919845581055,1.0651040077209473,1.046875,1.0572919845581055,31699200
1983-03-04,0.3479040563106537,1.0703129768371582,1.0703129768371582,1.0520830154418945,1.0572919845581055,8558400
1983-03-07,0.35467541217803955,1.0911459922790527,1.0911459922790527,1.0677080154418945,1.0703129768371582,7152000
1983-03-08,0.34875017404556274,1.0729169845581055,1.0911459922790527,1.0703129768371582,1.0911459922790527,9729600
1983-03-09,0.35420477390289307,1.0755209922790527,1.0807290077209473,1.0546879768371582,1.0729169845581055,8678400
1983-03-10,0.3413398265838623,1.0364580154418945,1.09375,1.0364580154418945,1.0755209922790527,10708800
1983-03-11,0.3447704613208771,1.046875,1.0494790077209473,1.0364580154418945,1.0364580154418945,4204800
1983-03-14,0.3439130187034607,1.0442709922790527,1.0494790077209473,1.0364580154418945,1.046875,9110400
1983-03-15,0.3447704613208771,1.046875,1.0494790077209473,1.0364580154418945,1.0442709922790527,4694400
1983-03-16,0.3413398265838623,1.0364580154418945,1.0494790077209473,1.03125,1.046875,7795200
1983-03-17,0.3430556654930115,1.0416669845581055,1.046875,1.03125,1.0364580154418945,7680000
1983-03-18,0.3421977758407593,1.0390629768371582,1.046875,1.0364580154418945,1.0416669845581055,3705600
1983-03-21,0.3413398265838623,1.0364580154418945,1.0390629768371582,1.0286459922790527,1.0390629768371582,4896000
1983-03-22,0.3447704613208771,1.046875,1.0598959922790527,1.0364580154418945,1.0364580154418945,9998400
1983-03-23,0.35506218671798706,1.078125,1.0833330154418945,1.0546879768371582,1.0546879768371582,10051200
1983-03-24,0.35506218671798706,1.078125,1.09375,1.0651040077209473,1.078125,14068800
1983-03-25,0.3524896800518036,1.0703129768371582,1.0833330154418945,1.0625,1.078125,8337600
1983-03-28,0.35420477390289307,1.0755209922790527,1.078125,1.0729169845581055,1.0729169845581055,5630400
1983-03-29,0.3602081835269928,1.09375,1.0989580154418945,1.0729169845581055,1.0755209922790527,7492800
1983-03-30,0.3739304542541504,1.1354169845581055,1.1354169845581055,1.1041669845581055,1.1041669845581055,12091200
1983-03-31,0.3670690357685089,1.1145830154418945,1.140625,1.1145830154418945,1.1354169845581055,6792000
1983-04-04,0.3730728328227997,1.1328129768371582,1.1354169845581055,1.109375,1.1145830154418945,5553600
1983-04-05,0.37564516067504883,1.140625,1.1510419845581055,1.1380209922790527,1.1380209922790527,11356800
1983-04-06,0.37478774785995483,1.1380209922790527,1.1432290077209473,1.1328129768371582,1.140625,8942400
1983-04-07,0.37564516067504883,1.140625,1.1484379768371582,1.1328129768371582,1.1380209922790527,6720000
1983-04-08,0.37736082077026367,1.1458330154418945,1.1484379768371582,1.1380209922790527,1.140625,4075200
1983-04-11,0.38679468631744385,1.1744790077209473,1.1796879768371582,1.1510419845581055,1.1510419845581055,12004800
1983-04-12,0.38079142570495605,1.15625,1.1744790077209473,1.1536459922790527,1.1744790077209473,14985600
1983-04-13,0.37736082077026367,1.1458330154418945,1.1614580154418945,1.1432290077209473,1.15625,4694400
1983-04-14,0.3739304542541504,1.1354169845581055,1.1536459922790527,1.1276040077209473,1.1458330154418945,4828800
1983-04-15,0.37736082077026367,1.1458330154418945,1.1484379768371582,1.1380209922790527,1.1380209922790527,6220800
1983-04-18,0.37736082077026367,1.1458330154418945,1.1510419845581055,1.1380209922790527,1.1458330154418945,6686400
1983-04-19,0.37736082077026367,1.1458330154418945,1.1614580154418945,1.1354169845581055,1.1458330154418945,5395200
1983-04-20,0.3816488981246948,1.1588540077209473,1.1640629768371582,1.1458330154418945,1.1458330154418945,10953600
1983-04-21,0.38679468631744385,1.1744790077209473,1.1744790077209473,1.1588540077209473,1.1588540077209473,11712000
1983-04-22,0.39108341932296753,1.1875,1.1953129768371582,1.1770830154418945,1.1770830154418945,5443200
1983-04-25,0.3842219114303589,1.1666669845581055,1.1927080154418945,1.1588540077209473,1.1875,5073600
1983-04-26,0.3842219114303589,1.1666669845581055,1.1666669845581055,1.1588540077209473,1.1666669845581055,8716800
1983-04-27,0.38507983088493347,1.1692709922790527,1.1927080154418945,1.1614580154418945,1.1666669845581055,9364800
1983-04-28,0.3859371542930603,1.171875,1.1770830154418945,1.1640629768371582,1.1692709922790527,9609600
1983-04-29,0.3816488981246948,1.1588540077209473,1.171875,1.1588540077209473,1.171875,7478400
1983-05-02,0.37736082077026367,1.1458330154418945,1.1614580154418945,1.1380209922790527,1.1588540077209473,7137600
1983-05-03,0.3782186210155487,1.1484379768371582,1.1484379768371582,1.1354169845581055,1.1458330154418945,5985600
1983-05-04,0.37736082077026367,1.1458330154418945,1.1510419845581055,1.140625,1.1484379768371582,6052800
1983-05-05,0.3790763318538666,1.1510419845581055,1.1588540077209473,1.1432290077209473,1.1458330154418945,5342400
1983-05-06,0.3799339532852173,1.1536459922790527,1.1614580154418945,1.1510419845581055,1.1510419845581055,8318400
1983-05-09,0.37564516067504883,1.140625,1.1510419845581055,1.1380209922790527,1.1510419845581055,14452800
1983-05-10,0.37736082077026367,1.1458330154418945,1.1484379768371582,1.1380209922790527,1.140625,6988800
1983-05-11,0.3730728328227997,1.1328129768371582,1.1432290077209473,1.1223959922790527,1.1432290077209473,13838400
1983-05-12,0.3704998791217804,1.125,1.1380209922790527,1.1145830154418945,1.1328129768371582,12067200
1983-05-13,0.3644963502883911,1.1067709922790527,1.1302080154418945,1.1041669845581055,1.125,16152000
1983-05-16,0.36192309856414795,1.0989580154418945,1.1015629768371582,1.0885419845581055,1.1015629768371582,5678400
1983-05-17,0.3627808690071106,1.1015629768371582,1.1067709922790527,1.0989580154418945,1.0989580154418945,9187200
1983-05-18,0.36192309856414795,1.0989580154418945,1.109375,1.0989580154418945,1.1015629768371582,11932800
1983-05-19,0.3559197783470154,1.0807290077209473,1.1041669845581055,1.078125,1.0989580154418945,6470400
1983-05-20,0.35935020446777344,1.0911459922790527,1.1015629768371582,1.078125,1.0807290077209473,17400000
1983-05-23,0.3576352894306183,1.0859379768371582,1.0885419845581055,1.0729169845581055,1.0885419845581055,12984000
1983-05-24,0.3567773401737213,1.0833330154418945,1.09375,1.078125,1.0859379768371582,10152000
1983-05-25,0.3602081835269928,1.09375,1.1015629768371582,1.0885419845581055,1.0885419845581055,11942400
1983-05-26,0.3507741391658783,1.0651040077209473,1.0911459922790527,1.0625,1.0911459922790527,18129600
1983-05-27,0.3524896800518036,1.0703129768371582,1.0729169845581055,1.0520830154418945,1.0651040077209473,21177600
1983-05-31,0.3559197783470154,1.0807290077209473,1.0859379768371582,1.0625,1.0703129768371582,10166400
1983-06-01,0.35935020446777344,1.0911459922790527,1.0911459922790527,1.078125,1.0807290077209473,13814400
1983-06-02,0.3722149133682251,1.1302080154418945,1.1302080154418945,1.09375,1.09375,10756800
1983-06-03,0.37736082077026367,1.1458330154418945,1.1458330154418945,1.125,1.1302080154418945,14438400
1983-06-06,0.37478774785995483,1.1380209922790527,1.1458330154418945,1.1354169845581055,1.1458330154418945,9811200
1983-06-07,0.3576352894306183,1.0859379768371582,1.1354169845581055,1.0859379768371582,1.1354169845581055,8457600
1983-06-08,0.3567773401737213,1.0833330154418945,1.1041669845581055,1.0807290077209473,1.0859379768371582,10430400
1983-06-09,0.35448384284973145,1.0625,1.0807290077209473,1.0546879768371582,1.0807290077209473,8020800
1983-06-10,0.3501395285129547,1.0494790077209473,1.0703129768371582,1.0494790077209473,1.0625,6705600
1983-06-13,0.3501395285129547,1.0494790077209473,1.0625,1.03125,1.0494790077209473,17347200
1983-06-14,0.3510081171989441,1.0520830154418945,1.0625,1.0520830154418945,1.0520830154418945,20745600
1983-06-15,0.3536151051521301,1.0598959922790527,1.0598959922790527,1.0442709922790527,1.0520830154418945,17596800
1983-06-16,0.363172322511673,1.0885419845581055,1.09375,1.0651040077209473,1.0651040077209473,18806400
1983-06-17,0.363172322511673,1.0885419845581055,1.1015629768371582,1.0833330154418945,1.0885419845581055,11563200
1983-06-20,0.35969677567481995,1.078125,1.0989580154418945,1.0729169845581055,1.0885419845581055,13776000
1983-06-21,0.35969677567481995,1.078125,1.078125,1.0364580154418945,1.078125,21849600
1983-06-22,0.3484020233154297,1.0442709922790527,1.0833330154418945,1.0442709922790527,1.078125,19646400
1983-06-23,0.3501395285129547,1.0494790077209473,1.0572919845581055,1.0416669845581055,1.0442709922790527,15129600
1983-06-24,0.3492705225944519,1.046875,1.0572919845581055,1.046875,1.0494790077209473,12384000
1983-06-27,0.34666451811790466,1.0390629768371582,1.0520830154418945,1.0286459922790527,1.046875,12048000
1983-06-28,0.3431890606880188,1.0286459922790527,1.0520830154418945,1.0286459922790527,1.0390629768371582,14068800
1983-06-29,0.3501395285129547,1.0494790077209473,1.0572919845581055,1.0338540077209473,1.0338540077209473,13680000
1983-06-30,0.34666451811790466,1.0390629768371582,1.0572919845581055,1.0390629768371582,1.0494790077209473,20083200
1983-07-01,0.3475331962108612,1.0416669845581055,1.0494790077209473,1.0390629768371582,1.0390629768371582,9393600
1983-07-05,0.3431890606880188,1.0286459922790527,1.0390629768371582,1.0234379768371582,1.0390629768371582,8808000
1983-07-06,0.3362383544445038,1.0078129768371582,1.0416669845581055,0.9947919845581055,1.0286459922790527,28368000
1983-07-07,0.3362383544445038,1.0078129768371582,1.0234379768371582,1.0026040077209473,1.0078129768371582,23457600
1983-07-08,0.3362383544445038,1.0078129768371582,1.0260419845581055,1.0026040077209473,1.0078129768371582,7420800
1983-07-11,0.33971354365348816,1.0182290077209473,1.0182290077209473,0.9973959922790527,1.0078129768371582,9883200
1983-07-12,0.33797600865364075,1.0130209922790527,1.0260419845581055,1.0104169845581055,1.0182290077209473,11438400
1983-07-13,0.33884474635124207,1.015625,1.015625,1.0052080154418945,1.0130209922790527,6878400
1983-07-14,0.33710724115371704,1.0104169845581055,1.0286459922790527,1.0052080154418945,1.015625,10761600
1983-07-15,0.3310253322124481,0.9921879768371582,1.015625,0.9895830154418945,1.0104169845581055,8856000
1983-07-18,0.3336316645145416,1.0,1.0052080154418945,0.9921879768371582,0.9921879768371582,7406400
1983-07-19,0.33536937832832336,1.0052080154418945,1.0130209922790527,1.0,1.0,5280000
1983-07-20,0.34579527378082275,1.0364580154418945,1.0390629768371582,1.015625,1.015625,13761600
1983-07-21,0.3475331962108612,1.0416669845581055,1.0416669845581055,1.03125,1.0364580154418945,8404800
1983-07-22,0.3475331962108612,1.0416669845581055,1.0416669845581055,1.03125,1.0416669845581055,9076800
1983-07-25,0.34579527378082275,1.0364580154418945,1.0416669845581055,1.03125,1.0416669845581055,14236800
1983-07-26,0.34405773878097534,1.03125,1.0416669845581055,1.0286459922790527,1.0364580154418945,9052800
1983-07-27,0.33884474635124207,1.015625,1.0338540077209473,1.0078129768371582,1.03125,12811200
1983-07-28,0.3310253322124481,0.9921879768371582,1.0208330154418945,0.9921879768371582,1.015625,16444800
1983-07-29,0.3214682936668396,0.9635419845581055,0.9921879768371582,0.9505209922790527,0.9921879768371582,15686400
1983-08-01,0.3223368227481842,0.9661459922790527,0.96875,0.9557290077209473,0.9635419845581055,10420800
1983-08-02,0.33971354365348816,1.0182290077209473,1.0208330154418945,0.9739580154418945,0.9739580154418945,30993600
1983-08-03,0.34666451811790466,1.0390629768371582,1.0494790077209473,1.015625,1.0182290077209473,38740800
1983-08-04,0.34666451811790466,1.0390629768371582,1.0416669845581055,1.0026040077209473,1.0390629768371582,21739200
1983-08-05,0.3475331962108612,1.0416669845581055,1.0416669845581055,1.0260419845581055,1.0390629768371582,19632000
1983-08-08,0.33710724115371704,1.0104169845581055,1.03125,1.0104169845581055,1.03125,14750400
1983-08-09,0.33797600865364075,1.0130209922790527,1.0208330154418945,1.0052080154418945,1.0104169845581055,15720000
1983-08-10,0.3405822813510895,1.0208330154418945,1.0208330154418945,1.0026040077209473,1.0130209922790527,17678400
1983-08-11,0.33884474635124207,1.015625,1.0234379768371582,1.0130209922790527,1.0208330154418945,9619200
1983-08-12,0.3405822813510895,1.0208330154418945,1.0286459922790527,1.0104169845581055,1.015625,13636800
1983-08-15,0.3475331962108612,1.0416669845581055,1.0546879768371582,1.03125,1.03125,13732800
1983-08-16,0.3536151051521301,1.0598959922790527,1.0625,1.0338540077209473,1.0416669845581055,14750400
1983-08-17,0.36056557297706604,1.0807290077209473,1.0807290077209473,1.0598959922790527,1.0598959922790527,17827200
1983-08-18,0.3536151051521301,1.0598959922790527,1.0807290077209473,1.0572919845581055,1.0807290077209473,23040000
1983-08-19,0.35622137784957886,1.0677080154418945,1.0677080154418945,1.0520830154418945,1.0598959922790527,8683200
1983-08-22,0.3553525507450104,1.0651040077209473,1.078125,1.0625,1.0677080154418945,13080000
1983-08-23,0.3518775403499603,1.0546879768371582,1.0677080154418945,1.0546879768371582,1.0651040077209473,8092800
1983-08-24,0.35448384284973145,1.0625,1.0677080154418945,1.0572919845581055,1.0572919845581055,5923200
1983-08-25,0.35622137784957886,1.0677080154418945,1.0703129768371582,1.0546879768371582,1.0625,11270400
1983-08-26,0.35448384284973145,1.0625,1.0651040077209473,1.0572919845581055,1.0651040077209473,8577600
1983-08-29,0.35448384284973145,1.0625,1.0625,1.0520830154418945,1.0625,4401600
1983-08-30,0.3536151051521301,1.0598959922790527,1.0625,1.0572919845581055,1.0625,3974400
1983-08-31,0.35795921087265015,1.0729169845581055,1.0729169845581055,1.0572919845581055,1.0598959922790527,9360000
1983-09-01,0.35622137784957886,1.0677080154418945,1.0729169845581055,1.0625,1.0729169845581055,6014400
1983-09-02,0.35795921087265015,1.0729169845581055,1.0755209922790527,1.0729169845581055,1.0729169845581055,11572800
1983-09-06,0.36056557297706604,1.0807290077209473,1.0859379768371582,1.0755209922790527,1.0755209922790527,12436800
1983-09-07,0.3614344000816345,1.0833330154418945,1.0833330154418945,1.0755209922790527,1.0807290077209473,15388800
1983-09-08,0.33710724115371704,1.0104169845581055,1.0286459922790527,1.0,1.0286459922790527,55881600
1983-09-09,0.33971354365348816,1.0182290077209473,1.0208330154418945,1.0052080154418945,1.0104169845581055,19368000
1983-09-12,0.3400304913520813,1.0052080154418945,1.0390629768371582,1.0026040077209473,1.0182290077209473,16516800
1983-09-13,0.3391496241092682,1.0026040077209473,1.0078129768371582,1.0,1.0052080154418945,19440000
1983-09-14,0.3400304913520813,1.0052080154418945,1.0130209922790527,1.0,1.0026040077209473,17044800
1983-09-15,0.3347451090812683,0.9895830154418945,1.0078129768371582,0.9895830154418945,1.0052080154418945,8678400
1983-09-16,0.3400304913520813,1.0052080154418945,1.0052080154418945,0.9869790077209473,0.9895830154418945,11529600
1983-09-19,0.3400304913520813,1.0052080154418945,1.0104169845581055,0.9973959922790527,1.0052080154418945,8011200
1983-09-20,0.3417924642562866,1.0104169845581055,1.0182290077209473,1.0052080154418945,1.0052080154418945,21148800
1983-09-21,0.3514825403690338,1.0390629768371582,1.046875,1.0104169845581055,1.0104169845581055,28588800
1983-09-22,0.37086236476898193,1.0963540077209473,1.1015629768371582,1.0546879768371582,1.0546879768371582,29544000
1983-09-23,0.3752669394016266,1.109375,1.1145830154418945,1.0807290077209473,1.0963540077209473,27086400
1983-09-26,0.37086236476898193,1.0963540077209473,1.1171879768371582,1.0911459922790527,1.109375,15441600
1983-09-27,0.36910054087638855,1.0911459922790527,1.09375,1.0833330154418945,1.09375,14640000
1983-09-28,0.36821988224983215,1.0885419845581055,1.09375,1.0833330154418945,1.0911459922790527,10032000
1983-09-29,0.3629343807697296,1.0729169845581055,1.09375,1.0729169845581055,1.0885419845581055,10233600
1983-09-30,0.3585296869277954,1.0598959922790527,1.0703129768371582,1.0520830154418945,1.0703129768371582,13579200
1983-10-03,0.3638150990009308,1.0755209922790527,1.078125,1.0572919845581055,1.0598959922790527,11558400
1983-10-04,0.3699815571308136,1.09375,1.1015629768371582,1.0807290077209473,1.0807290077209473,11001600
1983-10-05,0.3823143243789673,1.1302080154418945,1.1328129768371582,1.0963540077209473,1.0963540077209473,14563200
1983-10-06,0.3937663733959198,1.1640629768371582,1.1666669845581055,1.1197919845581055,1.1302080154418945,21892800
1983-10-07,0.38936159014701843,1.1510419845581055,1.1588540077209473,1.1354169845581055,1.1588540077209473,23736000
1983-10-10,0.38936159014701843,1.1510419845581055,1.1510419845581055,1.1354169845581055,1.1510419845581055,7550400
1983-10-11,0.3875996470451355,1.1458330154418945,1.1484379768371582,1.1380209922790527,1.1484379768371582,14592000
1983-10-12,0.384956955909729,1.1380209922790527,1.1458330154418945,1.1354169845581055,1.1458330154418945,11740800
1983-10-13,0.37879061698913574,1.1197919845581055,1.1432290077209473,1.1145830154418945,1.1380209922790527,7776000
1983-10-14,0.3823143243789673,1.1302080154418945,1.1302080154418945,1.1145830154418945,1.1197919845581055,5179200
1983-10-17,0.3805523216724396,1.125,1.1328129768371582,1.1197919845581055,1.1302080154418945,12768000
1983-10-18,0.3752669394016266,1.109375,1.1223959922790527,1.1041669845581055,1.1223959922790527,8064000
1983-10-19,0.3726242780685425,1.1015629768371582,1.1041669845581055,1.0833330154418945,1.1041669845581055,11342400
1983-10-20,0.37438616156578064,1.1067709922790527,1.109375,1.0963540077209473,1.1015629768371582,6148800
1983-10-21,0.37702852487564087,1.1145830154418945,1.1145830154418945,1.0989580154418945,1.1067709922790527,11913600
1983-10-24,0.3779098391532898,1.1171879768371582,1.1171879768371582,1.09375,1.1145830154418945,8515200
1983-10-25,0.3761478662490845,1.1119790077209473,1.1171879768371582,1.109375,1.1171879768371582,5433600
1983-10-26,0.3761478662490845,1.1119790077209473,1.1171879768371582,1.109375,1.1119790077209473,8664000
1983-10-27,0.37438616156578064,1.1067709922790527,1.1119790077209473,1.1041669845581055,1.1119790077209473,5409600
1983-10-28,0.3699815571308136,1.09375,1.109375,1.0885419845581055,1.1067709922790527,15912000
1983-10-31,0.36733880639076233,1.0859379768371582,1.09375,1.0833330154418945,1.09375,10862400
1983-11-01,0.37086236476898193,1.0963540077209473,1.0963540077209473,1.0833330154418945,1.0859379768371582,12744000
1983-11-02,0.3726242780685425,1.1015629768371582,1.1041669845581055,1.09375,1.0963540077209473,8294400
1983-11-03,0.3735051453113556,1.1041669845581055,1.1171879768371582,1.0989580154418945,1.1015629768371582,22536000
1983-11-04,0.3752669394016266,1.109375,1.1119790077209473,1.1041669845581055,1.1041669845581055,10507200
1983-11-07,0.3699815571308136,1.09375,1.109375,1.09375,1.109375,12460800
1983-11-08,0.37702852487564087,1.1145830154418945,1.1171879768371582,1.0963540077209473,1.0963540077209473,5889600
1983-11-09,0.39288488030433655,1.1614580154418945,1.1614580154418945,1.1119790077209473,1.1145830154418945,18614400
1983-11-10,0.3911231458187103,1.15625,1.1614580154418945,1.1510419845581055,1.1614580154418945,19872000
1983-11-11,0.40081337094306946,1.1848959922790527,1.1848959922790527,1.1588540077209473,1.1588540077209473,7939200
1983-11-14,0.39288488030433655,1.1614580154418945,1.1875,1.1614580154418945,1.1848959922790527,9782400
1983-11-15,0.392004132270813,1.1588540077209473,1.171875,1.15625,1.1614580154418945,7694400
1983-11-16,0.3911231458187103,1.15625,1.1744790077209473,1.1484379768371582,1.1588540077209473,12902400
1983-11-17,0.3884807825088501,1.1484379768371582,1.1536459922790527,1.1432290077209473,1.1536459922790527,30926400
1983-11-18,0.3867186903953552,1.1432290077209473,1.1536459922790527,1.1432290077209473,1.1484379768371582,12384000
1983-11-21,0.3884807825088501,1.1484379768371582,1.1510419845581055,1.1432290077209473,1.1432290077209473,16944000
1983-11-22,0.38936159014701843,1.1510419845581055,1.1536459922790527,1.1432290077209473,1.1484379768371582,12124800
1983-11-23,0.38936159014701843,1.1510419845581055,1.1536459922790527,1.1432290077209473,1.1510419845581055,15182400
1983-11-25,0.38700687885284424,1.1302080154418945,1.1354169845581055,1.1276040077209473,1.1354169845581055,4684800
1983-11-28,0.38165685534477234,1.1145830154418945,1.1328129768371582,1.1119790077209473,1.1302080154418945,5793600
1983-11-29,0.3887905478477478,1.1354169845581055,1.140625,1.1171879768371582,1.1171879768371582,11692800
1983-11-30,0.39414122700691223,1.1510419845581055,1.1614580154418945,1.140625,1.140625,22195200
1983-12-01,0.39770740270614624,1.1614580154418945,1.1692709922790527,1.1536459922790527,1.1536459922790527,14635200
1983-12-02,0.40305835008621216,1.1770830154418945,1.1822919845581055,1.1588540077209473,1.1614580154418945,17870400
1983-12-05,0.4012746512889862,1.171875,1.1822919845581055,1.1666669845581055,1.1770830154418945,15393600
1983-12-06,0.3994913697242737,1.1666669845581055,1.1692709922790527,1.1588540077209473,1.1692709922790527,8011200
1983-12-07,0.4003830552101135,1.1692709922790527,1.171875,1.15625,1.1666669845581055,6840000
1983-12-08,0.4003830552101135,1.1692709922790527,1.1744790077209473,1.1666669845581055,1.1692709922790527,8784000
1983-12-09,0.4048418700695038,1.1822919845581055,1.1822919845581055,1.1692709922790527,1.1692709922790527,22656000
1983-12-12,0.4093002676963806,1.1953129768371582,1.1953129768371582,1.1796879768371582,1.1822919845581055,7420800
1983-12-13,0.406624972820282,1.1875,1.1979169845581055,1.1848959922790527,1.1953129768371582,20798400
1983-12-14,0.40305835008621216,1.1770830154418945,1.1875,1.1770830154418945,1.1875,7713600
1983-12-15,0.3959243595600128,1.15625,1.1770830154418945,1.15625,1.1770830154418945,12220800
1983-12-16,0.3887905478477478,1.1354169845581055,1.1536459922790527,1.1354169845581055,1.1536459922790527,14395200
1983-12-19,0.38165685534477234,1.1145830154418945,1.1458330154418945,1.1145830154418945,1.1354169845581055,11006400
1983-12-20,0.38700687885284424,1.1302080154418945,1.140625,1.1145830154418945,1.1145830154418945,8875200
1983-12-21,0.3887905478477478,1.1354169845581055,1.1432290077209473,1.1276040077209473,1.1302080154418945,14150400
1983-12-22,0.3887905478477478,1.1354169845581055,1.1458330154418945,1.1354169845581055,1.1354169845581055,3566400
1983-12-23,0.39414122700691223,1.1510419845581055,1.1536459922790527,1.1302080154418945,1.1354169845581055,3542400
1983-12-27,0.39057400822639465,1.140625,1.1536459922790527,1.140625,1.1510419845581055,2606400
1983-12-28,0.3887905478477478,1.1354169845581055,1.1484379768371582,1.1354169845581055,1.140625,4848000
1983-12-29,0.3852235972881317,1.125,1.1432290077209473,1.125,1.1354169845581055,6868800
1983-12-30,0.38165685534477234,1.1145830154418945,1.125,1.109375,1.125,6614400
1984-01-03,0.3798733949661255,1.109375,1.1119790077209473,1.1041669845581055,1.1119790077209473,6936000
1984-01-04,0.391465961933136,1.1432290077209473,1.1458330154418945,1.1041669845581055,1.109375,8289600
1984-01-05,0.39414122700691223,1.1510419845581055,1.1588540077209473,1.1458330154418945,1.1458330154418945,17961600
1984-01-06,0.38968247175216675,1.1380209922790527,1.1458330154418945,1.1354169845581055,1.1458330154418945,11328000
1984-01-09,0.3843320608139038,1.1223959922790527,1.125,1.1145830154418945,1.125,6964800
1984-01-10,0.38165685534477234,1.1145830154418945,1.125,1.1067709922790527,1.1223959922790527,9561600
1984-01-11,0.3807649612426758,1.1119790077209473,1.1171879768371582,1.1067709922790527,1.1145830154418945,7300800
1984-01-12,0.36471402645111084,1.0651040077209473,1.1145830154418945,1.0520830154418945,1.1119790077209473,81609600
1984-01-13,0.3673895001411438,1.0729169845581055,1.0807290077209473,1.0651040077209473,1.0651040077209473,28929600
1984-01-16,0.36649784445762634,1.0703129768371582,1.0807290077209473,1.0677080154418945,1.0729169845581055,9182400
1984-01-17,0.3745230734348297,1.09375,1.0989580154418945,1.0703129768371582,1.0703129768371582,16147200
1984-01-18,0.3700646460056305,1.0807290077209473,1.0963540077209473,1.0755209922790527,1.09375,9849600
1984-01-19,0.3727397918701172,1.0885419845581055,1.0963540077209473,1.0807290077209473,1.0807290077209473,13497600
1984-01-20,0.3709559142589569,1.0833330154418945,1.0911459922790527,1.0807290077209473,1.0885419845581055,7819200
1984-01-23,0.3673895001411438,1.0729169845581055,1.0833330154418945,1.0677080154418945,1.0833330154418945,5448000
1984-01-24,0.3673895001411438,1.0729169845581055,1.0885419845581055,1.0677080154418945,1.0729169845581055,22516800
1984-01-25,0.36471402645111084,1.0651040077209473,1.0885419845581055,1.0625,1.0729169845581055,12571200
1984-01-26,0.3700646460056305,1.0807290077209473,1.0859379768371582,1.0677080154418945,1.0677080154418945,10012800
1984-01-27,0.3682813048362732,1.0755209922790527,1.0807290077209473,1.0703129768371582,1.0807290077209473,6321600
1984-01-30,0.36293068528175354,1.0598959922790527,1.078125,1.0572919845581055,1.0755209922790527,8155200
1984-01-31,0.36203914880752563,1.0572919845581055,1.0625,1.0520830154418945,1.0598959922790527,12715200
1984-02-01,0.35758060216903687,1.0442709922790527,1.0572919845581055,1.0416669845581055,1.0572919845581055,24624000
1984-02-02,0.35668861865997314,1.0416669845581055,1.0442709922790527,1.0364580154418945,1.0442709922790527,14155200
1984-02-03,0.363822340965271,1.0625,1.0677080154418945,1.0416669845581055,1.0416669845581055,34708800
1984-02-06,0.3584722876548767,1.046875,1.0625,1.0416669845581055,1.0625,15076800
1984-02-07,0.36293068528175354,1.0598959922790527,1.0598959922790527,1.0390629768371582,1.046875,14131200
1984-02-08,0.36025527119636536,1.0520830154418945,1.0703129768371582,1.0520830154418945,1.0598959922790527,15633600
1984-02-09,0.35312169790267944,1.03125,1.046875,1.0208330154418945,1.046875,13142400
1984-02-10,0.35668861865997314,1.0416669845581055,1.046875,1.0260419845581055,1.03125,11496000
1984-02-13,0.35758060216903687,1.0442709922790527,1.046875,1.0364580154418945,1.0416669845581055,13593600
1984-02-14,0.3584722876548767,1.046875,1.0729169845581055,1.0416669845581055,1.0442709922790527,10224000
1984-02-15,0.35668861865997314,1.0416669845581055,1.0520830154418945,1.0416669845581055,1.046875,11587200
1984-02-16,0.3584722876548767,1.046875,1.0598959922790527,1.0390629768371582,1.0416669845581055,15379200
1984-02-17,0.35668861865997314,1.0416669845581055,1.0494790077209473,1.0416669845581055,1.046875,7094400
1984-02-21,0.35668861865997314,1.0416669845581055,1.0494790077209473,1.0390629768371582,1.0416669845581055,5184000
1984-02-22,0.35490503907203674,1.0364580154418945,1.0442709922790527,1.03125,1.0416669845581055,19104000
1984-02-23,0.3611474335193634,1.0546879768371582,1.0572919845581055,1.0364580154418945,1.0364580154418945,10699200
1984-02-24,0.3745230734348297,1.09375,1.09375,1.0546879768371582,1.0546879768371582,20611200
1984-02-27,0.37184807658195496,1.0859379768371582,1.0911459922790527,1.0755209922790527,1.0911459922790527,8683200
1984-02-28,0.3673895001411438,1.0729169845581055,1.0885419845581055,1.0703129768371582,1.0859379768371582,7041600
1984-02-29,0.3700646460056305,1.0807290077209473,1.0859379768371582,1.0729169845581055,1.0729169845581055,6580800
1984-03-01,0.3771982491016388,1.1015629768371582,1.1041669845581055,1.078125,1.0807290077209473,13440000
1984-03-02,0.38254866003990173,1.1171879768371582,1.1223959922790527,1.1041669845581055,1.1041669845581055,11212800
1984-03-05,0.3834402859210968,1.1197919845581055,1.1614580154418945,1.1145830154418945,1.1171879768371582,16651200
1984-03-06,0.38254866003990173,1.1171879768371582,1.1328129768371582,1.1171879768371582,1.1197919845581055,5457600
1984-03-07,0.3780897557735443,1.1041669845581055,1.1145830154418945,1.1015629768371582,1.1145830154418945,10867200
1984-03-08,0.376306414604187,1.0989580154418945,1.1067709922790527,1.0989580154418945,1.1041669845581055,12460800
1984-03-09,0.37587276101112366,1.0833330154418945,1.0859379768371582,1.078125,1.0859379768371582,6772800
1984-03-12,0.3821975290775299,1.1015629768371582,1.1041669845581055,1.0859379768371582,1.0859379768371582,8212800
1984-03-13,0.3858116567134857,1.1119790077209473,1.1145830154418945,1.1067709922790527,1.1067709922790527,8697600
1984-03-14,0.386715292930603,1.1145830154418945,1.1197919845581055,1.1067709922790527,1.1119790077209473,10665600
1984-03-15,0.38942593336105347,1.1223959922790527,1.1223959922790527,1.1171879768371582,1.1171879768371582,103776000
1984-03-16,0.3957504630088806,1.140625,1.1458330154418945,1.1354169845581055,1.1354169845581055,23126400
1984-03-19,0.3948471248149872,1.1380209922790527,1.1380209922790527,1.1302080154418945,1.1380209922790527,9768000
1984-03-20,0.39846163988113403,1.1484379768371582,1.1510419845581055,1.1354169845581055,1.1380209922790527,11356800
1984-03-21,0.3966542184352875,1.1432290077209473,1.1510419845581055,1.140625,1.1484379768371582,10502400
1984-03-22,0.3948471248149872,1.1380209922790527,1.1432290077209473,1.1354169845581055,1.1432290077209473,10497600
1984-03-23,0.39304012060165405,1.1328129768371582,1.140625,1.1302080154418945,1.1380209922790527,10752000
1984-03-26,0.3939438462257385,1.1354169845581055,1.1432290077209473,1.1328129768371582,1.1328129768371582,9720000
1984-03-27,0.3957504630088806,1.140625,1.140625,1.1380209922790527,1.1380209922790527,8352000
1984-03-28,0.39846163988113403,1.1484379768371582,1.1536459922790527,1.1432290077209473,1.1432290077209473,8976000
1984-03-29,0.3966542184352875,1.1432290077209473,1.1510419845581055,1.140625,1.1484379768371582,7353600
1984-03-30,0.3966542184352875,1.1432290077209473,1.1484379768371582,1.140625,1.1432290077209473,12360000
1984-04-02,0.3966542184352875,1.1432290077209473,1.1510419845581055,1.140625,1.1432290077209473,9523200
1984-04-03,0.39755767583847046,1.1458330154418945,1.1484379768371582,1.1380209922790527,1.1432290077209473,9960000
1984-04-04,0.39755767583847046,1.1458330154418945,1.1510419845581055,1.1432290077209473,1.1458330154418945,11356800
1984-04-05,0.3903294503688812,1.125,1.1510419845581055,1.125,1.1458330154418945,8107200
1984-04-06,0.3939438462257385,1.1354169845581055,1.1354169845581055,1.1145830154418945,1.125,10204800
1984-04-09,0.3903294503688812,1.125,1.1354169845581055,1.125,1.1354169845581055,4555200
1984-04-10,0.386715292930603,1.1145830154418945,1.1276040077209473,1.1119790077209473,1.125,14294400
1984-04-11,0.38761889934539795,1.1171879768371582,1.1171879768371582,1.1067709922790527,1.1145830154418945,7977600
1984-04-12,0.3948471248149872,1.1380209922790527,1.1432290077209473,1.1067709922790527,1.1171879768371582,8030400
1984-04-13,0.3957504630088806,1.140625,1.1510419845581055,1.1380209922790527,1.1380209922790527,6139200
1984-04-16,0.39755767583847046,1.1458330154418945,1.1484379768371582,1.1354169845581055,1.140625,7291200
1984-04-17,0.39755767583847046,1.1458330154418945,1.1510419845581055,1.1458330154418945,1.1458330154418945,10737600
1984-04-18,0.3903294503688812,1.125,1.140625,1.1197919845581055,1.140625,4732800
1984-04-19,0.3957504630088806,1.140625,1.140625,1.1119790077209473,1.125,8356800
1984-04-23,0.38852259516716003,1.1197919845581055,1.1380209922790527,1.1197919845581055,1.1380209922790527,6859200
1984-04-24,0.3912329077720642,1.1276040077209473,1.140625,1.1171879768371582,1.1197919845581055,10128000
1984-04-25,0.3921363353729248,1.1302080154418945,1.1380209922790527,1.1276040077209473,1.1276040077209473,10689600
1984-04-26,0.3957504630088806,1.140625,1.1432290077209473,1.1302080154418945,1.1302080154418945,12345600
1984-04-27,0.3939438462257385,1.1354169845581055,1.1432290077209473,1.1328129768371582,1.140625,8265600
1984-04-30,0.3957504630088806,1.140625,1.1432290077209473,1.1354169845581055,1.1354169845581055,5851200
1984-05-01,0.41020750999450684,1.1822919845581055,1.1875,1.1458330154418945,1.1458330154418945,36244800
1984-05-02,0.408400297164917,1.1770830154418945,1.1822919845581055,1.1692709922790527,1.1822919845581055,11803200
1984-05-03,0.408400297164917,1.1770830154418945,1.1770830154418945,1.1666669845581055,1.1770830154418945,9235200
1984-05-04,0.40749672055244446,1.1744790077209473,1.1796879768371582,1.171875,1.1770830154418945,7704000
1984-05-07,0.40930426120758057,1.1796879768371582,1.1848959922790527,1.171875,1.1744790077209473,9566400
1984-05-08,0.4174356460571289,1.203125,1.2057290077209473,1.1796879768371582,1.1796879768371582,20990400
1984-05-09,0.41382133960723877,1.1927080154418945,1.203125,1.1822919845581055,1.203125,9360000
1984-05-10,0.40749672055244446,1.1744790077209473,1.1875,1.1666669845581055,1.1875,10636800
1984-05-11,0.40297871828079224,1.1614580154418945,1.1692709922790527,1.1588540077209473,1.1692709922790527,7924800
1984-05-14,0.4020754396915436,1.1588540077209473,1.1640629768371582,1.15625,1.1614580154418945,9988800
1984-05-15,0.4056897461414337,1.1692709922790527,1.171875,1.1614580154418945,1.1614580154418945,14731200
1984-05-16,0.40930426120758057,1.1796879768371582,1.1822919845581055,1.1666669845581055,1.1692709922790527,20448000
1984-05-17,0.408400297164917,1.1770830154418945,1.1822919845581055,1.171875,1.1796879768371582,20068800
1984-05-18,0.40659308433532715,1.171875,1.1796879768371582,1.1692709922790527,1.1770830154418945,23126400
1984-05-21,0.4038827419281006,1.1640629768371582,1.1770830154418945,1.1640629768371582,1.171875,47169600
1984-05-22,0.4020754396915436,1.1588540077209473,1.1640629768371582,1.1484379768371582,1.1640629768371582,30048000
1984-05-23,0.40297871828079224,1.1614580154418945,1.1640629768371582,1.1536459922790527,1.1588540077209473,16128000
1984-05-24,0.39755767583847046,1.1458330154418945,1.1640629768371582,1.1458330154418945,1.1614580154418945,7694400
1984-05-25,0.39936506748199463,1.1510419845581055,1.15625,1.1458330154418945,1.1458330154418945,23073600
1984-05-29,0.39304012060165405,1.1328129768371582,1.1510419845581055,1.1276040077209473,1.1510419845581055,14280000
1984-05-30,0.3948471248149872,1.1380209922790527,1.1380209922790527,1.1145830154418945,1.1328129768371582,21787200
1984-05-31,0.39755767583847046,1.1458330154418945,1.1458330154418945,1.1328129768371582,1.1380209922790527,10766400
1984-06-01,0.40297871828079224,1.1614580154418945,1.1666669845581055,1.1484379768371582,1.1484379768371582,12043200
1984-06-04,0.40026840567588806,1.1536459922790527,1.1692709922790527,1.1510419845581055,1.1614580154418945,23870400
1984-06-05,0.40117189288139343,1.15625,1.1614580154418945,1.140625,1.1536459922790527,11299200
1984-06-06,0.40930426120758057,1.1796879768371582,1.1848959922790527,1.1510419845581055,1.15625,9820800
1984-06-07,0.4120144844055176,1.1875,1.1927080154418945,1.1770830154418945,1.1796879768371582,13824000
1984-06-08,0.41111087799072266,1.1848959922790527,1.1927080154418945,1.1822919845581055,1.1875,6105600
1984-06-11,0.40609872341156006,1.15625,1.171875,1.1536459922790527,1.171875,2716800
1984-06-12,0.40975722670555115,1.1666669845581055,1.1744790077209473,1.15625,1.15625,18220800
1984-06-13,0.41615942120552063,1.1848959922790527,1.1927080154418945,1.1666669845581055,1.1666669845581055,17856000
1984-06-14,0.4152451753616333,1.1822919845581055,1.1875,1.1770830154418945,1.1848959922790527,7963200
1984-06-15,0.4152451753616333,1.1822919845581055,1.1875,1.1796879768371582,1.1822919845581055,6907200
1984-06-18,0.4216475188732147,1.2005209922790527,1.203125,1.1822919845581055,1.1822919845581055,13584000
1984-06-19,0.4253063499927521,1.2109379768371582,1.2135419845581055,1.2005209922790527,1.2005209922790527,18456000
1984-06-20,0.4307939112186432,1.2265629768371582,1.2291669845581055,1.1979169845581055,1.2109379768371582,31862400
1984-06-21,0.4335378110408783,1.234375,1.2473959922790527,1.21875,1.2265629768371582,19440000
1984-06-22,0.43628180027008057,1.2421879768371582,1.2447919845581055,1.2317709922790527,1.234375,17688000
1984-06-25,0.4335378110408783,1.234375,1.2447919845581055,1.2317709922790527,1.2421879768371582,11952000
1984-06-26,0.4225621223449707,1.203125,1.2239580154418945,1.1979169845581055,1.2239580154418945,9345600
1984-06-27,0.41615942120552063,1.1848959922790527,1.2083330154418945,1.1770830154418945,1.203125,6412800
1984-06-28,0.4225621223449707,1.203125,1.2135419845581055,1.1901040077209473,1.1901040077209473,18652800
1984-06-29,0.4216475188732147,1.2005209922790527,1.2083330154418945,1.1979169845581055,1.203125,7689600
1984-07-02,0.4189034402370453,1.1927080154418945,1.1979169845581055,1.1875,1.1979169845581055,8952000
1984-07-03,0.4216475188732147,1.2005209922790527,1.2005209922790527,1.1927080154418945,1.1927080154418945,8467200
1984-07-05,0.4216475188732147,1.2005209922790527,1.2057290077209473,1.1979169845581055,1.2005209922790527,7060800
1984-07-06,0.4207329750061035,1.1979169845581055,1.203125,1.1875,1.2005209922790527,9144000
1984-07-09,0.42713549733161926,1.2161459922790527,1.2239580154418945,1.1979169845581055,1.1979169845581055,8126400
1984-07-10,0.42987900972366333,1.2239580154418945,1.2265629768371582,1.2135419845581055,1.2161459922790527,9206400
1984-07-11,0.42439165711402893,1.2083330154418945,1.2239580154418945,1.203125,1.2239580154418945,9273600
1984-07-12,0.42347702383995056,1.2057290077209473,1.2161459922790527,1.1953129768371582,1.2083330154418945,11270400
1984-07-13,0.42896464467048645,1.2213540077209473,1.2213540077209473,1.2057290077209473,1.2057290077209473,12470400
1984-07-16,0.43628180027008057,1.2421879768371582,1.2421879768371582,1.21875,1.2213540077209473,16329600
1984-07-17,0.43445253372192383,1.2369790077209473,1.2552080154418945,1.234375,1.2421879768371582,15345600
1984-07-18,0.42987900972366333,1.2239580154418945,1.2369790077209473,1.21875,1.2369790077209473,8673600
1984-07-19,0.42987900972366333,1.2239580154418945,1.2291669845581055,1.2213540077209473,1.2239580154418945,12974400
1984-07-20,0.4262208640575409,1.2135419845581055,1.2239580154418945,1.203125,1.2239580154418945,10713600
1984-07-23,0.4225621223449707,1.203125,1.2109379768371582,1.1927080154418945,1.2109379768371582,11025600
1984-07-24,0.4225621223449707,1.203125,1.2109379768371582,1.2005209922790527,1.203125,9782400
1984-07-25,0.4253063499927521,1.2109379768371582,1.2161459922790527,1.1927080154418945,1.203125,11856000
1984-07-26,0.42896464467048645,1.2213540077209473,1.2265629768371582,1.203125,1.2109379768371582,10828800
1984-07-27,0.44085493683815,1.2552080154418945,1.265625,1.2109379768371582,1.2213540077209473,18422400
1984-07-30,0.43262314796447754,1.2317709922790527,1.2526040077209473,1.2317709922790527,1.2526040077209473,11332800
1984-07-31,0.43536707758903503,1.2395830154418945,1.2421879768371582,1.2239580154418945,1.2317709922790527,14510400
1984-08-01,0.4399401545524597,1.2526040077209473,1.2604169845581055,1.2421879768371582,1.2421879768371582,14592000
1984-08-02,0.44542789459228516,1.2682290077209473,1.2708330154418945,1.2526040077209473,1.2526040077209473,22200000
1984-08-03,0.4600623846054077,1.3098959922790527,1.3098959922790527,1.2682290077209473,1.2682290077209473,38049600
1984-08-06,0.4637211561203003,1.3203129768371582,1.328125,1.3046879768371582,1.3098959922790527,29558400
1984-08-07,0.4646356701850891,1.3229169845581055,1.3411459922790527,1.3072919845581055,1.3203129768371582,20740800
1984-08-08,0.45731818675994873,1.3020830154418945,1.328125,1.3020830154418945,1.3229169845581055,14222400
1984-08-09,0.46280595660209656,1.3177080154418945,1.3229169845581055,1.296875,1.3020830154418945,20611200
1984-08-10,0.4554888904094696,1.296875,1.3333330154418945,1.2916669845581055,1.3177080154418945,18542400
1984-08-13,0.45183053612709045,1.2864580154418945,1.2942709922790527,1.28125,1.2942709922790527,11683200
1984-08-14,0.44451361894607544,1.265625,1.2916669845581055,1.265625,1.2864580154418945,14865600
1984-08-15,0.44451361894607544,1.265625,1.2864580154418945,1.2604169845581055,1.265625,13248000
1984-08-16,0.44542789459228516,1.2682290077209473,1.2786459922790527,1.265625,1.265625,11505600
1984-08-17,0.44542789459228516,1.2682290077209473,1.2760419845581055,1.2630209922790527,1.2682290077209473,8654400
1984-08-20,0.44451361894607544,1.265625,1.2682290077209473,1.25,1.2682290077209473,18201600
1984-08-21,0.45457449555397034,1.2942709922790527,1.3020830154418945,1.265625,1.265625,17817600
1984-08-22,0.44817209243774414,1.2760419845581055,1.296875,1.2734379768371582,1.2942709922790527,11452800
1984-08-23,0.44542789459228516,1.2682290077209473,1.2786459922790527,1.2682290077209473,1.2760419845581055,7070400
1984-08-24,0.4463425576686859,1.2708330154418945,1.2708330154418945,1.2630209922790527,1.2682290077209473,4228800
1984-08-27,0.4463425576686859,1.2708330154418945,1.2734379768371582,1.2604169845581055,1.2708330154418945,5059200
1984-08-28,0.4490866959095001,1.2786459922790527,1.28125,1.2682290077209473,1.2708330154418945,4814400
1984-08-29,0.45000118017196655,1.28125,1.2864580154418945,1.2734379768371582,1.2786459922790527,6768000
1984-08-30,0.4509159028530121,1.2838540077209473,1.2864580154418945,1.2734379768371582,1.28125,13406400
1984-08-31,0.4527452886104584,1.2890629768371582,1.2916669845581055,1.2786459922790527,1.2838540077209473,3153600
1984-09-04,0.4527452886104584,1.2890629768371582,1.2890629768371582,1.2786459922790527,1.2890629768371582,14443200
1984-09-05,0.4490866959095001,1.2786459922790527,1.28125,1.2708330154418945,1.28125,3715200
1984-09-06,0.4564037621021271,1.2994790077209473,1.3072919845581055,1.2838540077209473,1.2838540077209473,14102400
1984-09-07,0.45183053612709045,1.2864580154418945,1.3046879768371582,1.2838540077209473,1.2994790077209473,10627200
1984-09-10,0.4476868510246277,1.2604169845581055,1.265625,1.2552080154418945,1.265625,7291200
1984-09-11,0.4467618465423584,1.2578129768371582,1.2786459922790527,1.2552080154418945,1.2604169845581055,17515200
1984-09-12,0.44953653216362,1.265625,1.2682290077209473,1.2552080154418945,1.2578129768371582,9523200
1984-09-13,0.460636168718338,1.296875,1.3020830154418945,1.2682290077209473,1.2682290077209473,13992000
1984-09-14,0.4634111821651459,1.3046879768371582,1.3072919845581055,1.2942709922790527,1.296875,12484800
1984-09-17,0.4652612805366516,1.3098959922790527,1.3151040077209473,1.296875,1.3046879768371582,10108800
1984-09-18,0.4634111821651459,1.3046879768371582,1.3151040077209473,1.2994790077209473,1.3098959922790527,7569600
1984-09-19,0.4578614830970764,1.2890629768371582,1.3046879768371582,1.2890629768371582,1.3046879768371582,8232000
1984-09-20,0.4560113251209259,1.2838540077209473,1.2942709922790527,1.2786459922790527,1.2890629768371582,14064000
1984-09-21,0.45138636231422424,1.2708330154418945,1.2994790077209473,1.2708330154418945,1.2838540077209473,14875200
1984-09-24,0.455086350440979,1.28125,1.2864580154418945,1.2708330154418945,1.2708330154418945,9700800
1984-09-25,0.4597114622592926,1.2942709922790527,1.296875,1.2786459922790527,1.28125,9753600
1984-09-26,0.4634111821651459,1.3046879768371582,1.3177080154418945,1.2890629768371582,1.2942709922790527,33835200
1984-09-27,0.4652612805366516,1.3098959922790527,1.3177080154418945,1.3072919845581055,1.3072919845581055,12388800
1984-09-28,0.4634111821651459,1.3046879768371582,1.3098959922790527,1.296875,1.3098959922790527,5155200
1984-10-01,0.4643360674381256,1.3072919845581055,1.3125,1.2916669845581055,1.3046879768371582,12307200
1984-10-02,0.460636168718338,1.296875,1.3177080154418945,1.2916669845581055,1.3072919845581055,4828800
1984-10-03,0.4597114622592926,1.2942709922790527,1.3046879768371582,1.2890629768371582,1.296875,5577600
1984-10-04,0.45878612995147705,1.2916669845581055,1.296875,1.2864580154418945,1.2942709922790527,8659200
1984-10-05,0.45878612995147705,1.2916669845581055,1.2994790077209473,1.2916669845581055,1.2916669845581055,4507200
1984-10-08,0.455086350440979,1.28125,1.2890629768371582,1.28125,1.2890629768371582,2582400
1984-10-09,0.4476868510246277,1.2604169845581055,1.2838540077209473,1.2604169845581055,1.28125,9739200
1984-10-10,0.45138636231422424,1.2708330154418945,1.2708330154418945,1.25,1.2604169845581055,12124800
1984-10-11,0.44953653216362,1.265625,1.2786459922790527,1.2630209922790527,1.2708330154418945,10008000
1984-10-12,0.45231160521507263,1.2734379768371582,1.28125,1.2604169845581055,1.265625,12931200
1984-10-15,0.4624860882759094,1.3020830154418945,1.3072919845581055,1.2786459922790527,1.2786459922790527,14145600
1984-10-16,0.4680359661579132,1.3177080154418945,1.3177080154418945,1.2942709922790527,1.3020830154418945,16684800
1984-10-17,0.4661862552165985,1.3125,1.3255209922790527,1.3072919845581055,1.3177080154418945,6033600
1984-10-18,0.47913578152656555,1.3489580154418945,1.3541669845581055,1.3072919845581055,1.3125,26376000
1984-10-19,0.4772861897945404,1.34375,1.359375,1.3307290077209473,1.3489580154418945,23208000
1984-10-22,0.4782105088233948,1.3463540077209473,1.3541669845581055,1.3385419845581055,1.34375,9038400
1984-10-23,0.47913578152656555,1.3489580154418945,1.3541669845581055,1.34375,1.3463540077209473,20184000
1984-10-24,0.47913578152656555,1.3489580154418945,1.3541669845581055,1.34375,1.3489580154418945,13286400
1984-10-25,0.48376041650772095,1.3619790077209473,1.3723959922790527,1.3515629768371582,1.3515629768371582,15345600
1984-10-26,0.48006072640419006,1.3515629768371582,1.3619790077209473,1.3489580154418945,1.3619790077209473,14995200
1984-10-29,0.48376041650772095,1.3619790077209473,1.3645830154418945,1.3541669845581055,1.3541669845581055,11611200
1984-10-30,0.48653581738471985,1.3697919845581055,1.375,1.359375,1.3619790077209473,13358400
1984-10-31,0.480986088514328,1.3541669845581055,1.3723959922790527,1.3515629768371582,1.3697919845581055,9782400
1984-11-01,0.48653581738471985,1.3697919845581055,1.375,1.3567709922790527,1.3567709922790527,10228800
1984-11-02,0.4846855401992798,1.3645830154418945,1.3723959922790527,1.3645830154418945,1.3697919845581055,3902400
1984-11-05,0.480986088514328,1.3541669845581055,1.3567709922790527,1.34375,1.3567709922790527,21513600
1984-11-06,0.4828353524208069,1.359375,1.3671879768371582,1.3515629768371582,1.3541669845581055,42556800
1984-11-07,0.4782105088233948,1.3463540077209473,1.3567709922790527,1.3385419845581055,1.3567709922790527,14361600
1984-11-08,0.4772861897945404,1.34375,1.3463540077209473,1.3385419845581055,1.3463540077209473,9998400
1984-11-09,0.47451120615005493,1.3359379768371582,1.3489580154418945,1.3359379768371582,1.34375,7915200
1984-11-12,0.47451120615005493,1.3359379768371582,1.3385419845581055,1.328125,1.3359379768371582,15998400
1984-11-13,0.4698863923549652,1.3229169845581055,1.3359379768371582,1.3229169845581055,1.3359379768371582,6465600
1984-11-14,0.47081097960472107,1.3255209922790527,1.3333330154418945,1.3229169845581055,1.3229169845581055,5976000
1984-11-15,0.4689611494541168,1.3203129768371582,1.328125,1.3177080154418945,1.3255209922790527,7459200
1984-11-16,0.4624860882759094,1.3020830154418945,1.3203129768371582,1.3020830154418945,1.3203129768371582,16824000
1984-11-19,0.4624860882759094,1.3020830154418945,1.3072919845581055,1.2994790077209473,1.3020830154418945,8280000
1984-11-20,0.4698863923549652,1.3229169845581055,1.3255209922790527,1.3072919845581055,1.3072919845581055,12921600
1984-11-21,0.4689611494541168,1.3203129768371582,1.3255209922790527,1.3177080154418945,1.3229169845581055,15508800
1984-11-23,0.47266077995300293,1.3307290077209473,1.3333330154418945,1.3255209922790527,1.3255209922790527,8491200
1984-11-26,0.4717361629009247,1.328125,1.3333330154418945,1.3255209922790527,1.3307290077209473,30115200
1984-11-27,0.47128716111183167,1.3125,1.3151040077209473,1.3046879768371582,1.3151040077209473,10344000
1984-11-28,0.46754664182662964,1.3020830154418945,1.3177080154418945,1.2994790077209473,1.3125,10195200
1984-11-29,0.46474137902259827,1.2942709922790527,1.3020830154418945,1.2890629768371582,1.3020830154418945,4598400
1984-11-30,0.46287184953689575,1.2890629768371582,1.2942709922790527,1.2838540077209473,1.2942709922790527,11236800
1984-12-03,0.46100085973739624,1.2838540077209473,1.296875,1.2786459922790527,1.2890629768371582,17092800
1984-12-04,0.4638064503669739,1.2916669845581055,1.2994790077209473,1.2864580154418945,1.2864580154418945,13123200
1984-12-05,0.4591307044029236,1.2786459922790527,1.296875,1.2734379768371582,1.2916669845581055,13574400
1984-12-06,0.4581960141658783,1.2760419845581055,1.2786459922790527,1.2708330154418945,1.2786459922790527,8870400
1984-12-07,0.450715035200119,1.2552080154418945,1.2786459922790527,1.2447919845581055,1.2760419845581055,14937600
1984-12-10,0.4553903341293335,1.2682290077209473,1.2708330154418945,1.2473959922790527,1.2552080154418945,11035200
1984-12-11,0.4553903341293335,1.2682290077209473,1.2760419845581055,1.2630209922790527,1.2682290077209473,9729600
1984-12-12,0.4553903341293335,1.2682290077209473,1.2708330154418945,1.2630209922790527,1.2682290077209473,6883200
1984-12-13,0.4563257098197937,1.2708330154418945,1.2786459922790527,1.265625,1.2682290077209473,10132800
1984-12-14,0.4638064503669739,1.2916669845581055,1.2942709922790527,1.2708330154418945,1.2708330154418945,18009600
1984-12-17,0.46754664182662964,1.3020830154418945,1.3072919845581055,1.2864580154418945,1.2916669845581055,10737600
1984-12-18,0.47783270478248596,1.3307290077209473,1.3307290077209473,1.3098959922790527,1.3098959922790527,25065600
1984-12-19,0.4750276803970337,1.3229169845581055,1.34375,1.3203129768371582,1.3307290077209473,16756800
1984-12-20,0.474092572927475,1.3203129768371582,1.328125,1.3151040077209473,1.3229169845581055,4824000
1984-12-21,0.4656766951084137,1.296875,1.3125,1.2838540077209473,1.3125,20947200
1984-12-24,0.46754664182662964,1.3020830154418945,1.3072919845581055,1.296875,1.296875,5164800
1984-12-26,0.4638064503669739,1.2916669845581055,1.2994790077209473,1.2890629768371582,1.2994790077209473,2745600
1984-12-27,0.46287184953689575,1.2890629768371582,1.2916669845581055,1.2838540077209473,1.2916669845581055,4032000
1984-12-28,0.4666118025779724,1.2994790077209473,1.3020830154418945,1.2864580154418945,1.2890629768371582,7627200
1984-12-31,0.4666118025779724,1.2994790077209473,1.3072919845581055,1.296875,1.2994790077209473,7886400
1985-01-02,0.46287184953689575,1.2890629768371582,1.2942709922790527,1.2838540077209473,1.2942709922790527,8822400
1985-01-03,0.46754664182662964,1.3020830154418945,1.3229169845581055,1.2916669845581055,1.2916669845581055,11899200
1985-01-04,0.4666118025779724,1.2994790077209473,1.3020830154418945,1.2916669845581055,1.3020830154418945,4857600
1985-01-07,0.4694170355796814,1.3072919845581055,1.3177080154418945,1.3020830154418945,1.3020830154418945,10564800
1985-01-08,0.470351904630661,1.3098959922790527,1.3151040077209473,1.3046879768371582,1.3072919845581055,8966400
1985-01-09,0.4768976867198944,1.328125,1.3359379768371582,1.3229169845581055,1.3229169845581055,14342400
1985-01-10,0.4815731942653656,1.3411459922790527,1.34375,1.3229169845581055,1.328125,13012800
1985-01-11,0.4797031581401825,1.3359379768371582,1.3411459922790527,1.3307290077209473,1.3411459922790527,8827200
1985-01-14,0.47876793146133423,1.3333330154418945,1.3385419845581055,1.3255209922790527,1.3359379768371582,12379200
1985-01-15,0.4768976867198944,1.328125,1.3385419845581055,1.3255209922790527,1.3333330154418945,14179200
1985-01-16,0.47222208976745605,1.3151040077209473,1.328125,1.3020830154418945,1.328125,16233600
1985-01-17,0.46287184953689575,1.2890629768371582,1.3151040077209473,1.2890629768371582,1.3151040077209473,24494400
1985-01-18,0.4666118025779724,1.2994790077209473,1.3072919845581055,1.2916669845581055,1.2916669845581055,11102400
1985-01-21,0.4731571078300476,1.3177080154418945,1.3255209922790527,1.2942709922790527,1.2994790077209473,12945600
1985-01-22,0.47222208976745605,1.3151040077209473,1.3307290077209473,1.3098959922790527,1.3177080154418945,20227200
1985-01-23,0.474092572927475,1.3203129768371582,1.3229169845581055,1.3072919845581055,1.3151040077209473,11073600
1985-01-24,0.4694170355796814,1.3072919845581055,1.3255209922790527,1.3020830154418945,1.3203129768371582,16929600
1985-01-25,0.46754664182662964,1.3020830154418945,1.3098959922790527,1.296875,1.3072919845581055,15979200
1985-01-28,0.46287184953689575,1.2890629768371582,1.3072919845581055,1.28125,1.3020830154418945,12273600
1985-01-29,0.4581960141658783,1.2760419845581055,1.2786459922790527,1.2552080154418945,1.2786459922790527,21931200
1985-01-30,0.4516501724720001,1.2578129768371582,1.2786459922790527,1.2552080154418945,1.2760419845581055,20044800
1985-01-31,0.44884487986564636,1.25,1.2578129768371582,1.2447919845581055,1.2578129768371582,19238400
1985-02-01,0.44697484374046326,1.2447919845581055,1.25,1.2395830154418945,1.25,21244800
1985-02-04,0.4553903341293335,1.2682290077209473,1.2682290077209473,1.2395830154418945,1.2447919845581055,26107200
1985-02-05,0.4581960141658783,1.2760419845581055,1.28125,1.2682290077209473,1.2682290077209473,30580800
1985-02-06,0.45726096630096436,1.2734379768371582,1.2838540077209473,1.2708330154418945,1.2760419845581055,16132800
1985-02-07,0.460066020488739,1.28125,1.2864580154418945,1.2734379768371582,1.2734379768371582,17246400
1985-02-08,0.46287184953689575,1.2890629768371582,1.2890629768371582,1.28125,1.28125,14169600
1985-02-11,0.4591307044029236,1.2786459922790527,1.2890629768371582,1.2708330154418945,1.2890629768371582,13656000
1985-02-12,0.4553903341293335,1.2682290077209473,1.2786459922790527,1.265625,1.2786459922790527,8155200
1985-02-13,0.4563257098197937,1.2708330154418945,1.28125,1.2526040077209473,1.2682290077209473,27662400
1985-02-14,0.460066020488739,1.28125,1.2890629768371582,1.2760419845581055,1.2760419845581055,23438400
1985-02-15,0.46100085973739624,1.2838540077209473,1.2942709922790527,1.28125,1.28125,17001600
1985-02-19,0.4638064503669739,1.2916669845581055,1.2942709922790527,1.2760419845581055,1.2838540077209473,5702400
1985-02-20,0.4619359076023102,1.2864580154418945,1.2994790077209473,1.2760419845581055,1.2916669845581055,8073600
1985-02-21,0.46474137902259827,1.2942709922790527,1.2994790077209473,1.28125,1.2864580154418945,9048000
1985-02-22,0.46474137902259827,1.2942709922790527,1.3020830154418945,1.2890629768371582,1.2942709922790527,11448000
1985-02-25,0.46848171949386597,1.3046879768371582,1.3125,1.296875,1.296875,10780800
1985-02-26,0.4731571078300476,1.3177080154418945,1.3203129768371582,1.3046879768371582,1.3046879768371582,17668800
1985-02-27,0.47222208976745605,1.3151040077209473,1.3229169845581055,1.3125,1.3177080154418945,15907200
1985-02-28,0.4750276803970337,1.3229169845581055,1.3229169845581055,1.3151040077209473,1.3151040077209473,17352000
1985-03-01,0.48718395829200745,1.3567709922790527,1.359375,1.3229169845581055,1.3229169845581055,23500800
1985-03-04,0.49372899532318115,1.375,1.3932290077209473,1.3567709922790527,1.3567709922790527,16214400
1985-03-05,0.4918590188026428,1.3697919845581055,1.375,1.3541669845581055,1.375,25156800
1985-03-06,0.4899889826774597,1.3645830154418945,1.3723959922790527,1.359375,1.3697919845581055,14236800
1985-03-07,0.4918590188026428,1.3697919845581055,1.3723959922790527,1.3541669845581055,1.3645830154418945,10848000
1985-03-08,0.49466460943222046,1.3776040077209473,1.3880209922790527,1.3697919845581055,1.3697919845581055,40857600
1985-03-11,0.49742618203163147,1.3697919845581055,1.3697919845581055,1.3515629768371582,1.3697919845581055,15004800
1985-03-12,0.491752028465271,1.3541669845581055,1.359375,1.3515629768371582,1.359375,14784000
1985-03-13,0.48891448974609375,1.3463540077209473,1.3619790077209473,1.3463540077209473,1.3541669845581055,22334400
1985-03-14,0.48796913027763367,1.34375,1.3645830154418945,1.3411459922790527,1.3463540077209473,10291200
1985-03-15,0.4804036617279053,1.3229169845581055,1.3567709922790527,1.3229169845581055,1.34375,18955200
1985-03-18,0.4804036617279053,1.3229169845581055,1.3333330154418945,1.3229169845581055,1.3229169845581055,12148800
1985-03-19,0.4945887327194214,1.3619790077209473,1.3697919845581055,1.3255209922790527,1.3255209922790527,20937600
1985-03-20,0.5021547079086304,1.3828129768371582,1.3958330154418945,1.3619790077209473,1.3619790077209473,19814400
1985-03-21,0.5059368014335632,1.3932290077209473,1.3984379768371582,1.3802080154418945,1.3828129768371582,14630400
1985-03-22,0.5049915313720703,1.390625,1.4036459922790527,1.3828129768371582,1.3932290077209473,13680000
1985-03-25,0.5059368014335632,1.3932290077209473,1.3958330154418945,1.3828129768371582,1.390625,7910400
1985-03-26,0.5125566720962524,1.4114580154418945,1.4166669845581055,1.390625,1.3932290077209473,10459200
1985-03-27,0.5220136046409607,1.4375,1.4427080154418945,1.4166669845581055,1.4166669845581055,13248000
1985-03-28,0.5248509049415588,1.4453129768371582,1.453125,1.4375,1.4375,12811200
1985-03-29,0.5295782685279846,1.4583330154418945,1.4635419845581055,1.4453129768371582,1.4453129768371582,10656000
1985-04-01,0.5295782685279846,1.4583330154418945,1.4635419845581055,1.453125,1.4583330154418945,11534400
1985-04-02,0.5248509049415588,1.4453129768371582,1.4583330154418945,1.4427080154418945,1.4583330154418945,6710400
1985-04-03,0.5201221108436584,1.4322919845581055,1.4453129768371582,1.421875,1.4453129768371582,6465600
1985-04-04,0.5191765427589417,1.4296879768371582,1.4322919845581055,1.4192709922790527,1.4322919845581055,16310400
1985-04-08,0.5135030150413513,1.4140629768371582,1.4375,1.4114580154418945,1.4296879768371582,7569600
1985-04-09,0.5201221108436584,1.4322919845581055,1.4375,1.4166669845581055,1.4166669845581055,6484800
1985-04-10,0.5210680365562439,1.4348959922790527,1.4427080154418945,1.4322919845581055,1.4322919845581055,4161600
1985-04-11,0.5201221108436584,1.4322919845581055,1.4427080154418945,1.4296879768371582,1.4348959922790527,8510400
1985-04-12,0.5210680365562439,1.4348959922790527,1.4375,1.4270830154418945,1.4322919845581055,5899200
1985-04-15,0.5229586362838745,1.4401040077209473,1.4479169845581055,1.4322919845581055,1.4348959922790527,6681600
1985-04-16,0.5276876091957092,1.453125,1.453125,1.4322919845581055,1.4401040077209473,6360000
1985-04-17,0.528633177280426,1.4557290077209473,1.4557290077209473,1.4505209922790527,1.453125,6158400
1985-04-18,0.5295782685279846,1.4583330154418945,1.4765629768371582,1.4557290077209473,1.4557290077209473,12998400
1985-04-19,0.5409266352653503,1.4895830154418945,1.4895830154418945,1.4505209922790527,1.4583330154418945,18115200
1985-04-22,0.5418728590011597,1.4921879768371582,1.5052080154418945,1.4869790077209473,1.4895830154418945,16718400
1985-04-23,0.5295782685279846,1.4583330154418945,1.4791669845581055,1.4583330154418945,1.4791669845581055,26788800
1985-04-24,0.5210680365562439,1.4348959922790527,1.4453129768371582,1.4140629768371582,1.4453129768371582,33787200
1985-04-25,0.514448344707489,1.4166669845581055,1.4453129768371582,1.4088540077209473,1.4348959922790527,73968000
1985-04-26,0.5201221108436584,1.4322919845581055,1.4427080154418945,1.421875,1.421875,26740800
1985-04-29,0.5163393616676331,1.421875,1.4322919845581055,1.421875,1.4322919845581055,9830400
1985-04-30,0.5182306170463562,1.4270830154418945,1.4296879768371582,1.4166669845581055,1.421875,20040000
1985-05-01,0.5078286528587341,1.3984379768371582,1.4322919845581055,1.3984379768371582,1.4270830154418945,16785600
1985-05-02,0.5040457248687744,1.3880209922790527,1.3984379768371582,1.3828129768371582,1.3984379768371582,11145600
1985-05-03,0.501208484172821,1.3802080154418945,1.40625,1.3776040077209473,1.3880209922790527,15254400
1985-05-06,0.5021547079086304,1.3828129768371582,1.3854169845581055,1.3776040077209473,1.3802080154418945,13406400
1985-05-07,0.5163393616676331,1.421875,1.4244790077209473,1.390625,1.390625,18216000
1985-05-08,0.5087741613388062,1.4010419845581055,1.421875,1.4010419845581055,1.421875,13627200
1985-05-09,0.5097200870513916,1.4036459922790527,1.4088540077209473,1.4010419845581055,1.4010419845581055,6969600
1985-05-10,0.5040457248687744,1.3880209922790527,1.4088540077209473,1.3802080154418945,1.4036459922790527,33532800
1985-05-13,0.5049915313720703,1.390625,1.4010419845581055,1.3854169845581055,1.3880209922790527,19171200
1985-05-14,0.5068826079368591,1.3958330154418945,1.4010419845581055,1.390625,1.390625,11472000
1985-05-15,0.5153941512107849,1.4192709922790527,1.4322919845581055,1.40625,1.40625,14827200
1985-05-16,0.5172848701477051,1.4244790077209473,1.4296879768371582,1.4192709922790527,1.4192709922790527,6648000
1985-05-17,0.5248509049415588,1.4453129768371582,1.4583330154418945,1.4244790077209473,1.4244790077209473,10526400
1985-05-20,0.5248509049415588,1.4453129768371582,1.4661459922790527,1.4427080154418945,1.4453129768371582,16348800
1985-05-21,0.5172848701477051,1.4244790077209473,1.4453129768371582,1.421875,1.4453129768371582,17875200
1985-05-22,0.5135030150413513,1.4140629768371582,1.4166669845581055,1.40625,1.4166669845581055,13732800
1985-05-23,0.5097200870513916,1.4036459922790527,1.4140629768371582,1.3984379768371582,1.4140629768371582,12206400
1985-05-24,0.5106655955314636,1.40625,1.40625,1.3984379768371582,1.4036459922790527,7641600
1985-05-28,0.5031000971794128,1.3854169845581055,1.4088540077209473,1.375,1.40625,9811200
1985-05-29,0.5049915313720703,1.390625,1.390625,1.3802080154418945,1.3854169845581055,16684800
1985-05-30,0.5049915313720703,1.390625,1.3932290077209473,1.3828129768371582,1.390625,11731200
1985-05-31,0.5135030150413513,1.4140629768371582,1.4166669845581055,1.390625,1.390625,38400000
1985-06-03,0.5163393616676331,1.421875,1.4322919845581055,1.4114580154418945,1.4140629768371582,20779200
1985-06-04,0.531470775604248,1.4635419845581055,1.4661459922790527,1.4375,1.4375,37660800
1985-06-05,0.5418728590011597,1.4921879768371582,1.5026040077209473,1.4791669845581055,1.4791669845581055,40128000
1985-06-06,0.53525310754776,1.4739580154418945,1.4895830154418945,1.46875,1.4895830154418945,23232000
1985-06-07,0.5295782685279846,1.4583330154418945,1.4791669845581055,1.453125,1.4739580154418945,21638400
1985-06-10,0.5201221108436584,1.4322919845581055,1.4453129768371582,1.4270830154418945,1.4453129768371582,82656000
1985-06-11,0.531517505645752,1.4479169845581055,1.4479169845581055,1.3854169845581055,1.4322919845581055,43324800
1985-06-12,0.5286491513252258,1.4401040077209473,1.4401040077209473,1.4270830154418945,1.4401040077209473,14558400
1985-06-13,0.527693510055542,1.4375,1.4453129768371582,1.4322919845581055,1.4401040077209473,12532800
1985-06-14,0.527693510055542,1.4375,1.4375,1.4322919845581055,1.4375,4742400
1985-06-17,0.5267378091812134,1.4348959922790527,1.4375,1.4296879768371582,1.4375,7190400
1985-06-18,0.5296054482460022,1.4427080154418945,1.4453129768371582,1.4348959922790527,1.4348959922790527,10065600
1985-06-19,0.5257818698883057,1.4322919845581055,1.4401040077209473,1.4244790077209473,1.4401040077209473,11332800
1985-06-20,0.5248255729675293,1.4296879768371582,1.4375,1.4192709922790527,1.4322919845581055,12609600
1985-06-21,0.5334295630455017,1.453125,1.453125,1.4296879768371582,1.4296879768371582,23515200
1985-06-24,0.5305615663528442,1.4453129768371582,1.4479169845581055,1.4348959922790527,1.4479169845581055,8121600
1985-06-25,0.5324737429618835,1.4505209922790527,1.4635419845581055,1.4453129768371582,1.4453129768371582,32812800
1985-06-26,0.5343855619430542,1.4557290077209473,1.4557290077209473,1.4453129768371582,1.4505209922790527,15163200
1985-06-27,0.531517505645752,1.4479169845581055,1.4609379768371582,1.4479169845581055,1.4557290077209473,20913600
1985-06-28,0.5305615663528442,1.4453129768371582,1.4479169845581055,1.4427080154418945,1.4479169845581055,14745600
1985-07-01,0.5229135155677795,1.4244790077209473,1.4453129768371582,1.421875,1.4453129768371582,14006400
1985-07-02,0.5229135155677795,1.4244790077209473,1.4270830154418945,1.421875,1.4244790077209473,20227200
1985-07-03,0.5152660012245178,1.4036459922790527,1.421875,1.4036459922790527,1.421875,27523200
1985-07-05,0.5152660012245178,1.4036459922790527,1.40625,1.4010419845581055,1.4036459922790527,11294400
1985-07-08,0.5219579339027405,1.421875,1.421875,1.4010419845581055,1.4036459922790527,37305600
1985-07-09,0.5353410840034485,1.4583330154418945,1.46875,1.4348959922790527,1.4348959922790527,37872000
1985-07-10,0.5535050630569458,1.5078129768371582,1.515625,1.46875,1.46875,69264000
1985-07-11,0.571668267250061,1.5572919845581055,1.5598959922790527,1.5104169845581055,1.5104169845581055,63120000
1985-07-12,0.5640203952789307,1.5364580154418945,1.5416669845581055,1.5234379768371582,1.5416669845581055,32433600
1985-07-15,0.5544608235359192,1.5104169845581055,1.5364580154418945,1.5104169845581055,1.5364580154418945,16646400
1985-07-16,0.5640203952789307,1.5364580154418945,1.5364580154418945,1.5104169845581055,1.5104169845581055,15561600
1985-07-17,0.5659325122833252,1.5416669845581055,1.5572919845581055,1.5364580154418945,1.5364580154418945,12768000
1985-07-18,0.5640203952789307,1.5364580154418945,1.5416669845581055,1.5234379768371582,1.5416669845581055,19454400
1985-07-19,0.5697559714317322,1.5520830154418945,1.5520830154418945,1.5364580154418945,1.5364580154418945,26260800
1985-07-22,0.5621086359024048,1.53125,1.546875,1.5234379768371582,1.546875,12792000
1985-07-23,0.5525487661361694,1.5052080154418945,1.5338540077209473,1.4947919845581055,1.53125,17054400
1985-07-24,0.548724889755249,1.4947919845581055,1.4973959922790527,1.4791669845581055,1.4973959922790527,19488000
1985-07-25,0.547768771648407,1.4921879768371582,1.5130209922790527,1.4895830154418945,1.4947919845581055,17236800
1985-07-26,0.547768771648407,1.4921879768371582,1.4973959922790527,1.4817709922790527,1.4921879768371582,9936000
1985-07-29,0.5401210784912109,1.4713540077209473,1.4869790077209473,1.46875,1.4869790077209473,15532800
1985-07-30,0.5449012517929077,1.484375,1.4869790077209473,1.4739580154418945,1.4739580154418945,10320000
1985-07-31,0.5525487661361694,1.5052080154418945,1.515625,1.4895830154418945,1.4895830154418945,16814400
1985-08-01,0.5640203952789307,1.5364580154418945,1.5416669845581055,1.5078129768371582,1.5078129768371582,8937600
1985-08-02,0.5563724040985107,1.515625,1.5338540077209473,1.515625,1.5338540077209473,9273600
1985-08-05,0.548724889755249,1.4947919845581055,1.5104169845581055,1.4921879768371582,1.5104169845581055,7492800
1985-08-06,0.5439451336860657,1.4817709922790527,1.4947919845581055,1.4765629768371582,1.4947919845581055,8774400
1985-08-07,0.5449012517929077,1.484375,1.4869790077209473,1.4791669845581055,1.4817709922790527,8601600
1985-08-08,0.5468124747276306,1.4895830154418945,1.4921879768371582,1.4791669845581055,1.484375,10704000
1985-08-09,0.5458566546440125,1.4869790077209473,1.4947919845581055,1.484375,1.4895830154418945,11184000
1985-08-12,0.5496808290481567,1.4973959922790527,1.4973959922790527,1.4869790077209473,1.4869790077209473,43344000
1985-08-13,0.547768771648407,1.4921879768371582,1.4973959922790527,1.484375,1.4973959922790527,4156800
1985-08-14,0.5496808290481567,1.4973959922790527,1.5052080154418945,1.4947919845581055,1.4947919845581055,7905600
1985-08-15,0.547768771648407,1.4921879768371582,1.5,1.4817709922790527,1.4973959922790527,8078400
1985-08-16,0.548724889755249,1.4947919845581055,1.4973959922790527,1.4869790077209473,1.4921879768371582,11923200
1985-08-19,0.5515927076339722,1.5026040077209473,1.5078129768371582,1.4947919845581055,1.4947919845581055,5558400
1985-08-20,0.5506367683410645,1.5,1.5026040077209473,1.4947919845581055,1.5026040077209473,6902400
1985-08-21,0.5525487661361694,1.5052080154418945,1.5052080154418945,1.4947919845581055,1.5,8894400
1985-08-22,0.5449012517929077,1.484375,1.5026040077209473,1.484375,1.5026040077209473,5198400
1985-08-23,0.5449012517929077,1.484375,1.4895830154418945,1.4817709922790527,1.484375,3643200
1985-08-26,0.5429890751838684,1.4791669845581055,1.484375,1.4739580154418945,1.484375,9921600
1985-08-27,0.5439451336860657,1.4817709922790527,1.4869790077209473,1.4791669845581055,1.4791669845581055,6902400
1985-08-28,0.5506367683410645,1.5,1.5,1.4791669845581055,1.4817709922790527,9273600
1985-08-29,0.5515927076339722,1.5026040077209473,1.5052080154418945,1.4947919845581055,1.5,7756800
1985-08-30,0.547768771648407,1.4921879768371582,1.5026040077209473,1.4869790077209473,1.5026040077209473,4651200
1985-09-03,0.5496808290481567,1.4973959922790527,1.5,1.4895830154418945,1.4921879768371582,6326400
1985-09-04,0.5506367683410645,1.5,1.5052080154418945,1.4947919845581055,1.4973959922790527,8822400
1985-09-05,0.547768771648407,1.4921879768371582,1.5,1.484375,1.5,22828800
1985-09-06,0.537253737449646,1.4635419845581055,1.4947919845581055,1.4609379768371582,1.4921879768371582,19891200
1985-09-09,0.527693510055542,1.4375,1.4765629768371582,1.4270830154418945,1.4635419845581055,110784000
1985-09-10,0.5256838202476501,1.4166669845581055,1.4401040077209473,1.4036459922790527,1.4375,29548800
1985-09-11,0.5256838202476501,1.4166669845581055,1.4270830154418945,1.4140629768371582,1.4166669845581055,15782400
1985-09-12,0.5276166200637817,1.421875,1.4270830154418945,1.4166669845581055,1.4166669845581055,10636800
1985-09-13,0.5285824537277222,1.4244790077209473,1.4270830154418945,1.4166669845581055,1.421875,13742400
1985-09-16,0.5285824537277222,1.4244790077209473,1.4270830154418945,1.421875,1.4244790077209473,7339200
1985-09-17,0.5285824537277222,1.4244790077209473,1.4322919845581055,1.421875,1.4244790077209473,10214400
1985-09-18,0.5285824537277222,1.4244790077209473,1.4296879768371582,1.421875,1.4244790077209473,11952000
1985-09-19,0.5295486450195312,1.4270830154418945,1.4296879768371582,1.421875,1.4244790077209473,10689600
1985-09-20,0.5237508416175842,1.4114580154418945,1.4270830154418945,1.4114580154418945,1.4270830154418945,12100800
1985-09-23,0.5382463335990906,1.4505209922790527,1.4505209922790527,1.4296879768371582,1.4296879768371582,36801600
1985-09-24,0.5401788353919983,1.4557290077209473,1.4661459922790527,1.453125,1.453125,20404800
1985-09-25,0.5421114563941956,1.4609379768371582,1.4635419845581055,1.4557290077209473,1.4557290077209473,6614400
1985-09-26,0.5430781245231628,1.4635419845581055,1.4713540077209473,1.4583330154418945,1.4609379768371582,34382400
1985-09-30,0.5392124652862549,1.453125,1.4557290077209473,1.4453129768371582,1.4557290077209473,8692800
1985-10-01,0.541144847869873,1.4583330154418945,1.4609379768371582,1.4505209922790527,1.453125,11827200
1985-10-02,0.5382463335990906,1.4505209922790527,1.4609379768371582,1.4505209922790527,1.4583330154418945,12907200
1985-10-03,0.5392124652862549,1.453125,1.46875,1.4505209922790527,1.4505209922790527,10300800
1985-10-04,0.5372797250747681,1.4479169845581055,1.4583330154418945,1.4479169845581055,1.453125,9408000
1985-10-07,0.541144847869873,1.4583330154418945,1.4635419845581055,1.4505209922790527,1.4505209922790527,13824000
1985-10-08,0.5372797250747681,1.4479169845581055,1.4609379768371582,1.4401040077209473,1.4583330154418945,5856000
1985-10-09,0.5382463335990906,1.4505209922790527,1.4557290077209473,1.4401040077209473,1.4479169845581055,12393600
1985-10-10,0.5401788353919983,1.4557290077209473,1.4583330154418945,1.4453129768371582,1.4505209922790527,53616000
1985-10-11,0.5430781245231628,1.4635419845581055,1.4713540077209473,1.453125,1.4557290077209473,9600000
1985-10-14,0.5479097366333008,1.4765629768371582,1.4765629768371582,1.4583330154418945,1.4635419845581055,8745600
1985-10-15,0.5488757491111755,1.4791669845581055,1.4869790077209473,1.4713540077209473,1.4765629768371582,12417600
1985-10-16,0.549842119216919,1.4817709922790527,1.4869790077209473,1.4739580154418945,1.4791669845581055,7334400
1985-10-17,0.5508085489273071,1.484375,1.484375,1.4739580154418945,1.4817709922790527,12384000
1985-10-18,0.5488757491111755,1.4791669845581055,1.4869790077209473,1.4765629768371582,1.484375,10900800
1985-10-21,0.546942949295044,1.4739580154418945,1.4791669845581055,1.4713540077209473,1.4791669845581055,5097600
1985-10-22,0.549842119216919,1.4817709922790527,1.4869790077209473,1.4739580154418945,1.4739580154418945,5246400
1985-10-23,0.5508085489273071,1.484375,1.4869790077209473,1.4791669845581055,1.4817709922790527,4651200
1985-10-24,0.5508085489273071,1.484375,1.5,1.484375,1.484375,12955200
1985-10-25,0.5508085489273071,1.484375,1.4921879768371582,1.4817709922790527,1.484375,4737600
1985-10-28,0.5517743825912476,1.4869790077209473,1.4869790077209473,1.4791669845581055,1.484375,3782400
1985-10-29,0.5575724840164185,1.5026040077209473,1.5026040077209473,1.484375,1.4869790077209473,13132800
1985-10-30,0.5585389733314514,1.5052080154418945,1.5104169845581055,1.5026040077209473,1.5026040077209473,11668800
1985-10-31,0.5537073016166687,1.4921879768371582,1.5026040077209473,1.4895830154418945,1.5026040077209473,5803200
1985-11-01,0.5614380240440369,1.5130209922790527,1.5182290077209473,1.4895830154418945,1.4921879768371582,17337600
1985-11-04,0.563370406627655,1.5182290077209473,1.5182290077209473,1.5104169845581055,1.5130209922790527,18014400
1985-11-05,0.5759328007698059,1.5520830154418945,1.5572919845581055,1.5182290077209473,1.5182290077209473,14443200
1985-11-06,0.5778658986091614,1.5572919845581055,1.5625,1.5442709922790527,1.5520830154418945,26673600
1985-11-07,0.5778658986091614,1.5572919845581055,1.5703129768371582,1.5520830154418945,1.5572919845581055,31233600
1985-11-08,0.5817306637763977,1.5677080154418945,1.5729169845581055,1.5520830154418945,1.5572919845581055,17486400
1985-11-11,0.5904279947280884,1.5911459922790527,1.5911459922790527,1.5651040077209473,1.5677080154418945,18960000
1985-11-12,0.5962257981300354,1.6067709922790527,1.609375,1.5859379768371582,1.5911459922790527,19545600
1985-11-13,0.5981584787368774,1.6119790077209473,1.6145830154418945,1.5963540077209473,1.6067709922790527,11280000
1985-11-14,0.6116873025894165,1.6484379768371582,1.6536459922790527,1.609375,1.6119790077209473,19588800
1985-11-15,0.6126534938812256,1.6510419845581055,1.6770830154418945,1.6432290077209473,1.6484379768371582,34065600
1985-11-18,0.616518497467041,1.6614580154418945,1.6640629768371582,1.6484379768371582,1.6510419845581055,26332800
1985-11-19,0.616518497467041,1.6614580154418945,1.6692709922790527,1.6536459922790527,1.6614580154418945,10156800
1985-11-20,0.6155524849891663,1.6588540077209473,1.6614580154418945,1.6536459922790527,1.6614580154418945,4632000
1985-11-21,0.6281145215034485,1.6927080154418945,1.6927080154418945,1.6614580154418945,1.6614580154418945,15192000
1985-11-22,0.6348788738250732,1.7109379768371582,1.71875,1.6822919845581055,1.6927080154418945,16680000
1985-11-25,0.6348013281822205,1.6953129768371582,1.7057290077209473,1.6927080154418945,1.7057290077209473,5976000
1985-11-26,0.6455272436141968,1.7239580154418945,1.7239580154418945,1.6953129768371582,1.6953129768371582,8476800
1985-11-27,0.6562538743019104,1.7526040077209473,1.765625,1.71875,1.7239580154418945,24292800
1985-11-29,0.6494277715682983,1.734375,1.7552080154418945,1.7317709922790527,1.7526040077209473,5716800
1985-12-02,0.6396766304969788,1.7083330154418945,1.7317709922790527,1.7083330154418945,1.7317709922790527,11827200
1985-12-03,0.6426021456718445,1.7161459922790527,1.7447919845581055,1.7083330154418945,1.7083330154418945,15254400
1985-12-04,0.6523535847663879,1.7421879768371582,1.7473959922790527,1.7135419845581055,1.7161459922790527,15235200
1985-12-05,0.6572284698486328,1.7552080154418945,1.7708330154418945,1.7447919845581055,1.7447919845581055,15580800
1985-12-06,0.6523535847663879,1.7421879768371582,1.75,1.734375,1.75,13310400
1985-12-09,0.6601544618606567,1.7630209922790527,1.7708330154418945,1.7369790077209473,1.7421879768371582,18508800
1985-12-10,0.6660051941871643,1.7786459922790527,1.7864580154418945,1.7630209922790527,1.7630209922790527,23424000
1985-12-11,0.6728308796882629,1.796875,1.8046879768371582,1.7786459922790527,1.7786459922790527,25564800
1985-12-12,0.6611291766166687,1.765625,1.7994790077209473,1.765625,1.796875,12345600
1985-12-13,0.6728308796882629,1.796875,1.8072919845581055,1.7760419845581055,1.7760419845581055,17760000
1985-12-16,0.6864822506904602,1.8333330154418945,1.8385419845581055,1.7760419845581055,1.796875,35246400
1985-12-17,0.6796566247940063,1.8151040077209473,1.8359379768371582,1.8151040077209473,1.8333330154418945,16032000
1985-12-18,0.6757563352584839,1.8046879768371582,1.8385419845581055,1.796875,1.8151040077209473,26817600
1985-12-19,0.6679549217224121,1.7838540077209473,1.8177080154418945,1.78125,1.8046879768371582,20582400
1985-12-20,0.6611291766166687,1.765625,1.7994790077209473,1.765625,1.7838540077209473,26467200
1985-12-23,0.6562538743019104,1.7526040077209473,1.765625,1.7421879768371582,1.765625,11769600
1985-12-24,0.6513778567314148,1.7395830154418945,1.7526040077209473,1.734375,1.7526040077209473,6134400
1985-12-26,0.6523535847663879,1.7421879768371582,1.7526040077209473,1.7395830154418945,1.7395830154418945,4852800
1985-12-27,0.6591789126396179,1.7604169845581055,1.7630209922790527,1.75,1.75,9259200
1985-12-30,0.6630797982215881,1.7708330154418945,1.7760419845581055,1.75,1.7604169845581055,7233600
1985-12-31,0.6591789126396179,1.7604169845581055,1.78125,1.7604169845581055,1.7708330154418945,7176000
1986-01-02,0.6494277715682983,1.734375,1.7708330154418945,1.7265629768371582,1.7604169845581055,12158400
1986-01-03,0.6513778567314148,1.7395830154418945,1.75,1.7291669845581055,1.734375,5308800
1986-01-06,0.6513778567314148,1.7395830154418945,1.75,1.7317709922790527,1.7395830154418945,5352000
1986-01-07,0.6621043682098389,1.7682290077209473,1.7682290077209473,1.7395830154418945,1.7395830154418945,11481600
1986-01-08,0.6416270732879639,1.7135419845581055,1.7708330154418945,1.7135419845581055,1.7682290077209473,15825600
1986-01-09,0.6357766389846802,1.6979169845581055,1.7135419845581055,1.6770830154418945,1.7135419845581055,17812800
1986-01-10,0.6348013281822205,1.6953129768371582,1.7057290077209473,1.6848959922790527,1.6979169845581055,7752000
1986-01-13,0.625049889087677,1.6692709922790527,1.6927080154418945,1.6588540077209473,1.6927080154418945,8832000
1986-01-14,0.6231000423431396,1.6640629768371582,1.671875,1.6484379768371582,1.6692709922790527,20016000
1986-01-15,0.624075174331665,1.6666669845581055,1.671875,1.6588540077209473,1.6640629768371582,15182400
1986-01-16,0.624075174331665,1.6666669845581055,1.6666669845581055,1.6328129768371582,1.6666669845581055,23395200
1986-01-17,0.6270001530647278,1.6744790077209473,1.6822919845581055,1.6588540077209473,1.6666669845581055,24681600
1986-01-20,0.6201746463775635,1.65625,1.6744790077209473,1.6432290077209473,1.6744790077209473,7176000
1986-01-21,0.6143237948417664,1.640625,1.6640629768371582,1.6302080154418945,1.65625,6724800
1986-01-22,0.6006720066070557,1.6041669845581055,1.6432290077209473,1.5989580154418945,1.640625,9528000
1986-01-23,0.6162741184234619,1.6458330154418945,1.6484379768371582,1.6041669845581055,1.6041669845581055,11040000
1986-01-24,0.6260249614715576,1.671875,1.6796879768371582,1.6302080154418945,1.6458330154418945,14702400
1986-01-27,0.625049889087677,1.6692709922790527,1.6796879768371582,1.6666669845581055,1.671875,7920000
1986-01-28,0.6357766389846802,1.6979169845581055,1.6979169845581055,1.671875,1.671875,14865600
1986-01-29,0.6474778652191162,1.7291669845581055,1.7578129768371582,1.703125,1.703125,17308800
1986-01-30,0.6445522904396057,1.7213540077209473,1.7317709922790527,1.7135419845581055,1.7291669845581055,13608000
1986-01-31,0.6543036103248596,1.7473959922790527,1.7552080154418945,1.71875,1.7213540077209473,17462400
1986-02-03,0.6621043682098389,1.7682290077209473,1.7760419845581055,1.7421879768371582,1.7473959922790527,13281600
1986-02-04,0.6679549217224121,1.7838540077209473,1.796875,1.7630209922790527,1.7682290077209473,17548800
1986-02-05,0.6669800281524658,1.78125,1.7864580154418945,1.7630209922790527,1.7838540077209473,11592000
1986-02-06,0.664054811000824,1.7734379768371582,1.7864580154418945,1.7604169845581055,1.78125,16665600
1986-02-07,0.6611291766166687,1.765625,1.7734379768371582,1.7135419845581055,1.7734379768371582,24057600
1986-02-10,0.6689305305480957,1.7864580154418945,1.7864580154418945,1.7630209922790527,1.765625,8078400
1986-02-11,0.664054811000824,1.7734379768371582,1.7838540077209473,1.7604169845581055,1.7838540077209473,6604800
1986-02-12,0.6582040786743164,1.7578129768371582,1.7734379768371582,1.7552080154418945,1.7734379768371582,5630400
1986-02-13,0.6669800281524658,1.78125,1.78125,1.7161459922790527,1.7578129768371582,9345600
1986-02-14,0.6708806753158569,1.7916669845581055,1.796875,1.7708330154418945,1.78125,13881600
1986-02-18,0.6864822506904602,1.8333330154418945,1.8333330154418945,1.7916669845581055,1.7916669845581055,12676800
1986-02-19,0.6747807264328003,1.8020830154418945,1.8333330154418945,1.7994790077209473,1.8333330154418945,11443200
1986-02-20,0.7040343880653381,1.8802080154418945,1.8828129768371582,1.8020830154418945,1.8020830154418945,16814400
1986-02-21,0.7157360911369324,1.9114580154418945,1.9114580154418945,1.875,1.8802080154418945,28584000
1986-02-24,0.7167115211486816,1.9140629768371582,1.921875,1.8932290077209473,1.9114580154418945,13881600
1986-02-25,0.7147607803344727,1.9088540077209473,1.9166669845581055,1.890625,1.9140629768371582,10281600
1986-02-26,0.7215865254402161,1.9270830154418945,1.9453129768371582,1.9036459922790527,1.9088540077209473,11640000
1986-02-27,0.7605909109115601,2.03125,2.046875,1.9375,1.9375,18547200
1986-02-28,0.7508400082588196,2.0052080154418945,2.0338540077209473,1.9947919845581055,2.03125,12590400
1986-03-03,0.739138662815094,1.9739580154418945,2.0052080154418945,1.9713540077209473,2.0052080154418945,8947200
1986-03-04,0.7332884073257446,1.9583330154418945,2.0,1.953125,1.9739580154418945,15868800
1986-03-05,0.7381636500358582,1.9713540077209473,1.9765629768371582,1.9453129768371582,1.9583330154418945,14193600
1986-03-06,0.7527902126312256,2.0104169845581055,2.0208330154418945,1.9791669845581055,1.9791669845581055,12873600
1986-03-07,0.7703429460525513,2.0572919845581055,2.070312976837158,2.0130209922790527,2.0130209922790527,12796800
1986-03-10,0.785321831703186,2.0807290077209473,2.0833330154418945,2.03125,2.0572919845581055,14596800
1986-03-11,0.7882703542709351,2.0885419845581055,2.101562976837158,2.070312976837158,2.0807290077209473,12705600
1986-03-12,0.8059621453285217,2.1354169845581055,2.1822919845581055,2.0807290077209473,2.0885419845581055,17918400
1986-03-13,0.8187389373779297,2.1692709922790527,2.1770830154418945,2.1145830154418945,2.1354169845581055,14832000
1986-03-14,0.855105459690094,2.265625,2.2916669845581055,2.1770830154418945,2.1770830154418945,33422400
1986-03-17,0.8374143838882446,2.21875,2.2291669845581055,2.1770830154418945,2.2291669845581055,24484800
1986-03-18,0.841346263885498,2.2291669845581055,2.2604169845581055,2.1927080154418945,2.21875,24192000
1986-03-19,0.8472428321838379,2.2447919845581055,2.2604169845581055,2.2135419845581055,2.2291669845581055,18340800
1986-03-20,0.8452773094177246,2.2395830154418945,2.2604169845581055,2.2291669845581055,2.2447919845581055,16713600
1986-03-21,0.8128424882888794,2.1536459922790527,2.265625,2.1510419845581055,2.2395830154418945,37411200
1986-03-24,0.8246368765830994,2.1848959922790527,2.2057290077209473,2.1770830154418945,2.1770830154418945,19588800
1986-03-25,0.8177568316459656,2.1666669845581055,2.1875,2.1666669845581055,2.1848959922790527,9374400
1986-03-26,0.8325001001358032,2.2057290077209473,2.21875,2.1744790077209473,2.1744790077209473,13022400
1986-03-27,0.8334823846817017,2.2083330154418945,2.242187976837158,2.1927080154418945,2.2057290077209473,13267200
1986-03-31,0.8275853395462036,2.1927080154418945,2.2447919845581055,2.1875,2.2083330154418945,9441600
1986-04-01,0.8089107871055603,2.1432290077209473,2.1875,2.140625,2.1875,15691200
1986-04-02,0.8167735934257507,2.164062976837158,2.171875,2.1197919845581055,2.1432290077209473,16828800
1986-04-03,0.7990823984146118,2.117187976837158,2.2083330154418945,2.09375,2.164062976837158,15172800
1986-04-04,0.7863041162490845,2.0833330154418945,2.1432290077209473,2.0520830154418945,2.117187976837158,14942400
1986-04-07,0.7843387722969055,2.078125,2.0989580154418945,2.0572919845581055,2.0833330154418945,9974400
1986-04-08,0.807927668094635,2.140625,2.1510419845581055,2.09375,2.09375,15734400
1986-04-09,0.791218638420105,2.0963540077209473,2.171875,2.0625,2.140625,17116800
1986-04-10,0.7941681742668152,2.1041669845581055,2.125,2.0833330154418945,2.0963540077209473,18268800
1986-04-11,0.7882703542709351,2.0885419845581055,2.125,2.070312976837158,2.1041669845581055,16920000
1986-04-14,0.8167735934257507,2.164062976837158,2.171875,2.085937976837158,2.0885419845581055,24038400
1986-04-15,0.8236536383628845,2.1822919845581055,2.1979169845581055,2.1510419845581055,2.164062976837158,18244800
1986-04-16,0.8639523386955261,2.289062976837158,2.2916669845581055,2.2057290077209473,2.2057290077209473,23832000
1986-04-17,0.9052329659461975,2.398437976837158,2.4166669845581055,2.3125,2.3125,30268800
1986-04-18,0.888524055480957,2.3541669845581055,2.4010419845581055,2.3541669845581055,2.398437976837158,31608000
1986-04-21,0.9199758768081665,2.4375,2.4427080154418945,2.367187976837158,2.367187976837158,19353600
1986-04-22,0.9239080548286438,2.4479169845581055,2.5,2.4114580154418945,2.4375,33153600
1986-04-23,0.9209588766098022,2.4401040077209473,2.4427080154418945,2.3854169845581055,2.4427080154418945,12369600
1986-04-24,0.9111313223838806,2.414062976837158,2.4557290077209473,2.3958330154418945,2.4401040077209473,13123200
1986-04-25,0.9071986079216003,2.4036459922790527,2.4166669845581055,2.3489580154418945,2.414062976837158,17193600
1986-04-28,0.9239080548286438,2.4479169845581055,2.4479169845581055,2.40625,2.40625,17457600
1986-04-29,0.9062162637710571,2.4010419845581055,2.4427080154418945,2.3854169845581055,2.4427080154418945,12801600
1986-04-30,0.8767293691635132,2.3229169845581055,2.40625,2.2916669845581055,2.4010419845581055,22200000
1986-05-01,0.888524055480957,2.3541669845581055,2.359375,2.3072919845581055,2.3229169845581055,23721600
1986-05-02,0.8796781897544861,2.3307290077209473,2.382812976837158,2.3229169845581055,2.3541669845581055,18288000
1986-05-05,0.8698495626449585,2.304687976837158,2.3541669845581055,2.2708330154418945,2.3307290077209473,13483200
1986-05-06,0.8610029816627502,2.28125,2.3125,2.2395830154418945,2.304687976837158,19094400
1986-05-07,0.8541237115859985,2.2630209922790527,2.28125,2.234375,2.28125,15648000
1986-05-08,0.8560886383056641,2.2682290077209473,2.2760419845581055,2.25,2.2630209922790527,12374400
1986-05-09,0.8492089509963989,2.25,2.2604169845581055,2.2291669845581055,2.2604169845581055,12062400
1986-05-12,0.8570716381072998,2.2708330154418945,2.2786459922790527,2.2447919845581055,2.25,11318400
1986-05-13,0.8629686236381531,2.2864580154418945,2.2916669845581055,2.265625,2.2708330154418945,12624000
1986-05-14,0.8806605935096741,2.3333330154418945,2.3385419845581055,2.2760419845581055,2.2864580154418945,21657600
1986-05-15,0.8492089509963989,2.25,2.3177080154418945,2.2447919845581055,2.3177080154418945,19560000
1986-05-16,0.841346263885498,2.2291669845581055,2.2604169845581055,2.2213540077209473,2.25,19910400
1986-05-19,0.8275853395462036,2.1927080154418945,2.2473959922790527,2.1822919845581055,2.2291669845581055,17280000
1986-05-20,0.8374143838882446,2.21875,2.21875,2.179687976837158,2.1927080154418945,16968000
1986-05-21,0.8325001001358032,2.2057290077209473,2.226562976837158,2.2005209922790527,2.21875,12993600
1986-05-22,0.8570716381072998,2.2708330154418945,2.2708330154418945,2.2057290077209473,2.2057290077209473,20908800
1986-05-23,0.8521572947502136,2.257812976837158,2.28125,2.25,2.2708330154418945,12201600
1986-05-27,0.8875412344932556,2.351562976837158,2.351562976837158,2.2786459922790527,2.2786459922790527,23702400
1986-05-28,0.8924555778503418,2.3645830154418945,2.3723959922790527,2.3229169845581055,2.351562976837158,20073600
1986-05-29,0.9130967259407043,2.4192709922790527,2.4322919845581055,2.34375,2.3645830154418945,16497600
1986-05-30,0.9121135473251343,2.4166669845581055,2.421875,2.3854169845581055,2.4192709922790527,16123200
1986-06-02,0.8934382796287537,2.367187976837158,2.4036459922790527,2.3385419845581055,2.4036459922790527,12571200
1986-06-03,0.8993358016014099,2.382812976837158,2.398437976837158,2.359375,2.367187976837158,18484800
1986-06-04,0.8895071744918823,2.3567709922790527,2.382812976837158,2.3333330154418945,2.382812976837158,11251200
1986-06-05,0.888524055480957,2.3541669845581055,2.3697919845581055,2.3072919845581055,2.3567709922790527,22156800
1986-06-06,0.9022840857505798,2.390625,2.390625,2.359375,2.359375,15657600
1986-06-09,0.8963869214057922,2.375,2.390625,2.359375,2.390625,18696000
1986-06-10,0.8946453332901001,2.3541669845581055,2.3723959922790527,2.320312976837158,2.3723959922790527,21283200
1986-06-11,0.890686571598053,2.34375,2.3723959922790527,2.335937976837158,2.3541669845581055,19334400
1986-06-12,0.8976143002510071,2.3619790077209473,2.3645830154418945,2.3463540077209473,2.3463540077209473,15624000
1986-06-13,0.9114696979522705,2.398437976837158,2.4166669845581055,2.3723959922790527,2.3723959922790527,17779200
1986-06-16,0.9263136982917786,2.4375,2.4479169845581055,2.390625,2.398437976837158,17107200
1986-06-17,0.9470961689949036,2.492187976837158,2.492187976837158,2.4479169845581055,2.4479169845581055,21806400
1986-06-18,0.9431379437446594,2.4817709922790527,2.4869790077209473,2.4479169845581055,2.4869790077209473,16507200
1986-06-19,0.9381899237632751,2.46875,2.492187976837158,2.460937976837158,2.4817709922790527,13944000
1986-06-20,0.9500652551651001,2.5,2.5,2.453125,2.46875,22257600
1986-06-23,0.9381899237632751,2.46875,2.4869790077209473,2.4583330154418945,2.4869790077209473,11203200
1986-06-24,0.9589729309082031,2.523437976837158,2.5364580154418945,2.460937976837158,2.46875,20971200
1986-06-25,0.9520440697669983,2.5052080154418945,2.539062976837158,2.4947919845581055,2.523437976837158,16531200
1986-06-26,0.9668897986412048,2.5442709922790527,2.5572919845581055,2.5052080154418945,2.5052080154418945,17505600
1986-06-27,0.963920533657074,2.5364580154418945,2.5677080154418945,2.5130209922790527,2.5442709922790527,12753600
1986-06-30,0.9936100840568542,2.6145830154418945,2.6145830154418945,2.539062976837158,2.539062976837158,20654400
1986-07-01,1.0153828859329224,2.671875,2.742187976837158,2.625,2.742187976837158,21312000
1986-07-02,1.04210364818573,2.742187976837158,2.804687976837158,2.726562976837158,2.726562976837158,30560000
1986-07-03,1.0331968069076538,2.71875,2.757812976837158,2.6875,2.742187976837158,23824000
1986-07-07,0.9738171696662903,2.5625,2.71875,2.546875,2.71875,20704000
1986-07-08,0.9619410037994385,2.53125,2.546875,2.453125,2.546875,26336000
1986-07-09,0.985693097114563,2.59375,2.59375,2.546875,2.546875,20160000
1986-07-10,0.9767870306968689,2.570312976837158,2.625,2.53125,2.59375,16800000
1986-07-11,0.985693097114563,2.59375,2.601562976837158,2.507812976837158,2.570312976837158,14252800
1986-07-14,0.9530349373817444,2.507812976837158,2.554687976837158,2.5,2.554687976837158,10360000
1986-07-15,0.9589729309082031,2.523437976837158,2.546875,2.5,2.507812976837158,33248000
1986-07-16,0.985693097114563,2.59375,2.609375,2.53125,2.53125,18560000
1986-07-17,0.9649110436439514,2.539062976837158,2.617187976837158,2.53125,2.59375,12937600
1986-07-18,0.9738171696662903,2.5625,2.617187976837158,2.53125,2.539062976837158,14977600
1986-07-21,0.9589729309082031,2.523437976837158,2.546875,2.515625,2.546875,8419200
1986-07-22,0.9738171696662903,2.5625,2.578125,2.507812976837158,2.523437976837158,10067200
1986-07-23,0.9649110436439514,2.539062976837158,2.570312976837158,2.515625,2.5625,14984000
1986-07-24,0.9530349373817444,2.507812976837158,2.570312976837158,2.476562976837158,2.539062976837158,13608000
1986-07-25,0.9678794145584106,2.546875,2.5625,2.507812976837158,2.507812976837158,7480000
1986-07-28,0.9500652551651001,2.5,2.570312976837158,2.476562976837158,2.546875,9654400
1986-07-29,0.9233453273773193,2.429687976837158,2.5,2.414062976837158,2.5,12350400
1986-07-30,0.9411587715148926,2.476562976837158,2.484375,2.359375,2.429687976837158,16160000
1986-07-31,0.9292833209037781,2.445312976837158,2.46875,2.429687976837158,2.46875,7267200
1986-08-01,0.9085003733634949,2.390625,2.453125,2.390625,2.445312976837158,7222400
1986-08-04,0.9233453273773193,2.429687976837158,2.4375,2.328125,2.390625,10158400
1986-08-05,0.9025623202323914,2.375,2.4375,2.367187976837158,2.429687976837158,9220800
1986-08-06,0.9055313467979431,2.382812976837158,2.40625,2.359375,2.375,8459200
1986-08-07,0.9025623202323914,2.375,2.421875,2.351562976837158,2.382812976837158,10430400
1986-08-08,0.8936558961868286,2.351562976837158,2.390625,2.328125,2.375,9193600
1986-08-11,0.9263136982917786,2.4375,2.453125,2.34375,2.351562976837158,10804800
1986-08-12,0.9352210164070129,2.460937976837158,2.46875,2.414062976837158,2.4375,9355200
1986-08-13,0.944128155708313,2.484375,2.5,2.429687976837158,2.460937976837158,14524800
1986-08-14,0.9263136982917786,2.4375,2.476562976837158,2.421875,2.476562976837158,10859200
1986-08-15,0.9322526454925537,2.453125,2.453125,2.382812976837158,2.4375,10600000
1986-08-18,0.9174076318740845,2.414062976837158,2.4375,2.382812976837158,2.4375,8000000
1986-08-19,0.9025623202323914,2.375,2.414062976837158,2.359375,2.414062976837158,8868800
1986-08-20,0.9292833209037781,2.445312976837158,2.453125,2.367187976837158,2.375,12403200
1986-08-21,0.9203757643699646,2.421875,2.445312976837158,2.390625,2.445312976837158,11700800
1986-08-22,0.9174076318740845,2.414062976837158,2.4375,2.398437976837158,2.421875,5318400
1986-08-25,0.9055313467979431,2.382812976837158,2.414062976837158,2.375,2.414062976837158,7313600
1986-08-26,0.9263136982917786,2.4375,2.453125,2.382812976837158,2.382812976837158,12014400
1986-08-27,0.9085003733634949,2.390625,2.4375,2.375,2.4375,15088000
1986-08-28,0.8847488164901733,2.328125,2.398437976837158,2.3125,2.390625,18400000
1986-08-29,0.8995935320854187,2.367187976837158,2.375,2.328125,2.328125,16800000
1986-09-02,0.866934597492218,2.28125,2.367187976837158,2.265625,2.367187976837158,13569600
1986-09-03,0.8699038624763489,2.289062976837158,2.304687976837158,2.234375,2.28125,16160000
1986-09-04,0.8699038624763489,2.289062976837158,2.3125,2.265625,2.289062976837158,14888000
1986-09-05,0.8402147889137268,2.210937976837158,2.296875,2.1875,2.289062976837158,20320000
1986-09-08,0.8728732466697693,2.296875,2.304687976837158,2.1875,2.210937976837158,18080000
1986-09-09,0.8970327377319336,2.34375,2.367187976837158,2.296875,2.296875,16640000
1986-09-10,0.8910529017448425,2.328125,2.375,2.3125,2.34375,13337600
1986-09-11,0.8312505483627319,2.171875,2.296875,2.070312976837158,2.296875,25120000
1986-09-12,0.819290280342102,2.140625,2.210937976837158,2.085937976837158,2.171875,22080000
1986-09-15,0.8133100867271423,2.125,2.1875,2.070312976837158,2.140625,18080000
1986-09-16,0.8103201985359192,2.117187976837158,2.125,2.054687976837158,2.125,13483200
1986-09-17,0.8073300719261169,2.109375,2.148437976837158,2.0625,2.117187976837158,16640000
1986-09-18,0.8073300719261169,2.109375,2.132812976837158,2.0625,2.109375,13667200
1986-09-19,0.7893887162208557,2.0625,2.09375,2.054687976837158,2.09375,18880000
1986-09-22,0.8043400049209595,2.101562976837158,2.101562976837158,2.054687976837158,2.0625,15392000
1986-09-23,0.8222803473472595,2.148437976837158,2.1875,2.09375,2.101562976837158,19360000
1986-09-24,0.8372307419776917,2.1875,2.226562976837158,2.148437976837158,2.148437976837158,17440000
1986-09-25,0.8133100867271423,2.125,2.1875,2.09375,2.1875,13564800
1986-09-26,0.8133100867271423,2.125,2.15625,2.09375,2.125,10568000
1986-09-29,0.7983595132827759,2.085937976837158,2.101562976837158,2.0625,2.101562976837158,10318400
1986-09-30,0.8103201985359192,2.117187976837158,2.171875,2.085937976837158,2.085937976837158,13937600
1986-10-01,0.8163002729415894,2.132812976837158,2.179687976837158,2.109375,2.117187976837158,14716800
1986-10-02,0.8372307419776917,2.1875,2.195312976837158,2.125,2.132812976837158,9968000
1986-10-03,0.8252701163291931,2.15625,2.21875,2.148437976837158,2.1875,14780800
1986-10-06,0.8491910696029663,2.21875,2.21875,2.132812976837158,2.15625,11788800
1986-10-07,0.8312505483627319,2.171875,2.21875,2.15625,2.21875,7481600
1986-10-08,0.8491910696029663,2.21875,2.25,2.148437976837158,2.171875,12264000
1986-10-09,0.8521817326545715,2.226562976837158,2.265625,2.21875,2.21875,13686400
1986-10-10,0.8581616282463074,2.242187976837158,2.25,2.210937976837158,2.226562976837158,6073600
1986-10-13,0.855171263217926,2.234375,2.242187976837158,2.210937976837158,2.242187976837158,2457600
1986-10-14,0.8521817326545715,2.226562976837158,2.25,2.1875,2.234375,7001600
1986-10-15,0.8910529017448425,2.328125,2.335937976837158,2.226562976837158,2.226562976837158,16640000
1986-10-16,0.9329142570495605,2.4375,2.453125,2.390625,2.390625,34400000
1986-10-17,0.9179639220237732,2.398437976837158,2.421875,2.375,2.421875,13988800
1986-10-20,0.9030135273933411,2.359375,2.382812976837158,2.304687976837158,2.382812976837158,10848000
1986-10-21,0.9000234603881836,2.351562976837158,2.375,2.328125,2.359375,6622400
1986-10-22,0.9030135273933411,2.359375,2.367187976837158,2.34375,2.351562976837158,9936000
1986-10-23,0.9209536910057068,2.40625,2.429687976837158,2.367187976837158,2.367187976837158,11681600
1986-10-24,0.9000234603881836,2.351562976837158,2.40625,2.351562976837158,2.40625,9920000
1986-10-27,0.9060038328170776,2.367187976837158,2.429687976837158,2.328125,2.351562976837158,6828800
1986-10-28,0.8880627155303955,2.320312976837158,2.359375,2.3125,2.359375,5982400
1986-10-29,0.8790925741195679,2.296875,2.328125,2.289062976837158,2.320312976837158,7561600
1986-10-30,0.8880627155303955,2.320312976837158,2.351562976837158,2.304687976837158,2.304687976837158,11078400
1986-10-31,0.8761026859283447,2.289062976837158,2.328125,2.28125,2.320312976837158,9403200
1986-11-03,0.8880627155303955,2.320312976837158,2.320312976837158,2.289062976837158,2.289062976837158,7784000
1986-11-04,0.8790925741195679,2.296875,2.3125,2.273437976837158,2.3125,9457600
1986-11-05,0.8790925741195679,2.296875,2.3125,2.28125,2.296875,10204800
1986-11-06,0.8880627155303955,2.320312976837158,2.335937976837158,2.265625,2.296875,9747200
1986-11-07,0.8731120824813843,2.28125,2.328125,2.28125,2.320312976837158,8102400
1986-11-10,0.8761026859283447,2.289062976837158,2.296875,2.273437976837158,2.28125,6558400
1986-11-11,0.8850725889205933,2.3125,2.320312976837158,2.28125,2.289062976837158,5368000
1986-11-12,0.8940431475639343,2.335937976837158,2.335937976837158,2.304687976837158,2.3125,11083200
1986-11-13,0.8701223731040955,2.273437976837158,2.34375,2.273437976837158,2.335937976837158,8520000
1986-11-14,0.882082462310791,2.304687976837158,2.304687976837158,2.257812976837158,2.273437976837158,7296000
1986-11-17,0.8701223731040955,2.273437976837158,2.3125,2.265625,2.304687976837158,7476800
1986-11-18,0.8491910696029663,2.21875,2.289062976837158,2.210937976837158,2.273437976837158,13276800
1986-11-19,0.8462012410163879,2.210937976837158,2.234375,2.164062976837158,2.21875,15971200
1986-11-20,0.8671319484710693,2.265625,2.265625,2.195312976837158,2.210937976837158,10267200
1986-11-21,0.8701223731040955,2.273437976837158,2.28125,2.210937976837158,2.265625,18720000
1986-11-24,0.8643395900726318,2.242187976837158,2.257812976837158,2.1875,2.257812976837158,11496000
1986-11-25,0.8583164811134338,2.226562976837158,2.25,2.21875,2.242187976837158,9220800
1986-11-26,0.8703629970550537,2.257812976837158,2.304687976837158,2.195312976837158,2.226562976837158,20320000
1986-11-28,0.8793981075286865,2.28125,2.289062976837158,2.25,2.257812976837158,7241600
1986-12-01,0.8643395900726318,2.242187976837158,2.265625,2.210937976837158,2.265625,10750400
1986-12-02,0.8974674940109253,2.328125,2.335937976837158,2.25,2.25,20320000
1986-12-03,0.91252601146698,2.367187976837158,2.390625,2.28125,2.328125,25280000
1986-12-04,0.9275839924812317,2.40625,2.4375,2.367187976837158,2.367187976837158,35520000
1986-12-05,0.9185490608215332,2.382812976837158,2.4375,2.367187976837158,2.40625,15550400
1986-12-08,0.9155375957489014,2.375,2.390625,2.3125,2.382812976837158,14086400
1986-12-09,0.930596113204956,2.414062976837158,2.421875,2.382812976837158,2.382812976837158,15376000
1986-12-10,0.9396305680274963,2.4375,2.445312976837158,2.390625,2.414062976837158,15388800
1986-12-11,0.921560525894165,2.390625,2.429687976837158,2.375,2.429687976837158,16160000
1986-12-12,0.91252601146698,2.367187976837158,2.390625,2.359375,2.390625,11412800
1986-12-15,0.9155375957489014,2.375,2.375,2.320312976837158,2.367187976837158,13416000
1986-12-16,0.9396305680274963,2.4375,2.445312976837158,2.375,2.375,18560000
1986-12-17,0.9275839924812317,2.40625,2.4375,2.390625,2.4375,10456000
1986-12-18,0.9245726466178894,2.398437976837158,2.421875,2.390625,2.40625,8644800
1986-12-19,0.9456547498703003,2.453125,2.453125,2.398437976837158,2.398437976837158,28320000
1986-12-22,0.9516772031784058,2.46875,2.46875,2.421875,2.453125,10657600
1986-12-23,0.9516772031784058,2.46875,2.476562976837158,2.40625,2.46875,13366400
1986-12-24,0.9486653208732605,2.460937976837158,2.46875,2.445312976837158,2.46875,6056000
1986-12-26,0.9336070418357849,2.421875,2.460937976837158,2.421875,2.460937976837158,3801600
1986-12-29,0.9155375957489014,2.375,2.429687976837158,2.375,2.421875,4524800
1986-12-30,0.9245726466178894,2.398437976837158,2.421875,2.382812976837158,2.382812976837158,13692800
1986-12-31,0.9095144271850586,2.359375,2.40625,2.34375,2.398437976837158,15214400
1987-01-02,0.9185490608215332,2.382812976837158,2.398437976837158,2.359375,2.359375,6982400
1987-01-05,0.9456547498703003,2.453125,2.460937976837158,2.390625,2.390625,18400000
1987-01-06,0.9396305680274963,2.4375,2.46875,2.414062976837158,2.453125,16000000
1987-01-07,0.9426423907279968,2.445312976837158,2.46875,2.421875,2.4375,18400000
1987-01-08,0.930596113204956,2.414062976837158,2.445312976837158,2.40625,2.445312976837158,16640000
1987-01-09,0.921560525894165,2.390625,2.429687976837158,2.390625,2.414062976837158,12118400
1987-01-12,0.9275839924812317,2.40625,2.429687976837158,2.375,2.390625,12630400
1987-01-13,0.9185490608215332,2.382812976837158,2.40625,2.375,2.40625,10120000
1987-01-14,0.9275839924812317,2.40625,2.421875,2.375,2.382812976837158,17280000
1987-01-15,0.9637239575386047,2.5,2.539062976837158,2.429687976837158,2.429687976837158,32000000
1987-01-16,0.9817931652069092,2.546875,2.554687976837158,2.484375,2.5,32160000
1987-01-19,1.0028754472732544,2.601562976837158,2.617187976837158,2.507812976837158,2.546875,15480000
1987-01-20,0.9878163933753967,2.5625,2.640625,2.53125,2.601562976837158,18880000
1987-01-21,0.9878163933753967,2.5625,2.609375,2.539062976837158,2.5625,20800000
1987-01-22,1.0239568948745728,2.65625,2.65625,2.578125,2.578125,20960000
1987-01-23,1.0088984966278076,2.617187976837158,2.773437976837158,2.578125,2.65625,45920000
1987-01-26,1.01190984249115,2.625,2.65625,2.59375,2.617187976837158,16160000
1987-01-27,1.0299793481826782,2.671875,2.6875,2.617187976837158,2.625,20160000
1987-01-28,1.0329912900924683,2.679687976837158,2.726562976837158,2.671875,2.671875,13953600
1987-01-29,1.0299793481826782,2.671875,2.710937976837158,2.640625,2.679687976837158,17920000
1987-01-30,1.026968002319336,2.664062976837158,2.695312976837158,2.632812976837158,2.671875,9270400
1987-02-02,1.0360032320022583,2.6875,2.703125,2.625,2.664062976837158,11096000
1987-02-03,1.0299793481826782,2.671875,2.710937976837158,2.664062976837158,2.6875,11092800
1987-02-04,1.0360032320022583,2.6875,2.703125,2.625,2.671875,13571200
1987-02-05,1.0239568948745728,2.65625,2.703125,2.640625,2.6875,13860800
1987-02-06,1.0179330110549927,2.640625,2.671875,2.625,2.65625,8516800
1987-02-09,1.0058865547180176,2.609375,2.632812976837158,2.578125,2.632812976837158,6814400
1987-02-10,1.0028754472732544,2.601562976837158,2.617187976837158,2.5625,2.609375,11412800
1987-02-11,1.0360032320022583,2.6875,2.6875,2.640625,2.640625,11636800
1987-02-12,1.0360032320022583,2.6875,2.703125,2.65625,2.6875,12300800
1987-02-13,1.051060676574707,2.726562976837158,2.757812976837158,2.671875,2.6875,14425600
1987-02-17,1.072142481803894,2.78125,2.796875,2.726562976837158,2.726562976837158,14059200
1987-02-18,1.0932241678237915,2.835937976837158,2.84375,2.789062976837158,2.789062976837158,26720000
1987-02-19,1.0932241678237915,2.835937976837158,2.867187976837158,2.8125,2.835937976837158,16160000
1987-02-20,1.096235752105713,2.84375,2.851562976837158,2.804687976837158,2.835937976837158,17920000
1987-02-23,1.0661194324493408,2.765625,2.851562976837158,2.710937976837158,2.84375,16160000
1987-02-24,1.0691314935684204,2.773437976837158,2.789062976837158,2.75,2.765625,6374400
1987-02-25,1.087201476097107,2.820312976837158,2.84375,2.765625,2.773437976837158,9625600
1987-02-26,1.0751538276672363,2.789062976837158,2.828125,2.78125,2.820312976837158,8456000
1987-02-27,1.081178069114685,2.804687976837158,2.835937976837158,2.789062976837158,2.789062976837158,8636800
1987-03-02,1.0841896533966064,2.8125,2.851562976837158,2.804687976837158,2.804687976837158,12784000
1987-03-03,1.087201476097107,2.820312976837158,2.835937976837158,2.8125,2.8125,12456000
1987-03-04,1.1323755979537964,2.9375,2.953125,2.835937976837158,2.835937976837158,20160000
1987-03-05,1.1143051385879517,2.890625,2.96875,2.859375,2.9375,12764800
1987-03-06,1.120328664779663,2.90625,2.929687976837158,2.84375,2.890625,46080000
1987-03-09,1.087201476097107,2.820312976837158,2.898437976837158,2.820312976837158,2.898437976837158,10457600
1987-03-10,1.1273235082626343,2.90625,2.929687976837158,2.804687976837158,2.820312976837158,15072000
1987-03-11,1.1818722486495972,3.046875,3.0625,2.851562976837158,2.90625,35520000
1987-03-12,1.1667203903198242,3.007812976837158,3.023437976837158,2.945312976837158,3.023437976837158,27200000
1987-03-13,1.1424754858016968,2.945312976837158,3.0,2.929687976837158,3.0,11795200
1987-03-16,1.11823308467865,2.882812976837158,2.929687976837158,2.851562976837158,2.929687976837158,13035200
1987-03-17,1.1273235082626343,2.90625,2.929687976837158,2.859375,2.882812976837158,17440000
1987-03-18,1.1242932081222534,2.898437976837158,2.921875,2.859375,2.90625,21440000
1987-03-19,1.1485369205474854,2.960937976837158,2.96875,2.898437976837158,2.898437976837158,12625600
1987-03-20,1.1485369205474854,2.960937976837158,2.992187976837158,2.9375,2.960937976837158,18080000
1987-03-23,1.160658597946167,2.992187976837158,3.046875,2.96875,2.96875,14659200
1987-03-24,1.1576285362243652,2.984375,3.0,2.960937976837158,2.992187976837158,14756800
1987-03-25,1.1485369205474854,2.960937976837158,2.96875,2.945312976837158,2.96875,9844800
1987-03-26,1.1364147663116455,2.929687976837158,2.984375,2.921875,2.960937976837158,8230400
1987-03-27,1.1121726036071777,2.867187976837158,2.984375,2.828125,2.929687976837158,18880000
1987-03-30,1.072776198387146,2.765625,3.03125,2.648437976837158,2.867187976837158,29280000
1987-03-31,1.1091418266296387,2.859375,2.867187976837158,2.78125,2.78125,12259200
1987-04-01,1.1091418266296387,2.859375,2.867187976837158,2.8125,2.859375,11742400
1987-04-02,1.0788366794586182,2.78125,2.90625,2.78125,2.859375,13660800
1987-04-03,1.1212626695632935,2.890625,2.9375,2.78125,2.78125,17920000
1987-04-06,1.1273235082626343,2.90625,2.9375,2.898437976837158,2.898437976837158,11158400
1987-04-07,1.097019076347351,2.828125,2.9375,2.828125,2.90625,13800000
1987-04-08,1.1091418266296387,2.859375,2.90625,2.828125,2.828125,18400000
1987-04-09,1.1091418266296387,2.859375,2.898437976837158,2.820312976837158,2.859375,12251200
1987-04-10,1.1152024269104004,2.875,2.921875,2.828125,2.859375,12720000
1987-04-13,1.093989610671997,2.820312976837158,2.898437976837158,2.820312976837158,2.875,16000000
1987-04-14,1.0333800315856934,2.664062976837158,2.8125,2.625,2.8125,27360000
1987-04-15,1.072776198387146,2.765625,2.78125,2.703125,2.703125,12726400
1987-04-16,1.060653805732727,2.734375,2.867187976837158,2.71875,2.765625,16320000
1987-04-20,1.0697457790374756,2.757812976837158,2.867187976837158,2.71875,2.734375,10201600
1987-04-21,1.10611093044281,2.851562976837158,2.851562976837158,2.6875,2.757812976837158,15193600
1987-04-22,1.051563024520874,2.710937976837158,2.835937976837158,2.703125,2.835937976837158,20800000
1987-04-23,1.045501470565796,2.695312976837158,2.757812976837158,2.65625,2.710937976837158,11030400
1987-04-24,1.0182280540466309,2.625,2.78125,2.5625,2.695312976837158,14193600
1987-04-27,1.0242886543273926,2.640625,2.679687976837158,2.546875,2.625,20480000
1987-04-28,1.012166976928711,2.609375,2.679687976837158,2.601562976837158,2.640625,18720000
1987-04-29,1.006105661392212,2.59375,2.640625,2.570312976837158,2.609375,11988800
1987-04-30,1.0333800315856934,2.664062976837158,2.671875,2.59375,2.59375,12470400
1987-05-01,1.0151978731155396,2.617187976837158,2.65625,2.59375,2.65625,8142400
1987-05-04,1.0242886543273926,2.640625,2.671875,2.601562976837158,2.617187976837158,8052800
1987-05-05,1.0545936822891235,2.71875,2.71875,2.640625,2.640625,10750400
1987-05-06,1.0182280540466309,2.625,2.710937976837158,2.617187976837158,2.710937976837158,13652800
1987-05-07,0.997015118598938,2.570312976837158,2.625,2.5625,2.625,14678400
1987-05-08,1.0030759572982788,2.585937976837158,2.640625,2.5625,2.570312976837158,16640000
1987-05-11,0.997015118598938,2.570312976837158,2.632812976837158,2.570312976837158,2.585937976837158,16160000
1987-05-12,0.9818623065948486,2.53125,2.5625,2.515625,2.5625,17120000
1987-05-13,0.9818623065948486,2.53125,2.554687976837158,2.507812976837158,2.53125,12876800
1987-05-14,0.9788327813148499,2.523437976837158,2.554687976837158,2.507812976837158,2.53125,14587200
1987-05-15,0.9636797904968262,2.484375,2.53125,2.476562976837158,2.523437976837158,36160000
1987-05-18,0.9636797904968262,2.484375,2.5,2.421875,2.484375,23360000
1987-05-19,0.9576191902160645,2.46875,2.5,2.445312976837158,2.484375,15656000
1987-05-20,0.9454973340034485,2.4375,2.484375,2.40625,2.46875,18080000
1987-05-21,0.9394361972808838,2.421875,2.476562976837158,2.382812976837158,2.4375,18240000
1987-05-22,0.9667104482650757,2.492187976837158,2.515625,2.445312976837158,2.445312976837158,13172800
1987-05-26,1.012166976928711,2.609375,2.609375,2.546875,2.546875,20800000
1987-05-27,1.0000452995300293,2.578125,2.632812976837158,2.578125,2.609375,10972800
1987-05-28,1.0182280540466309,2.625,2.625,2.539062976837158,2.578125,6796800
1987-05-29,1.0394412279129028,2.679687976837158,2.695312976837158,2.625,2.625,17440000
1987-06-01,1.0424717664718628,2.6875,2.742187976837158,2.671875,2.679687976837158,12812800
1987-06-02,1.0364102125167847,2.671875,2.710937976837158,2.65625,2.6875,9734400
1987-06-03,1.048532247543335,2.703125,2.726562976837158,2.679687976837158,2.679687976837158,9892800
1987-06-04,1.0394412279129028,2.679687976837158,2.710937976837158,2.664062976837158,2.703125,11401600
1987-06-05,1.0333800315856934,2.664062976837158,2.679687976837158,2.65625,2.679687976837158,7764800
1987-06-08,1.0545936822891235,2.71875,2.734375,2.65625,2.664062976837158,7052800
1987-06-09,1.0675252676010132,2.734375,2.742187976837158,2.703125,2.71875,8886400
1987-06-10,1.0675252676010132,2.734375,2.765625,2.710937976837158,2.734375,16640000
1987-06-11,1.0827760696411133,2.773437976837158,2.78125,2.734375,2.734375,14828800
1987-06-12,1.0858256816864014,2.78125,2.804687976837158,2.765625,2.773437976837158,11337600
1987-06-15,1.0797265768051147,2.765625,2.820312976837158,2.75,2.78125,14299200
1987-06-16,1.0858256816864014,2.78125,2.789062976837158,2.757812976837158,2.765625,7102400
1987-06-17,1.0827760696411133,2.773437976837158,2.789062976837158,2.757812976837158,2.78125,8227200
1987-06-18,1.088876485824585,2.789062976837158,2.789062976837158,2.757812976837158,2.773437976837158,7680000
1987-06-19,1.1071765422821045,2.835937976837158,2.835937976837158,2.765625,2.789062976837158,25120000
1987-06-22,1.1254767179489136,2.882812976837158,2.890625,2.84375,2.84375,13976000
1987-06-23,1.12242591381073,2.875,2.914062976837158,2.851562976837158,2.882812976837158,16480000
1987-06-24,1.1163270473480225,2.859375,2.890625,2.851562976837158,2.875,8745600
1987-06-25,1.1163270473480225,2.859375,2.882812976837158,2.859375,2.859375,9673600
1987-06-26,1.0949761867523193,2.804687976837158,2.851562976837158,2.796875,2.851562976837158,6582400
1987-06-29,1.1041266918182373,2.828125,2.828125,2.796875,2.804687976837158,5441600
1987-06-30,1.0858256816864014,2.78125,2.820312976837158,2.75,2.820312976837158,8558400
1987-07-01,1.0705764293670654,2.742187976837158,2.765625,2.734375,2.765625,6073600
1987-07-02,1.0736252069473267,2.75,2.765625,2.75,2.75,5291200
1987-07-06,1.0492253303527832,2.6875,2.78125,2.679687976837158,2.75,10707200
1987-07-07,1.0614261627197266,2.71875,2.75,2.695312976837158,2.695312976837158,9630400
1987-07-08,1.0766757726669312,2.757812976837158,2.765625,2.695312976837158,2.71875,15696000
1987-07-09,1.0705764293670654,2.742187976837158,2.78125,2.710937976837158,2.757812976837158,11841600
1987-07-10,1.0827760696411133,2.773437976837158,2.773437976837158,2.734375,2.742187976837158,8196800
1987-07-13,1.0614261627197266,2.71875,2.804687976837158,2.6875,2.773437976837158,12044800
1987-07-14,1.0827760696411133,2.773437976837158,2.78125,2.710937976837158,2.71875,14041600
1987-07-15,1.0949761867523193,2.804687976837158,2.828125,2.75,2.773437976837158,17760000
1987-07-16,1.098026156425476,2.8125,2.820312976837158,2.789062976837158,2.804687976837158,11348800
1987-07-17,1.1468273401260376,2.9375,2.960937976837158,2.796875,2.8125,44640000
1987-07-20,1.134627103805542,2.90625,2.953125,2.882812976837158,2.9375,20800000
1987-07-21,1.1163270473480225,2.859375,2.898437976837158,2.835937976837158,2.898437976837158,17600000
1987-07-22,1.134627103805542,2.90625,2.914062976837158,2.859375,2.859375,15590400
1987-07-23,1.1468273401260376,2.9375,2.953125,2.898437976837158,2.90625,12451200
1987-07-24,1.1437773704528809,2.929687976837158,2.9375,2.921875,2.9375,9547200
1987-07-27,1.1498775482177734,2.945312976837158,2.960937976837158,2.921875,2.929687976837158,21280000
1987-07-28,1.1437773704528809,2.929687976837158,2.960937976837158,2.914062976837158,2.945312976837158,12272000
1987-07-29,1.1559784412384033,2.960937976837158,2.960937976837158,2.929687976837158,2.929687976837158,20800000
1987-07-30,1.1651279926300049,2.984375,2.992187976837158,2.953125,2.960937976837158,15283200
1987-07-31,1.1620783805847168,2.976562976837158,2.992187976837158,2.96875,2.984375,8435200
1987-08-03,1.1529279947280884,2.953125,2.96875,2.945312976837158,2.96875,12643200
1987-08-04,1.1559784412384033,2.960937976837158,2.976562976837158,2.929687976837158,2.953125,9384000
1987-08-05,1.1559784412384033,2.960937976837158,3.0,2.960937976837158,2.960937976837158,13270400
1987-08-06,1.1864793300628662,3.039062976837158,3.046875,2.96875,2.96875,18400000
1987-08-07,1.189528226852417,3.046875,3.070312976837158,3.039062976837158,3.039062976837158,21440000
1987-08-10,1.210879921913147,3.101562976837158,3.101562976837158,3.046875,3.046875,13128000
1987-08-11,1.226129174232483,3.140625,3.140625,3.09375,3.101562976837158,30560000
1987-08-12,1.226129174232483,3.140625,3.1875,3.125,3.140625,26880000
1987-08-13,1.2322295904159546,3.15625,3.179687976837158,3.148437976837158,3.148437976837158,15326400
1987-08-14,1.226129174232483,3.140625,3.164062976837158,3.117187976837158,3.15625,15096000
1987-08-17,1.2352795600891113,3.164062976837158,3.179687976837158,3.148437976837158,3.148437976837158,20000000
1987-08-18,1.226129174232483,3.140625,3.179687976837158,3.117187976837158,3.164062976837158,21600000
1987-08-19,1.226129174232483,3.140625,3.164062976837158,3.09375,3.140625,13500800
1987-08-20,1.2444300651550293,3.1875,3.195312976837158,3.132812976837158,3.140625,15374400
1987-08-21,1.2322295904159546,3.15625,3.242187976837158,3.148437976837158,3.1875,17600000
1987-08-24,1.2505302429199219,3.203125,3.242187976837158,3.132812976837158,3.15625,10908800
1987-08-25,1.2718807458877563,3.257812976837158,3.304687976837158,3.21875,3.21875,14905600
1987-08-26,1.2688300609588623,3.25,3.320312976837158,3.242187976837158,3.257812976837158,13497600
1987-08-27,1.2566301822662354,3.21875,3.234375,3.195312976837158,3.234375,8481600
1987-08-28,1.238329291343689,3.171875,3.21875,3.148437976837158,3.21875,9400000
1987-08-31,1.2352795600891113,3.164062976837158,3.195312976837158,3.109375,3.171875,13091200
1987-09-01,1.2322295904159546,3.15625,3.289062976837158,3.125,3.164062976837158,17760000
1987-09-02,1.2535805702209473,3.210937976837158,3.226562976837158,3.125,3.15625,23040000
1987-09-03,1.2566301822662354,3.21875,3.28125,3.15625,3.210937976837158,17920000
1987-09-04,1.2352795600891113,3.164062976837158,3.242187976837158,3.140625,3.21875,8480000
1987-09-08,1.2017292976379395,3.078125,3.125,3.023437976837158,3.125,21600000
1987-09-09,1.2085996866226196,3.078125,3.125,3.054687976837158,3.078125,15265600
1987-09-10,1.2085996866226196,3.078125,3.125,3.039062976837158,3.078125,12371200
1987-09-11,1.2147352695465088,3.09375,3.15625,3.070312976837158,3.078125,14496000
1987-09-14,1.2331395149230957,3.140625,3.140625,3.085937976837158,3.09375,12414400
1987-09-15,1.202465295791626,3.0625,3.132812976837158,3.0625,3.132812976837158,9222400
1987-09-16,1.1656550168991089,2.96875,3.101562976837158,2.96875,3.0625,15046400
1987-09-17,1.174857497215271,2.992187976837158,3.015625,2.960937976837158,2.96875,12524800
1987-09-18,1.180992841720581,3.007812976837158,3.03125,2.984375,2.992187976837158,15224000
1987-09-21,1.1656550168991089,2.96875,3.09375,2.953125,3.007812976837158,13420800
1987-09-22,1.211667776107788,3.085937976837158,3.09375,2.921875,2.96875,16160000
1987-09-23,1.211667776107788,3.085937976837158,3.09375,3.007812976837158,3.085937976837158,16240000
1987-09-24,1.180992841720581,3.007812976837158,3.070312976837158,3.0,3.070312976837158,9040000
1987-09-25,1.180992841720581,3.007812976837158,3.039062976837158,2.96875,3.007812976837158,8635200
1987-09-28,1.2085996866226196,3.078125,3.117187976837158,3.039062976837158,3.039062976837158,11732800
1987-09-29,1.1963303089141846,3.046875,3.101562976837158,3.015625,3.078125,8739200
1987-09-30,1.1871274709701538,3.023437976837158,3.054687976837158,3.0,3.046875,12060800
1987-10-01,1.2147352695465088,3.09375,3.09375,3.039062976837158,3.039062976837158,9732800
1987-10-02,1.1963303089141846,3.046875,3.109375,3.046875,3.09375,8345600
1987-10-05,1.1779242753982544,3.0,3.054687976837158,2.976562976837158,3.046875,11193600
1987-10-06,1.1472495794296265,2.921875,2.992187976837158,2.90625,2.992187976837158,14617600
1987-10-07,1.1227097511291504,2.859375,2.9375,2.828125,2.921875,18880000
1987-10-08,1.1196426153182983,2.851562976837158,2.890625,2.8125,2.859375,18560000
1987-10-09,1.1104400157928467,2.828125,2.875,2.820312976837158,2.851562976837158,8888000
1987-10-12,1.101237416267395,2.804687976837158,2.835937976837158,2.726562976837158,2.828125,11062400
1987-10-13,1.1503175497055054,2.929687976837158,2.9375,2.796875,2.804687976837158,10363200
1987-10-14,1.0736297369003296,2.734375,2.882812976837158,2.734375,2.882812976837158,19040000
1987-10-15,1.0674937963485718,2.71875,2.820312976837158,2.703125,2.734375,21280000
1987-10-16,0.9938745498657227,2.53125,2.742187976837158,2.453125,2.71875,31104000
1987-10-19,0.7484728693962097,1.90625,2.5,1.8125,2.5,43704000
1987-10-20,0.8957139849662781,2.28125,2.625,1.9375,1.9375,63640000
1987-10-21,1.0122792720794678,2.578125,2.625,2.5,2.5,41097600
1987-10-22,0.9938745498657227,2.53125,2.546875,2.3125,2.546875,27851200
1987-10-23,0.9754695892333984,2.484375,2.539062976837158,2.390625,2.53125,16700800
1987-10-26,0.8895784020423889,2.265625,2.40625,2.25,2.40625,16160000
1987-10-27,0.9202539324760437,2.34375,2.507812976837158,2.265625,2.265625,20480000
1987-10-28,0.9509279131889343,2.421875,2.515625,2.265625,2.34375,22880000
1987-10-29,1.0306841135025024,2.625,2.65625,2.429687976837158,2.429687976837158,17120000
1987-10-30,1.0122792720794678,2.578125,2.734375,2.53125,2.625,22720000
1987-11-02,1.015346646308899,2.585937976837158,2.617187976837158,2.5,2.578125,11257600
1987-11-03,0.9969415068626404,2.539062976837158,2.546875,2.4375,2.546875,18080000
1987-11-04,0.9816043376922607,2.5,2.554687976837158,2.484375,2.539062976837158,13326400
1987-11-05,1.0122792720794678,2.578125,2.617187976837158,2.476562976837158,2.5,19200000
1987-11-06,0.9754695892333984,2.484375,2.648437976837158,2.4375,2.578125,11494400
1987-11-09,0.9447934627532959,2.40625,2.460937976837158,2.359375,2.460937976837158,13105600
1987-11-10,0.9233213663101196,2.351562976837158,2.40625,2.328125,2.40625,12715200
1987-11-11,0.9386587142944336,2.390625,2.445312976837158,2.390625,2.390625,11606400
1987-11-12,0.9662660956382751,2.460937976837158,2.507812976837158,2.4375,2.4375,14318400
1987-11-13,0.9478611350059509,2.414062976837158,2.492187976837158,2.25,2.460937976837158,6971200
1987-11-16,0.9417267441749573,2.398437976837158,2.476562976837158,2.382812976837158,2.414062976837158,11272000
1987-11-17,0.935591459274292,2.382812976837158,2.382812976837158,2.320312976837158,2.382812976837158,12632000
1987-11-18,0.9601318836212158,2.445312976837158,2.453125,2.328125,2.382812976837158,9028800
1987-11-19,0.9386587142944336,2.390625,2.453125,2.359375,2.445312976837158,7998400
1987-11-20,0.9754695892333984,2.484375,2.484375,2.320312976837158,2.390625,12886400
1987-11-23,0.9570643305778503,2.4375,2.484375,2.421875,2.484375,6827200
1987-11-24,0.9639851450920105,2.4375,2.460937976837158,2.414062976837158,2.4375,8124800
1987-11-25,0.9578049778938293,2.421875,2.460937976837158,2.421875,2.4375,4939200
1987-11-27,0.9454465508460999,2.390625,2.445312976837158,2.390625,2.421875,3488000
1987-11-30,0.9145491719245911,2.3125,2.34375,2.265625,2.34375,13011200
1987-12-01,0.9145491719245911,2.3125,2.359375,2.304687976837158,2.3125,7740800
1987-12-02,0.9207294583320618,2.328125,2.34375,2.28125,2.3125,7625600
1987-12-03,0.8960116505622864,2.265625,2.320312976837158,2.25,2.320312976837158,10811200
1987-12-04,0.8960116505622864,2.265625,2.3125,2.226562976837158,2.265625,12169600
1987-12-07,0.9330874085426331,2.359375,2.359375,2.28125,2.28125,7203200
1987-12-08,0.9639851450920105,2.4375,2.4375,2.328125,2.359375,8942400
1987-12-09,0.9732539653778076,2.460937976837158,2.46875,2.398437976837158,2.4375,10619200
1987-12-10,0.9392672181129456,2.375,2.4375,2.375,2.4375,12160000
1987-12-11,0.9608950614929199,2.429687976837158,2.429687976837158,2.375,2.375,7307200
1987-12-14,0.9917927980422974,2.507812976837158,2.53125,2.4375,2.4375,11296000
1987-12-15,1.004150629043579,2.539062976837158,2.539062976837158,2.476562976837158,2.507812976837158,16320000
1987-12-16,0.9887027740478516,2.5,2.53125,2.453125,2.53125,11907200
1987-12-17,0.9578049778938293,2.421875,2.5,2.421875,2.5,11273600
1987-12-18,0.9825232028961182,2.484375,2.515625,2.4375,2.4375,26400000
1987-12-21,0.9825232028961182,2.484375,2.507812976837158,2.46875,2.484375,7369600
1987-12-22,0.9794334173202515,2.476562976837158,2.476562976837158,2.421875,2.476562976837158,7500800
1987-12-23,0.9825232028961182,2.484375,2.515625,2.476562976837158,2.476562976837158,6640000
1987-12-24,0.9732539653778076,2.460937976837158,2.492187976837158,2.453125,2.484375,2667200
1987-12-28,0.9547159671783447,2.414062976837158,2.429687976837158,2.382812976837158,2.429687976837158,6057600
1987-12-29,0.9269088506698608,2.34375,2.4375,2.34375,2.414062976837158,4680000
1987-12-30,0.9547159671783447,2.414062976837158,2.421875,2.367187976837158,2.367187976837158,8598400
1987-12-31,0.9423571228981018,2.382812976837158,2.421875,2.375,2.414062976837158,7091200
1988-01-04,0.9856134057044983,2.492187976837158,2.5,2.398437976837158,2.398437976837158,11772800
1988-01-05,0.97634357213974,2.46875,2.53125,2.4375,2.492187976837158,12094400
1988-01-06,0.97634357213974,2.46875,2.5,2.460937976837158,2.46875,8112000
1988-01-07,0.9887027740478516,2.5,2.507812976837158,2.414062976837158,2.46875,7062400
1988-01-08,0.9021910429000854,2.28125,2.5,2.265625,2.5,12528000
1988-01-11,0.9485363960266113,2.398437976837158,2.429687976837158,2.289062976837158,2.289062976837158,11088000
1988-01-12,0.9423571228981018,2.382812976837158,2.40625,2.328125,2.398437976837158,9308800
1988-01-13,0.9299985766410828,2.351562976837158,2.398437976837158,2.320312976837158,2.382812976837158,11017600
1988-01-14,0.9299985766410828,2.351562976837158,2.367187976837158,2.296875,2.351562976837158,6236800
1988-01-15,0.9701644778251648,2.453125,2.476562976837158,2.40625,2.40625,16480000
1988-01-18,0.9639851450920105,2.4375,2.460937976837158,2.40625,2.453125,4249600
1988-01-19,0.9361777305603027,2.367187976837158,2.453125,2.34375,2.4375,8123200
1988-01-20,0.9145491719245911,2.3125,2.359375,2.25,2.359375,8636800
1988-01-21,0.908370316028595,2.296875,2.335937976837158,2.25,2.3125,9088000
1988-01-22,0.9176395535469055,2.320312976837158,2.335937976837158,2.296875,2.296875,4465600
1988-01-25,0.9330874085426331,2.359375,2.390625,2.3125,2.320312976837158,9739200
1988-01-26,0.9145491719245911,2.3125,2.359375,2.3125,2.359375,4470400
1988-01-27,0.8960116505622864,2.265625,2.335937976837158,2.234375,2.3125,13883200
1988-01-28,0.9145491719245911,2.3125,2.335937976837158,2.273437976837158,2.273437976837158,10400000
1988-01-29,0.9299985766410828,2.351562976837158,2.359375,2.28125,2.3125,7020800
1988-02-01,0.8960116505622864,2.265625,2.367187976837158,2.25,2.351562976837158,9488000
1988-02-02,0.9145491719245911,2.3125,2.335937976837158,2.25,2.265625,14489600
1988-02-03,0.8991013169288635,2.273437976837158,2.320312976837158,2.265625,2.3125,10934400
1988-02-04,0.8991013169288635,2.273437976837158,2.296875,2.21875,2.273437976837158,10316800
1988-02-05,0.8774731159210205,2.21875,2.296875,2.195312976837158,2.273437976837158,6340800
1988-02-08,0.8805637955665588,2.226562976837158,2.25,2.1875,2.21875,8752000
1988-02-09,0.8929219245910645,2.257812976837158,2.257812976837158,2.21875,2.226562976837158,7332800
1988-02-10,0.8991013169288635,2.273437976837158,2.28125,2.226562976837158,2.257812976837158,16960000
1988-02-11,0.908370316028595,2.296875,2.296875,2.257812976837158,2.273437976837158,11425600
1988-02-12,0.9052809476852417,2.289062976837158,2.3125,2.273437976837158,2.296875,7777600
1988-02-16,0.9021910429000854,2.28125,2.289062976837158,2.257812976837158,2.289062976837158,12814400
1988-02-17,0.9238191246986389,2.335937976837158,2.351562976837158,2.296875,2.296875,15073600
1988-02-18,0.9176395535469055,2.320312976837158,2.351562976837158,2.320312976837158,2.335937976837158,7884800
1988-02-19,0.9392672181129456,2.375,2.375,2.320312976837158,2.320312976837158,11320000
1988-02-22,0.951625645160675,2.40625,2.414062976837158,2.34375,2.375,12401600
1988-02-23,0.9547159671783447,2.414062976837158,2.429687976837158,2.382812976837158,2.40625,11622400
1988-02-24,0.9392672181129456,2.375,2.429687976837158,2.375,2.414062976837158,7923200
1988-02-25,0.9269088506698608,2.34375,2.421875,2.320312976837158,2.375,8819200
1988-02-26,0.9114605784416199,2.304687976837158,2.335937976837158,2.296875,2.335937976837158,11953600
1988-02-29,0.9238191246986389,2.335937976837158,2.335937976837158,2.296875,2.304687976837158,14142400
1988-03-01,0.9392672181129456,2.375,2.382812976837158,2.351562976837158,2.351562976837158,16480000
1988-03-02,0.9485363960266113,2.398437976837158,2.40625,2.382812976837158,2.382812976837158,8240000
1988-03-03,0.9454465508460999,2.390625,2.398437976837158,2.367187976837158,2.398437976837158,6587200
1988-03-04,0.9392672181129456,2.375,2.398437976837158,2.34375,2.390625,9324800
1988-03-07,0.9330874085426331,2.359375,2.382812976837158,2.335937976837158,2.375,7220800
1988-03-08,0.951625645160675,2.40625,2.421875,2.375,2.375,12808000
1988-03-09,0.959099292755127,2.40625,2.414062976837158,2.390625,2.40625,10427200
1988-03-10,0.9528712630271912,2.390625,2.421875,2.382812976837158,2.40625,10923200
1988-03-11,0.9497580528259277,2.382812976837158,2.390625,2.34375,2.390625,10960000
1988-03-14,0.9684415459632874,2.429687976837158,2.429687976837158,2.390625,2.390625,11705600
1988-03-15,0.959099292755127,2.40625,2.429687976837158,2.398437976837158,2.429687976837158,6856000
1988-03-16,0.9746692776679993,2.445312976837158,2.460937976837158,2.421875,2.421875,13542400
1988-03-17,0.9964674115180969,2.5,2.5,2.453125,2.453125,20640000
1988-03-18,0.9902394413948059,2.484375,2.515625,2.484375,2.5,30196800
1988-03-21,0.9808971881866455,2.460937976837158,2.484375,2.453125,2.484375,8836800
1988-03-22,0.987125039100647,2.476562976837158,2.476562976837158,2.453125,2.460937976837158,7724800
1988-03-23,0.9902394413948059,2.484375,2.492187976837158,2.453125,2.476562976837158,6283200
1988-03-24,0.9715551733970642,2.4375,2.460937976837158,2.429687976837158,2.460937976837158,9780800
1988-03-25,0.955985426902771,2.398437976837158,2.445312976837158,2.398437976837158,2.4375,8937600
1988-03-28,0.9497580528259277,2.382812976837158,2.398437976837158,2.351562976837158,2.398437976837158,13889600
1988-03-29,0.9684415459632874,2.429687976837158,2.429687976837158,2.382812976837158,2.382812976837158,9228800
1988-03-30,0.959099292755127,2.40625,2.484375,2.40625,2.429687976837158,13633600
1988-03-31,0.9528712630271912,2.390625,2.421875,2.359375,2.40625,9382400
1988-04-04,0.9466440677642822,2.375,2.382812976837158,2.359375,2.382812976837158,9091200
1988-04-05,0.9497580528259277,2.382812976837158,2.398437976837158,2.367187976837158,2.375,7689600
1988-04-06,0.9715551733970642,2.4375,2.4375,2.382812976837158,2.382812976837158,20907200
1988-04-07,0.9528712630271912,2.390625,2.445312976837158,2.390625,2.4375,9358400
1988-04-08,0.959099292755127,2.40625,2.421875,2.382812976837158,2.390625,8027200
1988-04-11,0.9777836203575134,2.453125,2.453125,2.390625,2.40625,6947200
1988-04-12,0.9933532476425171,2.492187976837158,2.492187976837158,2.4375,2.453125,13113600
1988-04-13,0.9964674115180969,2.5,2.507812976837158,2.453125,2.492187976837158,25753600
1988-04-14,0.9404149055480957,2.359375,2.460937976837158,2.34375,2.460937976837158,21120000
1988-04-15,0.9497580528259277,2.382812976837158,2.390625,2.3125,2.359375,14438400
1988-04-18,0.9373027086257935,2.351562976837158,2.375,2.328125,2.375,9606400
1988-04-19,0.9279599785804749,2.328125,2.390625,2.328125,2.351562976837158,9060800
1988-04-20,0.9217323064804077,2.3125,2.328125,2.273437976837158,2.328125,11361600
1988-04-21,0.9310745596885681,2.335937976837158,2.414062976837158,2.320312976837158,2.320312976837158,11425600
1988-04-22,0.9435299634933472,2.367187976837158,2.40625,2.335937976837158,2.335937976837158,6148800
1988-04-25,0.9684415459632874,2.429687976837158,2.453125,2.375,2.375,13363200
1988-04-26,0.959099292755127,2.40625,2.445312976837158,2.398437976837158,2.429687976837158,7497600
1988-04-27,0.9528712630271912,2.390625,2.421875,2.382812976837158,2.40625,5816000
1988-04-28,0.955985426902771,2.398437976837158,2.398437976837158,2.367187976837158,2.390625,4838400
1988-04-29,0.9528712630271912,2.390625,2.398437976837158,2.367187976837158,2.398437976837158,4241600
1988-05-02,0.959099292755127,2.40625,2.40625,2.382812976837158,2.390625,5288000
1988-05-03,0.9684415459632874,2.429687976837158,2.429687976837158,2.40625,2.40625,5752000
1988-05-04,0.9528712630271912,2.390625,2.421875,2.382812976837158,2.421875,5936000
1988-05-05,0.9404149055480957,2.359375,2.390625,2.34375,2.390625,7201600
1988-05-06,0.918618381023407,2.304687976837158,2.375,2.296875,2.359375,6884800
1988-05-09,0.9155039191246033,2.296875,2.304687976837158,2.273437976837158,2.304687976837158,9121600
1988-05-10,0.9217323064804077,2.3125,2.328125,2.296875,2.296875,6768000
1988-05-11,0.9123900532722473,2.289062976837158,2.296875,2.257812976837158,2.296875,7025600
1988-05-12,0.9155039191246033,2.296875,2.304687976837158,2.273437976837158,2.289062976837158,6558400
1988-05-13,0.9248460531234741,2.320312976837158,2.335937976837158,2.3125,2.3125,5368000
1988-05-16,0.9279599785804749,2.328125,2.328125,2.289062976837158,2.320312976837158,6054400
1988-05-17,0.9092760682106018,2.28125,2.351562976837158,2.28125,2.328125,7726400
1988-05-18,0.8843645453453064,2.21875,2.28125,2.1875,2.28125,12932800
1988-05-19,0.8905925154685974,2.234375,2.257812976837158,2.195312976837158,2.21875,16640000
1988-05-20,0.8937067985534668,2.242187976837158,2.25,2.226562976837158,2.234375,14078400
1988-05-23,0.8781363368034363,2.203125,2.25,2.203125,2.242187976837158,15840000
1988-05-24,0.8874785304069519,2.226562976837158,2.234375,2.203125,2.203125,10593600
1988-05-25,0.8937067985534668,2.242187976837158,2.265625,2.21875,2.226562976837158,11214400
1988-05-26,0.9030478596687317,2.265625,2.28125,2.242187976837158,2.242187976837158,6532800
1988-05-27,0.8937067985534668,2.242187976837158,2.265625,2.234375,2.265625,4964800
1988-05-31,0.9466440677642822,2.375,2.375,2.257812976837158,2.257812976837158,12028800
1988-06-01,0.959099292755127,2.40625,2.40625,2.359375,2.375,16640000
1988-06-02,0.9528712630271912,2.390625,2.398437976837158,2.367187976837158,2.398437976837158,12945600
1988-06-03,0.955985426902771,2.398437976837158,2.421875,2.367187976837158,2.390625,7851200
1988-06-06,0.9528712630271912,2.390625,2.40625,2.359375,2.398437976837158,7267200
1988-06-07,0.9497580528259277,2.382812976837158,2.414062976837158,2.382812976837158,2.390625,11902400
1988-06-08,0.9777836203575134,2.453125,2.453125,2.382812976837158,2.382812976837158,22880000
1988-06-09,0.9664867520332336,2.40625,2.429687976837158,2.390625,2.429687976837158,28976000
1988-06-10,0.9633488655090332,2.398437976837158,2.414062976837158,2.367187976837158,2.40625,11326400
1988-06-13,0.9664867520332336,2.40625,2.421875,2.390625,2.398437976837158,6966400
1988-06-14,0.979038655757904,2.4375,2.460937976837158,2.421875,2.421875,11945600
1988-06-15,0.9727624654769897,2.421875,2.429687976837158,2.40625,2.429687976837158,6534400
1988-06-16,0.950796902179718,2.367187976837158,2.40625,2.367187976837158,2.40625,6441600
1988-06-17,0.9602108597755432,2.390625,2.390625,2.335937976837158,2.367187976837158,21062400
1988-06-20,0.9445211291313171,2.351562976837158,2.382812976837158,2.34375,2.382812976837158,4296000
1988-06-21,0.9602108597755432,2.390625,2.390625,2.34375,2.351562976837158,7769600
1988-06-22,0.9727624654769897,2.421875,2.460937976837158,2.414062976837158,2.414062976837158,13825600
1988-06-23,0.9633488655090332,2.398437976837158,2.421875,2.390625,2.421875,5996800
1988-06-24,0.9633488655090332,2.398437976837158,2.414062976837158,2.398437976837158,2.398437976837158,5044800
1988-06-27,0.9351073503494263,2.328125,2.390625,2.320312976837158,2.390625,8288000
1988-06-28,0.9570731520652771,2.382812976837158,2.398437976837158,2.328125,2.328125,6219200
1988-06-29,0.9664867520332336,2.40625,2.429687976837158,2.375,2.382812976837158,6643200
1988-06-30,0.979038655757904,2.4375,2.4375,2.398437976837158,2.40625,7622400
1988-07-01,0.969624936580658,2.414062976837158,2.429687976837158,2.390625,2.429687976837158,8793600
1988-07-05,0.9727624654769897,2.421875,2.421875,2.382812976837158,2.414062976837158,8012800
1988-07-06,0.950796902179718,2.367187976837158,2.414062976837158,2.296875,2.414062976837158,12745600
1988-07-07,0.941383421421051,2.34375,2.359375,2.304687976837158,2.359375,8299200
1988-07-08,0.9256938695907593,2.304687976837158,2.351562976837158,2.296875,2.34375,5038400
1988-07-11,0.941383421421051,2.34375,2.34375,2.296875,2.304687976837158,6310400
1988-07-12,0.9256938695907593,2.304687976837158,2.335937976837158,2.28125,2.335937976837158,10777600
1988-07-13,0.9288317561149597,2.3125,2.328125,2.265625,2.304687976837158,15910400
1988-07-14,0.9382456541061401,2.335937976837158,2.34375,2.320312976837158,2.320312976837158,8699200
1988-07-15,0.9602108597755432,2.390625,2.390625,2.34375,2.34375,11734400
1988-07-18,0.941383421421051,2.34375,2.390625,2.328125,2.390625,5939200
1988-07-19,0.9382456541061401,2.335937976837158,2.382812976837158,2.3125,2.34375,8537600
1988-07-20,0.941383421421051,2.34375,2.367187976837158,2.335937976837158,2.335937976837158,6467200
1988-07-21,0.9288317561149597,2.3125,2.34375,2.296875,2.34375,5948800
1988-07-22,0.9256938695907593,2.304687976837158,2.3125,2.289062976837158,2.3125,14137600
1988-07-25,0.931969404220581,2.320312976837158,2.328125,2.296875,2.304687976837158,4331200
1988-07-26,0.9445211291313171,2.351562976837158,2.351562976837158,2.3125,2.320312976837158,9537600
1988-07-27,0.931969404220581,2.320312976837158,2.359375,2.3125,2.351562976837158,6272000
1988-07-28,0.9476591944694519,2.359375,2.367187976837158,2.3125,2.320312976837158,17374400
1988-07-29,0.9633488655090332,2.398437976837158,2.398437976837158,2.34375,2.359375,18904000
1988-08-01,0.9539351463317871,2.375,2.398437976837158,2.359375,2.398437976837158,4126400
1988-08-02,0.9539351463317871,2.375,2.398437976837158,2.367187976837158,2.375,11254400
1988-08-03,0.9759008288383484,2.429687976837158,2.429687976837158,2.375,2.375,13140800
1988-08-04,0.969624936580658,2.414062976837158,2.4375,2.40625,2.429687976837158,7292800
1988-08-05,0.9602108597755432,2.390625,2.421875,2.382812976837158,2.414062976837158,4379200
1988-08-08,0.9602108597755432,2.390625,2.421875,2.390625,2.390625,5912000
1988-08-09,0.9476591944694519,2.359375,2.398437976837158,2.34375,2.390625,9249600
1988-08-10,0.9382456541061401,2.335937976837158,2.359375,2.3125,2.359375,10462400
1988-08-11,0.9382456541061401,2.335937976837158,2.335937976837158,2.3125,2.335937976837158,14369600
1988-08-12,0.941383421421051,2.34375,2.34375,2.320312976837158,2.335937976837158,7822400
1988-08-15,0.931969404220581,2.320312976837158,2.359375,2.320312976837158,2.34375,6532800
1988-08-16,0.9539351463317871,2.375,2.414062976837158,2.320312976837158,2.320312976837158,11604800
1988-08-17,0.9664867520332336,2.40625,2.429687976837158,2.367187976837158,2.375,8385600
1988-08-18,0.9727624654769897,2.421875,2.453125,2.40625,2.40625,9660800
1988-08-19,0.9727624654769897,2.421875,2.4375,2.414062976837158,2.421875,13280000
1988-08-22,0.9664867520332336,2.40625,2.429687976837158,2.40625,2.421875,9875200
1988-08-23,0.9821767807006836,2.445312976837158,2.453125,2.421875,2.421875,20870400
1988-08-24,0.985314667224884,2.453125,2.460937976837158,2.429687976837158,2.445312976837158,15342400
1988-08-25,0.9821767807006836,2.445312976837158,2.453125,2.421875,2.453125,10475200
1988-08-26,0.9978659152984619,2.484375,2.484375,2.4375,2.445312976837158,14105600
1988-08-29,1.0104182958602905,2.515625,2.523437976837158,2.476562976837158,2.484375,34614400
1988-08-30,1.0104182958602905,2.515625,2.523437976837158,2.492187976837158,2.515625,8963200
1988-08-31,1.0041418075561523,2.5,2.539062976837158,2.5,2.515625,13507200
1988-09-01,0.9915898442268372,2.46875,2.492187976837158,2.460937976837158,2.492187976837158,12420800
1988-09-02,1.0292452573776245,2.5625,2.570312976837158,2.484375,2.484375,17579200
1988-09-06,1.0386600494384766,2.585937976837158,2.601562976837158,2.5625,2.5625,14505600
1988-09-07,1.0449354648590088,2.601562976837158,2.609375,2.570312976837158,2.585937976837158,13206400
1988-09-08,1.054349660873413,2.625,2.648437976837158,2.59375,2.601562976837158,16976000
1988-09-09,1.0587741136550903,2.617187976837158,2.625,2.570312976837158,2.625,19185600
1988-09-12,1.0619348287582397,2.625,2.640625,2.609375,2.617187976837158,15912000
1988-09-13,1.0650951862335205,2.632812976837158,2.632812976837158,2.585937976837158,2.625,11104000
1988-09-14,1.0650951862335205,2.632812976837158,2.679687976837158,2.625,2.632812976837158,19046400
1988-09-15,1.0650951862335205,2.632812976837158,2.640625,2.617187976837158,2.632812976837158,10595200
1988-09-16,1.0808979272842407,2.671875,2.679687976837158,2.617187976837158,2.632812976837158,21948800
1988-09-19,1.0682554244995117,2.640625,2.664062976837158,2.625,2.664062976837158,4968000
1988-09-20,1.0714162588119507,2.648437976837158,2.648437976837158,2.625,2.640625,4696000
1988-09-21,1.0872178077697754,2.6875,2.6875,2.648437976837158,2.648437976837158,5307200
1988-09-22,1.074575662612915,2.65625,2.710937976837158,2.640625,2.6875,10880000
1988-09-23,1.0998607873916626,2.71875,2.71875,2.640625,2.65625,8572800
1988-09-26,1.090379238128662,2.695312976837158,2.710937976837158,2.679687976837158,2.710937976837158,5649600
1988-09-27,1.0872178077697754,2.6875,2.695312976837158,2.65625,2.695312976837158,5769600
1988-09-28,1.0935399532318115,2.703125,2.703125,2.664062976837158,2.6875,7561600
1988-09-29,1.1156632900238037,2.757812976837158,2.773437976837158,2.695312976837158,2.703125,18100800
1988-09-30,1.106182336807251,2.734375,2.773437976837158,2.71875,2.757812976837158,18462400
1988-10-03,1.090379238128662,2.695312976837158,2.71875,2.664062976837158,2.71875,16139200
1988-10-04,1.0808979272842407,2.671875,2.695312976837158,2.65625,2.695312976837158,9232000
1988-10-05,1.0808979272842407,2.671875,2.695312976837158,2.664062976837158,2.671875,6190400
1988-10-06,1.0714162588119507,2.648437976837158,2.71875,2.648437976837158,2.671875,6694400
1988-10-07,1.106182336807251,2.734375,2.742187976837158,2.664062976837158,2.664062976837158,17614400
1988-10-10,1.0935399532318115,2.703125,2.726562976837158,2.6875,2.726562976837158,5364800
1988-10-11,1.0935399532318115,2.703125,2.703125,2.664062976837158,2.703125,8948800
1988-10-12,1.074575662612915,2.65625,2.679687976837158,2.632812976837158,2.679687976837158,8064000
1988-10-13,1.074575662612915,2.65625,2.671875,2.640625,2.65625,4440000
1988-10-14,1.0714162588119507,2.648437976837158,2.703125,2.625,2.65625,6796800
1988-10-17,1.0682554244995117,2.640625,2.664062976837158,2.632812976837158,2.648437976837158,6576000
1988-10-18,1.0808979272842407,2.671875,2.679687976837158,2.640625,2.640625,7467200
1988-10-19,1.0714162588119507,2.648437976837158,2.703125,2.609375,2.671875,11712000
1988-10-20,1.1125024557113647,2.75,2.765625,2.640625,2.648437976837158,16955200
1988-10-21,1.118823528289795,2.765625,2.773437976837158,2.71875,2.75,18275200
1988-10-24,1.1125024557113647,2.75,2.773437976837158,2.726562976837158,2.765625,9892800
1988-10-25,1.1251450777053833,2.78125,2.78125,2.75,2.75,19030400
1988-10-26,1.106182336807251,2.734375,2.773437976837158,2.726562976837158,2.773437976837158,10369600
1988-10-27,1.0840580463409424,2.679687976837158,2.726562976837158,2.664062976837158,2.726562976837158,13344000
1988-10-28,1.0840580463409424,2.679687976837158,2.695312976837158,2.671875,2.679687976837158,6148800
1988-10-31,1.090379238128662,2.695312976837158,2.710937976837158,2.671875,2.679687976837158,5784000
1988-11-01,1.0998607873916626,2.71875,2.71875,2.695312976837158,2.695312976837158,6870400
1988-11-02,1.1093425750732422,2.742187976837158,2.742187976837158,2.710937976837158,2.71875,8888000
1988-11-03,1.103021502494812,2.726562976837158,2.742187976837158,2.71875,2.742187976837158,4476800
1988-11-04,1.0935399532318115,2.703125,2.734375,2.695312976837158,2.726562976837158,5982400
1988-11-07,1.074575662612915,2.65625,2.703125,2.65625,2.703125,10745600
1988-11-08,1.0808979272842407,2.671875,2.695312976837158,2.664062976837158,2.664062976837158,5907200
1988-11-09,1.0682554244995117,2.640625,2.671875,2.625,2.671875,10003200
1988-11-10,1.0682554244995117,2.640625,2.664062976837158,2.640625,2.640625,5091200
1988-11-11,1.0524529218673706,2.601562976837158,2.632812976837158,2.5625,2.632812976837158,11681600
1988-11-14,1.0524529218673706,2.601562976837158,2.617187976837158,2.5625,2.601562976837158,8328000
1988-11-15,1.0682554244995117,2.640625,2.648437976837158,2.601562976837158,2.601562976837158,6624000
1988-11-16,1.0461318492889404,2.585937976837158,2.640625,2.554687976837158,2.640625,10305600
1988-11-17,1.0492922067642212,2.59375,2.625,2.59375,2.59375,8297600
1988-11-18,1.0619348287582397,2.625,2.640625,2.59375,2.59375,12907200
1988-11-21,1.0650951862335205,2.632812976837158,2.632812976837158,2.59375,2.625,6939200
1988-11-22,1.0714162588119507,2.648437976837158,2.65625,2.609375,2.632812976837158,8006400
1988-11-23,1.0872178077697754,2.6875,2.695312976837158,2.65625,2.65625,5222400
1988-11-25,1.0630295276641846,2.609375,2.617187976837158,2.59375,2.617187976837158,4518400
1988-11-28,1.069395661354065,2.625,2.640625,2.609375,2.609375,6910400
1988-11-29,1.094856858253479,2.6875,2.71875,2.625,2.625,11627200
1988-11-30,1.1044055223464966,2.710937976837158,2.734375,2.679687976837158,2.6875,11774400
1988-12-01,1.085308313369751,2.664062976837158,2.710937976837158,2.664062976837158,2.710937976837158,7576000
1988-12-02,1.094856858253479,2.6875,2.6875,2.648437976837158,2.664062976837158,7932800
1988-12-05,1.113953948020935,2.734375,2.742187976837158,2.679687976837158,2.6875,11512000
1988-12-06,1.129867434501648,2.773437976837158,2.773437976837158,2.71875,2.734375,13440000
1988-12-07,1.1266833543777466,2.765625,2.78125,2.742187976837158,2.773437976837158,8684800
1988-12-08,1.120319128036499,2.75,2.765625,2.742187976837158,2.765625,8388800
1988-12-09,1.1266833543777466,2.765625,2.804687976837158,2.742187976837158,2.75,5196800
1988-12-12,1.120319128036499,2.75,2.789062976837158,2.75,2.765625,6904000
1988-12-13,1.1330503225326538,2.78125,2.78125,2.734375,2.75,8726400
1988-12-14,1.120319128036499,2.75,2.773437976837158,2.742187976837158,2.773437976837158,7006400
1988-12-15,1.1235016584396362,2.757812976837158,2.773437976837158,2.742187976837158,2.75,6076800
1988-12-16,1.1266833543777466,2.765625,2.765625,2.75,2.757812976837158,16425600
1988-12-19,1.1457810401916504,2.8125,2.820312976837158,2.765625,2.765625,13616000
1988-12-20,1.1330503225326538,2.78125,2.828125,2.765625,2.8125,9548800
1988-12-21,1.129867434501648,2.773437976837158,2.78125,2.75,2.78125,17883200
1988-12-22,1.129867434501648,2.773437976837158,2.789062976837158,2.765625,2.773437976837158,5742400
1988-12-23,1.1394155025482178,2.796875,2.796875,2.773437976837158,2.773437976837158,2532800
1988-12-27,1.1330503225326538,2.78125,2.804687976837158,2.78125,2.796875,2838400
1988-12-28,1.1330503225326538,2.78125,2.789062976837158,2.78125,2.78125,2516800
1988-12-29,1.1362327337265015,2.789062976837158,2.796875,2.78125,2.78125,8238400
1988-12-30,1.1362327337265015,2.789062976837158,2.804687976837158,2.773437976837158,2.789062976837158,6523200
1989-01-03,1.1075880527496338,2.71875,2.773437976837158,2.710937976837158,2.773437976837158,11097600
1989-01-04,1.1362327337265015,2.789062976837158,2.8125,2.742187976837158,2.742187976837158,8856000
1989-01-05,1.1553292274475098,2.835937976837158,2.84375,2.789062976837158,2.789062976837158,24241600
1989-01-06,1.1457810401916504,2.8125,2.851562976837158,2.8125,2.835937976837158,11251200
1989-01-09,1.1457810401916504,2.8125,2.820312976837158,2.796875,2.8125,8913600
1989-01-10,1.1330503225326538,2.78125,2.820312976837158,2.773437976837158,2.8125,8852800
1989-01-11,1.1330503225326538,2.78125,2.796875,2.765625,2.78125,7732800
1989-01-12,1.1394155025482178,2.796875,2.820312976837158,2.773437976837158,2.78125,7856000
1989-01-13,1.1330503225326538,2.78125,2.796875,2.773437976837158,2.796875,4464000
1989-01-16,1.1330503225326538,2.78125,2.789062976837158,2.765625,2.78125,4363200
1989-01-17,1.1330503225326538,2.78125,2.789062976837158,2.765625,2.78125,5408000
1989-01-18,1.1425981521606445,2.804687976837158,2.804687976837158,2.773437976837158,2.78125,6676800
1989-01-19,1.1457810401916504,2.8125,2.820312976837158,2.789062976837158,2.804687976837158,11006400
1989-01-20,1.1457810401916504,2.8125,2.820312976837158,2.796875,2.8125,8833600
1989-01-23,1.1425981521606445,2.804687976837158,2.84375,2.796875,2.8125,6908800
1989-01-24,1.1521462202072144,2.828125,2.851562976837158,2.796875,2.804687976837158,11763200
1989-01-25,1.1553292274475098,2.835937976837158,2.851562976837158,2.8125,2.828125,7697600
1989-01-26,1.1648770570755005,2.859375,2.867187976837158,2.820312976837158,2.835937976837158,8252800
1989-01-27,1.171242117881775,2.875,2.898437976837158,2.859375,2.859375,14483200
1989-01-30,1.1807910203933716,2.898437976837158,2.898437976837158,2.867187976837158,2.875,8478400
1989-01-31,1.19033944606781,2.921875,2.929687976837158,2.875,2.898437976837158,18339200
1989-02-01,1.1935217380523682,2.929687976837158,2.929687976837158,2.898437976837158,2.921875,10750400
1989-02-02,1.1935217380523682,2.929687976837158,2.9375,2.90625,2.929687976837158,6825600
1989-02-03,1.1967040300369263,2.9375,2.953125,2.914062976837158,2.929687976837158,9438400
1989-02-06,1.209434986114502,2.96875,2.992187976837158,2.929687976837158,2.9375,8334400
1989-02-07,1.2221654653549194,3.0,3.03125,2.96875,2.96875,17116800
1989-02-08,1.2285313606262207,3.015625,3.039062976837158,2.992187976837158,3.0,15668800
1989-02-09,1.2158005237579346,2.984375,3.015625,2.960937976837158,3.015625,21390400
1989-02-10,1.1935217380523682,2.929687976837158,2.976562976837158,2.929687976837158,2.976562976837158,7304000
1989-02-13,1.1967040300369263,2.9375,2.960937976837158,2.921875,2.929687976837158,8652800
1989-02-14,1.19033944606781,2.921875,2.96875,2.914062976837158,2.9375,10896000
1989-02-15,1.212618350982666,2.976562976837158,2.984375,2.90625,2.921875,11208000
1989-02-16,1.2221654653549194,3.0,3.015625,2.992187976837158,2.992187976837158,13169600
1989-02-17,1.2476282119750977,3.0625,3.070312976837158,3.0,3.0,12195200
1989-02-21,1.2221654653549194,3.0,3.070312976837158,3.0,3.0625,8156800
1989-02-22,1.1935217380523682,2.929687976837158,3.007812976837158,2.921875,3.0,13944000
1989-02-23,1.2030699253082275,2.953125,2.953125,2.914062976837158,2.929687976837158,5078400
1989-02-24,1.1839735507965088,2.90625,2.953125,2.90625,2.953125,9110400
1989-02-27,1.1935217380523682,2.929687976837158,2.953125,2.90625,2.90625,6203200
1989-02-28,1.2158005237579346,2.984375,2.992187976837158,2.929687976837158,2.929687976837158,19248000
1989-03-01,1.2221654653549194,3.0,3.039062976837158,2.984375,2.984375,17755200
1989-03-02,1.2317144870758057,3.023437976837158,3.039062976837158,3.0,3.0,10604800
1989-03-03,1.2380796670913696,3.039062976837158,3.039062976837158,3.015625,3.023437976837158,11545600
1989-03-06,1.2539937496185303,3.078125,3.085937976837158,3.046875,3.046875,13544000
1989-03-07,1.2476282119750977,3.0625,3.09375,3.054687976837158,3.078125,6161600
1989-03-08,1.2667239904403687,3.109375,3.125,3.0625,3.0625,13555200
1989-03-09,1.2562133073806763,3.0625,3.085937976837158,3.039062976837158,3.085937976837158,8681600
1989-03-10,1.249803900718689,3.046875,3.0625,3.023437976837158,3.0625,10016000
1989-03-13,1.28184974193573,3.125,3.148437976837158,3.054687976837158,3.054687976837158,14648000
1989-03-14,1.2882590293884277,3.140625,3.148437976837158,3.117187976837158,3.125,11508800
1989-03-15,1.3203054666519165,3.21875,3.21875,3.132812976837158,3.140625,17012800
1989-03-16,1.3267146348953247,3.234375,3.242187976837158,3.171875,3.21875,16062400
1989-03-17,1.3010776042938232,3.171875,3.234375,3.125,3.234375,24233600
1989-03-20,1.2786448001861572,3.117187976837158,3.164062976837158,3.085937976837158,3.164062976837158,11745600
1989-03-21,1.28184974193573,3.125,3.140625,3.117187976837158,3.117187976837158,7678400
1989-03-22,1.3010776042938232,3.171875,3.179687976837158,3.140625,3.140625,7500800
1989-03-23,1.2882590293884277,3.140625,3.179687976837158,3.140625,3.171875,7212800
1989-03-27,1.2978734970092773,3.164062976837158,3.179687976837158,3.125,3.140625,4339200
1989-03-28,1.3010776042938232,3.171875,3.195312976837158,3.15625,3.164062976837158,8268800
1989-03-29,1.304282307624817,3.179687976837158,3.195312976837158,3.15625,3.171875,9163200
1989-03-30,1.2978734970092773,3.164062976837158,3.195312976837158,3.140625,3.179687976837158,7747200
1989-03-31,1.3138957023620605,3.203125,3.203125,3.164062976837158,3.164062976837158,6872000
1989-04-03,1.329919695854187,3.242187976837158,3.242187976837158,3.179687976837158,3.203125,8203200
1989-04-04,1.3523523807525635,3.296875,3.304687976837158,3.195312976837158,3.242187976837158,9820800
1989-04-05,1.355556845664978,3.304687976837158,3.3125,3.28125,3.296875,8568000
1989-04-06,1.3587614297866821,3.3125,3.3125,3.296875,3.304687976837158,5196800
1989-04-07,1.3683748245239258,3.335937976837158,3.335937976837158,3.296875,3.3125,8059200
1989-04-10,1.3587614297866821,3.3125,3.367187976837158,3.296875,3.335937976837158,4616000
1989-04-11,1.355556845664978,3.304687976837158,3.328125,3.304687976837158,3.3125,7929600
1989-04-12,1.329919695854187,3.242187976837158,3.3125,3.242187976837158,3.304687976837158,6364800
1989-04-13,1.2978734970092773,3.164062976837158,3.25,3.15625,3.242187976837158,8566400
1989-04-14,1.333124041557312,3.25,3.25,3.171875,3.171875,11516800
1989-04-17,1.333124041557312,3.25,3.28125,3.226562976837158,3.25,5824000
1989-04-18,1.3587614297866821,3.3125,3.335937976837158,3.289062976837158,3.289062976837158,12524800
1989-04-19,1.3523523807525635,3.296875,3.320312976837158,3.289062976837158,3.3125,9707200
1989-04-20,1.3395330905914307,3.265625,3.304687976837158,3.234375,3.296875,7718400
1989-04-21,1.3587614297866821,3.3125,3.335937976837158,3.265625,3.265625,13004800
1989-04-24,1.3683748245239258,3.335937976837158,3.359375,3.3125,3.3125,8771200
1989-04-25,1.3715795278549194,3.34375,3.367187976837158,3.335937976837158,3.335937976837158,5889600
1989-04-26,1.3747844696044922,3.351562976837158,3.367187976837158,3.335937976837158,3.34375,4440000
1989-04-27,1.38119375705719,3.367187976837158,3.382812976837158,3.34375,3.351562976837158,14064000
1989-04-28,1.3908076286315918,3.390625,3.398437976837158,3.359375,3.367187976837158,10585600
1989-05-01,1.4036258459091187,3.421875,3.429687976837158,3.351562976837158,3.390625,7195200
1989-05-02,1.4196491241455078,3.460937976837158,3.492187976837158,3.4375,3.4375,8945600
1989-05-03,1.4068306684494019,3.429687976837158,3.453125,3.421875,3.453125,5641600
1989-05-04,1.3940112590789795,3.398437976837158,3.429687976837158,3.375,3.429687976837158,6212800
1989-05-05,1.3908076286315918,3.390625,3.445312976837158,3.382812976837158,3.398437976837158,9617600
1989-05-08,1.4068306684494019,3.429687976837158,3.429687976837158,3.375,3.390625,6971200
1989-05-09,1.410035490989685,3.4375,3.460937976837158,3.414062976837158,3.429687976837158,8059200
1989-05-10,1.3972166776657104,3.40625,3.4375,3.40625,3.4375,4832000
1989-05-11,1.3876034021377563,3.382812976837158,3.421875,3.382812976837158,3.40625,7728000
1989-05-12,1.4452861547470093,3.523437976837158,3.523437976837158,3.375,3.382812976837158,15104000
1989-05-15,1.4452861547470093,3.523437976837158,3.523437976837158,3.492187976837158,3.523437976837158,8115200
1989-05-16,1.4549000263214111,3.546875,3.554687976837158,3.5,3.523437976837158,9892800
1989-05-17,1.4741276502609253,3.59375,3.625,3.539062976837158,3.546875,9214400
1989-05-18,1.4933552742004395,3.640625,3.679687976837158,3.59375,3.59375,13163200
1989-05-19,1.5189927816390991,3.703125,3.71875,3.65625,3.65625,38140800
1989-05-22,1.5318108797073364,3.734375,3.757812976837158,3.679687976837158,3.703125,15510400
1989-05-23,1.4741276502609253,3.59375,3.71875,3.578125,3.71875,13129600
1989-05-24,1.4805364608764648,3.609375,3.648437976837158,3.578125,3.59375,10462400
1989-05-25,1.4869455099105835,3.625,3.65625,3.585937976837158,3.609375,8232000
1989-05-26,1.496559977531433,3.648437976837158,3.664062976837158,3.625,3.625,5561600
1989-05-30,1.4613096714019775,3.5625,3.671875,3.53125,3.648437976837158,10392000
1989-05-31,1.4805364608764648,3.609375,3.632812976837158,3.554687976837158,3.5625,7814400
1989-06-01,1.4869455099105835,3.625,3.648437976837158,3.585937976837158,3.609375,5862400
1989-06-02,1.52219820022583,3.710937976837158,3.710937976837158,3.632812976837158,3.632812976837158,10961600
1989-06-05,1.4901509284973145,3.632812976837158,3.710937976837158,3.632812976837158,3.710937976837158,6928000
1989-06-06,1.4741276502609253,3.59375,3.65625,3.539062976837158,3.632812976837158,13768000
1989-06-07,1.4869455099105835,3.625,3.640625,3.601562976837158,3.601562976837158,5865600
1989-06-08,1.4741276502609253,3.59375,3.632812976837158,3.578125,3.625,11907200
1989-06-09,1.4764487743377686,3.578125,3.617187976837158,3.570312976837158,3.59375,12408000
1989-06-12,1.4667770862579346,3.554687976837158,3.570312976837158,3.523437976837158,3.570312976837158,7961600
1989-06-13,1.4474362134933472,3.507812976837158,3.554687976837158,3.507812976837158,3.554687976837158,7872000
1989-06-14,1.4474362134933472,3.507812976837158,3.53125,3.484375,3.507812976837158,7528000
1989-06-15,1.4313173294067383,3.46875,3.523437976837158,3.4375,3.507812976837158,8849600
1989-06-16,1.4474362134933472,3.507812976837158,3.515625,3.476562976837158,3.476562976837158,27795200
1989-06-19,1.4538829326629639,3.523437976837158,3.523437976837158,3.5,3.507812976837158,6198400
1989-06-20,1.4571062326431274,3.53125,3.554687976837158,3.523437976837158,3.523437976837158,5204800
1989-06-21,1.4506582021713257,3.515625,3.5625,3.507812976837158,3.53125,10908800
1989-06-22,1.4764487743377686,3.578125,3.585937976837158,3.515625,3.515625,7480000
1989-06-23,1.5441464185714722,3.742187976837158,3.742187976837158,3.640625,3.640625,14513600
1989-06-26,1.5183558464050293,3.679687976837158,3.726562976837158,3.664062976837158,3.726562976837158,6312000
1989-06-27,1.5248039960861206,3.695312976837158,3.71875,3.6875,3.6875,8974400
1989-06-28,1.5086859464645386,3.65625,3.695312976837158,3.632812976837158,3.695312976837158,6342400
1989-06-29,1.4764487743377686,3.578125,3.648437976837158,3.5625,3.648437976837158,6481600
1989-06-30,1.4538829326629639,3.523437976837158,3.585937976837158,3.429687976837158,3.578125,8980800
1989-07-03,1.4635536670684814,3.546875,3.546875,3.5,3.523437976837158,2848000
1989-07-05,1.4700006246566772,3.5625,3.578125,3.5,3.546875,5323200
1989-07-06,1.4667770862579346,3.554687976837158,3.59375,3.515625,3.5625,5896000
1989-07-07,1.5054621696472168,3.648437976837158,3.671875,3.546875,3.554687976837158,8465600
1989-07-10,1.5086859464645386,3.65625,3.6875,3.632812976837158,3.648437976837158,4888000
1989-07-11,1.5248039960861206,3.695312976837158,3.710937976837158,3.671875,3.671875,6003200
1989-07-12,1.5215808153152466,3.6875,3.695312976837158,3.65625,3.695312976837158,4942400
1989-07-13,1.5022387504577637,3.640625,3.671875,3.632812976837158,3.671875,7603200
1989-07-14,1.5119091272354126,3.664062976837158,3.671875,3.578125,3.640625,13377600
1989-07-17,1.5248039960861206,3.695312976837158,3.71875,3.65625,3.664062976837158,7947200
1989-07-18,1.5344749689102173,3.71875,3.734375,3.65625,3.695312976837158,8846400
1989-07-19,1.5538161993026733,3.765625,3.773437976837158,3.742187976837158,3.742187976837158,18792000
1989-07-20,1.5634881258010864,3.789062976837158,3.882812976837158,3.773437976837158,3.773437976837158,12409600
1989-07-21,1.5989478826522827,3.875,3.890625,3.765625,3.789062976837158,18220800
1989-07-24,1.5925010442733765,3.859375,3.898437976837158,3.859375,3.875,8824000
1989-07-25,1.6118431091308594,3.90625,3.960937976837158,3.882812976837158,3.882812976837158,12323200
1989-07-26,1.6408569812774658,3.976562976837158,3.984375,3.882812976837158,3.90625,10275200
1989-07-27,1.6537505388259888,4.007812976837158,4.03125,3.984375,3.984375,8686400
1989-07-28,1.637632966041565,3.96875,4.039062976837158,3.96875,4.007812976837158,7470400
1989-07-31,1.7536861896514893,4.25,4.25,3.953125,3.96875,13561600
1989-08-01,1.7214491367340088,4.171875,4.328125,4.171875,4.25,19572800
1989-08-02,1.7407901287078857,4.21875,4.226562976837158,4.171875,4.171875,11988800
1989-08-03,1.7311204671859741,4.195312976837158,4.226562976837158,4.195312976837158,4.21875,6249600
1989-08-04,1.6988824605941772,4.117187976837158,4.210937976837158,4.101562976837158,4.195312976837158,10102400
1989-08-07,1.7214491367340088,4.171875,4.195312976837158,4.09375,4.117187976837158,9097600
1989-08-08,1.7407901287078857,4.21875,4.226562976837158,4.148437976837158,4.171875,9436800
1989-08-09,1.7182248830795288,4.164062976837158,4.257812976837158,4.15625,4.21875,10694400
1989-08-10,1.7214491367340088,4.171875,4.171875,4.132812976837158,4.164062976837158,7280000
1989-08-11,1.6730931997299194,4.054687976837158,4.203125,4.03125,4.171875,14390400
1989-08-14,1.6859887838363647,4.085937976837158,4.117187976837158,4.046875,4.054687976837158,7969600
1989-08-15,1.7053308486938477,4.132812976837158,4.15625,4.101562976837158,4.101562976837158,7760000
1989-08-16,1.7246723175048828,4.179687976837158,4.203125,4.148437976837158,4.148437976837158,5374400
1989-08-17,1.711778163909912,4.148437976837158,4.179687976837158,4.09375,4.179687976837158,7739200
1989-08-18,1.7150007486343384,4.15625,4.1875,4.132812976837158,4.148437976837158,11899200
1989-08-21,1.6698695421218872,4.046875,4.1875,4.03125,4.15625,7920000
1989-08-22,1.6859887838363647,4.085937976837158,4.085937976837158,4.039062976837158,4.046875,7153600
1989-08-23,1.711778163909912,4.148437976837158,4.148437976837158,4.078125,4.085937976837158,9217600
1989-08-24,1.756909966468811,4.257812976837158,4.257812976837158,4.15625,4.15625,11966400
1989-08-25,1.7311204671859741,4.195312976837158,4.257812976837158,4.1875,4.257812976837158,5985600
1989-08-28,1.7407901287078857,4.21875,4.226562976837158,4.164062976837158,4.195312976837158,5264000
1989-08-29,1.7343437671661377,4.203125,4.25,4.1875,4.21875,5406400
1989-08-30,1.7182248830795288,4.164062976837158,4.234375,4.148437976837158,4.203125,7014400
1989-08-31,1.7150007486343384,4.15625,4.15625,4.117187976837158,4.15625,5817600
1989-09-01,1.7343437671661377,4.203125,4.21875,4.125,4.15625,5731200
1989-09-05,1.6924362182617188,4.101562976837158,4.15625,4.101562976837158,4.15625,8108800
1989-09-06,1.6698695421218872,4.046875,4.109375,4.015625,4.101562976837158,11732800
1989-09-07,1.6698695421218872,4.046875,4.0625,4.039062976837158,4.046875,7004800
1989-09-08,1.6440798044204712,3.984375,4.03125,3.953125,4.03125,8747200
1989-09-11,1.6334491968154907,3.9375,3.96875,3.90625,3.96875,11241600
1989-09-12,1.6464139223098755,3.96875,3.992187976837158,3.929687976837158,3.9375,6300800
1989-09-13,1.6140034198760986,3.890625,3.992187976837158,3.890625,3.96875,10492800
1989-09-14,1.6496546268463135,3.976562976837158,4.0,3.875,3.890625,7468800
1989-09-15,1.6366914510726929,3.945312976837158,4.023437976837158,3.921875,3.976562976837158,22028800
1989-09-18,1.6302090883255005,3.929687976837158,3.945312976837158,3.914062976837158,3.945312976837158,6956800
1989-09-19,1.6237266063690186,3.914062976837158,3.953125,3.90625,3.929687976837158,6976000
1989-09-20,1.6204862594604492,3.90625,3.921875,3.898437976837158,3.914062976837158,6579200
1989-09-21,1.5913176536560059,3.835937976837158,3.914062976837158,3.828125,3.90625,7801600
1989-09-22,1.6172449588775635,3.898437976837158,3.898437976837158,3.84375,3.84375,5865600
1989-09-25,1.6334491968154907,3.9375,4.03125,3.867187976837158,3.898437976837158,12844800
1989-09-26,1.6626176834106445,4.007812976837158,4.039062976837158,3.96875,3.96875,11998400
1989-09-27,1.675581693649292,4.039062976837158,4.046875,3.992187976837158,4.007812976837158,7195200
1989-09-28,1.7501240968704224,4.21875,4.21875,4.054687976837158,4.054687976837158,19286400
1989-09-29,1.7371612787246704,4.1875,4.257812976837158,4.1875,4.21875,10758400
1989-10-02,1.7760529518127441,4.28125,4.28125,4.132812976837158,4.1875,8988800
1989-10-03,1.8214255571365356,4.390625,4.390625,4.296875,4.296875,17321600
1989-10-04,1.8279085159301758,4.40625,4.421875,4.359375,4.390625,12864000
1989-10-05,1.818185806274414,4.382812976837158,4.421875,4.367187976837158,4.40625,11686400
1989-10-06,1.8311485052108765,4.414062976837158,4.421875,4.375,4.382812976837158,7953600
1989-10-09,1.818185806274414,4.382812976837158,4.429687976837158,4.351562976837158,4.414062976837158,5836800
1989-10-10,1.8311485052108765,4.414062976837158,4.414062976837158,4.34375,4.382812976837158,7932800
1989-10-11,1.8246665000915527,4.398437976837158,4.414062976837158,4.359375,4.414062976837158,6235200
1989-10-12,1.8019806146621704,4.34375,4.40625,4.328125,4.398437976837158,7436800
1989-10-13,1.678823471069336,4.046875,4.359375,4.03125,4.34375,12193600
1989-10-16,1.7306792736053467,4.171875,4.171875,3.867187976837158,4.046875,27982400
1989-10-17,1.7306792736053467,4.171875,4.195312976837158,4.0625,4.171875,12380800
1989-10-18,1.7630889415740967,4.25,4.265625,4.148437976837158,4.171875,9488000
1989-10-19,1.8246665000915527,4.398437976837158,4.453125,4.257812976837158,4.257812976837158,15396800
1989-10-20,1.8343902826309204,4.421875,4.4375,4.359375,4.398437976837158,21032000
1989-10-23,1.870041847229004,4.507812976837158,4.515625,4.40625,4.421875,8617600
1989-10-24,1.8635585308074951,4.492187976837158,4.523437976837158,4.351562976837158,4.507812976837158,26624000
1989-10-25,1.8797646760940552,4.53125,4.585937976837158,4.484375,4.492187976837158,10265600
1989-10-26,1.844112753868103,4.445312976837158,4.53125,4.421875,4.53125,9092800
1989-10-27,1.8279085159301758,4.40625,4.453125,4.367187976837158,4.445312976837158,7276800
1989-10-30,1.8343902826309204,4.421875,4.460937976837158,4.398437976837158,4.40625,5950400
1989-10-31,1.8765231370925903,4.523437976837158,4.546875,4.445312976837158,4.445312976837158,7761600
1989-11-01,1.8862460851669312,4.546875,4.578125,4.515625,4.523437976837158,11574400
1989-11-02,1.8765231370925903,4.523437976837158,4.546875,4.484375,4.546875,7552000
1989-11-03,1.8603180646896362,4.484375,4.515625,4.484375,4.515625,6179200
1989-11-06,1.8376312255859375,4.429687976837158,4.484375,4.421875,4.484375,5198400
1989-11-07,1.873281478881836,4.515625,4.523437976837158,4.429687976837158,4.429687976837158,8363200
1989-11-08,1.93161940574646,4.65625,4.65625,4.53125,4.53125,11942400
1989-11-09,1.9121731519699097,4.609375,4.65625,4.601562976837158,4.65625,7801600
1989-11-10,1.918655276298523,4.625,4.632812976837158,4.609375,4.609375,5793600
1989-11-13,1.9121731519699097,4.609375,4.632812976837158,4.59375,4.625,6515200
1989-11-14,1.8992092609405518,4.578125,4.640625,4.554687976837158,4.609375,7070400
1989-11-15,1.918655276298523,4.625,4.648437976837158,4.570312976837158,4.578125,11472000
1989-11-16,1.9478245973587036,4.695312976837158,4.734375,4.609375,4.625,11313600
1989-11-17,1.9607875347137451,4.726562976837158,4.734375,4.6875,4.695312976837158,12641600
1989-11-20,1.9575459957122803,4.71875,4.726562976837158,4.695312976837158,4.726562976837158,5315200
1989-11-21,1.9964375495910645,4.8125,4.828125,4.71875,4.71875,8348800
1989-11-22,2.012643814086914,4.851562976837158,4.921875,4.8125,4.8125,9708800
1989-11-24,2.0320885181427,4.898437976837158,4.898437976837158,4.859375,4.859375,4320000
1989-11-27,2.021414041519165,4.851562976837158,4.898437976837158,4.835937976837158,4.898437976837158,8707200
1989-11-28,2.0149030685424805,4.835937976837158,4.859375,4.828125,4.851562976837158,6942400
1989-11-29,1.9758405685424805,4.742187976837158,4.84375,4.742187976837158,4.835937976837158,6808000
1989-11-30,2.011647939682007,4.828125,4.828125,4.75,4.75,9264000
1989-12-01,2.0539629459381104,4.929687976837158,4.976562976837158,4.828125,4.828125,12512000
1989-12-04,2.0507078170776367,4.921875,4.9375,4.90625,4.929687976837158,6966400
1989-12-05,2.018157720565796,4.84375,4.921875,4.84375,4.921875,7233600
1989-12-06,2.0149030685424805,4.835937976837158,4.882812976837158,4.835937976837158,4.84375,7275200
1989-12-07,2.0018811225891113,4.804687976837158,4.835937976837158,4.796875,4.835937976837158,7929600
1989-12-08,2.0311782360076904,4.875,4.882812976837158,4.835937976837158,4.835937976837158,8116800
1989-12-11,2.0507078170776367,4.921875,4.929687976837158,4.882812976837158,4.882812976837158,6990400
1989-12-12,2.070239305496216,4.96875,4.992187976837158,4.914062976837158,4.921875,7203200
1989-12-13,2.0897703170776367,5.015625,5.0625,5.0,5.0,11921600
1989-12-14,2.0800039768218994,4.992187976837158,5.0,4.929687976837158,5.0,8640000
1989-12-15,2.0865156650543213,5.007812976837158,5.015625,4.921875,4.992187976837158,21356800
1989-12-18,2.0637283325195312,4.953125,5.054687976837158,4.90625,5.007812976837158,7516800
1989-12-19,2.0441980361938477,4.90625,4.9375,4.851562976837158,4.9375,12377600
1989-12-20,1.9856066703796387,4.765625,4.921875,4.734375,4.90625,13288000
1989-12-21,1.9270154237747192,4.625,4.820312976837158,4.625,4.765625,13702400
1989-12-22,1.9758405685424805,4.742187976837158,4.773437976837158,4.671875,4.671875,5865600
1989-12-26,1.9660755395889282,4.71875,4.765625,4.703125,4.742187976837158,4049600
1989-12-27,1.9888629913330078,4.773437976837158,4.789062976837158,4.71875,4.71875,3859200
1989-12-28,1.9986268281936646,4.796875,4.804687976837158,4.765625,4.773437976837158,3531200
1989-12-29,2.011647939682007,4.828125,4.859375,4.773437976837158,4.796875,7489600
1990-01-02,2.0311782360076904,4.875,4.875,4.796875,4.828125,12128000
1990-01-03,2.0018811225891113,4.804687976837158,4.867187976837158,4.789062976837158,4.867187976837158,12976000
1990-01-04,1.9921166896820068,4.78125,4.8125,4.71875,4.804687976837158,7841600
1990-01-05,1.9758405685424805,4.742187976837158,4.828125,4.734375,4.78125,8305600
1990-01-08,2.018157720565796,4.84375,4.84375,4.726562976837158,4.742187976837158,10064000
1990-01-09,2.0018811225891113,4.804687976837158,4.859375,4.78125,4.84375,7419200
1990-01-10,1.9888629913330078,4.773437976837158,4.8125,4.726562976837158,4.804687976837158,8865600
1990-01-11,1.9888629913330078,4.773437976837158,4.820312976837158,4.757812976837158,4.773437976837158,6083200
1990-01-12,1.9172487258911133,4.601562976837158,4.71875,4.59375,4.71875,11931200
1990-01-15,1.8846995830535889,4.523437976837158,4.609375,4.523437976837158,4.601562976837158,7740800
1990-01-16,1.9009737968444824,4.5625,4.5625,4.453125,4.523437976837158,15332800
1990-01-17,1.8879543542861938,4.53125,4.570312976837158,4.507812976837158,4.5625,9076800
1990-01-18,1.8781890869140625,4.507812976837158,4.539062976837158,4.46875,4.53125,13576000
1990-01-19,1.8912099599838257,4.539062976837158,4.554687976837158,4.515625,4.515625,10728000
1990-01-22,1.8358726501464844,4.40625,4.554687976837158,4.40625,4.539062976837158,9236800
1990-01-23,1.8488926887512207,4.4375,4.46875,4.351562976837158,4.40625,10224000
1990-01-24,1.8391270637512207,4.414062976837158,4.429687976837158,4.289062976837158,4.429687976837158,15361600
1990-01-25,1.7903010845184326,4.296875,4.429687976837158,4.257812976837158,4.414062976837158,11276800
1990-01-26,1.7577497959136963,4.21875,4.320312976837158,4.140625,4.296875,10267200
1990-01-29,1.777280330657959,4.265625,4.28125,4.171875,4.21875,6878400
1990-01-30,1.7251989841461182,4.140625,4.25,4.078125,4.25,17204800
1990-01-31,1.7935569286346436,4.304687976837158,4.304687976837158,4.171875,4.171875,12382400
1990-02-01,1.7903010845184326,4.296875,4.34375,4.289062976837158,4.304687976837158,8548800
1990-02-02,1.8065764904022217,4.335937976837158,4.398437976837158,4.289062976837158,4.296875,9054400
1990-02-05,1.8000667095184326,4.320312976837158,4.351562976837158,4.296875,4.335937976837158,5838400
1990-02-06,1.7903010845184326,4.296875,4.328125,4.28125,4.320312976837158,6806400
1990-02-07,1.809831976890564,4.34375,4.375,4.242187976837158,4.296875,10907200
1990-02-08,1.8065764904022217,4.335937976837158,4.390625,4.304687976837158,4.34375,8243200
1990-02-09,1.7968113422393799,4.3125,4.367187976837158,4.3125,4.335937976837158,6374400
1990-02-12,1.7837907075881958,4.28125,4.320312976837158,4.25,4.3125,7777600
1990-02-13,1.7447291612625122,4.1875,4.289062976837158,4.179687976837158,4.28125,10747200
1990-02-14,1.7479842901229858,4.195312976837158,4.234375,4.1875,4.1875,6832000
1990-02-15,1.809831976890564,4.34375,4.34375,4.179687976837158,4.195312976837158,12192000
1990-02-16,1.7837907075881958,4.28125,4.375,4.28125,4.34375,18003200
1990-02-20,1.7837907075881958,4.28125,4.296875,4.226562976837158,4.28125,12427200
1990-02-21,1.7837907075881958,4.28125,4.3125,4.226562976837158,4.28125,9185600
1990-02-22,1.7642598152160645,4.234375,4.351562976837158,4.234375,4.28125,8985600
1990-02-23,1.7707710266113281,4.25,4.296875,4.21875,4.234375,7696000
1990-02-26,1.803321361541748,4.328125,4.335937976837158,4.257812976837158,4.257812976837158,11713600
1990-02-27,1.8195972442626953,4.367187976837158,4.375,4.328125,4.328125,8505600
1990-02-28,1.8358726501464844,4.40625,4.429687976837158,4.359375,4.367187976837158,11028800
1990-03-01,1.8423823118209839,4.421875,4.46875,4.398437976837158,4.40625,8774400
1990-03-02,1.8293616771697998,4.390625,4.445312976837158,4.382812976837158,4.421875,7872000
1990-03-05,1.8293616771697998,4.390625,4.398437976837158,4.351562976837158,4.390625,7692800
1990-03-06,1.8619130849838257,4.46875,4.46875,4.398437976837158,4.398437976837158,8390400
1990-03-07,1.8586573600769043,4.460937976837158,4.492187976837158,4.453125,4.46875,8684800
1990-03-08,1.8846995830535889,4.523437976837158,4.53125,4.460937976837158,4.460937976837158,8859200
1990-03-09,1.8853535652160645,4.5,4.507812976837158,4.46875,4.507812976837158,7550400
1990-03-12,1.8886257410049438,4.507812976837158,4.523437976837158,4.484375,4.5,5737600
1990-03-13,1.8820801973342896,4.492187976837158,4.546875,4.476562976837158,4.507812976837158,7083200
1990-03-14,1.89517343044281,4.523437976837158,4.539062976837158,4.492187976837158,4.492187976837158,7619200
1990-03-15,1.8918997049331665,4.515625,4.5625,4.484375,4.523437976837158,11937600
1990-03-16,1.9180865287780762,4.578125,4.578125,4.46875,4.515625,19692800
1990-03-19,1.9737299680709839,4.710937976837158,4.710937976837158,4.546875,4.578125,9969600
1990-03-20,1.950817584991455,4.65625,4.703125,4.632812976837158,4.703125,9228800
1990-03-21,1.9377236366271973,4.625,4.6875,4.617187976837158,4.65625,6934400
1990-03-22,1.898446798324585,4.53125,4.632812976837158,4.515625,4.625,11059200
1990-03-23,1.9409979581832886,4.632812976837158,4.632812976837158,4.5625,4.5625,6980800
1990-03-26,1.9475442171096802,4.648437976837158,4.695312976837158,4.640625,4.640625,6377600
1990-03-27,1.9737299680709839,4.710937976837158,4.71875,4.632812976837158,4.648437976837158,4960000
1990-03-28,1.9868227243423462,4.742187976837158,4.75,4.695312976837158,4.710937976837158,8868800
1990-03-29,1.9770020246505737,4.71875,4.742187976837158,4.6875,4.742187976837158,4139200
1990-03-30,1.957363486289978,4.671875,4.710937976837158,4.65625,4.710937976837158,6723200
1990-04-02,1.990095615386963,4.75,4.75,4.640625,4.671875,8150400
1990-04-03,2.0228271484375,4.828125,4.851562976837158,4.75,4.75,7921600
1990-04-04,2.0261006355285645,4.835937976837158,4.867187976837158,4.8125,4.828125,9377600
1990-04-05,2.0293729305267334,4.84375,4.882812976837158,4.835937976837158,4.835937976837158,10656000
1990-04-06,2.0391931533813477,4.867187976837158,4.875,4.835937976837158,4.84375,4737600
1990-04-09,2.075197696685791,4.953125,4.953125,4.859375,4.867187976837158,7606400
1990-04-10,2.098111152648926,5.007812976837158,5.023437976837158,4.929687976837158,4.953125,8307200
1990-04-11,2.0948379039764404,5.0,5.070312976837158,5.0,5.007812976837158,10440000
1990-04-12,2.1079297065734863,5.03125,5.046875,5.0,5.0,6596800
1990-04-16,2.1046574115753174,5.023437976837158,5.078125,5.0,5.03125,7896000
1990-04-17,2.1013824939727783,5.015625,5.039062976837158,5.0,5.023437976837158,8779200
1990-04-18,2.075197696685791,4.953125,5.023437976837158,4.9375,5.015625,8091200
1990-04-19,2.0261006355285645,4.835937976837158,4.929687976837158,4.828125,4.929687976837158,10492800
1990-04-20,2.0064611434936523,4.789062976837158,4.84375,4.75,4.835937976837158,20001600
1990-04-23,2.013007879257202,4.804687976837158,4.8125,4.742187976837158,4.789062976837158,9352000
1990-04-24,2.016280174255371,4.8125,4.84375,4.804687976837158,4.804687976837158,6596800
1990-04-25,2.016280174255371,4.8125,4.835937976837158,4.796875,4.8125,6534400
1990-04-26,2.016280174255371,4.8125,4.835937976837158,4.78125,4.8125,4376000
1990-04-27,1.9704569578170776,4.703125,4.8125,4.695312976837158,4.8125,7225600
1990-04-30,1.9966408014297485,4.765625,4.796875,4.695312976837158,4.703125,5819200
1990-05-01,2.0097339153289795,4.796875,4.875,4.765625,4.765625,11180800
1990-05-02,2.0261006355285645,4.835937976837158,4.859375,4.804687976837158,4.804687976837158,10331200
1990-05-03,2.042466402053833,4.875,4.898437976837158,4.835937976837158,4.835937976837158,10083200
1990-05-04,2.049013376235962,4.890625,4.914062976837158,4.867187976837158,4.875,8049600
1990-05-07,2.062105417251587,4.921875,4.929687976837158,4.890625,4.890625,9718400
1990-05-08,2.0850181579589844,4.976562976837158,4.976562976837158,4.90625,4.921875,10569600
1990-05-09,2.091562509536743,4.992187976837158,5.015625,4.945312976837158,4.976562976837158,10776000
1990-05-10,2.0948379039764404,5.0,5.007812976837158,4.96875,4.992187976837158,10272000
1990-05-11,2.179939031600952,5.203125,5.21875,5.007812976837158,5.007812976837158,26448000
1990-05-14,2.1995792388916016,5.25,5.375,5.1875,5.375,12905600
1990-05-15,2.1930325031280518,5.234375,5.28125,5.1875,5.25,9708000
1990-05-16,2.2061238288879395,5.265625,5.3125,5.1875,5.234375,6830400
1990-05-17,2.2323110103607178,5.328125,5.359375,5.28125,5.28125,7936000
1990-05-18,2.2257630825042725,5.3125,5.328125,5.265625,5.328125,13655200
1990-05-21,2.278134822845459,5.4375,5.515625,5.296875,5.3125,11081600
1990-05-22,2.278134822845459,5.4375,5.53125,5.40625,5.4375,9773600
1990-05-23,2.3501453399658203,5.609375,5.609375,5.4375,5.4375,8370400
1990-05-24,2.376331090927124,5.671875,5.71875,5.609375,5.609375,10206400
1990-05-25,2.297773838043213,5.484375,5.640625,5.46875,5.640625,6554400
1990-05-29,2.3828771114349365,5.6875,5.71875,5.46875,5.484375,6836000
1990-05-30,2.3566911220550537,5.625,5.734375,5.59375,5.6875,8861600
1990-05-31,2.3632376194000244,5.640625,5.6875,5.59375,5.625,10946400
1990-06-01,2.369784355163574,5.65625,5.703125,5.609375,5.640625,9704800
1990-06-04,2.4352481365203857,5.8125,5.828125,5.625,5.65625,10760800
1990-06-05,2.409062623977661,5.75,5.859375,5.703125,5.8125,8819200
1990-06-06,2.376331090927124,5.671875,5.765625,5.640625,5.75,10065600
1990-06-07,2.3435983657836914,5.59375,5.703125,5.546875,5.671875,5696800
1990-06-08,2.317413806915283,5.53125,5.625,5.5,5.59375,10308000
1990-06-11,2.341087579727173,5.5625,5.59375,5.5,5.53125,7884000
1990-06-12,2.387120008468628,5.671875,5.703125,5.515625,5.5625,9067200
1990-06-13,2.3805437088012695,5.65625,5.75,5.640625,5.671875,8102400
1990-06-14,2.360816717147827,5.609375,5.640625,5.5625,5.640625,4916800
1990-06-15,2.367391347885132,5.625,5.640625,5.515625,5.609375,17791200
1990-06-18,2.3213603496551514,5.515625,5.609375,5.484375,5.609375,6411200
1990-06-19,2.3147833347320557,5.5,5.578125,5.4375,5.515625,7148800
1990-06-20,2.3213603496551514,5.515625,5.5625,5.421875,5.5,5858400
1990-06-21,2.334512233734131,5.546875,5.5625,5.4375,5.515625,4329600
1990-06-22,2.2819018363952637,5.421875,5.625,5.390625,5.546875,8965600
1990-06-25,2.2555975914001465,5.359375,5.46875,5.296875,5.421875,7290400
1990-06-26,2.275327205657959,5.40625,5.484375,5.375,5.375,5352000
1990-06-27,2.334512233734131,5.546875,5.578125,5.390625,5.40625,6396800
1990-06-28,2.367391347885132,5.625,5.625,5.5625,5.5625,5472800
1990-06-29,2.334512233734131,5.546875,5.671875,5.53125,5.625,5683200
1990-07-02,2.347662925720215,5.578125,5.578125,5.515625,5.546875,3917600
1990-07-03,2.360816717147827,5.609375,5.609375,5.546875,5.578125,3346400
1990-07-05,2.327935218811035,5.53125,5.578125,5.453125,5.578125,6097600
1990-07-06,2.3542373180389404,5.59375,5.65625,5.484375,5.53125,6231200
1990-07-09,2.334512233734131,5.546875,5.65625,5.53125,5.59375,5697600
1990-07-10,2.3147833347320557,5.5,5.5625,5.484375,5.546875,3634400
1990-07-11,2.341087579727173,5.5625,5.578125,5.5,5.5,5312800
1990-07-12,2.367391347885132,5.625,5.71875,5.5,5.5625,7514400
1990-07-13,2.360816717147827,5.609375,5.703125,5.5625,5.625,8222400
1990-07-16,2.387120008468628,5.671875,5.703125,5.625,5.625,7784000
1990-07-17,2.485762119293213,5.90625,5.921875,5.71875,5.71875,12912000
1990-07-18,2.4923369884490967,5.921875,6.046875,5.859375,5.90625,13242400
1990-07-19,2.5120673179626465,5.96875,5.96875,5.78125,5.921875,7619200
1990-07-20,2.4923369884490967,5.921875,6.03125,5.859375,5.96875,11068800
1990-07-23,2.42657732963562,5.765625,5.890625,5.625,5.890625,9453600
1990-07-24,2.4200003147125244,5.75,5.828125,5.640625,5.765625,6985600
1990-07-25,2.406848430633545,5.71875,5.78125,5.703125,5.75,5044000
1990-07-26,2.4200003147125244,5.75,5.765625,5.640625,5.71875,6570400
1990-07-27,2.4002723693847656,5.703125,5.765625,5.6875,5.75,6946400
1990-07-30,2.406848430633545,5.71875,5.734375,5.625,5.703125,6835200
1990-07-31,2.387120008468628,5.671875,5.71875,5.625,5.71875,5208000
1990-08-01,2.387120008468628,5.671875,5.703125,5.609375,5.671875,5400000
1990-08-02,2.3213603496551514,5.515625,5.59375,5.5,5.59375,7282400
1990-08-03,2.2950546741485596,5.453125,5.53125,5.1875,5.515625,15926400
1990-08-06,2.183260679244995,5.1875,5.3125,5.09375,5.3125,10755200
1990-08-07,2.229292631149292,5.296875,5.390625,5.21875,5.21875,10503200
1990-08-08,2.3147833347320557,5.5,5.546875,5.3125,5.3125,8628000
1990-08-09,2.3542373180389404,5.59375,5.609375,5.453125,5.5,6508000
1990-08-10,2.3016304969787598,5.46875,5.59375,5.4375,5.59375,5182400
1990-08-13,2.341087579727173,5.5625,5.5625,5.40625,5.46875,6158400
1990-08-14,2.341087579727173,5.5625,5.609375,5.5,5.5625,6545600
1990-08-15,2.347662925720215,5.578125,5.625,5.5625,5.5625,7336800
1990-08-16,2.2687506675720215,5.390625,5.578125,5.390625,5.578125,4498400
1990-08-17,2.2095656394958496,5.25,5.34375,5.203125,5.34375,16098400
1990-08-20,2.222717761993408,5.28125,5.34375,5.265625,5.265625,4609600
1990-08-21,2.176685333251953,5.171875,5.296875,5.03125,5.28125,11303200
1990-08-22,2.0780444145202637,4.9375,5.234375,4.90625,5.171875,11397600
1990-08-23,1.9794026613235474,4.703125,4.921875,4.65625,4.921875,11197600
1990-08-24,2.051738977432251,4.875,4.921875,4.703125,4.703125,10428000
1990-08-27,2.189838171005249,5.203125,5.234375,5.140625,5.140625,10866400
1990-08-28,2.196413278579712,5.21875,5.296875,5.1875,5.203125,7428800
1990-08-29,2.249021530151367,5.34375,5.421875,5.21875,5.21875,7240000
1990-08-30,2.1701102256774902,5.15625,5.375,5.140625,5.34375,4625600
1990-08-31,2.222717761993408,5.28125,5.28125,5.09375,5.15625,4710400
1990-09-04,2.249021530151367,5.34375,5.34375,5.15625,5.28125,3635200
1990-09-05,2.2358713150024414,5.3125,5.34375,5.25,5.34375,4678400
1990-09-06,2.1635329723358154,5.140625,5.28125,5.140625,5.28125,4591200
1990-09-07,2.216141939163208,5.265625,5.328125,5.109375,5.140625,6634400
1990-09-10,2.233321189880371,5.28125,5.375,5.265625,5.265625,6900000
1990-09-11,2.2201061248779297,5.25,5.296875,5.203125,5.28125,4194400
1990-09-12,2.2267141342163086,5.265625,5.3125,5.203125,5.25,3696000
1990-09-13,2.1804628372192383,5.15625,5.28125,5.125,5.265625,2884000
1990-09-14,2.154031276702881,5.09375,5.109375,5.03125,5.109375,5895200
1990-09-17,2.1408159732818604,5.0625,5.140625,5.03125,5.09375,5327200
1990-09-18,2.1804628372192383,5.15625,5.171875,4.96875,5.0625,9506400
1990-09-19,2.1011722087860107,4.96875,5.1875,4.96875,5.15625,6417600
1990-09-20,2.0483133792877197,4.84375,4.953125,4.75,4.953125,8954400
1990-09-21,2.068135976791382,4.890625,4.921875,4.71875,4.84375,13014400
1990-09-24,2.028488874435425,4.796875,4.875,4.703125,4.875,6928800
1990-09-25,2.068135976791382,4.890625,4.90625,4.734375,4.796875,6331200
1990-09-26,2.0483133792877197,4.84375,4.9375,4.765625,4.890625,5137600
1990-09-27,2.0549187660217285,4.859375,4.953125,4.671875,4.84375,7120000
1990-09-28,2.087956190109253,4.9375,4.9375,4.6875,4.859375,8072000
1990-10-01,2.200284719467163,5.203125,5.21875,4.984375,4.984375,12339200
1990-10-02,2.1804628372192383,5.15625,5.328125,5.15625,5.203125,8141600
1990-10-03,2.1738529205322266,5.140625,5.28125,5.125,5.15625,6508000
1990-10-04,2.2068915367126465,5.21875,5.234375,5.03125,5.140625,5352800
1990-10-05,2.233321189880371,5.28125,5.375,5.078125,5.21875,7832800
1990-10-08,2.2597501277923584,5.34375,5.375,5.3125,5.3125,4568000
1990-10-09,2.167245626449585,5.125,5.328125,5.125,5.328125,6068000
1990-10-10,2.1276025772094727,5.03125,5.234375,4.984375,5.125,6849600
1990-10-11,2.1342103481292725,5.046875,5.125,4.96875,5.03125,7114400
1990-10-12,2.200284719467163,5.203125,5.25,5.078125,5.078125,8716800
1990-10-15,2.233321189880371,5.28125,5.328125,5.03125,5.203125,7488000
1990-10-16,2.2068915367126465,5.21875,5.375,5.203125,5.28125,6931200
1990-10-17,2.200284719467163,5.203125,5.3125,5.09375,5.21875,7258400
1990-10-18,2.292787790298462,5.421875,5.4375,5.265625,5.265625,14043200
1990-10-19,2.4183309078216553,5.71875,5.71875,5.515625,5.515625,18340800
1990-10-22,2.3852927684783936,5.640625,5.703125,5.578125,5.703125,13159200
1990-10-23,2.3852927684783936,5.640625,5.703125,5.578125,5.640625,7696000
1990-10-24,2.4117228984832764,5.703125,5.71875,5.59375,5.640625,7243200
1990-10-25,2.3786847591400146,5.625,5.765625,5.59375,5.703125,7098400
1990-10-26,2.339040517807007,5.53125,5.625,5.5,5.625,6645600
1990-10-29,2.312610149383545,5.46875,5.578125,5.40625,5.53125,6715200
1990-10-30,2.372077703475952,5.609375,5.609375,5.453125,5.46875,7747200
1990-10-31,2.372077703475952,5.609375,5.671875,5.515625,5.609375,6865600
1990-11-01,2.3852927684783936,5.640625,5.640625,5.53125,5.609375,5812800
1990-11-02,2.3852927684783936,5.640625,5.6875,5.609375,5.640625,5260800
1990-11-05,2.3918991088867188,5.65625,5.71875,5.578125,5.640625,4985600
1990-11-06,2.3588626384735107,5.578125,5.65625,5.5625,5.65625,4175200
1990-11-07,2.3324341773986816,5.515625,5.5625,5.5,5.5625,6584000
1990-11-08,2.319218158721924,5.484375,5.59375,5.46875,5.515625,5378400
1990-11-09,2.372077703475952,5.609375,5.609375,5.4375,5.484375,6849600
1990-11-12,2.398507833480835,5.671875,5.671875,5.5625,5.609375,7772800
1990-11-13,2.3786847591400146,5.625,5.65625,5.5625,5.65625,5712000
1990-11-14,2.398507833480835,5.671875,5.734375,5.625,5.625,8936800
1990-11-15,2.3918991088867188,5.65625,5.6875,5.609375,5.671875,5086400
1990-11-16,2.4183309078216553,5.71875,5.71875,5.65625,5.65625,10712000
1990-11-19,2.4645819664001465,5.828125,5.875,5.75,5.75,8644000
1990-11-20,2.4513673782348633,5.796875,5.875,5.78125,5.828125,5687200
1990-11-21,2.4249379634857178,5.734375,5.84375,5.671875,5.796875,8036000
1990-11-23,2.4183309078216553,5.71875,5.8125,5.65625,5.734375,2296000
1990-11-26,2.382493257522583,5.609375,5.640625,5.59375,5.640625,6999200
1990-11-27,2.4488580226898193,5.765625,5.765625,5.53125,5.609375,9194400
1990-11-28,2.415675163269043,5.6875,5.78125,5.671875,5.765625,4789600
1990-11-29,2.3758554458618164,5.59375,5.734375,5.546875,5.6875,6990400
1990-11-30,2.4554929733276367,5.78125,5.828125,5.5625,5.59375,12562400
1990-12-03,2.4820401668548584,5.84375,5.875,5.765625,5.78125,8604800
1990-12-04,2.4886767864227295,5.859375,5.875,5.703125,5.84375,5730400
1990-12-05,2.5218589305877686,5.9375,5.953125,5.8125,5.859375,6846400
1990-12-06,2.495311975479126,5.875,6.0625,5.859375,5.9375,8452000
1990-12-07,2.4886767864227295,5.859375,5.890625,5.78125,5.875,7092800
1990-12-10,2.5019500255584717,5.890625,5.921875,5.8125,5.859375,4337600
1990-12-11,2.4886767864227295,5.859375,5.90625,5.828125,5.890625,3506400
1990-12-12,2.5616769790649414,6.03125,6.046875,5.84375,5.859375,8892000
1990-12-13,2.555042028427124,6.015625,6.109375,5.984375,6.03125,4800800
1990-12-14,2.5218589305877686,5.9375,6.0,5.90625,6.0,5280800
1990-12-17,2.541768789291382,5.984375,6.015625,5.859375,5.9375,4386400
1990-12-18,2.588223695755005,6.09375,6.125,6.0,6.0,6528000
1990-12-19,2.541768789291382,5.984375,6.125,5.953125,6.09375,7000800
1990-12-20,2.555042028427124,6.015625,6.046875,5.859375,5.984375,8549600
1990-12-21,2.5749504566192627,6.0625,6.09375,6.03125,6.03125,14704800
1990-12-24,2.5152218341827393,5.921875,6.0625,5.921875,6.0625,4334400
1990-12-26,2.5152218341827393,5.921875,5.96875,5.90625,5.921875,3280800
1990-12-27,2.4886767864227295,5.859375,5.921875,5.8125,5.921875,3064000
1990-12-28,2.475403308868408,5.828125,5.859375,5.796875,5.859375,2795200
1990-12-31,2.4687678813934326,5.8125,5.84375,5.765625,5.828125,2903200
1991-01-02,2.4024014472961426,5.65625,5.796875,5.65625,5.796875,6984000
1991-01-03,2.3360376358032227,5.5,5.734375,5.484375,5.65625,10714400
1991-01-04,2.395766019821167,5.640625,5.671875,5.484375,5.5,11523200
1991-01-07,2.3559484481811523,5.546875,5.65625,5.546875,5.640625,7932000
1991-01-08,2.3360376358032227,5.5,5.578125,5.46875,5.546875,9088000
1991-01-09,2.2829461097717285,5.375,5.671875,5.328125,5.5,11512800
1991-01-10,2.3227643966674805,5.46875,5.5,5.421875,5.421875,5851200
1991-01-11,2.349310874938965,5.53125,5.5625,5.46875,5.46875,5981600
1991-01-14,2.3559484481811523,5.546875,5.578125,5.421875,5.53125,10391200
1991-01-15,2.3559484481811523,5.546875,5.5625,5.5,5.546875,5276800
1991-01-16,2.382493257522583,5.609375,5.625,5.515625,5.546875,5833600
1991-01-17,2.535132884979248,5.96875,5.984375,5.796875,5.796875,15309600
1991-01-18,2.58158802986145,6.078125,6.078125,5.921875,5.96875,36192000
1991-01-21,2.5484046936035156,6.0,6.03125,5.96875,6.03125,5117600
1991-01-22,2.5484046936035156,6.0,6.046875,5.9375,6.0,5416000
1991-01-23,2.555042028427124,6.015625,6.046875,5.953125,6.0,5496800
1991-01-24,2.594860076904297,6.109375,6.140625,6.03125,6.03125,7860800
1991-01-25,2.535132884979248,5.96875,6.125,5.953125,6.109375,5105600
1991-01-28,2.5284955501556396,5.953125,6.03125,5.9375,5.96875,3941600
1991-01-29,2.5152218341827393,5.921875,5.96875,5.875,5.953125,4832000
1991-01-30,2.588223695755005,6.09375,6.09375,5.890625,5.921875,6149600
1991-01-31,2.588223695755005,6.09375,6.09375,6.03125,6.09375,5119200
1991-02-01,2.508587598800659,5.90625,6.078125,5.875,6.078125,9326400
1991-02-04,2.5616769790649414,6.03125,6.0625,5.921875,5.921875,6572800
1991-02-05,2.647951602935791,6.234375,6.265625,5.96875,6.03125,10334400
1991-02-06,2.734224557876587,6.4375,6.484375,6.1875,6.234375,9561600
1991-02-07,2.628041982650757,6.1875,6.453125,6.1875,6.4375,11042400
1991-02-08,2.681135416030884,6.3125,6.328125,6.203125,6.203125,5133600
1991-02-11,2.754136800765991,6.484375,6.484375,6.328125,6.328125,9625600
1991-02-12,2.7010436058044434,6.359375,6.46875,6.34375,6.46875,10092000
1991-02-13,2.754136800765991,6.484375,6.5,6.359375,6.359375,5859200
1991-02-14,2.734224557876587,6.4375,6.5625,6.390625,6.484375,7536000
1991-02-15,2.7873165607452393,6.5625,6.625,6.4375,6.4375,16798400
1991-02-19,2.7806813716888428,6.546875,6.5625,6.453125,6.5625,8104000
1991-02-20,2.747497797012329,6.46875,6.5,6.421875,6.5,6200000
1991-02-21,2.7939541339874268,6.578125,6.59375,6.4375,6.46875,6026400
1991-02-22,2.8271372318267822,6.65625,6.796875,6.484375,6.578125,9677600
1991-02-25,2.8404104709625244,6.6875,6.78125,6.671875,6.671875,6764000
1991-02-26,2.820500373840332,6.640625,6.671875,6.59375,6.671875,4819200
1991-02-27,2.8404104709625244,6.6875,6.75,6.65625,6.65625,4764000
1991-02-28,2.7806813716888428,6.546875,6.75,6.5,6.6875,6904800
1991-03-01,2.8005905151367188,6.59375,6.59375,6.390625,6.546875,6161600
1991-03-04,2.747497797012329,6.46875,6.609375,6.46875,6.59375,5211200
1991-03-05,2.8271372318267822,6.65625,6.703125,6.4375,6.46875,7505600
1991-03-06,2.7806813716888428,6.546875,6.671875,6.515625,6.65625,10966400
1991-03-07,2.7740440368652344,6.53125,6.671875,6.53125,6.546875,4901600
1991-03-08,2.7740440368652344,6.53125,6.625,6.515625,6.53125,6270400
1991-03-11,2.773512125015259,6.5,6.5625,6.484375,6.53125,4197600
1991-03-12,2.7535111904144287,6.453125,6.515625,6.4375,6.5,6292800
1991-03-13,2.8335142135620117,6.640625,6.65625,6.4375,6.453125,5283200
1991-03-14,2.86018443107605,6.703125,6.828125,6.65625,6.65625,8900800
1991-03-15,2.86018443107605,6.703125,6.71875,6.609375,6.703125,15984800
1991-03-18,2.880185127258301,6.75,6.796875,6.65625,6.703125,5065600
1991-03-19,2.8401825428009033,6.65625,6.796875,6.625,6.75,6990400
1991-03-20,2.9135210514068604,6.828125,6.9375,6.734375,6.734375,8073600
1991-03-21,2.880185127258301,6.75,6.890625,6.71875,6.828125,5676000
1991-03-22,2.880185127258301,6.75,6.765625,6.640625,6.75,6255200
1991-03-25,2.8335142135620117,6.640625,6.78125,6.625,6.75,5024000
1991-03-26,2.880185127258301,6.75,6.78125,6.609375,6.640625,8988000
1991-03-27,2.893519163131714,6.78125,6.859375,6.734375,6.75,6595200
1991-03-28,2.893519163131714,6.78125,6.875,6.765625,6.78125,3955200
1991-04-01,2.9201860427856445,6.84375,6.859375,6.765625,6.78125,6373600
1991-04-02,3.0135269165039062,7.0625,7.0625,6.859375,6.859375,7321600
1991-04-03,2.9735233783721924,6.96875,7.09375,6.953125,7.0625,5346400
1991-04-04,2.960188627243042,6.9375,7.03125,6.890625,6.96875,5715200
1991-04-05,2.8868532180786133,6.765625,6.921875,6.75,6.921875,8764000
1991-04-08,2.8668506145477295,6.71875,6.796875,6.65625,6.765625,5510400
1991-04-09,2.8201801776885986,6.609375,6.71875,6.59375,6.71875,6700800
1991-04-10,2.8201801776885986,6.609375,6.640625,6.546875,6.609375,7590400
1991-04-11,2.813514471054077,6.59375,6.671875,6.578125,6.609375,8280800
1991-04-12,2.86018443107605,6.703125,6.703125,6.53125,6.59375,7653600
1991-04-15,2.8868532180786133,6.765625,6.828125,6.703125,6.703125,5885600
1991-04-16,2.960188627243042,6.9375,6.953125,6.734375,6.765625,7089600
1991-04-17,2.9868574142456055,7.0,7.078125,6.875,6.9375,9420800
1991-04-18,2.933520555496216,6.875,6.9375,6.859375,6.9375,7506400
1991-04-19,2.893519163131714,6.78125,6.859375,6.75,6.859375,12960800
1991-04-22,2.893519163131714,6.78125,6.796875,6.71875,6.78125,6692000
1991-04-23,2.880185127258301,6.75,6.796875,6.71875,6.78125,7520000
1991-04-24,2.8668506145477295,6.71875,6.78125,6.6875,6.75,7461600
1991-04-25,2.8401825428009033,6.65625,6.71875,6.609375,6.71875,7715200
1991-04-26,2.8268485069274902,6.625,6.625,6.546875,6.625,5967200
1991-04-29,2.7401766777038574,6.421875,6.640625,6.421875,6.625,6931200
1991-04-30,2.813514471054077,6.59375,6.625,6.46875,6.46875,13637600
1991-05-01,2.893519163131714,6.78125,6.78125,6.578125,6.59375,7298400
1991-05-02,2.90018630027771,6.796875,6.90625,6.78125,6.78125,8173600
1991-05-03,2.9401862621307373,6.890625,6.890625,6.78125,6.796875,3240000
1991-05-06,2.946856737136841,6.90625,6.953125,6.828125,6.890625,4995200
1991-05-07,2.9201860427856445,6.84375,6.9375,6.78125,6.90625,4047200
1991-05-08,2.9201860427856445,6.84375,6.859375,6.671875,6.84375,3489600
1991-05-09,2.9868574142456055,7.0,7.015625,6.828125,6.84375,7231200
1991-05-10,2.9201860427856445,6.84375,7.0,6.828125,7.0,6131200
1991-05-13,2.90018630027771,6.796875,6.859375,6.765625,6.84375,3727200
1991-05-14,2.8735170364379883,6.734375,6.78125,6.6875,6.78125,4739200
1991-05-15,2.8668506145477295,6.71875,6.8125,6.625,6.734375,6129600
1991-05-16,2.933520555496216,6.875,6.90625,6.734375,6.734375,6307200
1991-05-17,2.9268546104431152,6.859375,6.90625,6.78125,6.875,14728800
1991-05-20,2.9401862621307373,6.890625,6.90625,6.78125,6.859375,6214400
1991-05-21,2.980191230773926,6.984375,7.0625,6.890625,6.890625,7788800
1991-05-22,2.9868574142456055,7.0,7.015625,6.953125,6.984375,5528800
1991-05-23,2.933520555496216,6.875,7.078125,6.84375,7.0,5888800
1991-05-24,2.980191230773926,6.984375,7.046875,6.90625,6.90625,3540800
1991-05-28,3.0135269165039062,7.0625,7.0625,6.96875,6.984375,4583200
1991-05-29,3.0135269165039062,7.0625,7.0625,6.984375,7.0625,5548800
1991-05-30,3.0601959228515625,7.171875,7.25,7.0625,7.0625,9415200
1991-05-31,3.053532123565674,7.15625,7.1875,7.046875,7.171875,6398400
1991-06-03,3.0135269165039062,7.0625,7.140625,7.03125,7.140625,3892800
1991-06-04,3.0001919269561768,7.03125,7.0625,7.015625,7.0625,4304800
1991-06-05,2.946856737136841,6.90625,7.015625,6.890625,7.015625,6820000
1991-06-06,2.9268546104431152,6.859375,6.921875,6.828125,6.90625,5696000
1991-06-07,2.9268546104431152,6.859375,6.9375,6.84375,6.859375,5256000
1991-06-10,2.953104019165039,6.890625,6.890625,6.84375,6.859375,3992000
1991-06-11,2.9731926918029785,6.9375,6.96875,6.875,6.890625,4732800
1991-06-12,2.9263195991516113,6.828125,6.9375,6.78125,6.9375,4011200
1991-06-13,2.966495990753174,6.921875,6.921875,6.8125,6.828125,4829600
1991-06-14,3.0066757202148438,7.015625,7.0625,6.96875,6.96875,6188800
1991-06-17,2.999978542327881,7.0,7.046875,6.96875,7.015625,3927200
1991-06-18,2.953104019165039,6.890625,7.03125,6.859375,7.0,5197600
1991-06-19,2.9464080333709717,6.875,6.875,6.78125,6.875,5550400
1991-06-20,2.9731926918029785,6.9375,6.96875,6.890625,6.890625,5080800
1991-06-21,2.9731926918029785,6.9375,6.9375,6.859375,6.9375,12892800
1991-06-24,2.953104019165039,6.890625,6.9375,6.890625,6.9375,4656000
1991-06-25,2.9263195991516113,6.828125,6.921875,6.78125,6.890625,6441600
1991-06-26,2.9464080333709717,6.875,6.9375,6.765625,6.828125,6470400
1991-06-27,2.933014392852783,6.84375,6.96875,6.828125,6.875,7284800
1991-06-28,2.9196224212646484,6.8125,6.84375,6.703125,6.84375,7011200
1991-07-01,2.999978542327881,7.0,7.0,6.8125,6.8125,8772800
1991-07-02,2.993281841278076,6.984375,7.015625,6.9375,7.0,6374400
1991-07-03,2.979889392852783,6.953125,6.953125,6.890625,6.953125,4249600
1991-07-05,2.993281841278076,6.984375,6.984375,6.921875,6.953125,2895200
1991-07-08,3.026764392852783,7.0625,7.0625,6.890625,6.984375,5604800
1991-07-09,2.9865853786468506,6.96875,7.078125,6.9375,7.0625,4683200
1991-07-10,2.966495990753174,6.921875,7.078125,6.875,6.96875,7272000
1991-07-11,2.993281841278076,6.984375,6.984375,6.875,6.921875,5744000
1991-07-12,3.0937306880950928,7.21875,7.25,7.03125,7.03125,7077600
1991-07-15,3.0870327949523926,7.203125,7.25,7.15625,7.21875,4330400
1991-07-16,3.0937306880950928,7.21875,7.265625,7.1875,7.203125,5164800
1991-07-17,3.1205146312713623,7.28125,7.359375,7.234375,7.234375,5624800
1991-07-18,3.207566261291504,7.484375,7.484375,7.328125,7.328125,7239200
1991-07-19,3.18747878074646,7.4375,7.5,7.390625,7.484375,9734400
1991-07-22,3.1539957523345947,7.359375,7.46875,7.3125,7.4375,3737600
1991-07-23,3.127211809158325,7.296875,7.40625,7.28125,7.359375,4256000
1991-07-24,3.1205146312713623,7.28125,7.359375,7.28125,7.296875,4487200
1991-07-25,3.1205146312713623,7.28125,7.3125,7.234375,7.28125,4695200
1991-07-26,3.1004252433776855,7.234375,7.28125,7.203125,7.28125,3217600
1991-07-29,3.133906126022339,7.3125,7.3125,7.21875,7.234375,3764000
1991-07-30,3.180783271789551,7.421875,7.4375,7.3125,7.3125,5444800
1991-07-31,3.220959424972534,7.515625,7.53125,7.40625,7.421875,5164800
1991-08-01,3.2611374855041504,7.609375,7.625,7.484375,7.515625,5954400
1991-08-02,3.314709186553955,7.734375,7.75,7.625,7.625,9049600
1991-08-05,3.3281023502349854,7.765625,7.796875,7.640625,7.734375,7994400
1991-08-06,3.401761770248413,7.9375,8.0,7.765625,7.765625,9585600
1991-08-07,3.3950653076171875,7.921875,8.0,7.90625,7.9375,6037600
1991-08-08,3.3749749660491943,7.875,7.96875,7.828125,7.921875,7388000
1991-08-09,3.3682799339294434,7.859375,7.953125,7.828125,7.875,4715200
1991-08-12,3.3883705139160156,7.90625,7.90625,7.828125,7.859375,2996000
1991-08-13,3.401761770248413,7.9375,8.046875,7.90625,7.90625,5688800
1991-08-14,3.4151556491851807,7.96875,8.078125,7.953125,7.953125,6452000
1991-08-15,3.4218502044677734,7.984375,8.078125,7.953125,7.96875,6915200
1991-08-16,3.361583948135376,7.84375,7.984375,7.8125,7.984375,11050400
1991-08-19,3.314709186553955,7.734375,7.796875,7.578125,7.796875,12988000
1991-08-20,3.3883705139160156,7.90625,7.921875,7.796875,7.796875,6068000
1991-08-21,3.4888153076171875,8.140625,8.140625,8.015625,8.015625,11986400
1991-08-22,3.4754223823547363,8.109375,8.171875,8.09375,8.140625,6764000
1991-08-23,3.482118606567383,8.125,8.203125,8.078125,8.109375,6757600
1991-08-26,3.4754223823547363,8.109375,8.140625,8.078125,8.125,2820000
1991-08-27,3.462029457092285,8.078125,8.125,8.03125,8.109375,5784000
1991-08-28,3.5557801723480225,8.296875,8.3125,8.046875,8.078125,5426400
1991-08-29,3.535689115524292,8.25,8.28125,8.203125,8.28125,4911200
1991-08-30,3.5222980976104736,8.21875,8.234375,8.1875,8.234375,3175200
1991-09-03,3.482118606567383,8.125,8.3125,8.125,8.21875,3880000
1991-09-04,3.4419407844543457,8.03125,8.15625,7.984375,8.125,5228000
1991-09-05,3.4419407844543457,8.03125,8.09375,8.0,8.03125,5053600
1991-09-06,3.4888153076171875,8.140625,8.171875,8.0,8.03125,6240000
1991-09-09,3.468113660812378,8.0625,8.125,8.046875,8.125,4108000
1991-09-10,3.421067237854004,7.953125,8.0625,7.9375,8.0625,7043200
1991-09-11,3.4479503631591797,8.015625,8.03125,7.953125,7.953125,5141600
1991-09-12,3.481555461883545,8.09375,8.09375,8.015625,8.015625,3620800
1991-09-13,3.468113660812378,8.0625,8.078125,7.9375,8.078125,4693600
1991-09-16,3.5151617527008057,8.171875,8.171875,8.046875,8.0625,5277600
1991-09-17,3.501720666885376,8.140625,8.21875,8.140625,8.171875,4330400
1991-09-18,3.521883487701416,8.1875,8.1875,8.109375,8.140625,1933600
1991-09-19,3.494997978210449,8.125,8.203125,8.125,8.1875,4171200
1991-09-20,3.481555461883545,8.09375,8.15625,8.078125,8.125,9328800
1991-09-23,3.4479503631591797,8.015625,8.109375,8.015625,8.09375,4756000
1991-09-24,3.4613919258117676,8.046875,8.09375,8.015625,8.015625,5363200
1991-09-25,3.4613919258117676,8.046875,8.09375,8.03125,8.046875,4158400
1991-09-26,3.454671859741211,8.03125,8.09375,8.015625,8.046875,2556000
1991-09-27,3.454671859741211,8.03125,8.109375,8.015625,8.03125,4689600
1991-09-30,3.468113660812378,8.0625,8.125,8.015625,8.03125,4232800
1991-10-01,3.494997978210449,8.125,8.171875,8.109375,8.109375,3372000
1991-10-02,3.4882774353027344,8.109375,8.234375,8.09375,8.125,5482400
1991-10-03,3.4412283897399902,8.0,8.09375,8.0,8.09375,4056000
1991-10-04,3.434507131576538,7.984375,8.09375,7.96875,8.0,3705600
1991-10-07,3.421067237854004,7.953125,7.984375,7.921875,7.984375,3461600
1991-10-08,3.454671859741211,8.03125,8.078125,7.9375,7.953125,4704800
1991-10-09,3.434507131576538,7.984375,8.09375,7.984375,8.03125,5059200
1991-10-10,3.427788496017456,7.96875,8.015625,7.9375,7.984375,5519200
1991-10-11,3.3874588012695312,7.875,7.96875,7.84375,7.96875,5650400
1991-10-14,3.4412283897399902,8.0,8.015625,7.875,7.875,4215200
1991-10-15,3.40090274810791,7.90625,7.984375,7.90625,7.984375,4396800
1991-10-16,3.3807387351989746,7.859375,7.890625,7.796875,7.890625,5815200
1991-10-17,3.3807387351989746,7.859375,7.890625,7.796875,7.859375,6658400
1991-10-18,3.407623291015625,7.921875,7.953125,7.859375,7.859375,8678400
1991-10-21,3.394178867340088,7.890625,7.921875,7.828125,7.921875,4240800
1991-10-22,3.3740179538726807,7.84375,7.921875,7.8125,7.890625,5229600
1991-10-23,3.3874588012695312,7.875,7.953125,7.8125,7.84375,6470400
1991-10-24,3.3740179538726807,7.84375,7.890625,7.8125,7.875,4211200
1991-10-25,3.407623291015625,7.921875,7.9375,7.84375,7.84375,4188000
1991-10-28,3.4882774353027344,8.109375,8.109375,7.921875,7.921875,5356800
1991-10-29,3.5286035537719727,8.203125,8.203125,8.0,8.109375,7612000
1991-10-30,3.5958149433135986,8.359375,8.390625,8.1875,8.203125,6825600
1991-10-31,3.5823731422424316,8.328125,8.34375,8.234375,8.34375,4979200
1991-11-01,3.555490493774414,8.265625,8.453125,8.234375,8.328125,5687200
1991-11-04,3.5420453548431396,8.234375,8.265625,8.1875,8.265625,3093600
1991-11-05,3.5151617527008057,8.171875,8.328125,8.15625,8.234375,3200800
1991-11-06,3.5286035537719727,8.203125,8.21875,8.109375,8.171875,3370400
1991-11-07,3.5286035537719727,8.203125,8.21875,8.15625,8.203125,4030400
1991-11-08,3.5286035537719727,8.203125,8.265625,8.203125,8.203125,2972000
1991-11-11,3.56893253326416,8.296875,8.3125,8.21875,8.21875,2246400
1991-11-12,3.6025381088256836,8.375,8.390625,8.34375,8.34375,4654400
1991-11-13,3.649583339691162,8.484375,8.484375,8.296875,8.375,4314400
1991-11-14,3.676469564437866,8.546875,8.546875,8.453125,8.484375,4463200
1991-11-15,3.481555461883545,8.09375,8.6875,8.09375,8.546875,10913600
1991-11-18,3.6092591285705566,8.390625,8.390625,8.09375,8.09375,10196800
1991-11-19,3.56893253326416,8.296875,8.359375,8.171875,8.359375,7606400
1991-11-20,3.575653076171875,8.3125,8.34375,8.140625,8.296875,7040000
1991-11-21,3.6966328620910645,8.59375,8.59375,8.359375,8.359375,7332000
1991-11-22,3.7365596294403076,8.65625,8.703125,8.46875,8.59375,8075200
1991-11-25,3.6960928440093994,8.5625,8.609375,8.453125,8.609375,6917600
1991-11-26,3.8040103912353516,8.8125,8.84375,8.5,8.5625,10404800
1991-11-27,3.770287036895752,8.734375,8.84375,8.703125,8.8125,5062400
1991-11-29,3.7433056831359863,8.671875,8.734375,8.671875,8.734375,2163200
1991-12-02,3.878202199935913,8.984375,9.0,8.53125,8.671875,7852800
1991-12-03,3.8579649925231934,8.9375,9.03125,8.90625,8.984375,4532800
1991-12-04,3.8647100925445557,8.953125,8.96875,8.875,8.9375,5521600
1991-12-05,3.905179738998413,9.046875,9.109375,8.875,8.953125,6180000
1991-12-06,3.8579649925231934,8.9375,9.078125,8.921875,9.046875,7234400
1991-12-09,3.905179738998413,9.046875,9.125,9.0,9.0,5047200
1991-12-10,3.8647100925445557,8.953125,9.109375,8.9375,9.046875,4741600
1991-12-11,3.8916895389556885,9.015625,9.03125,8.890625,8.953125,7676000
1991-12-12,3.8714535236358643,8.96875,9.140625,8.953125,9.015625,4531200
1991-12-13,3.884944438934326,9.0,9.109375,9.0,9.0,4179200
1991-12-16,3.959136962890625,9.171875,9.203125,8.96875,9.0,4871200
1991-12-17,4.03333044052124,9.34375,9.34375,9.21875,9.21875,5586400
1991-12-18,4.040073871612549,9.359375,9.375,9.1875,9.34375,6470400
1991-12-19,4.046818256378174,9.375,9.390625,9.296875,9.359375,6190400
1991-12-20,4.094028949737549,9.484375,9.53125,9.359375,9.375,18774400
1991-12-23,4.249160289764404,9.84375,9.875,9.46875,9.484375,9701600
1991-12-24,4.303117275238037,9.96875,10.046875,9.84375,9.84375,6116800
1991-12-26,4.3503313064575195,10.078125,10.125,10.0,10.0,4068000
1991-12-27,4.330096244812012,10.03125,10.15625,10.015625,10.078125,5634400
1991-12-30,4.384049415588379,10.15625,10.21875,9.96875,10.03125,11324800
1991-12-31,4.330096244812012,10.03125,10.171875,9.9375,10.15625,8571200
1992-01-02,4.330096244812012,10.03125,10.03125,9.78125,10.03125,7871200
1992-01-03,4.491968631744385,10.40625,10.421875,10.03125,10.03125,10770400
1992-01-06,4.47847843170166,10.375,10.40625,10.28125,10.40625,11944000
1992-01-07,4.438010215759277,10.28125,10.328125,10.21875,10.328125,7460000
1992-01-08,4.357071876525879,10.09375,10.234375,10.078125,10.234375,9102400
1992-01-09,4.3166046142578125,10.0,10.125,9.984375,10.09375,9599200
1992-01-10,4.276136875152588,9.90625,10.0,9.765625,10.0,7660800
1992-01-13,4.255903244018555,9.859375,9.890625,9.8125,9.890625,5785600
1992-01-14,4.303117275238037,9.96875,10.03125,9.8125,9.859375,7460800
1992-01-15,4.154730796813965,9.625,10.03125,9.609375,9.96875,10460000
1992-01-16,3.9928600788116455,9.25,9.5625,9.21875,9.5625,17836800
1992-01-17,3.9996047019958496,9.265625,9.375,9.21875,9.25,18062400
1992-01-20,3.9186718463897705,9.078125,9.171875,9.046875,9.171875,11082400
1992-01-21,3.959136962890625,9.171875,9.234375,9.0625,9.078125,10336800
1992-01-22,4.040073871612549,9.359375,9.359375,9.1875,9.1875,9313600
1992-01-23,4.019836902618408,9.3125,9.421875,9.296875,9.359375,9172000
1992-01-24,4.040073871612549,9.359375,9.390625,9.296875,9.3125,8289600
1992-01-27,3.9861130714416504,9.234375,9.40625,9.21875,9.359375,5784000
1992-01-28,3.959136962890625,9.171875,9.296875,9.0625,9.234375,7054400
1992-01-29,3.8579649925231934,8.9375,9.265625,8.890625,9.171875,9663200
1992-01-30,4.1614766120910645,9.640625,9.671875,9.09375,9.09375,20052800
1992-01-31,4.181711196899414,9.6875,9.859375,9.65625,9.65625,14565600
1992-02-03,4.255903244018555,9.859375,9.875,9.734375,9.734375,8401600
1992-02-04,4.262648582458496,9.875,9.9375,9.796875,9.859375,9514400
1992-02-05,4.2154364585876465,9.765625,9.921875,9.734375,9.875,8784800
1992-02-06,4.242414951324463,9.828125,9.84375,9.765625,9.765625,6037600
1992-02-07,4.2154364585876465,9.765625,9.90625,9.734375,9.828125,7205600
1992-02-10,4.249160289764404,9.84375,9.859375,9.78125,9.78125,4960000
1992-02-11,4.1952009201049805,9.71875,9.828125,9.6875,9.828125,5952000
1992-02-12,4.235669136047363,9.8125,9.84375,9.71875,9.71875,7458400
1992-02-13,4.181711196899414,9.6875,9.796875,9.625,9.796875,7588000
1992-02-14,4.154730796813965,9.625,9.796875,9.625,9.6875,5382400
1992-02-18,4.094028949737549,9.484375,9.625,9.421875,9.625,8317600
1992-02-19,4.154730796813965,9.625,9.640625,9.421875,9.484375,7134400
1992-02-20,4.269392967224121,9.890625,9.921875,9.546875,9.625,8597600
1992-02-21,4.269392967224121,9.890625,9.90625,9.8125,9.890625,10445600
1992-02-24,4.289627552032471,9.9375,9.9375,9.84375,9.890625,6914400
1992-02-25,4.2963714599609375,9.953125,9.953125,9.859375,9.9375,6710400
1992-02-26,4.424520492553711,10.25,10.25,9.984375,9.984375,12094400
1992-02-27,4.4042863845825195,10.203125,10.3125,10.140625,10.25,7948800
1992-02-28,4.411030292510986,10.21875,10.34375,10.1875,10.203125,6268800
1992-03-02,4.390798568725586,10.171875,10.28125,10.125,10.21875,7392800
1992-03-03,4.3975419998168945,10.1875,10.28125,10.140625,10.171875,7059200
1992-03-04,4.343584060668945,10.0625,10.1875,10.015625,10.1875,6328000
1992-03-05,4.3368401527404785,10.046875,10.046875,9.9375,10.046875,6616800
1992-03-06,4.255903244018555,9.859375,10.109375,9.84375,10.046875,7290400
1992-03-09,4.338751792907715,10.015625,10.03125,9.75,9.859375,5384800
1992-03-10,4.39967155456543,10.15625,10.25,9.984375,10.015625,6896800
1992-03-11,4.379364967346191,10.109375,10.265625,10.0625,10.15625,8258400
1992-03-12,4.392901420593262,10.140625,10.15625,9.984375,10.109375,7833600
1992-03-13,4.406440258026123,10.171875,10.25,10.125,10.140625,5007200
1992-03-16,4.4267473220825195,10.21875,10.21875,10.09375,10.171875,4744800
1992-03-17,4.4605889320373535,10.296875,10.3125,10.234375,10.234375,5261600
1992-03-18,4.406440258026123,10.171875,10.296875,10.15625,10.296875,5022400
1992-03-19,4.365826606750488,10.078125,10.25,10.0,10.171875,7393600
1992-03-20,4.386134624481201,10.125,10.140625,10.0,10.078125,12390400
1992-03-23,4.4267473220825195,10.21875,10.234375,10.078125,10.125,4636000
1992-03-24,4.413207530975342,10.1875,10.28125,10.109375,10.21875,4421600
1992-03-25,4.453820705413818,10.28125,10.296875,10.203125,10.203125,4547200
1992-03-26,4.467358112335205,10.3125,10.34375,10.234375,10.28125,4729600
1992-03-27,4.48089599609375,10.34375,10.421875,10.296875,10.3125,7035200
1992-03-30,4.447052001953125,10.265625,10.40625,10.234375,10.34375,4933600
1992-03-31,4.4267473220825195,10.21875,10.328125,10.1875,10.265625,6117600
1992-04-01,4.440279483795166,10.25,10.28125,10.09375,10.21875,7190400
1992-04-02,4.379364967346191,10.109375,10.296875,10.03125,10.25,7392000
1992-04-03,4.494434356689453,10.375,10.390625,10.078125,10.109375,7824000
1992-04-06,4.514739513397217,10.421875,10.546875,10.390625,10.390625,6860000
1992-04-07,4.379364967346191,10.109375,10.40625,10.109375,10.40625,5520800
1992-04-08,4.331982612609863,10.0,10.046875,9.921875,10.046875,10428800
1992-04-09,4.39967155456543,10.15625,10.171875,9.890625,10.0,9497600
1992-04-10,4.4605889320373535,10.296875,10.3125,10.234375,10.234375,6074400
1992-04-13,4.4335126876831055,10.234375,10.375,10.203125,10.296875,5295200
1992-04-14,4.440279483795166,10.25,10.328125,10.1875,10.234375,6371200
1992-04-15,4.514739513397217,10.421875,10.4375,10.125,10.25,7294400
1992-04-16,4.501204490661621,10.390625,10.4375,10.28125,10.421875,11262400
1992-04-20,4.406440258026123,10.171875,10.328125,10.078125,10.328125,10166400
1992-04-21,4.39967155456543,10.15625,10.25,10.109375,10.171875,8170400
1992-04-22,4.39967155456543,10.15625,10.21875,10.0625,10.15625,5633600
1992-04-23,4.4605889320373535,10.296875,10.296875,10.0625,10.15625,6593600
1992-04-24,4.386134624481201,10.125,10.34375,10.109375,10.296875,5064000
1992-04-27,4.35228967666626,10.046875,10.1875,10.046875,10.125,5955200
1992-04-28,4.35228967666626,10.046875,10.0625,9.953125,10.046875,6930400
1992-04-29,4.419977188110352,10.203125,10.265625,10.015625,10.046875,6432800
1992-04-30,4.494434356689453,10.375,10.375,10.203125,10.203125,8743200
1992-05-01,4.487664222717285,10.359375,10.40625,10.234375,10.375,6888000
1992-05-04,4.521506309509277,10.4375,10.5,10.390625,10.390625,7102400
1992-05-05,4.48089599609375,10.34375,10.484375,10.328125,10.4375,6573600
1992-05-06,4.474127769470215,10.328125,10.46875,10.28125,10.34375,4621600
1992-05-07,4.514739513397217,10.421875,10.453125,10.3125,10.328125,4366400
1992-05-08,4.575658321380615,10.5625,10.578125,10.375,10.421875,5790400
1992-05-11,4.6230363845825195,10.671875,10.6875,10.5625,10.5625,7666400
1992-05-12,4.6433424949646,10.71875,10.78125,10.625,10.78125,7776400
1992-05-13,4.738107681274414,10.9375,11.0625,10.75,10.75,12088800
1992-05-14,4.670421123504639,10.78125,11.0,10.71875,10.9375,9318800
1992-05-15,4.697494983673096,10.84375,10.90625,10.75,10.78125,11466000
1992-05-18,4.792256832122803,11.0625,11.125,10.875,10.875,5677600
1992-05-19,4.887018203735352,11.28125,11.28125,11.09375,11.09375,8549600
1992-05-20,4.819331645965576,11.125,11.28125,11.09375,11.28125,6520400
1992-05-21,4.805794715881348,11.09375,11.09375,10.96875,11.09375,5401200
1992-05-22,4.792256832122803,11.0625,11.1875,11.0625,11.09375,3148000
1992-05-26,4.697494983673096,10.84375,11.0625,10.71875,11.0625,7412000
1992-05-27,4.778719902038574,11.03125,11.125,10.90625,10.90625,6306800
1992-05-28,4.819331645965576,11.125,11.125,10.90625,11.03125,4652400
1992-05-29,4.765183925628662,11.0,11.1875,11.0,11.125,5310800
1992-06-01,4.84640645980835,11.1875,11.21875,10.875,11.0,6213200
1992-06-02,4.792256832122803,11.0625,11.21875,11.0625,11.1875,5227600
1992-06-03,4.765183925628662,11.0,11.25,11.0,11.0625,4259200
1992-06-04,4.6298089027404785,10.6875,11.0625,10.65625,11.0,10068800
1992-06-05,4.751641750335693,10.96875,10.96875,10.65625,10.6875,6161600
1992-06-08,4.724569320678711,10.90625,11.03125,10.84375,10.96875,4330000
1992-06-09,4.685458183288574,10.78125,10.9375,10.75,10.90625,4434000
1992-06-10,4.631132125854492,10.65625,10.8125,10.625,10.78125,4842000
1992-06-11,4.644715309143066,10.6875,10.71875,10.5625,10.65625,5511600
1992-06-12,4.590390205383301,10.5625,10.84375,10.5,10.6875,6833200
1992-06-15,4.563229084014893,10.5,10.59375,10.40625,10.5625,6991600
1992-06-16,4.4274163246154785,10.1875,10.59375,10.1875,10.5,9550800
1992-06-17,4.278024673461914,9.84375,10.15625,9.78125,10.15625,17241200
1992-06-18,4.305189609527588,9.90625,9.96875,9.71875,9.84375,12634000
1992-06-19,4.386673450469971,10.09375,10.125,9.875,9.90625,14308000
1992-06-22,4.373091697692871,10.0625,10.0625,9.90625,10.0625,581600
1992-06-23,4.3595123291015625,10.03125,10.1875,10.0,10.0625,5327200
1992-06-24,4.332347393035889,9.96875,10.0625,9.9375,10.03125,4128000
1992-06-25,4.386673450469971,10.09375,10.125,10.0,10.0,3696000
1992-06-26,4.318767547607422,9.9375,10.125,9.90625,10.09375,4201200
1992-06-29,4.386673450469971,10.09375,10.09375,9.96875,9.96875,4936000
1992-06-30,4.345929145812988,10.0,10.125,9.9375,10.09375,3972000
1992-07-01,4.481741905212402,10.3125,10.34375,9.9375,10.0,8560400
1992-07-02,4.549644947052002,10.46875,10.53125,10.15625,10.3125,8150000
1992-07-06,4.617552280426025,10.625,10.65625,10.5,10.5,6894800
1992-07-07,4.563229084014893,10.5,10.6875,10.4375,10.625,4671600
1992-07-08,4.617552280426025,10.625,10.625,10.40625,10.5,4862000
1992-07-09,4.685458183288574,10.78125,10.8125,10.5625,10.625,8372000
1992-07-10,4.631132125854492,10.65625,10.84375,10.625,10.78125,4772000
1992-07-13,4.576808929443359,10.53125,10.71875,10.46875,10.65625,3673200
1992-07-14,4.508904933929443,10.375,10.5,10.21875,10.5,7342000
1992-07-15,4.400257110595703,10.125,10.40625,10.0,10.375,11973200
1992-07-16,4.400257110595703,10.125,10.1875,10.0,10.125,8704800
1992-07-17,4.440999984741211,10.21875,10.25,10.03125,10.125,8518800
1992-07-20,4.454578399658203,10.25,10.34375,10.15625,10.21875,6200800
1992-07-21,4.495321750640869,10.34375,10.4375,10.3125,10.3125,4220400
1992-07-22,4.41383695602417,10.15625,10.28125,10.125,10.28125,5290400
1992-07-23,4.41383695602417,10.15625,10.1875,10.03125,10.15625,4091600
1992-07-24,4.400257110595703,10.125,10.1875,10.0625,10.15625,2548400
1992-07-27,4.386673450469971,10.09375,10.15625,10.03125,10.125,3038000
1992-07-28,4.454578399658203,10.25,10.34375,10.125,10.125,4565200
1992-07-29,4.549644947052002,10.46875,10.46875,10.3125,10.3125,5964800
1992-07-30,4.508904933929443,10.375,10.5,10.3125,10.46875,6687200
1992-07-31,4.549644947052002,10.46875,10.59375,10.375,10.375,3997200
1992-08-03,4.671877384185791,10.75,10.75,10.4375,10.46875,5848400
1992-08-04,4.631132125854492,10.65625,10.75,10.53125,10.75,3861600
1992-08-05,4.617552280426025,10.625,10.65625,10.5625,10.65625,3182800
1992-08-06,4.617552280426025,10.625,10.71875,10.5,10.625,2938000
1992-08-07,4.631132125854492,10.65625,10.90625,10.625,10.625,5808000
1992-08-10,4.685458183288574,10.78125,10.8125,10.59375,10.65625,2618400
1992-08-11,4.658292293548584,10.71875,10.8125,10.59375,10.78125,3771600
1992-08-12,4.671877384185791,10.75,10.75,10.625,10.71875,2642000
1992-08-13,4.699036598205566,10.8125,10.875,10.6875,10.75,4018400
1992-08-14,4.712618827819824,10.84375,10.84375,10.6875,10.8125,3529600
1992-08-17,4.712618827819824,10.84375,10.96875,10.8125,10.84375,3140800
1992-08-18,4.726198196411133,10.875,10.9375,10.84375,10.84375,3448800
1992-08-19,4.685458183288574,10.78125,10.9375,10.78125,10.875,2800000
1992-08-20,4.739781379699707,10.90625,10.9375,10.8125,10.8125,3366000
1992-08-21,4.644715309143066,10.6875,10.96875,10.625,10.90625,7987600
1992-08-24,4.631132125854492,10.65625,10.65625,10.46875,10.65625,4204400
1992-08-25,4.631132125854492,10.65625,10.71875,10.5625,10.65625,4332800
1992-08-26,4.644715309143066,10.6875,10.71875,10.5625,10.65625,2546400
1992-08-27,4.658292293548584,10.71875,10.8125,10.6875,10.6875,3587200
1992-08-28,4.712618827819824,10.84375,10.84375,10.65625,10.71875,2359200
1992-08-31,4.671877384185791,10.75,10.9375,10.6875,10.84375,3156400
1992-09-01,4.753361701965332,10.9375,10.9375,10.71875,10.75,3492400
1992-09-02,4.739781379699707,10.90625,10.96875,10.84375,10.9375,3947200
1992-09-03,4.739781379699707,10.90625,11.0,10.84375,10.90625,3790800
1992-09-04,4.739781379699707,10.90625,11.0,10.84375,10.90625,2826800
1992-09-08,4.739781379699707,10.90625,10.9375,10.84375,10.90625,3127200
1992-09-09,4.809540271759033,11.03125,11.03125,10.90625,10.90625,5597600
1992-09-10,4.809540271759033,11.03125,11.09375,10.96875,11.03125,5715200
1992-09-11,4.823164463043213,11.0625,11.09375,10.9375,11.03125,3801200
1992-09-14,4.836789131164551,11.09375,11.15625,10.96875,11.0625,5069600
1992-09-15,4.823164463043213,11.0625,11.1875,11.03125,11.09375,4585200
1992-09-16,4.877665042877197,11.1875,11.3125,11.0,11.0625,5621600
1992-09-17,4.86403751373291,11.15625,11.28125,11.125,11.1875,3363200
1992-09-18,4.904913425445557,11.25,11.34375,11.15625,11.15625,9993600
1992-09-21,4.877665042877197,11.1875,11.21875,11.15625,11.21875,3053200
1992-09-22,4.605167865753174,10.5625,11.15625,10.5625,11.15625,13536000
1992-09-23,4.44166898727417,10.1875,10.40625,10.0625,10.40625,18865600
1992-09-24,4.50979471206665,10.34375,10.34375,10.1875,10.1875,7568000
1992-09-25,4.482545852661133,10.28125,10.375,10.21875,10.34375,6002800
1992-09-28,4.496170997619629,10.3125,10.5625,10.125,10.28125,5755200
1992-09-29,4.44166898727417,10.1875,10.28125,10.15625,10.28125,4642000
1992-09-30,4.414422035217285,10.125,10.21875,10.125,10.1875,5256000
1992-10-01,4.359920978546143,10.0,10.15625,9.9375,10.125,10548400
1992-10-02,4.278173923492432,9.8125,10.03125,9.75,10.0,7023200
1992-10-05,4.291798114776611,9.84375,9.84375,9.375,9.8125,13808400
1992-10-06,4.223674774169922,9.6875,9.875,9.65625,9.84375,5376000
1992-10-07,4.087428569793701,9.375,9.65625,9.25,9.65625,11218800
1992-10-08,4.1010518074035645,9.40625,9.5,9.28125,9.375,10790000
1992-10-09,4.032927513122559,9.25,9.40625,9.21875,9.40625,9359600
1992-10-12,4.019303321838379,9.21875,9.34375,9.125,9.25,6099600
1992-10-13,4.12830114364624,9.46875,9.53125,9.21875,9.21875,7318400
1992-10-14,4.19642448425293,9.625,9.78125,9.5,9.5,8840400
1992-10-15,4.278173923492432,9.8125,9.90625,9.59375,9.625,8709200
1992-10-16,4.400797367095947,10.09375,10.09375,9.84375,9.84375,8850800
1992-10-19,4.482545852661133,10.28125,10.28125,10.0625,10.09375,7592000
1992-10-20,4.44166898727417,10.1875,10.34375,10.15625,10.28125,11336000
1992-10-21,4.414422035217285,10.125,10.25,10.125,10.1875,7141600
1992-10-22,4.414422035217285,10.125,10.21875,10.0625,10.125,4636800
1992-10-23,4.359920978546143,10.0,10.1875,9.96875,10.125,5762000
1992-10-26,4.44166898727417,10.1875,10.1875,9.9375,10.0,5287600
1992-10-27,4.50979471206665,10.34375,10.34375,10.0625,10.1875,5722000
1992-10-28,4.50979471206665,10.34375,10.40625,10.25,10.34375,4528000
1992-10-29,4.52341890335083,10.375,10.375,10.25,10.34375,3564800
1992-10-30,4.428046703338623,10.15625,10.375,10.15625,10.375,4192000
1992-11-02,4.52341890335083,10.375,10.375,10.125,10.15625,4886400
1992-11-03,4.44166898727417,10.1875,10.40625,10.125,10.375,4812400
1992-11-04,4.387172222137451,10.0625,10.21875,10.0625,10.1875,3514400
1992-11-05,4.455297470092773,10.21875,10.25,10.0625,10.0625,3420800
1992-11-06,4.455297470092773,10.21875,10.28125,10.09375,10.21875,4127200
1992-11-09,4.482545852661133,10.28125,10.34375,10.15625,10.21875,4367200
1992-11-10,4.455297470092773,10.21875,10.28125,10.15625,10.28125,3778000
1992-11-11,4.56429386138916,10.46875,10.5,10.25,10.25,4757200
1992-11-12,4.46891975402832,10.25,10.46875,10.21875,10.46875,4110400
1992-11-13,4.52341890335083,10.375,10.375,10.125,10.25,4553600
1992-11-16,4.455297470092773,10.21875,10.28125,10.1875,10.28125,2804800
1992-11-17,4.44166898727417,10.1875,10.21875,10.125,10.21875,3855200
1992-11-18,4.44166898727417,10.1875,10.28125,10.125,10.1875,5709200
1992-11-19,4.44166898727417,10.1875,10.1875,10.09375,10.1875,4380800
1992-11-20,4.455297470092773,10.21875,10.21875,10.09375,10.1875,10044400
1992-11-23,4.44166898727417,10.1875,10.25,10.15625,10.21875,3779200
1992-11-24,4.4296417236328125,10.125,10.34375,10.125,10.1875,6152800
1992-11-25,4.443312168121338,10.15625,10.1875,10.09375,10.125,3517200
1992-11-27,4.41596794128418,10.09375,10.21875,10.09375,10.15625,2527200
1992-11-30,4.347609519958496,9.9375,10.0625,9.6875,10.0625,6829200
1992-12-01,4.3339385986328125,9.90625,9.9375,9.71875,9.9375,8078000
1992-12-02,4.320265769958496,9.875,10.0,9.6875,9.90625,8476800
1992-12-03,4.320265769958496,9.875,9.9375,9.78125,9.875,6240800
1992-12-04,4.3339385986328125,9.90625,9.90625,9.8125,9.875,4904400
1992-12-07,4.3749518394470215,10.0,10.03125,9.75,9.90625,4974000
1992-12-08,4.38862419128418,10.03125,10.03125,9.96875,10.0,5963600
1992-12-09,4.361279487609863,9.96875,10.0,9.90625,10.0,4108400
1992-12-10,4.347609519958496,9.9375,9.96875,9.84375,9.96875,4171600
1992-12-11,4.361279487609863,9.96875,10.0,9.90625,9.9375,3222400
1992-12-14,4.320265769958496,9.875,10.03125,9.875,9.96875,5935200
1992-12-15,4.443312168121338,10.15625,10.25,9.78125,9.875,8208000
1992-12-16,4.443312168121338,10.15625,10.34375,10.09375,10.15625,5788800
1992-12-17,4.539013862609863,10.375,10.375,10.15625,10.15625,5662800
1992-12-18,4.785103797912598,10.9375,10.9375,10.46875,10.46875,21651200
1992-12-21,4.757760524749756,10.875,11.03125,10.84375,10.9375,5383600
1992-12-22,4.7714314460754395,10.90625,10.9375,10.8125,10.875,4357200
1992-12-23,4.7714314460754395,10.90625,10.9375,10.8125,10.90625,4088800
1992-12-24,4.757760524749756,10.875,10.96875,10.84375,10.90625,1766400
1992-12-28,4.757760524749756,10.875,10.9375,10.84375,10.875,2787200
1992-12-29,4.703075408935547,10.75,11.125,10.75,10.875,5940000
1992-12-30,4.675732612609863,10.6875,10.84375,10.65625,10.75,3839600
1992-12-31,4.5800299644470215,10.46875,10.75,10.46875,10.6875,3716400
1993-01-04,4.593701362609863,10.5,10.59375,10.4375,10.46875,5599600
1993-01-05,4.4980010986328125,10.28125,10.53125,10.25,10.5,5303200
1993-01-06,4.525339603424072,10.34375,10.375,10.28125,10.28125,5133600
1993-01-07,4.443312168121338,10.15625,10.46875,10.0625,10.34375,6296000
1993-01-08,4.40229606628418,10.0625,10.1875,10.03125,10.15625,5178800
1993-01-11,4.456981658935547,10.1875,10.21875,10.0,10.0625,4223200
1993-01-12,4.484325885772705,10.25,10.3125,10.09375,10.1875,3807600
1993-01-13,4.525339603424072,10.34375,10.375,10.15625,10.25,4834800
1993-01-14,4.730418682098389,10.8125,10.8125,10.53125,10.53125,9866800
1993-01-15,4.730418682098389,10.8125,11.03125,10.78125,10.8125,12236400
1993-01-18,4.71674919128418,10.78125,10.8125,10.65625,10.8125,3996800
1993-01-19,4.593701362609863,10.5,10.71875,10.5,10.71875,6984400
1993-01-20,4.566355228424072,10.4375,10.5625,10.4375,10.5,3926000
1993-01-21,4.5800299644470215,10.46875,10.46875,10.375,10.4375,4049600
1993-01-22,4.484325885772705,10.25,10.53125,10.25,10.46875,5011600
1993-01-25,4.566355228424072,10.4375,10.46875,10.25,10.25,5174000
1993-01-26,4.607372760772705,10.53125,10.5625,10.4375,10.4375,5815200
1993-01-27,4.539013862609863,10.375,10.625,10.375,10.53125,3444400
1993-01-28,4.5116729736328125,10.3125,10.375,10.25,10.375,5980400
1993-01-29,4.634715557098389,10.59375,10.65625,10.375,10.375,4676800
1993-02-01,4.703075408935547,10.75,10.75,10.625,10.625,5124000
1993-02-02,4.607372760772705,10.53125,10.6875,10.53125,10.6875,3710800
1993-02-03,4.5800299644470215,10.46875,10.625,10.4375,10.53125,5129600
1993-02-04,4.566355228424072,10.4375,10.59375,10.375,10.46875,5781600
1993-02-05,4.5116729736328125,10.3125,10.4375,10.21875,10.4375,8323200
1993-02-08,4.4980010986328125,10.28125,10.375,10.25,10.3125,5872800
1993-02-09,4.456981658935547,10.1875,10.28125,10.15625,10.28125,4934800
1993-02-10,4.4296417236328125,10.125,10.25,10.09375,10.1875,4782400
1993-02-11,4.443312168121338,10.15625,10.34375,10.15625,10.15625,5831200
1993-02-12,4.4296417236328125,10.125,10.21875,10.0625,10.15625,3587600
1993-02-16,4.443312168121338,10.15625,10.28125,10.0,10.125,9508800
1993-02-17,4.47065544128418,10.21875,10.3125,10.125,10.15625,7169600
1993-02-18,4.5116729736328125,10.3125,10.40625,10.1875,10.21875,7348800
1993-02-19,4.566355228424072,10.4375,10.46875,10.3125,10.3125,9060800
1993-02-22,4.5116729736328125,10.3125,10.59375,10.28125,10.4375,5621600
1993-02-23,4.525339603424072,10.34375,10.40625,10.1875,10.3125,5737600
1993-02-24,4.593701362609863,10.5,10.53125,10.28125,10.34375,5016400
1993-02-25,4.621044158935547,10.5625,10.625,10.4375,10.5,5907600
1993-02-26,4.634715557098389,10.59375,10.65625,10.46875,10.5625,4832000
1993-03-01,4.607372760772705,10.53125,10.6875,10.53125,10.59375,4890800
1993-03-02,4.71674919128418,10.78125,10.78125,10.46875,10.53125,7120000
1993-03-03,4.675732612609863,10.6875,10.84375,10.6875,10.78125,6086400
1993-03-04,4.71674919128418,10.78125,10.84375,10.59375,10.6875,4088400
1993-03-05,4.6894025802612305,10.71875,10.90625,10.65625,10.78125,5971200
1993-03-08,4.785103797912598,10.9375,10.96875,10.71875,10.71875,5798000
1993-03-09,4.7351460456848145,10.78125,10.9375,10.78125,10.9375,4176400
1993-03-10,4.707695484161377,10.71875,10.75,10.59375,10.75,4682000
1993-03-11,4.693971157073975,10.6875,10.8125,10.65625,10.71875,3821600
1993-03-12,4.639069080352783,10.5625,10.65625,10.53125,10.65625,4424000
1993-03-15,4.7214226722717285,10.75,10.75,10.5625,10.5625,3888000
1993-03-16,4.7351460456848145,10.78125,10.84375,10.6875,10.75,3624000
1993-03-17,4.680246353149414,10.65625,10.78125,10.65625,10.78125,3804000
1993-03-18,4.707695484161377,10.71875,10.8125,10.6875,10.6875,4481600
1993-03-19,4.652796268463135,10.59375,10.75,10.53125,10.71875,10848800
1993-03-22,4.611618995666504,10.5,10.5625,10.5,10.5625,3830000
1993-03-23,4.556721210479736,10.375,10.53125,10.375,10.5,3664800
1993-03-24,4.597896575927734,10.46875,10.5,10.34375,10.375,5128800
1993-03-25,4.680246353149414,10.65625,10.6875,10.46875,10.46875,4346400
1993-03-26,4.5704426765441895,10.40625,10.71875,10.34375,10.65625,4915200
1993-03-29,4.597896575927734,10.46875,10.53125,10.40625,10.40625,4227600
1993-03-30,4.7214226722717285,10.75,10.75,10.46875,10.46875,5480000
1993-03-31,4.680246353149414,10.65625,10.8125,10.625,10.75,6323600
1993-04-01,4.707695484161377,10.71875,10.78125,10.625,10.65625,5425200
1993-04-02,4.611618995666504,10.5,10.65625,10.46875,10.65625,8182400
1993-04-05,4.501817226409912,10.25,10.53125,10.25,10.5,8706000
1993-04-06,4.392017364501953,10.0,10.1875,9.78125,10.1875,16148000
1993-04-07,4.337119102478027,9.875,9.90625,9.71875,9.90625,14530800
1993-04-08,4.364569187164307,9.9375,9.9375,9.375,9.875,21676400
1993-04-12,4.323393821716309,9.84375,10.125,9.8125,9.9375,7745600
1993-04-13,4.295942306518555,9.78125,10.0,9.71875,9.84375,9020000
1993-04-14,4.378293037414551,9.96875,9.96875,9.6875,9.78125,6595200
1993-04-15,4.3508453369140625,9.90625,10.03125,9.90625,9.96875,7868400
1993-04-16,4.172417640686035,9.5,10.0,9.4375,9.90625,23216400
1993-04-19,4.1861443519592285,9.53125,9.59375,9.4375,9.5,12998800
1993-04-20,4.227317810058594,9.625,9.65625,9.4375,9.53125,14060000
1993-04-21,4.2822184562683105,9.75,9.9375,9.5,9.625,12823200
1993-04-22,4.268495082855225,9.71875,9.9375,9.625,9.75,9444800
1993-04-23,4.268495082855225,9.71875,9.78125,9.65625,9.71875,5913200
1993-04-26,4.3508453369140625,9.90625,9.90625,9.71875,9.71875,5545200
1993-04-27,4.3508453369140625,9.90625,9.9375,9.6875,9.90625,5495200
1993-04-28,4.323393821716309,9.84375,9.96875,9.78125,9.90625,4962400
1993-04-29,4.364569187164307,9.9375,9.9375,9.71875,9.84375,3701600
1993-04-30,4.323393821716309,9.84375,9.96875,9.78125,9.9375,4988400
1993-05-03,4.3508453369140625,9.90625,9.9375,9.78125,9.84375,3405200
1993-05-04,4.323393821716309,9.84375,9.875,9.78125,9.875,3987600
1993-05-05,4.309667110443115,9.8125,9.90625,9.78125,9.84375,5770800
1993-05-06,4.268495082855225,9.71875,9.8125,9.6875,9.8125,4273600
1993-05-07,4.254768371582031,9.6875,9.78125,9.625,9.71875,4297200
1993-05-10,4.295942306518555,9.78125,9.875,9.6875,9.6875,5518000
1993-05-11,4.405743598937988,10.03125,10.0625,9.6875,9.78125,6678400
1993-05-12,4.364569187164307,9.9375,10.0625,9.875,10.03125,6487200
1993-05-13,4.309667110443115,9.8125,9.90625,9.78125,9.90625,5184000
1993-05-14,4.378293037414551,9.96875,9.96875,9.75,9.8125,5056400
1993-05-17,4.405743598937988,10.03125,10.09375,9.9375,9.96875,5271600
1993-05-18,4.392017364501953,10.0,10.1875,9.96875,10.03125,5640800
1993-05-19,4.542994022369385,10.34375,10.4375,10.03125,10.03125,11489200
1993-05-20,4.625344276428223,10.53125,10.53125,10.34375,10.34375,8936400
1993-05-21,4.501817226409912,10.25,10.46875,10.21875,10.46875,10250400
1993-05-24,4.501817226409912,10.25,10.34375,10.15625,10.25,6106400
1993-05-25,4.51554536819458,10.28125,10.375,10.25,10.25,4676800
1993-05-26,4.556721210479736,10.375,10.375,10.21875,10.28125,6214800
1993-05-27,4.529270648956299,10.3125,10.375,10.28125,10.375,6024400
1993-05-28,4.556721210479736,10.375,10.375,10.21875,10.3125,3551200
1993-06-01,4.556721210479736,10.375,10.46875,10.3125,10.375,5788000
1993-06-02,4.5704426765441895,10.40625,10.46875,10.375,10.375,4066400
1993-06-03,4.529270648956299,10.3125,10.40625,10.28125,10.40625,2768800
1993-06-04,4.51554536819458,10.28125,10.3125,10.21875,10.3125,2713600
1993-06-07,4.501817226409912,10.25,10.34375,10.25,10.28125,2739600
1993-06-08,4.46064567565918,10.15625,10.25,10.125,10.25,3890800
1993-06-09,4.396692276000977,9.96875,10.15625,9.96875,10.15625,6311200
1993-06-10,4.520733833312988,10.25,10.3125,10.0,10.0,6468800
1993-06-11,4.603433132171631,10.4375,10.4375,10.28125,10.28125,6292800
1993-06-14,4.617217063903809,10.46875,10.46875,10.3125,10.4375,4742400
1993-06-15,4.617217063903809,10.46875,10.5,10.3125,10.46875,6231600
1993-06-16,4.6309990882873535,10.5,10.5625,10.375,10.46875,5181200
1993-06-17,4.658563137054443,10.5625,10.59375,10.4375,10.5,5865600
1993-06-18,4.575869083404541,10.375,10.625,10.375,10.5625,10905600
1993-06-21,4.548305034637451,10.3125,10.5,10.21875,10.375,5352400
1993-06-22,4.534520626068115,10.28125,10.375,10.25,10.3125,4149200
1993-06-23,4.603433132171631,10.4375,10.53125,10.28125,10.28125,6595600
1993-06-24,4.699913501739502,10.65625,10.6875,10.4375,10.4375,7824400
1993-06-25,4.699913501739502,10.65625,10.6875,10.625,10.65625,4626000
1993-06-28,4.768825531005859,10.8125,10.8125,10.6875,10.6875,4872400
1993-06-29,4.7826080322265625,10.84375,10.90625,10.71875,10.8125,5256400
1993-06-30,4.741261005401611,10.75,10.90625,10.71875,10.84375,4131600
1993-07-01,4.741261005401611,10.75,10.8125,10.6875,10.75,5030000
1993-07-02,4.7136969566345215,10.6875,10.8125,10.65625,10.75,4583600
1993-07-06,4.617217063903809,10.46875,10.6875,10.46875,10.6875,3747600
1993-07-07,4.727477073669434,10.71875,10.75,10.53125,10.53125,3788800
1993-07-08,4.810173988342285,10.90625,10.90625,10.65625,10.71875,5280400
1993-07-09,4.7826080322265625,10.84375,10.875,10.75,10.875,4403200
1993-07-12,4.879087924957275,11.0625,11.09375,10.8125,10.84375,5790800
1993-07-13,4.823957443237305,10.9375,11.09375,10.9375,11.0625,4696400
1993-07-14,4.892868995666504,11.09375,11.125,11.0,11.0,5143600
1993-07-15,4.906653881072998,11.125,11.15625,10.9375,11.09375,4863600
1993-07-16,4.865303039550781,11.03125,11.1875,11.0,11.125,7439200
1993-07-19,4.892868995666504,11.09375,11.15625,11.03125,11.03125,3201600
1993-07-20,4.920434951782227,11.15625,11.1875,11.03125,11.09375,5370400
1993-07-21,4.879087924957275,11.0625,11.1875,11.0625,11.15625,3821600
1993-07-22,4.823957443237305,10.9375,11.09375,10.90625,11.0625,4509600
1993-07-23,4.851525783538818,11.0,11.03125,10.90625,10.9375,3208000
1993-07-26,4.823957443237305,10.9375,11.0,10.9375,11.0,3126400
1993-07-27,4.796390056610107,10.875,10.9375,10.78125,10.9375,5114800
1993-07-28,4.810173988342285,10.90625,10.9375,10.78125,10.875,3611200
1993-07-29,4.851525783538818,11.0,11.0625,10.90625,10.90625,3944000
1993-07-30,4.768825531005859,10.8125,11.0625,10.75,11.0,4688000
1993-08-02,4.796390056610107,10.875,10.96875,10.84375,10.84375,3730000
1993-08-03,4.7826080322265625,10.84375,10.875,10.75,10.875,3285600
1993-08-04,4.7136969566345215,10.6875,10.8125,10.6875,10.8125,3281600
1993-08-05,4.7550435066223145,10.78125,10.78125,10.65625,10.6875,3088400
1993-08-06,4.699913501739502,10.65625,10.75,10.59375,10.75,3581600
1993-08-09,4.7550435066223145,10.78125,10.84375,10.65625,10.65625,3701200
1993-08-10,4.7136969566345215,10.6875,10.75,10.625,10.75,2641200
1993-08-11,4.823957443237305,10.9375,10.9375,10.6875,10.6875,3546000
1993-08-12,4.686128616333008,10.625,10.96875,10.625,10.9375,4347200
1993-08-13,4.7136969566345215,10.6875,10.75,10.625,10.625,2906400
1993-08-16,4.6309990882873535,10.5,10.6875,10.5,10.6875,4313600
1993-08-17,4.686128616333008,10.625,10.6875,10.4375,10.5,4258000
1993-08-18,4.7136969566345215,10.6875,10.78125,10.5625,10.625,6411600
1993-08-19,4.823957443237305,10.9375,10.96875,10.65625,10.6875,7322000
1993-08-20,4.796390056610107,10.875,10.96875,10.8125,10.9375,9014000
1993-08-23,4.810173988342285,10.90625,10.96875,10.8125,10.875,4479600
1993-08-24,4.865303039550781,11.03125,11.0625,10.84375,10.90625,6108400
1993-08-25,4.7550435066223145,10.78125,11.03125,10.71875,11.03125,5775600
1993-08-26,4.727477073669434,10.71875,10.84375,10.6875,10.78125,4553200
1993-08-27,4.727477073669434,10.71875,10.78125,10.65625,10.71875,3319600
1993-08-30,4.7550435066223145,10.78125,10.78125,10.65625,10.71875,2512800
1993-08-31,4.7826080322265625,10.84375,10.84375,10.71875,10.78125,3708000
1993-09-01,4.699913501739502,10.65625,10.78125,10.65625,10.78125,4331200
1993-09-02,4.699913501739502,10.65625,10.71875,10.59375,10.65625,4030800
1993-09-03,4.7550435066223145,10.78125,10.8125,10.59375,10.65625,3853200
1993-09-07,4.741261005401611,10.75,10.90625,10.71875,10.78125,4352800
1993-09-08,4.7550435066223145,10.78125,10.84375,10.6875,10.75,6254800
1993-09-09,4.773861408233643,10.78125,10.8125,10.65625,10.78125,5762400
1993-09-10,4.870725631713867,11.0,11.0625,10.75,10.78125,8276400
1993-09-13,4.92607307434082,11.125,11.15625,11.0,11.0,9878800
1993-09-14,4.884559631347656,11.03125,11.15625,10.96875,11.125,5386800
1993-09-15,4.856883525848389,10.96875,11.0625,10.78125,11.03125,8896400
1993-09-16,4.787697792053223,10.8125,10.9375,10.8125,10.9375,7738800
1993-09-17,4.815372943878174,10.875,10.90625,10.6875,10.8125,18802800
1993-09-20,4.732350826263428,10.6875,10.96875,10.65625,10.875,4826400
1993-09-21,4.70467472076416,10.625,10.75,10.5625,10.6875,6914800
1993-09-22,4.732350826263428,10.6875,10.75,10.59375,10.625,5592000
1993-09-23,4.732350826263428,10.6875,10.78125,10.6875,10.6875,2931600
1993-09-24,4.718513488769531,10.65625,10.6875,10.59375,10.6875,3402400
1993-09-27,4.760026454925537,10.75,10.8125,10.6875,10.6875,3636400
1993-09-28,4.732350826263428,10.6875,10.8125,10.65625,10.75,2476800
1993-09-29,4.69083833694458,10.59375,10.6875,10.5625,10.6875,3215200
1993-09-30,4.677000999450684,10.5625,10.625,10.53125,10.59375,2752800
1993-10-01,4.649326801300049,10.5,10.625,10.4375,10.5625,5605200
1993-10-04,4.663163185119629,10.53125,10.53125,10.3125,10.5,5578800
1993-10-05,4.635491371154785,10.46875,10.625,10.40625,10.53125,4607200
1993-10-06,4.58013916015625,10.34375,10.46875,10.34375,10.46875,4762800
1993-10-07,4.5524678230285645,10.28125,10.375,10.25,10.34375,3983200
1993-10-08,4.566303730010986,10.3125,10.4375,10.25,10.28125,4660000
1993-10-11,4.649326801300049,10.5,10.59375,10.40625,10.40625,2696400
1993-10-12,4.663163185119629,10.53125,10.625,10.53125,10.53125,3925200
1993-10-13,4.663163185119629,10.53125,10.65625,10.46875,10.53125,3900000
1993-10-14,4.884559631347656,11.03125,11.0625,10.40625,10.53125,12983600
1993-10-15,4.870725631713867,11.0,11.0625,10.90625,11.03125,10667600
1993-10-18,4.829211711883545,10.90625,10.96875,10.875,10.96875,4299200
1993-10-19,4.829211711883545,10.90625,11.0,10.8125,10.90625,4714800
1993-10-20,4.870725631713867,11.0,11.0,10.8125,10.90625,3564400
1993-10-21,4.829211711883545,10.90625,11.03125,10.875,11.0,8122800
1993-10-22,4.732350826263428,10.6875,10.96875,10.6875,10.90625,5038000
1993-10-25,4.746189117431641,10.71875,10.71875,10.5,10.6875,5892000
1993-10-26,4.746189117431641,10.71875,10.71875,10.5625,10.71875,4500800
1993-10-27,4.760026454925537,10.75,10.75,10.625,10.71875,3518000
1993-10-28,4.760026454925537,10.75,10.84375,10.71875,10.75,4274800
1993-10-29,4.801536560058594,10.84375,10.875,10.78125,10.78125,3413200
1993-11-01,4.773861408233643,10.78125,10.84375,10.75,10.84375,2970000
1993-11-02,4.718513488769531,10.65625,10.78125,10.59375,10.78125,4971200
1993-11-03,4.649326801300049,10.5,10.625,10.46875,10.625,6324800
1993-11-04,4.5939812660217285,10.375,10.53125,10.34375,10.5,5166800
1993-11-05,4.5939812660217285,10.375,10.40625,10.25,10.375,5569600
1993-11-08,4.5939812660217285,10.375,10.4375,10.375,10.375,3731600
1993-11-09,4.5524678230285645,10.28125,10.4375,10.25,10.375,6266800
1993-11-10,4.4971184730529785,10.15625,10.28125,10.09375,10.28125,8494800
1993-11-11,4.441769123077393,10.03125,10.1875,10.0,10.15625,7596000
1993-11-12,4.510952472686768,10.1875,10.1875,10.03125,10.03125,5691200
1993-11-15,4.58013916015625,10.34375,10.34375,10.1875,10.1875,3954400
1993-11-16,4.663163185119629,10.53125,10.59375,10.40625,10.40625,6825200
1993-11-17,4.69083833694458,10.59375,10.625,10.46875,10.53125,6767600
1993-11-18,4.649326801300049,10.5,10.5625,10.40625,10.5625,6400000
1993-11-19,4.718513488769531,10.65625,10.65625,10.40625,10.5,9716800
1993-11-22,4.663163185119629,10.53125,10.65625,10.46875,10.65625,6589600
1993-11-23,4.677000999450684,10.5625,10.625,10.46875,10.53125,3932800
1993-11-24,4.668108940124512,10.5,10.59375,10.4375,10.5625,3315600
1993-11-26,4.695896148681641,10.5625,10.59375,10.5,10.5,1788000
1993-11-29,4.695896148681641,10.5625,10.65625,10.53125,10.5625,3206000
1993-11-30,4.668108940124512,10.5,10.59375,10.5,10.5625,4680000
1993-12-01,4.695896148681641,10.5625,10.6875,10.5625,10.5625,5650800
1993-12-02,4.7236809730529785,10.625,10.6875,10.5625,10.5625,2251200
1993-12-03,4.76536226272583,10.71875,10.75,10.625,10.625,3380000
1993-12-06,4.834826946258545,10.875,10.90625,10.75,10.75,6279200
1993-12-07,4.8904032707214355,11.0,11.0,10.84375,10.875,5055600
1993-12-08,4.862614154815674,10.9375,11.0625,10.9375,11.0,5978400
1993-12-09,4.848719596862793,10.90625,11.0625,10.875,10.9375,6423200
1993-12-10,4.834826946258545,10.875,10.9375,10.84375,10.90625,3820800
1993-12-13,4.862614154815674,10.9375,10.9375,10.84375,10.875,3720800
1993-12-14,4.807038307189941,10.8125,10.96875,10.75,10.9375,6410000
1993-12-15,4.737576484680176,10.65625,10.84375,10.65625,10.8125,6924400
1993-12-16,4.820934772491455,10.84375,10.90625,10.6875,10.6875,5932000
1993-12-17,4.737576484680176,10.65625,10.9375,10.625,10.84375,10581600
1993-12-20,4.76536226272583,10.71875,10.71875,10.625,10.65625,3674400
1993-12-21,4.834826946258545,10.875,10.875,10.65625,10.71875,4787600
1993-12-22,4.8904032707214355,11.0,11.03125,10.875,10.875,6561200
1993-12-23,4.834826946258545,10.875,11.03125,10.78125,11.0,6054800
1993-12-27,4.918186187744141,11.0625,11.0625,10.90625,10.90625,3681600
1993-12-28,4.959866046905518,11.15625,11.1875,10.96875,11.0625,5963200
1993-12-29,5.001546859741211,11.25,11.28125,11.1875,11.1875,7512800
1993-12-30,4.987652778625488,11.21875,11.25,11.15625,11.25,4135600
1993-12-31,4.959866046905518,11.15625,11.25,11.15625,11.21875,3664400
1994-01-03,4.945973873138428,11.125,11.1875,11.09375,11.15625,5416800
1994-01-04,4.904292583465576,11.03125,11.125,11.0,11.125,4499200
1994-01-05,4.7792558670043945,10.75,11.03125,10.71875,11.03125,7404800
1994-01-06,4.682002067565918,10.53125,10.875,10.5,10.75,11023200
1994-01-07,4.737576484680176,10.65625,10.71875,10.53125,10.53125,9138400
1994-01-10,4.820934772491455,10.84375,10.875,10.59375,10.65625,6259600
1994-01-11,4.751468181610107,10.6875,10.84375,10.65625,10.84375,5394400
1994-01-12,4.807038307189941,10.8125,10.84375,10.65625,10.6875,4326000
1994-01-13,4.737576484680176,10.65625,10.75,10.65625,10.75,3869600
1994-01-14,4.7236809730529785,10.625,10.6875,10.5625,10.65625,6550800
1994-01-17,4.626428604125977,10.40625,10.5625,10.40625,10.5625,5205600
1994-01-18,4.556961536407471,10.25,10.34375,10.0625,10.34375,12035200
1994-01-19,4.612539291381836,10.375,10.4375,10.1875,10.25,6890400
1994-01-20,4.598642826080322,10.34375,10.4375,10.25,10.375,4580000
1994-01-21,4.584751605987549,10.3125,10.375,10.21875,10.34375,9374400
1994-01-24,4.5013933181762695,10.125,10.28125,10.09375,10.28125,5110000
1994-01-25,4.529176235198975,10.1875,10.25,10.03125,10.125,5650400
1994-01-26,4.556961536407471,10.25,10.40625,10.15625,10.1875,5676800
1994-01-27,4.640322685241699,10.4375,10.46875,10.28125,10.28125,7210400
1994-01-28,4.584751605987549,10.3125,10.40625,10.1875,10.40625,8208400
1994-01-31,4.543071269989014,10.21875,10.28125,10.125,10.28125,8174800
1994-02-01,4.612539291381836,10.375,10.375,10.15625,10.21875,7287600
1994-02-02,4.612539291381836,10.375,10.46875,10.34375,10.375,5357600
1994-02-03,4.640322685241699,10.4375,10.5625,10.34375,10.375,6431600
1994-02-04,4.529176235198975,10.1875,10.4375,10.125,10.4375,7599600
1994-02-07,4.529176235198975,10.1875,10.1875,10.09375,10.1875,9894800
1994-02-08,4.473604202270508,10.0625,10.1875,10.0625,10.1875,5724000
1994-02-09,4.5013933181762695,10.125,10.15625,10.0625,10.0625,5275200
1994-02-10,4.529176235198975,10.1875,10.28125,10.125,10.125,5341600
1994-02-11,4.612539291381836,10.375,10.375,10.1875,10.1875,5823600
1994-02-14,4.556961536407471,10.25,10.40625,10.09375,10.375,4597200
1994-02-15,4.543071269989014,10.21875,10.4375,10.21875,10.25,7434400
1994-02-16,4.598642826080322,10.34375,10.40625,10.21875,10.21875,6146000
1994-02-17,4.640322685241699,10.4375,10.4375,10.3125,10.34375,8977200
1994-02-18,4.612539291381836,10.375,10.5,10.34375,10.4375,8777600
1994-02-22,4.7236809730529785,10.625,10.625,10.375,10.375,7760800
1994-02-23,4.737576484680176,10.65625,10.71875,10.5625,10.625,6690000
1994-02-24,4.668108940124512,10.5,10.65625,10.5,10.65625,5659600
1994-02-25,4.668108940124512,10.5,10.59375,10.46875,10.5,5167600
1994-02-28,4.737576484680176,10.65625,10.8125,10.53125,10.53125,6970400
1994-03-01,4.709788799285889,10.59375,10.71875,10.53125,10.65625,6560400
1994-03-02,4.682002067565918,10.53125,10.59375,10.46875,10.59375,6402400
1994-03-03,4.626428604125977,10.40625,10.53125,10.375,10.53125,4341600
1994-03-04,4.626428604125977,10.40625,10.5,10.375,10.40625,4234000
1994-03-07,4.626428604125977,10.40625,10.5,10.34375,10.40625,3406000
1994-03-08,4.556961536407471,10.25,10.4375,10.25,10.40625,3946800
1994-03-09,4.564781665802002,10.21875,10.25,10.125,10.25,5715600
1994-03-10,4.550820350646973,10.1875,10.21875,10.125,10.21875,4548400
1994-03-11,4.564781665802002,10.21875,10.3125,10.09375,10.1875,4369600
1994-03-14,4.648538112640381,10.40625,10.40625,10.21875,10.21875,5485200
1994-03-15,4.592702865600586,10.28125,10.46875,10.21875,10.40625,8253200
1994-03-16,4.592702865600586,10.28125,10.3125,10.15625,10.28125,8538000
1994-03-17,4.634581565856934,10.375,10.4375,10.3125,10.3125,8094000
1994-03-18,4.676459312438965,10.46875,10.5,10.3125,10.375,19380800
1994-03-21,4.690417289733887,10.5,10.5,10.375,10.46875,4937600
1994-03-22,4.704376220703125,10.53125,10.625,10.4375,10.5,4993200
1994-03-23,4.676459312438965,10.46875,10.625,10.4375,10.53125,4178000
1994-03-24,4.676459312438965,10.46875,10.5625,10.375,10.46875,6102000
1994-03-25,4.662498474121094,10.4375,10.53125,10.40625,10.46875,3752400
1994-03-28,4.704376220703125,10.53125,10.53125,10.28125,10.4375,3468800
1994-03-29,4.676459312438965,10.46875,10.5625,10.4375,10.53125,5724400
1994-03-30,4.578738689422607,10.25,10.5,10.25,10.46875,7094000
1994-03-31,4.536862850189209,10.15625,10.3125,10.03125,10.25,8483600
1994-04-04,4.494982719421387,10.0625,10.25,9.9375,10.15625,9710800
1994-04-05,4.522904872894287,10.125,10.21875,9.96875,10.0625,10740400
1994-04-06,4.578738689422607,10.25,10.28125,10.125,10.125,7534400
1994-04-07,4.606661319732666,10.3125,10.3125,10.15625,10.25,5778800
1994-04-08,4.592702865600586,10.28125,10.28125,10.1875,10.28125,4316800
1994-04-11,4.508941650390625,10.09375,10.3125,10.0625,10.28125,5814000
1994-04-12,4.439147472381592,9.9375,10.125,9.90625,10.09375,6884800
1994-04-13,4.522904872894287,10.125,10.125,9.90625,9.9375,4280400
1994-04-14,4.397266387939453,9.84375,10.0625,9.84375,10.0625,5882800
1994-04-15,4.397266387939453,9.84375,9.875,9.71875,9.84375,9112800
1994-04-18,4.397266387939453,9.84375,10.0625,9.78125,9.84375,7663600
1994-04-19,4.42518424987793,9.90625,9.9375,9.78125,9.84375,4928400
1994-04-20,4.453103542327881,9.96875,10.0,9.875,9.90625,7248000
1994-04-21,4.522904872894287,10.125,10.25,9.96875,9.96875,8278400
1994-04-22,4.4670610427856445,10.0,10.1875,9.96875,10.125,5394400
1994-04-25,4.536862850189209,10.15625,10.15625,10.0,10.0,4340400
1994-04-26,4.522904872894287,10.125,10.21875,10.0625,10.15625,4504000
1994-04-28,4.606661319732666,10.3125,10.34375,10.25,10.25,7325200
1994-04-29,4.662498474121094,10.4375,10.46875,10.28125,10.3125,5494800
1994-05-02,4.676459312438965,10.46875,10.53125,10.3125,10.4375,8360000
1994-05-03,4.634581565856934,10.375,10.5,10.28125,10.46875,4974800
1994-05-04,4.634581565856934,10.375,10.46875,10.34375,10.375,3755600
1994-05-05,4.592702865600586,10.28125,10.40625,10.25,10.375,2895200
1994-05-06,4.494982719421387,10.0625,10.25,10.03125,10.25,4527600
1994-05-09,4.411226272583008,9.875,9.96875,9.78125,9.96875,8494000
1994-05-10,4.439147472381592,9.9375,10.0,9.875,9.875,4866000
1994-05-11,4.4670610427856445,10.0,10.125,9.90625,9.9375,7268400
1994-05-12,4.494982719421387,10.0625,10.125,10.0,10.0,5386000
1994-05-13,4.411226272583008,9.875,10.09375,9.875,10.0625,7726000
1994-05-16,4.439147472381592,9.9375,10.0,9.875,9.875,3740800
1994-05-17,4.522904872894287,10.125,10.15625,9.9375,9.9375,5128000
1994-05-18,4.536862850189209,10.15625,10.1875,10.09375,10.125,4827600
1994-05-19,4.592702865600586,10.28125,10.375,10.15625,10.15625,4159600
1994-05-20,4.564781665802002,10.21875,10.3125,10.15625,10.28125,10610000
1994-05-23,4.508941650390625,10.09375,10.21875,10.0625,10.21875,4077200
1994-05-24,4.4810261726379395,10.03125,10.1875,10.0,10.09375,5317600
1994-05-25,4.494982719421387,10.0625,10.125,10.03125,10.03125,3307600
1994-05-26,4.550820350646973,10.1875,10.1875,10.03125,10.0625,4283200
1994-05-27,4.536862850189209,10.15625,10.28125,10.09375,10.1875,3641200
1994-05-31,4.494982719421387,10.0625,10.21875,10.0625,10.15625,4033200
1994-06-01,4.578738689422607,10.25,10.3125,10.03125,10.0625,6335200
1994-06-02,4.648538112640381,10.40625,10.46875,10.25,10.25,7053600
1994-06-03,4.690417289733887,10.5,10.53125,10.375,10.40625,5920000
1994-06-06,4.704376220703125,10.53125,10.59375,10.40625,10.5,6412400
1994-06-07,4.718337059020996,10.5625,10.59375,10.46875,10.53125,4182800
1994-06-08,4.676459312438965,10.46875,10.59375,10.40625,10.5625,4312400
1994-06-09,4.558088302612305,10.15625,10.28125,10.0625,10.28125,14229200
1994-06-10,4.516012191772461,10.0625,10.19921875,10.0625,10.15625,4948800
1994-06-13,4.417839527130127,9.84375,10.0,9.8125,10.0,12744000
1994-06-14,4.473937034606934,9.96875,9.96875,9.84375,9.84375,8522000
1994-06-15,4.473937034606934,9.96875,10.03125,9.90625,9.96875,6812400
1994-06-16,4.5721116065979,10.1875,10.1875,9.9375,9.96875,6586000
1994-06-17,4.487960338592529,10.0,10.15625,9.96875,10.15625,18045200
1994-06-20,4.516012191772461,10.0625,10.125,9.9375,10.0,6587600
1994-06-21,4.501989364624023,10.03125,10.15625,10.0,10.0625,6830400
1994-06-22,4.5721116065979,10.1875,10.25,10.03125,10.03125,6135600
1994-06-23,4.544064521789551,10.125,10.1875,10.0625,10.1875,5796000
1994-06-24,4.501989364624023,10.03125,10.09375,9.96875,10.09375,6758800
1994-06-27,4.544064521789551,10.125,10.15625,10.0,10.03125,4138800
1994-06-28,4.530036449432373,10.09375,10.15625,10.0,10.125,5272800
1994-06-29,4.586138725280762,10.21875,10.28125,10.125,10.125,7315200
1994-06-30,4.558088302612305,10.15625,10.34375,10.15625,10.21875,5797600
1994-07-01,4.670286178588867,10.40625,10.46875,10.25,10.25,7388000
1994-07-05,4.656264781951904,10.375,10.40625,10.28125,10.40625,4550000
1994-07-06,4.656264781951904,10.375,10.40625,10.25,10.375,4933600
1994-07-07,4.670286178588867,10.40625,10.4375,10.3125,10.375,4946800
1994-07-08,4.698337554931641,10.46875,10.46875,10.34375,10.40625,5437600
1994-07-11,4.712361812591553,10.5,10.53125,10.375,10.46875,5868800
1994-07-12,4.712361812591553,10.5,10.53125,10.375,10.5,3582000
1994-07-13,4.698337554931641,10.46875,10.5,10.375,10.5,4333600
1994-07-14,4.726386547088623,10.53125,10.625,10.4375,10.46875,12867600
1994-07-15,4.754436492919922,10.59375,10.625,10.53125,10.53125,9638400
1994-07-18,4.754436492919922,10.59375,10.625,10.46875,10.59375,4985200
1994-07-19,4.768460273742676,10.625,10.65625,10.5625,10.59375,5230000
1994-07-20,4.74041223526001,10.5625,10.65625,10.53125,10.625,4770800
1994-07-21,4.768460273742676,10.625,10.8125,10.53125,10.5625,7400800
1994-07-22,4.782487392425537,10.65625,10.71875,10.59375,10.625,5017600
1994-07-25,4.852607727050781,10.8125,10.875,10.65625,10.65625,4592000
1994-07-26,4.82456111907959,10.75,10.8125,10.71875,10.8125,3666400
1994-07-27,4.866635799407959,10.84375,10.84375,10.625,10.75,3505600
1994-07-28,4.950784683227539,11.03125,11.03125,10.78125,10.84375,10840400
1994-07-29,4.978832721710205,11.09375,11.125,10.96875,11.03125,6703600
1994-08-01,4.978832721710205,11.09375,11.15625,11.0625,11.09375,6283600
1994-08-02,4.950784683227539,11.03125,11.15625,11.0,11.09375,6383200
1994-08-03,4.922731876373291,10.96875,11.03125,10.90625,11.03125,3712400
1994-08-04,4.922731876373291,10.96875,11.03125,10.90625,10.96875,4172400
1994-08-05,4.922731876373291,10.96875,10.96875,10.84375,10.96875,3328400
1994-08-08,4.922731876373291,10.96875,11.0,10.90625,10.96875,2623600
1994-08-09,4.922731876373291,10.96875,11.0,10.84375,10.96875,5011200
1994-08-10,4.936763286590576,11.0,11.09375,10.90625,10.96875,9024400
1994-08-11,4.894684314727783,10.90625,11.0,10.875,11.0,3783600
1994-08-12,4.992859840393066,11.125,11.125,10.90625,10.90625,5595200
1994-08-15,4.964808464050293,11.0625,11.28125,11.03125,11.125,8099200
1994-08-16,5.119084358215332,11.40625,11.46875,11.09375,11.09375,8934000
1994-08-17,5.175182342529297,11.53125,11.625,11.3125,11.40625,9415200
1994-08-18,5.343482494354248,11.90625,11.90625,11.59375,11.59375,16713200
1994-08-19,5.245305061340332,11.6875,11.90625,11.65625,11.90625,12590000
1994-08-22,5.217259883880615,11.625,11.6875,11.625,11.6875,5007200
1994-08-23,5.217259883880615,11.625,11.71875,11.59375,11.625,6678400
1994-08-24,5.189208507537842,11.5625,11.625,11.4375,11.625,7124400
1994-08-25,5.189208507537842,11.5625,11.71875,11.53125,11.5625,6272800
1994-08-26,5.231283664703369,11.65625,11.71875,11.59375,11.59375,5436000
1994-08-29,5.189208507537842,11.5625,11.6875,11.5,11.65625,5805600
1994-08-30,5.175182342529297,11.53125,11.59375,11.5,11.5625,3777200
1994-08-31,5.161159038543701,11.5,11.625,11.5,11.53125,4301200
1994-09-01,5.161159038543701,11.5,11.53125,11.46875,11.5,3058400
1994-09-02,5.189208507537842,11.5625,11.59375,11.46875,11.5,3388400
1994-09-06,5.147133827209473,11.46875,11.625,11.46875,11.5625,2768400
1994-09-07,5.189208507537842,11.5625,11.5625,11.40625,11.46875,4658000
1994-09-08,5.175182342529297,11.53125,11.5625,11.46875,11.5625,3684400
1994-09-09,5.112647533416748,11.34375,11.46875,11.3125,11.46875,4711600
1994-09-12,5.112647533416748,11.34375,11.4375,11.34375,11.34375,3660400
1994-09-13,5.183069705963135,11.5,11.5,11.40625,11.40625,3547200
1994-09-14,5.309832572937012,11.78125,11.78125,11.40625,11.5,6890800
1994-09-15,5.464761257171631,12.125,12.15625,11.8125,11.8125,9420800
1994-09-16,5.380250453948975,11.9375,12.0,11.875,12.0,16332000
1994-09-19,5.521096229553223,12.25,12.34375,11.96875,11.96875,11783200
1994-09-20,5.464761257171631,12.125,12.375,12.125,12.25,11714800
1994-09-21,5.478845596313477,12.15625,12.1875,12.0,12.125,7314400
1994-09-22,5.492927551269531,12.1875,12.21875,12.03125,12.15625,4704800
1994-09-23,5.492927551269531,12.1875,12.28125,12.125,12.1875,4680400
1994-09-26,5.605603218078613,12.4375,12.46875,12.21875,12.21875,4840400
1994-09-27,5.563351631164551,12.34375,12.5,12.25,12.4375,7714800
1994-09-28,5.535184383392334,12.28125,12.4375,12.21875,12.34375,5841200
1994-09-29,5.507011890411377,12.21875,12.28125,12.15625,12.28125,5402800
1994-09-30,5.478845596313477,12.15625,12.3125,12.15625,12.21875,5398000
1994-10-03,5.5492634773254395,12.3125,12.375,12.125,12.15625,6155600
1994-10-04,5.450676441192627,12.09375,12.34375,12.0625,12.3125,7279200
1994-10-05,5.478845596313477,12.15625,12.1875,12.0,12.09375,6377600
1994-10-06,5.492927551269531,12.1875,12.25,12.125,12.15625,4388800
1994-10-07,5.478845596313477,12.15625,12.21875,12.09375,12.1875,6135200
1994-10-10,5.521096229553223,12.25,12.25,12.15625,12.15625,4172000
1994-10-11,5.676027774810791,12.59375,12.625,12.375,12.375,9326400
1994-10-12,5.619689464569092,12.46875,12.625,12.46875,12.59375,6422400
1994-10-13,5.71827507019043,12.6875,12.71875,12.5625,12.5625,7466800
1994-10-14,5.70419454574585,12.65625,12.71875,12.5625,12.6875,4912400
1994-10-17,5.676027774810791,12.59375,12.65625,12.53125,12.65625,4049200
1994-10-18,5.71827507019043,12.6875,12.71875,12.5,12.59375,5404800
1994-10-19,5.70419454574585,12.65625,12.78125,12.59375,12.6875,9315600
1994-10-20,5.633772373199463,12.5,12.625,12.4375,12.625,10509600
1994-10-21,5.661940097808838,12.5625,12.625,12.4375,12.5,8708400
1994-10-24,5.563351631164551,12.34375,12.59375,12.3125,12.5625,6386000
1994-10-25,5.661940097808838,12.5625,12.5625,12.34375,12.34375,5132400
1994-10-26,5.633772373199463,12.5,12.59375,12.4375,12.5625,5523200
1994-10-27,5.70419454574585,12.65625,12.65625,12.46875,12.5,4208400
1994-10-28,5.690110206604004,12.625,12.8125,12.625,12.65625,6453200
1994-10-31,5.676027774810791,12.59375,12.8125,12.5625,12.625,5527200
1994-11-01,5.70419454574585,12.65625,12.71875,12.53125,12.59375,5485200
1994-11-02,5.661940097808838,12.5625,12.75,12.5625,12.65625,6961200
1994-11-03,5.619689464569092,12.46875,12.65625,12.4375,12.5625,5618800
1994-11-04,5.633772373199463,12.5,12.65625,12.4375,12.46875,6031600
1994-11-07,5.661940097808838,12.5625,12.65625,12.5,12.5,5116800
1994-11-08,5.70419454574585,12.65625,12.71875,12.625,12.625,5677200
1994-11-09,5.70419454574585,12.65625,12.78125,12.59375,12.65625,5918000
1994-11-10,5.690110206604004,12.625,12.71875,12.625,12.65625,4196800
1994-11-11,5.690110206604004,12.625,12.65625,12.59375,12.625,3880800
1994-11-14,5.788700103759766,12.84375,12.84375,12.65625,12.65625,5122800
1994-11-15,5.802783966064453,12.875,12.984375,12.8125,12.84375,6028800
1994-11-16,5.887290000915527,13.0625,13.0625,12.875,12.875,5701600
1994-11-17,5.859120845794678,13.0,13.0625,12.875,13.0625,7351200
1994-11-18,5.915462493896484,13.125,13.15625,12.96875,13.0,12910400
1994-11-21,5.98588228225708,13.28125,13.375,13.21875,13.21875,5462400
1994-11-22,5.887290000915527,13.0625,13.375,13.03125,13.28125,8660800
1994-11-23,5.8309550285339355,12.9375,13.0625,12.8125,13.0625,9977200
1994-11-25,5.867145538330078,12.96875,13.0,12.90625,12.9375,2404800
1994-11-28,5.895421028137207,13.03125,13.0625,12.84375,12.96875,4730000
1994-11-29,5.881282329559326,13.0,13.0,12.84375,13.0,4000000
1994-11-30,5.782320499420166,12.78125,13.03125,12.75,13.0,6785200
1994-12-01,5.711631774902344,12.625,12.8125,12.625,12.78125,6180000
1994-12-02,5.824732303619385,12.875,12.90625,12.625,12.625,3929600
1994-12-05,5.824732303619385,12.875,12.9375,12.78125,12.875,3905200
1994-12-06,5.782320499420166,12.78125,12.875,12.65625,12.875,5281200
1994-12-07,5.754045486450195,12.71875,12.8125,12.65625,12.78125,5961600
1994-12-08,5.725769519805908,12.65625,12.75,12.625,12.71875,4102400
1994-12-09,5.655081748962402,12.5,12.65625,12.4375,12.65625,6738400
1994-12-12,5.640944957733154,12.46875,12.53125,12.4375,12.5,6651600
1994-12-13,5.66921854019165,12.53125,12.625,12.4375,12.46875,5999600
1994-12-14,5.754045486450195,12.71875,12.75,12.5625,12.5625,6950400
1994-12-15,5.768184185028076,12.75,12.84375,12.65625,12.71875,7789600
1994-12-16,5.838871002197266,12.90625,12.90625,12.75,12.75,21001200
1994-12-19,5.810595512390137,12.84375,12.90625,12.8125,12.90625,5346800
1994-12-20,5.895421028137207,13.03125,13.0625,12.90625,12.90625,6661600
1994-12-21,5.966111660003662,13.1875,13.21875,13.0625,13.0625,6763600
1994-12-22,5.782320499420166,12.78125,13.125,12.78125,13.125,11082000
1994-12-23,5.838871002197266,12.90625,12.96875,12.8125,12.8125,3908800
1994-12-27,5.909558296203613,13.0625,13.0625,12.9375,12.9375,3012400
1994-12-28,5.909558296203613,13.0625,13.125,13.0,13.0625,3588000
1994-12-29,5.923696517944336,13.09375,13.09375,13.0,13.0625,3500400
1994-12-30,5.824732303619385,12.875,13.125,12.875,13.09375,3295200
1995-01-03,5.8530097007751465,12.9375,12.96875,12.8125,12.875,5140400
1995-01-04,5.725769519805908,12.65625,12.9375,12.59375,12.9375,6486000
1995-01-05,5.697495460510254,12.59375,12.6875,12.46875,12.65625,8465600
1995-01-06,5.697495460510254,12.59375,12.65625,12.5,12.59375,5403200
1995-01-09,5.612668514251709,12.40625,12.5625,12.375,12.5625,5883600
1995-01-10,5.556120872497559,12.28125,12.46875,12.25,12.40625,7449600
1995-01-11,5.570251941680908,12.3125,12.375,12.25,12.28125,7812400
1995-01-12,5.626805782318115,12.4375,12.46875,12.1875,12.3125,8340400
1995-01-13,5.626805782318115,12.4375,12.625,12.40625,12.4375,9859200
1995-01-16,5.725769519805908,12.65625,12.71875,12.53125,12.53125,5756800
1995-01-17,5.754045486450195,12.71875,12.8125,12.65625,12.65625,5141200
1995-01-18,5.711631774902344,12.625,12.6875,12.5625,12.6875,4547600
1995-01-19,5.754045486450195,12.71875,12.78125,12.5,12.625,6010400
1995-01-20,5.754045486450195,12.71875,12.75,12.65625,12.71875,10706800
1995-01-23,5.754045486450195,12.71875,12.8125,12.65625,12.71875,5020800
1995-01-24,5.697495460510254,12.59375,12.71875,12.5625,12.71875,5836800
1995-01-25,5.725769519805908,12.65625,12.75,12.5625,12.59375,6080000
1995-01-26,5.8530097007751465,12.9375,12.9375,12.65625,12.65625,4964000
1995-01-27,5.923696517944336,13.09375,13.1875,12.9375,12.9375,7456000
1995-01-30,5.951973915100098,13.15625,13.1875,13.0,13.09375,5830400
1995-01-31,5.93783712387085,13.125,13.1875,13.09375,13.15625,5863200
1995-02-01,5.909558296203613,13.0625,13.21875,13.0625,13.125,4682000
1995-02-02,5.923696517944336,13.09375,13.09375,12.90625,13.0625,4794000
1995-02-03,6.0085225105285645,13.28125,13.28125,13.15625,13.15625,5730800
1995-02-06,6.022661209106445,13.3125,13.40625,13.21875,13.28125,5790800
1995-02-07,6.06507682800293,13.40625,13.46875,13.28125,13.3125,4474800
1995-02-08,6.022661209106445,13.3125,13.53125,13.3125,13.40625,4912000
1995-02-09,5.93783712387085,13.125,13.34375,13.09375,13.3125,4352000
1995-02-10,6.0085225105285645,13.28125,13.3125,13.0,13.125,5887600
1995-02-13,5.923696517944336,13.09375,13.3125,13.0625,13.28125,4449200
1995-02-14,5.895421028137207,13.03125,13.15625,12.96875,13.09375,5996400
1995-02-15,5.980245590209961,13.21875,13.28125,13.03125,13.03125,6121600
1995-02-16,6.107488632202148,13.5,13.5,13.1875,13.21875,6071200
1995-02-17,6.036797046661377,13.34375,13.5,13.34375,13.5,12989200
1995-02-21,6.06507682800293,13.40625,13.46875,13.28125,13.34375,5260000
1995-02-22,6.079211235046387,13.4375,13.46875,13.3125,13.40625,6856000
1995-02-23,6.107488632202148,13.5,13.625,13.4375,13.4375,5518000
1995-02-24,6.192313194274902,13.6875,13.71875,13.5,13.5,4967200
1995-02-27,6.164038181304932,13.625,13.78125,13.625,13.6875,4788800
1995-02-28,6.220587730407715,13.75,13.75,13.53125,13.625,5686800
1995-03-01,6.248863697052002,13.8125,13.8125,13.65625,13.75,5937600
1995-03-02,6.206451416015625,13.71875,13.875,13.6875,13.8125,3712400
1995-03-03,6.2347259521484375,13.78125,13.875,13.65625,13.71875,4786000
1995-03-06,6.319553852081299,13.96875,14.0,13.65625,13.78125,5340400
1995-03-07,6.263001441955566,13.84375,13.96875,13.78125,13.96875,7058000
1995-03-08,6.277139186859131,13.875,13.9375,13.84375,13.84375,6709600
1995-03-09,6.245341777801514,13.75,13.90625,13.6875,13.875,5717600
1995-03-10,6.444060325622559,14.1875,14.21875,13.75,13.75,7529200
1995-03-13,6.458256721496582,14.21875,14.28125,14.125,14.1875,4592400
1995-03-14,6.458256721496582,14.21875,14.3125,14.1875,14.21875,4772400
1995-03-15,6.486639976501465,14.28125,14.3125,14.1875,14.21875,4292000
1995-03-16,6.642773151397705,14.625,14.6875,14.25,14.28125,6750800
1995-03-17,6.614386558532715,14.5625,14.65625,14.53125,14.625,13594800
1995-03-20,6.557613849639893,14.4375,14.5625,14.40625,14.5625,5820000
1995-03-21,6.642773151397705,14.625,14.84375,14.4375,14.4375,7289600
1995-03-22,6.6995530128479,14.75,14.84375,14.65625,14.65625,6744800
1995-03-23,6.586002826690674,14.5,14.59765625,14.34375,14.59765625,17843200
1995-03-24,6.557613849639893,14.4375,14.5625,14.40625,14.5,8181200
1995-03-27,6.515031814575195,14.34375,14.40625,14.1875,14.40625,7771200
1995-03-28,6.472446441650391,14.25,14.375,14.25,14.34375,5079600
1995-03-29,6.543417453765869,14.40625,14.5625,14.15625,14.25,9080800
1995-03-30,6.444060325622559,14.1875,14.4375,14.15625,14.40625,5494000
1995-03-31,6.401477813720703,14.09375,14.28125,14.0625,14.1875,7028800
1995-04-03,6.557613849639893,14.4375,14.46875,14.03125,14.09375,6577200
1995-04-04,6.628586769104004,14.59375,14.59375,14.46875,14.46875,6312800
1995-04-05,6.614386558532715,14.5625,14.59375,14.46875,14.59375,4466000
1995-04-06,6.642773151397705,14.625,14.625,14.46875,14.5625,4118000
1995-04-07,6.671163558959961,14.6875,14.71875,14.46875,14.625,4659600
1995-04-10,6.642773151397705,14.625,14.71875,14.59375,14.6875,3836400
1995-04-11,6.571804523468018,14.46875,14.6875,14.4375,14.625,4266000
1995-04-12,6.628586769104004,14.59375,14.59375,14.4375,14.46875,4249200
1995-04-13,6.600196361541748,14.53125,14.71875,14.53125,14.59375,3522400
1995-04-17,6.486639976501465,14.28125,14.59375,14.28125,14.53125,5425200
1995-04-18,6.628586769104004,14.59375,14.625,14.28125,14.28125,4948400
1995-04-19,6.571804523468018,14.46875,14.625,14.28125,14.59375,7298400
1995-04-20,6.500836372375488,14.3125,14.46875,14.3125,14.46875,3889200
1995-04-21,6.600196361541748,14.53125,14.53125,14.3125,14.3125,8422400
1995-04-24,6.628586769104004,14.59375,14.625,14.4375,14.53125,3816400
1995-04-25,6.614386558532715,14.5625,14.625,14.46875,14.59375,3542000
1995-04-26,6.600196361541748,14.53125,14.65625,14.5,14.5625,5839200
1995-04-27,6.586002826690674,14.5,14.59375,14.5,14.53125,4389200
1995-04-28,6.600196361541748,14.53125,14.5625,14.40625,14.5,6223200
1995-05-01,6.543417453765869,14.40625,14.5,14.40625,14.5,6298400
1995-05-02,6.586002826690674,14.5,14.5625,14.375,14.40625,5975600
1995-05-03,6.656972885131836,14.65625,14.65625,14.53125,14.53125,8095600
1995-05-04,6.6995530128479,14.75,14.84375,14.625,14.65625,10088800
1995-05-05,6.756327152252197,14.875,14.96875,14.75,14.75,5188000
1995-05-08,6.898270130157471,15.1875,15.21875,14.875,14.875,6488400
1995-05-09,6.926652431488037,15.25,15.3125,15.125,15.1875,6095200
1995-05-10,6.969234466552734,15.34375,15.4375,15.25,15.25,8253600
1995-05-11,6.912461280822754,15.21875,15.375,15.1875,15.34375,6382000
1995-05-12,6.6995530128479,14.75,15.15625,14.71875,15.15625,11292800
1995-05-15,6.571804523468018,14.46875,14.8125,14.40625,14.75,15693200
1995-05-16,6.515031814575195,14.34375,14.46875,14.21875,14.46875,14427200
1995-05-17,6.586002826690674,14.5,14.5625,14.34375,14.34375,12747600
1995-05-18,6.500836372375488,14.3125,14.59375,14.3125,14.5,8800000
1995-05-19,6.628586769104004,14.59375,14.59375,14.25,14.3125,13620000
1995-05-22,6.671163558959961,14.6875,14.6875,14.5625,14.59375,4430400
1995-05-23,6.798911094665527,14.96875,14.96875,14.6875,14.6875,7442000
1995-05-24,6.770524978637695,14.90625,15.0,14.78125,14.96875,6097600
1995-05-25,6.813103199005127,15.0,15.09375,14.875,14.90625,6060400
1995-05-26,6.770524978637695,14.90625,15.03125,14.84375,15.0,6882800
1995-05-30,6.827302932739258,15.03125,15.03125,14.90625,14.90625,4012400
1995-05-31,6.997622489929199,15.40625,15.46875,15.0,15.03125,7300400
1995-06-01,6.926652431488037,15.25,15.46875,15.125,15.40625,6048000
1995-06-02,6.912461280822754,15.21875,15.4375,15.125,15.25,5143600
1995-06-05,6.855686664581299,15.09375,15.21875,14.96875,15.21875,4532000
1995-06-06,6.84149169921875,15.0625,15.21875,15.03125,15.09375,3978400
1995-06-07,6.869879722595215,15.125,15.1875,14.96875,15.0625,2508000
1995-06-08,6.898270130157471,15.1875,15.25,15.09375,15.125,3702000
1995-06-09,6.813103199005127,15.0,15.1875,14.96875,15.1875,5911600
1995-06-12,6.84149169921875,15.0625,15.125,14.96875,15.0,4702800
1995-06-13,6.895057201385498,15.125,15.15625,15.0625,15.0625,4248800
1995-06-14,6.937793731689453,15.21875,15.3125,15.0625,15.125,4628800
1995-06-15,6.994775772094727,15.34375,15.4375,15.21875,15.21875,4476800
1995-06-16,7.108745574951172,15.59375,15.625,15.34375,15.34375,14975600
1995-06-19,7.151485443115234,15.6875,15.71875,15.53125,15.59375,4116000
1995-06-20,7.208471298217773,15.8125,15.84375,15.625,15.6875,5641600
1995-06-21,7.293945789337158,16.0,16.0625,15.8125,15.8125,7338400
1995-06-22,7.39366340637207,16.21875,16.3125,16.09375,16.09375,5820000
1995-06-23,7.450648784637451,16.34375,16.46875,16.21875,16.21875,4465600
1995-06-26,7.493386268615723,16.4375,16.5,16.34375,16.34375,4096000
1995-06-27,7.379419326782227,16.1875,16.4375,16.09375,16.4375,7443200
1995-06-28,7.350926876068115,16.125,16.25,16.0,16.1875,6949200
1995-06-29,7.293945789337158,16.0,16.21875,15.90625,16.125,6576800
1995-06-30,7.265450954437256,15.9375,16.25,15.9375,16.0,4618000
1995-07-03,7.350926876068115,16.125,16.15625,15.9375,15.9375,1792400
1995-07-05,7.27970027923584,15.96875,16.28125,15.9375,16.125,6891200
1995-07-06,7.350926876068115,16.125,16.125,15.90625,15.96875,5729200
1995-07-07,7.208471298217773,15.8125,16.21875,15.78125,16.125,7645600
1995-07-10,7.265450954437256,15.9375,16.0625,15.875,15.875,7407600
1995-07-11,7.293945789337158,16.0,16.0,15.84375,15.9375,4734000
1995-07-12,7.422154426574707,16.28125,16.28125,15.9375,16.0,4381200
1995-07-13,7.365174293518066,16.15625,16.3125,15.96875,16.28125,4482400
1995-07-14,7.27970027923584,15.96875,16.1875,15.96875,16.15625,4589600
1995-07-17,7.293945789337158,16.0,16.0625,15.875,15.96875,5247200
1995-07-18,7.350926876068115,16.125,16.15625,15.9375,16.0,4444000
1995-07-19,7.422154426574707,16.28125,16.34375,16.0625,16.125,6855600
1995-07-20,7.322437286376953,16.0625,16.34375,15.9375,16.28125,5752800
1995-07-21,7.422154426574707,16.28125,16.28125,15.96875,16.0625,12502400
1995-07-24,7.436402797698975,16.3125,16.40625,16.21875,16.28125,3861200
1995-07-25,7.4791460037231445,16.40625,16.40625,16.25,16.3125,3397600
1995-07-26,7.578864097595215,16.625,16.71875,16.375,16.40625,5338400
1995-07-27,7.578864097595215,16.625,16.71875,16.5625,16.625,4396000
1995-07-28,7.521878242492676,16.5,16.6875,16.46875,16.625,2989200
1995-07-31,7.4791460037231445,16.40625,16.5,16.28125,16.5,3956800
1995-08-01,7.578864097595215,16.625,16.6875,16.34375,16.40625,5228000
1995-08-02,7.507631778717041,16.46875,16.78125,16.40625,16.625,5776800
1995-08-03,7.493386268615723,16.4375,16.59375,16.375,16.46875,4850800
1995-08-04,7.536125659942627,16.53125,16.5625,16.4375,16.4375,2689600
1995-08-07,7.493386268615723,16.4375,16.5625,16.3125,16.53125,2959200
1995-08-08,7.521878242492676,16.5,16.5,16.375,16.4375,3415600
1995-08-09,7.60735559463501,16.6875,16.71875,16.4375,16.5,3360400
1995-08-10,7.60735559463501,16.6875,16.78125,16.5625,16.6875,4860800
1995-08-11,7.521878242492676,16.5,16.65625,16.40625,16.65625,6809600
1995-08-14,7.564616680145264,16.59375,16.625,16.375,16.5,3816400
1995-08-15,7.4648942947387695,16.375,16.5,16.28125,16.5,7271200
1995-08-16,7.350926876068115,16.125,16.25,16.0625,16.25,10228000
1995-08-17,7.336684226989746,16.09375,16.125,15.875,16.125,10762000
1995-08-18,7.1799798011779785,15.75,16.0,15.65625,16.0,15233200
1995-08-21,7.194222450256348,15.78125,15.9375,15.71875,15.75,8257200
1995-08-22,7.208471298217773,15.8125,15.875,15.6875,15.78125,8584800
1995-08-23,7.165733337402344,15.71875,15.875,15.71875,15.8125,5272000
1995-08-24,7.265450954437256,15.9375,15.9375,15.75,15.75,5158800
1995-08-25,7.350926876068115,16.125,16.1875,16.0,16.0,6627600
1995-08-28,7.379419326782227,16.1875,16.21875,16.0625,16.125,4306800
1995-08-29,7.365174293518066,16.15625,16.21875,16.0625,16.1875,3684000
1995-08-30,7.322437286376953,16.0625,16.1875,16.0625,16.15625,4794800
1995-08-31,7.322437286376953,16.0625,16.1875,16.0,16.0625,5545600
1995-09-01,7.308192729949951,16.03125,16.15625,16.0,16.0625,4201600
1995-09-05,7.265450954437256,15.9375,16.0,15.84375,16.0,5315600
1995-09-06,7.350926876068115,16.125,16.15625,15.9375,15.9375,5516000
1995-09-07,7.27970027923584,15.96875,16.125,15.9375,16.125,5791600
1995-09-08,7.251208782196045,15.90625,16.03125,15.875,15.96875,6103200
1995-09-11,7.265450954437256,15.9375,16.03125,15.9375,15.9375,4402800
1995-09-12,7.365174293518066,16.15625,16.15625,15.96875,15.96875,6072800
1995-09-13,7.533280849456787,16.46875,16.46875,16.03125,16.15625,6682400
1995-09-14,7.590456008911133,16.59375,16.625,16.34375,16.46875,7926400
1995-09-15,7.619045734405518,16.65625,16.75,16.53125,16.59375,14606800
1995-09-18,7.647637844085693,16.71875,16.75,16.5625,16.65625,4293200
1995-09-19,7.719107627868652,16.875,16.875,16.6875,16.71875,4229600
1995-09-20,7.904938220977783,17.28125,17.375,16.875,16.875,8595200
1995-09-21,7.9478230476379395,17.375,17.46875,17.15625,17.28125,5928400
1995-09-22,8.076473236083984,17.65625,17.65625,17.15625,17.375,5979600
1995-09-25,8.019299507141113,17.53125,17.625,17.40625,17.625,4671200
1995-09-26,7.976413726806641,17.4375,17.46875,17.21875,17.46875,4724000
1995-09-27,8.019299507141113,17.53125,17.5625,17.25,17.4375,5108000
1995-09-28,7.862057209014893,17.1875,17.5625,17.125,17.53125,5733200
1995-09-29,7.8906426429748535,17.25,17.34375,16.96875,17.1875,6300800
1995-10-02,7.876352310180664,17.21875,17.375,17.09375,17.25,5473600
1995-10-03,8.105063438415527,17.71875,17.75,17.3125,17.3125,5711200
1995-10-04,8.190838813781738,17.90625,17.90625,17.59375,17.71875,5485200
1995-10-05,8.076473236083984,17.65625,17.96875,17.5625,17.90625,6158800
1995-10-06,8.090771675109863,17.6875,17.78125,17.59375,17.65625,2790400
1995-10-09,8.190838813781738,17.90625,18.0625,17.59375,17.6875,4142800
1995-10-10,8.162243843078613,17.84375,17.9375,17.625,17.90625,6683200
1995-10-11,8.133654594421387,17.78125,17.90625,17.65625,17.84375,4237600
1995-10-12,8.090771675109863,17.6875,17.875,17.6875,17.78125,2575200
1995-10-13,8.105063438415527,17.71875,17.96875,17.71875,17.71875,3372000
1995-10-16,8.190838813781738,17.90625,18.0,17.71875,17.71875,3349200
1995-10-17,8.105063438415527,17.71875,17.90625,17.625,17.90625,3501200
1995-10-18,8.205129623413086,17.9375,17.96875,17.65625,17.71875,4730400
1995-10-19,8.405255317687988,18.375,18.375,17.6875,17.9375,10838000
1995-10-20,8.276599884033203,18.09375,18.46875,18.0625,18.375,13272400
1995-10-23,8.233718872070312,18.0,18.09375,17.9375,18.09375,5838000
1995-10-24,8.290895462036133,18.125,18.1875,17.96875,18.0,5394400
1995-10-25,8.205129623413086,17.9375,17.9375,17.8125,17.9375,10221600
1995-10-26,8.11935806274414,17.75,18.09375,17.6875,17.9375,9260800
1995-10-27,8.190838813781738,17.90625,17.921875,17.65625,17.75,6468400
1995-10-30,8.233718872070312,18.0,18.0625,17.90625,17.90625,4279200
1995-10-31,8.219423294067383,17.96875,18.1875,17.96875,18.0,5702800
1995-11-01,8.205129623413086,17.9375,18.0625,17.875,17.96875,4869600
1995-11-02,8.190838813781738,17.90625,18.0,17.8125,17.9375,4910800
1995-11-03,8.133654594421387,17.78125,18.03125,17.78125,17.90625,6625600
1995-11-06,8.047883987426758,17.59375,17.84375,17.59375,17.78125,4516400
1995-11-07,8.147947311401367,17.8125,17.8125,17.59375,17.59375,5918800
1995-11-08,8.31948184967041,18.1875,18.1875,17.84375,17.84375,6779600
1995-11-09,8.205129623413086,17.9375,18.25,17.9375,18.1875,5708000
1995-11-10,8.31948184967041,18.1875,18.1875,17.90625,17.9375,3973600
1995-11-13,8.44813346862793,18.46875,18.5,18.125,18.1875,5506400
1995-11-14,8.462430953979492,18.5,18.5625,18.34375,18.46875,5934000
1995-11-15,8.491021156311035,18.5625,18.59375,18.3125,18.5,5509200
1995-11-16,8.548200607299805,18.6875,18.78125,18.5625,18.5625,6279200
1995-11-17,8.576787948608398,18.75,18.78125,18.625,18.6875,9172000
1995-11-20,8.605378150939941,18.8125,18.8125,18.65625,18.75,4393200
1995-11-21,8.776917457580566,19.1875,19.21875,18.78125,18.8125,5382400
1995-11-22,8.576787948608398,18.75,19.15625,18.75,19.15625,4871200
1995-11-24,8.605378150939941,18.8125,18.875,18.75,18.75,972000
1995-11-27,8.533905982971191,18.65625,18.84375,18.59375,18.8125,5248000
1995-11-28,8.619671821594238,18.84375,18.90625,18.625,18.65625,5060800
1995-11-29,8.659242630004883,18.875,18.875,18.71875,18.84375,3523200
1995-11-30,8.687912940979004,18.9375,19.03125,18.84375,18.875,4748400
1995-12-01,8.691500663757324,18.9453125,19.09375,18.875,18.9375,4114800
1995-12-04,8.745258331298828,19.0625,19.0625,18.78125,18.9453125,5209600
1995-12-05,8.874281883239746,19.34375,19.4375,18.96875,19.0625,5074400
1995-12-06,9.103675842285156,19.84375,19.84375,19.34375,19.34375,7152400
1995-12-07,8.988978385925293,19.59375,19.8125,19.5,19.8125,5218800
1995-12-08,9.003313064575195,19.625,19.78125,19.53125,19.59375,3580000
1995-12-11,9.103675842285156,19.84375,20.03125,19.59375,19.625,5690000
1995-12-12,9.189684867858887,20.03125,20.0625,19.8125,19.84375,4158000
1995-12-13,9.175353050231934,20.0,20.09375,19.96875,20.03125,4852000
1995-12-14,9.031987190246582,19.6875,20.0,19.6875,20.0,6360800
1995-12-15,9.017656326293945,19.65625,19.84375,19.625,19.6875,19741200
1995-12-18,8.902960777282715,19.40625,19.5625,19.375,19.5625,6014800
1995-12-19,8.859951972961426,19.3125,19.46875,18.90625,19.40625,9596800
1995-12-20,8.515878677368164,18.5625,19.3125,18.5625,19.3125,8376800
1995-12-21,8.343840599060059,18.1875,19.0,17.90625,18.5625,27332800
1995-12-22,8.257813453674316,18.0,18.25,17.65625,18.1875,14698800
1995-12-26,8.558880805969238,18.65625,18.71875,18.0,18.0,8573600
1995-12-27,8.558880805969238,18.65625,18.84375,18.65625,18.65625,8964000
1995-12-28,8.587556838989258,18.71875,18.78125,18.5625,18.65625,5162400
1995-12-29,8.515878677368164,18.5625,18.78125,18.40625,18.71875,5038000
1996-01-02,8.601899147033691,18.75,18.8125,18.46875,18.5625,7598800
1996-01-03,8.673575401306152,18.90625,18.96875,18.78125,18.78125,7097200
1996-01-04,8.601899147033691,18.75,19.0,18.625,18.90625,8546400
1996-01-05,8.558880805969238,18.65625,18.875,18.53125,18.75,6228400
1996-01-08,8.616231918334961,18.78125,18.8125,18.65625,18.65625,1896800
1996-01-09,8.501543045043945,18.53125,18.875,18.5,18.78125,6684000
1996-01-10,8.358175277709961,18.21875,18.46875,18.1875,18.46875,7148000
1996-01-11,8.444193840026855,18.40625,18.40625,18.03125,18.21875,8260000
1996-01-12,8.343840599060059,18.1875,18.53125,18.09375,18.40625,7219200
1996-01-15,8.444193840026855,18.40625,18.4375,18.1875,18.1875,4016800
1996-01-16,8.587556838989258,18.71875,18.71875,18.28125,18.40625,4967200
1996-01-17,8.386847496032715,18.28125,18.84375,18.25,18.71875,7014400
1996-01-18,8.415522575378418,18.34375,18.375,18.03125,18.28125,6645600
1996-01-19,8.415522575378418,18.34375,18.46875,18.1875,18.34375,8391200
1996-01-22,8.343840599060059,18.1875,18.34375,18.0625,18.34375,5954400
1996-01-23,8.429854393005371,18.375,18.4375,18.0625,18.1875,5876800
1996-01-24,8.616231918334961,18.78125,18.78125,18.46875,18.46875,6524000
1996-01-25,8.444193840026855,18.40625,18.8125,18.28125,18.78125,7552800
1996-01-26,8.544544219970703,18.625,18.625,18.3125,18.40625,4814800
1996-01-29,8.515878677368164,18.5625,18.6875,18.53125,18.625,3785200
1996-01-30,8.630570411682129,18.8125,18.875,18.625,18.625,6600000
1996-01-31,8.644903182983398,18.84375,18.9375,18.65625,18.8125,5199600
1996-02-01,8.659242630004883,18.875,18.90625,18.75,18.84375,6909600
1996-02-02,8.616231918334961,18.78125,19.0,18.71875,18.875,6744400
1996-02-05,8.745258331298828,19.0625,19.0625,18.71875,18.78125,5068000
1996-02-06,8.788270950317383,19.15625,19.1875,18.90625,19.0625,8264800
1996-02-07,8.94597053527832,19.5,19.53125,19.1875,19.1875,9185600
1996-02-08,9.204029083251953,20.0625,20.1875,19.40625,19.5,9802400
1996-02-09,9.132346153259277,19.90625,20.0625,19.75,20.0625,8433200
1996-02-12,9.132346153259277,19.90625,20.0,19.75,19.90625,6339200
1996-02-13,9.261370658874512,20.1875,20.5,19.9375,19.9375,10009200
1996-02-14,9.290044784545898,20.25,20.34375,19.96875,20.1875,8844000
1996-02-15,9.318720817565918,20.3125,20.5625,20.1875,20.25,6568400
1996-02-16,9.23270034790039,20.125,20.21875,20.03125,20.21875,10399200
1996-02-20,9.24703311920166,20.15625,20.4375,19.96875,20.125,6419600
1996-02-21,9.39040756225586,20.46875,20.46875,20.1875,20.1875,4871200
1996-02-22,9.63412094116211,21.0,21.0625,20.625,20.625,7690000
1996-02-23,9.533763885498047,20.78125,21.09375,20.53125,21.0,6533200
1996-02-26,9.376067161560059,20.4375,20.71875,20.375,20.71875,5782800
1996-02-27,9.41907787322998,20.53125,20.53125,20.125,20.4375,8136400
1996-02-28,9.33305835723877,20.34375,20.84375,20.28125,20.53125,9175600
1996-02-29,9.261370658874512,20.1875,20.5625,20.03125,20.34375,7492400
1996-03-01,9.41907787322998,20.53125,20.5625,20.25,20.25,6280400
1996-03-04,9.63412094116211,21.0,21.09375,20.46875,20.53125,6585200
1996-03-05,9.662793159484863,21.0625,21.0625,20.875,21.0,4802800
1996-03-06,9.533763885498047,20.78125,21.09375,20.71875,21.0625,5117200
1996-03-07,9.576778411865234,20.875,21.0,20.65625,20.78125,6560800
1996-03-08,9.204029083251953,20.0625,20.71875,19.96875,20.71875,11803200
1996-03-11,9.304387092590332,20.28125,20.40625,20.03125,20.0625,10594400
1996-03-12,9.318720817565918,20.3125,20.3125,19.96875,20.28125,7973600
1996-03-13,9.33310317993164,20.28125,20.4375,20.1875,20.3125,7414800
1996-03-14,9.376238822937012,20.375,20.5625,20.25,20.28125,5267200
1996-03-15,9.304338455200195,20.21875,20.40625,20.1875,20.375,12249200
1996-03-18,9.491286277770996,20.625,20.65625,20.375,20.375,6808400
1996-03-19,9.491286277770996,20.625,20.71875,20.53125,20.625,6303600
1996-03-20,9.69261646270752,21.0625,21.09375,20.71875,20.71875,5901200
1996-03-21,9.620712280273438,20.90625,21.125,20.8125,21.0625,5139200
1996-03-22,9.6494779586792,20.96875,21.0625,20.84375,20.90625,3704800
1996-03-25,9.721382141113281,21.125,21.1875,21.0625,21.0625,5131600
1996-03-26,9.764522552490234,21.21875,21.28125,21.0,21.125,5312400
1996-03-27,9.6494779586792,20.96875,21.34375,20.96875,21.21875,6892800
1996-03-28,9.6494779586792,20.96875,21.03125,20.875,20.96875,4888800
1996-03-29,9.520057678222656,20.6875,21.0,20.65625,20.96875,5764000
1996-04-01,9.69261646270752,21.0625,21.09375,20.78125,20.78125,8300000
1996-04-02,9.663856506347656,21.0,21.125,20.90625,21.0625,4944800
1996-04-03,9.663856506347656,21.0,21.03125,20.84375,21.0,3786000
1996-04-04,9.635090827941895,20.9375,21.03125,20.875,21.0,4069600
1996-04-08,9.491286277770996,20.625,20.65625,20.375,20.65625,8134000
1996-04-09,9.405009269714355,20.4375,20.875,20.40625,20.625,7615600
1996-04-10,9.074249267578125,19.71875,20.5,19.71875,20.4375,9358800
1996-04-11,9.189291954040527,19.96875,20.0,19.65625,19.71875,12240000
1996-04-12,9.28995418548584,20.1875,20.34375,20.03125,20.03125,5786000
1996-04-15,9.318717956542969,20.25,20.25,20.03125,20.1875,4102000
1996-04-16,9.361865043640137,20.34375,20.4375,20.1875,20.25,5059200
1996-04-17,9.218050956726074,20.03125,20.28125,19.84375,20.28125,8906000
1996-04-18,9.146143913269043,19.875,20.15625,19.84375,20.03125,9608000
1996-04-19,9.059865951538086,19.6875,20.0625,19.5625,19.875,13010400
1996-04-22,9.275572776794434,20.15625,20.1875,19.875,19.875,7160800
1996-04-23,9.318717956542969,20.25,20.28125,20.0625,20.15625,6218800
1996-04-24,9.24681568145752,20.09375,20.375,19.96875,20.25,7198000
1996-04-25,9.347481727600098,20.3125,20.40625,19.90625,20.09375,7151200
1996-04-26,9.347481727600098,20.3125,20.5,20.21875,20.3125,4176400
1996-04-29,9.33310317993164,20.28125,20.34375,20.125,20.3125,4107200
1996-04-30,9.376238822937012,20.375,20.4375,20.25,20.28125,5520000
1996-05-01,9.405009269714355,20.4375,20.5,20.3125,20.375,3995600
1996-05-02,9.24681568145752,20.09375,20.34375,20.0625,20.34375,6999600
1996-05-03,9.174912452697754,19.9375,20.15625,19.90625,20.09375,6925200
1996-05-06,9.304338455200195,20.21875,20.21875,19.75,19.9375,7170400
1996-05-07,9.361865043640137,20.34375,20.40625,20.15625,20.21875,6702800
1996-05-08,9.520057678222656,20.6875,20.6875,20.0625,20.34375,8292800
1996-05-09,9.520057678222656,20.6875,20.9375,20.59375,20.6875,4820400
1996-05-10,9.6494779586792,20.96875,20.96875,20.71875,20.71875,4942800
1996-05-13,9.893949508666992,21.5,21.5,20.875,21.5,8275800
1996-05-14,10.210321426391602,22.1875,22.3125,21.6875,21.6875,13405600
1996-05-15,10.23908805847168,22.25,22.6875,22.1875,22.1875,12970600
1996-05-16,10.469175338745117,22.75,22.875,22.25,22.25,10024400
1996-05-17,10.612984657287598,23.0625,23.375,22.8125,22.8125,14869200
1996-05-20,10.69926929473877,23.25,23.375,22.25,23.0625,8158800
1996-05-21,10.69926929473877,23.25,23.9375,22.5,23.25,10411000
1996-05-22,10.84307861328125,23.5625,23.6875,22.875,23.25,11524600
1996-05-23,10.72803783416748,23.3125,23.6875,23.1875,23.5625,9491200
1996-05-24,10.929359436035156,23.75,23.875,23.3125,23.3125,6385200
1996-05-28,10.584223747253418,23.0,23.625,23.0,23.625,7993000
1996-05-29,10.584223747253418,23.0,23.4375,22.875,23.0,8676200
1996-05-30,10.756793975830078,23.375,23.5625,22.875,23.0,6572400
1996-05-31,10.584223747253418,23.0,23.4375,22.9375,23.375,6618000
1996-06-03,10.641752243041992,23.125,23.25,22.875,23.0,6066400
1996-06-04,10.69926929473877,23.25,23.3125,22.96875,23.125,5020800
1996-06-05,10.986884117126465,23.875,23.875,23.1875,23.25,5661800
1996-06-06,10.756793975830078,23.375,23.9375,23.375,23.875,5061600
1996-06-07,10.785562515258789,23.4375,23.5,22.875,23.375,5914200
1996-06-10,10.756793975830078,23.375,23.5625,23.25,23.4375,3519600
1996-06-11,10.814316749572754,23.5,23.75,23.3125,23.375,4912000
1996-06-12,10.670127868652344,23.125,23.625,23.125,23.5,4903800
1996-06-13,10.698958396911621,23.1875,23.3125,23.0625,23.125,3719400
1996-06-14,10.554770469665527,22.875,23.25,22.875,23.1875,4581400
1996-06-17,10.641286849975586,23.0625,23.1875,22.9375,22.9375,4328200
1996-06-18,10.670127868652344,23.125,23.1875,22.9375,23.0625,4982400
1996-06-19,10.727800369262695,23.25,23.4375,23.125,23.125,3789400
1996-06-20,10.785478591918945,23.375,23.75,23.3125,23.3125,8487000
1996-06-21,10.987340927124023,23.8125,23.8125,23.4375,23.4375,14162200
1996-06-24,11.2468900680542,24.375,24.4375,23.875,23.875,6982600
1996-06-25,11.189214706420898,24.25,24.5,24.0625,24.375,4805000
1996-06-26,11.333403587341309,24.5625,24.75,24.4375,24.4375,6813000
1996-06-27,11.27572250366211,24.4375,24.5625,24.0625,24.5625,7128200
1996-06-28,11.30456829071045,24.5,24.625,24.375,24.4375,4991600
1996-07-01,11.39107894897461,24.6875,24.75,24.375,24.5,5399400
1996-07-02,11.419917106628418,24.75,24.8125,24.5625,24.6875,4856800
1996-07-03,11.30456829071045,24.5,24.9375,24.25,24.75,5848200
1996-07-05,10.958505630493164,23.75,24.25,23.625,24.25,3621400
1996-07-08,10.929664611816406,23.6875,23.9375,23.5625,23.75,5660000
1996-07-09,10.958505630493164,23.75,24.0,23.6875,23.6875,4043200
1996-07-10,11.07386302947998,24.0,24.0,23.4375,23.75,5285200
1996-07-11,10.987340927124023,23.8125,24.0,23.5,24.0,5448600
1996-07-12,10.871993064880371,23.5625,23.875,23.5,23.8125,4802200
1996-07-15,10.49709415435791,22.75,23.5625,22.6875,23.5625,7929200
1996-07-16,10.641286849975586,23.0625,23.375,22.125,22.75,12564800
1996-07-17,10.612447738647461,23.0,23.5625,23.0,23.0625,7255400
1996-07-18,10.929664611816406,23.6875,23.75,23.1875,23.1875,5149200
1996-07-19,10.871993064880371,23.5625,23.75,23.375,23.6875,6963600
1996-07-22,10.929664611816406,23.6875,23.8125,23.3125,23.5625,4490600
1996-07-23,10.785478591918945,23.375,23.75,23.3125,23.6875,6255800
1996-07-24,10.583606719970703,22.9375,23.25,22.625,23.25,8610800
1996-07-25,10.641286849975586,23.0625,23.375,23.0,23.0,6681200
1996-07-26,10.871993064880371,23.5625,23.625,23.0625,23.0625,4899800
1996-07-29,10.670127868652344,23.125,23.5,23.0625,23.5,3789600
1996-07-30,10.698958396911621,23.1875,23.25,22.625,23.125,4923800
1996-07-31,10.814321517944336,23.4375,23.6875,23.0625,23.1875,5238200
1996-08-01,11.102696418762207,24.0625,24.0625,23.375,23.4375,6525400
1996-08-02,11.36224365234375,24.625,24.75,23.375,24.0625,6353800
1996-08-05,11.333403587341309,24.5625,24.75,24.5,24.625,3924800
1996-08-06,11.39107894897461,24.6875,24.6875,24.375,24.5625,4077000
1996-08-07,11.36224365234375,24.625,24.875,24.3125,24.6875,4535400
1996-08-08,11.30456829071045,24.5,24.6875,24.375,24.625,2899800
1996-08-09,11.2468900680542,24.375,24.6875,24.25,24.5,4218000
1996-08-12,11.477599143981934,24.875,24.875,24.375,24.375,4616400
1996-08-13,11.592947959899902,25.125,25.375,24.75,24.875,7750200
1996-08-14,11.67946720123291,25.3125,25.4375,25.0,25.125,4419800
1996-08-15,11.794806480407715,25.5625,25.75,25.3125,25.3125,5801000
1996-08-16,11.939005851745605,25.875,26.0625,25.625,25.625,7169800
1996-08-19,11.910165786743164,25.8125,26.25,25.75,25.875,4550200
1996-08-20,11.823655128479004,25.625,25.875,25.4375,25.8125,4724200
1996-08-21,11.737136840820312,25.4375,26.0,25.3125,25.625,3575600
1996-08-22,11.99667739868164,26.0,26.0,25.3125,25.4375,3359800
1996-08-23,11.852489471435547,25.6875,26.0625,25.5625,26.0,3196000
1996-08-26,11.794806480407715,25.5625,25.75,25.4375,25.6875,3537000
1996-08-27,11.910165786743164,25.8125,25.8125,25.5,25.5625,2485000
1996-08-28,11.823655128479004,25.625,26.0,25.5,25.8125,3208800
1996-08-29,11.621787071228027,25.1875,25.5625,25.0625,25.5625,5919800
1996-08-30,11.535268783569336,25.0,25.1875,24.8125,25.1875,5083800
1996-09-03,11.708300590515137,25.375,25.5625,24.75,25.0,6286800
1996-09-04,11.67946720123291,25.3125,25.625,25.0625,25.375,4924000
1996-09-05,11.535268783569336,25.0,25.375,25.0,25.3125,3127200
1996-09-06,11.838071823120117,25.65625,26.0,25.125,25.125,6239200
1996-09-09,11.939005851745605,25.875,25.9375,25.625,25.65625,4431800
1996-09-10,12.083195686340332,26.1875,26.1875,25.8125,25.875,5633400
1996-09-11,11.996469497680664,25.9375,26.125,25.875,26.125,3573400
1996-09-12,11.996469497680664,25.9375,26.375,25.9375,25.9375,3971400
1996-09-13,12.256636619567871,26.5,26.5625,26.25,26.25,5152800
1996-09-16,12.285542488098145,26.5625,26.9375,26.5,26.5,5321600
1996-09-17,12.054290771484375,26.0625,26.5625,26.0625,26.5625,5381600
1996-09-18,11.996469497680664,25.9375,26.1875,25.75,26.0625,6727200
1996-09-19,12.025379180908203,26.0,26.25,25.8125,25.9375,4955600
1996-09-20,11.823023796081543,25.5625,25.875,25.375,25.875,15474000
1996-09-23,11.823023796081543,25.5625,25.8125,25.3125,25.5625,4439000
1996-09-24,11.90975284576416,25.75,26.0625,25.4375,25.5625,6351800
1996-09-25,11.85193920135498,25.625,25.9375,25.5625,25.75,4778600
1996-09-26,11.90975284576416,25.75,26.0,25.5,25.625,4347000
1996-09-27,11.736312866210938,25.375,25.9375,25.3125,25.75,5774800
1996-09-30,11.765212059020996,25.4375,25.8125,25.3125,25.375,4200200
1996-10-01,11.591771125793457,25.0625,25.4375,24.5,25.4375,13362000
1996-10-02,11.505056381225586,24.875,25.0625,24.625,25.0625,7877600
1996-10-03,11.30269718170166,24.4375,25.0,24.375,24.875,7441200
1996-10-04,11.562864303588867,25.0,25.0625,24.4375,24.4375,8541600
1996-10-07,11.620683670043945,25.125,25.3125,25.0,25.0,5261400
1996-10-08,11.562864303588867,25.0,25.3125,24.9375,25.125,4834800
1996-10-09,11.505056381225586,24.875,25.0625,24.5,25.0,6451000
1996-10-10,11.331612586975098,24.5,24.8125,24.4375,24.8125,4148800
1996-10-11,11.505056381225586,24.875,25.0625,24.5625,24.5625,4023200
1996-10-14,11.418328285217285,24.6875,25.0625,24.5625,24.875,2867800
1996-10-15,11.273797988891602,24.375,24.625,23.8125,24.625,9967000
1996-10-16,11.215978622436523,24.25,24.375,24.0625,24.375,6003400
1996-10-17,11.389425277709961,24.625,24.875,24.0,24.25,6897400
1996-10-18,11.562864303588867,25.0,25.0625,24.6875,24.6875,6593200
1996-10-21,11.505056381225586,24.875,25.0,24.625,25.0,5343200
1996-10-22,11.591771125793457,25.0625,25.0625,24.8125,24.875,3776000
1996-10-23,11.620683670043945,25.125,25.1875,24.875,25.0625,4807200
1996-10-24,11.620683670043945,25.125,25.4375,25.0,25.125,4399800
1996-10-25,11.533956527709961,24.9375,25.1875,24.9375,25.125,3236600
1996-10-28,11.476140975952148,24.8125,25.0625,24.6875,24.9375,4773600
1996-10-29,11.505056381225586,24.875,25.1875,24.75,24.8125,5272800
1996-10-30,11.649592399597168,25.1875,25.3125,24.875,24.875,5119800
1996-10-31,11.678497314453125,25.25,25.3125,25.0625,25.1875,4855200
1996-11-01,11.620683670043945,25.125,25.375,24.8125,25.25,5650600
1996-11-04,11.736312866210938,25.375,25.4375,24.875,25.125,6481800
1996-11-05,11.90975284576416,25.75,25.75,25.5,25.5,5884200
1996-11-06,12.025379180908203,26.0,26.0,25.5625,25.75,5866000
1996-11-07,12.112099647521973,26.1875,26.1875,25.8125,26.0,4716600
1996-11-08,12.169917106628418,26.3125,26.3125,26.0625,26.1875,3525000
1996-11-11,12.025379180908203,26.0,26.3125,25.9375,26.3125,3758600
1996-11-12,11.880844116210938,25.6875,26.0,25.5625,26.0,5168400
1996-11-13,12.025379180908203,26.0,26.125,25.75,25.75,3231800
1996-11-14,12.054290771484375,26.0625,26.3125,25.9375,26.0,4485800
1996-11-15,12.198822021484375,26.375,26.5,26.25,26.25,7842600
1996-11-18,12.083199501037598,26.125,26.5,26.0625,26.375,4119400
1996-11-19,11.967568397521973,25.875,26.1875,25.75,26.125,4526400
1996-11-20,11.938657760620117,25.8125,26.0,25.8125,25.875,3913400
1996-11-21,11.70740795135498,25.3125,26.0,25.0625,25.8125,11493800
1996-11-22,11.736312866210938,25.375,25.4375,25.0,25.3125,7274000
1996-11-25,11.880844116210938,25.6875,25.71875,25.3125,25.375,6048200
1996-11-26,11.880846977233887,25.625,25.8125,25.5625,25.6875,7812400
1996-11-27,11.880846977233887,25.625,25.75,25.5625,25.625,3441400
1996-11-29,11.851862907409668,25.5625,25.6875,25.5625,25.625,1468400
1996-12-02,11.793907165527344,25.4375,25.625,25.1875,25.5625,4731200
1996-12-03,11.533114433288574,24.875,25.4375,24.875,25.4375,6703000
1996-12-04,11.504135131835938,24.8125,24.8125,24.375,24.8125,8298000
1996-12-05,11.417204856872559,24.625,24.9375,24.1875,24.8125,7557800
1996-12-06,11.359249114990234,24.5,24.625,23.8125,24.625,9673800
1996-12-09,11.64902400970459,25.125,25.125,24.5625,24.5625,5609200
1996-12-10,11.504135131835938,24.8125,25.0,24.8125,25.0,3946400
1996-12-11,11.417204856872559,24.625,24.75,24.3125,24.75,6994400
1996-12-12,11.0984468460083,23.9375,24.6875,23.875,24.625,6523800
1996-12-13,11.0984468460083,23.9375,24.125,23.4375,23.9375,8650800
1996-12-16,11.156401634216309,24.0625,24.375,24.0,24.0,6619400
1996-12-17,11.272308349609375,24.3125,24.5,23.9375,24.0625,7282400
1996-12-18,11.214360237121582,24.1875,24.5625,24.0,24.3125,4048400
1996-12-19,11.851862907409668,25.5625,25.625,23.9375,24.1875,10365800
1996-12-20,12.257551193237305,26.4375,26.625,26.125,26.125,22801800
1996-12-23,12.141643524169922,26.1875,26.5625,25.9375,26.4375,5012400
1996-12-24,12.315506935119629,26.5625,26.625,26.0625,26.1875,2368200
1996-12-26,12.344489097595215,26.625,26.8125,26.5,26.5625,3834400
1996-12-27,12.518351554870605,27.0,27.0625,26.75,26.75,3794000
1996-12-30,12.315506935119629,26.5625,27.125,26.5625,27.0,2991000
1996-12-31,12.199601173400879,26.3125,26.75,26.25,26.5625,4135400
1997-01-02,12.025729179382324,25.9375,26.25,25.5625,26.25,7161800
1997-01-03,12.315506935119629,26.5625,26.6875,26.125,26.125,5312000
1997-01-06,12.199601173400879,26.3125,26.8125,26.125,26.5625,6259600
1997-01-07,12.605294227600098,27.1875,27.1875,25.9375,26.3125,7325400
1997-01-08,12.373462677001953,26.6875,27.25,26.5625,27.1875,5712000
1997-01-09,12.489375114440918,26.9375,27.1875,26.8125,26.8125,5715000
1997-01-10,12.547329902648926,27.0625,27.0625,26.3125,26.9375,6061600
1997-01-13,12.518351554870605,27.0,27.25,26.8125,27.0625,4327400
1997-01-14,12.866084098815918,27.75,27.875,27.25,27.25,7006000
1997-01-15,13.21381950378418,28.5,28.75,27.5,27.75,9699000
1997-01-16,13.358710289001465,28.8125,28.9375,28.3125,28.5,6928200
1997-01-17,13.619507789611816,29.375,29.5625,28.75,28.8125,11371200
1997-01-20,13.619507789611816,29.375,29.9375,29.375,29.375,7465600
1997-01-21,13.822360038757324,29.8125,30.125,29.125,29.375,10445800
1997-01-22,13.764392852783203,29.6875,29.875,29.4375,29.8125,6367200
1997-01-23,13.329726219177246,28.75,29.6875,28.6875,29.6875,6414200
1997-01-24,13.24280071258545,28.5625,28.875,28.0625,28.75,10216000
1997-01-27,13.068933486938477,28.1875,28.4375,28.0,28.4375,6329200
1997-01-28,12.866084098815918,27.75,28.5625,27.5,28.1875,8533400
1997-01-29,13.097906112670898,28.25,28.25,27.8125,27.8125,7654800
1997-01-30,13.300748825073242,28.6875,28.75,28.3125,28.3125,5516800
1997-01-31,13.416665077209473,28.9375,29.25,28.5625,28.6875,8654800
1997-02-03,13.793373107910156,29.75,29.75,28.875,28.9375,7693400
1997-02-04,13.764392852783203,29.6875,29.8125,29.375,29.75,7997800
1997-02-05,13.503594398498535,29.125,29.9375,28.9375,29.6875,7809800
1997-02-06,13.38768482208252,28.875,29.25,28.8125,29.125,6090800
1997-02-07,13.503594398498535,29.125,29.1875,28.5,28.875,6966000
1997-02-10,13.503594398498535,29.125,29.8125,29.125,29.125,4787000
1997-02-11,13.735419273376465,29.625,29.625,29.125,29.125,4324600
1997-02-12,13.967233657836914,30.125,30.125,29.625,29.625,7335800
1997-02-13,14.141100883483887,30.5,30.5,30.0,30.125,7387800
1997-02-14,14.054170608520508,30.3125,30.5,30.125,30.5,5933000
1997-02-18,14.2570161819458,30.75,30.75,30.25,30.3125,5406800
1997-02-19,14.3729248046875,31.0,31.125,30.625,30.75,5995200
1997-02-20,14.199055671691895,30.625,30.9375,30.5625,30.9375,5168600
1997-02-21,14.3729248046875,31.0,31.125,30.5625,30.625,8153200
1997-02-24,14.575767517089844,31.4375,31.5,30.75,31.0,6032000
1997-02-25,14.51781177520752,31.3125,31.625,31.0625,31.4375,5326600
1997-02-26,14.141100883483887,30.5,31.25,30.25,31.25,7813600
1997-02-27,14.285996437072754,30.8125,31.0625,30.625,30.625,6025400
1997-02-28,14.141100883483887,30.5,30.875,30.3125,30.8125,5767400
1997-03-03,13.9962158203125,30.1875,30.3125,30.0,30.3125,5929600
1997-03-04,13.735419273376465,29.625,30.4375,29.625,30.1875,7598400
1997-03-05,13.967233657836914,30.125,30.1875,29.5,29.625,7617000
1997-03-06,14.112123489379883,30.4375,30.6875,30.3125,30.3125,10409400
1997-03-07,14.025184631347656,30.25,30.5625,30.25,30.4375,4057000
1997-03-10,14.170080184936523,30.5625,30.625,30.1875,30.25,6053600
1997-03-11,14.3729248046875,31.0,31.125,30.6875,30.6875,6334000
1997-03-12,14.173103332519531,30.5,30.9375,30.375,30.9375,5602800
1997-03-13,13.911718368530273,29.9375,30.25,29.875,30.25,8282200
1997-03-14,13.824589729309082,29.75,30.0625,29.625,29.9375,6156600
1997-03-17,13.9988431930542,30.125,30.125,29.375,29.75,5342800
1997-03-18,14.0278902053833,30.1875,30.3125,29.9375,30.125,5711800
1997-03-19,13.853641510009766,29.8125,30.25,29.5625,30.1875,6087200
1997-03-20,13.70840835571289,29.5,29.875,29.3125,29.8125,4601200
1997-03-21,13.940757751464844,30.0,30.125,29.625,29.625,9848000
1997-03-24,13.882682800292969,29.875,30.0625,29.4375,30.0,6487000
1997-03-25,13.824589729309082,29.75,30.1875,29.75,29.875,6652000
1997-03-26,13.621284484863281,29.3125,29.6875,29.0625,29.6875,7335200
1997-03-27,13.330852508544922,28.6875,29.5,28.3125,29.3125,9268200
1997-03-31,12.95329761505127,27.875,28.4375,27.625,28.4375,13222800
1997-04-01,13.040419578552246,28.0625,28.3125,27.5625,27.875,10285200
1997-04-02,12.95329761505127,27.875,28.375,27.75,28.0625,5577000
1997-04-03,12.86616039276123,27.6875,27.9375,27.5625,27.875,6560000
1997-04-04,13.330852508544922,28.6875,28.6875,27.5625,27.6875,6555400
1997-04-07,13.0985107421875,28.1875,28.8125,28.1875,28.6875,4746800
1997-04-08,13.18563175201416,28.375,28.5,27.8125,28.1875,4562400
1997-04-09,13.388943672180176,28.8125,28.8125,28.25,28.375,4871200
1997-04-10,13.243724822998047,28.5,28.875,28.5,28.8125,3512200
1997-04-11,12.488595962524414,26.875,28.25,26.375,28.25,9281800
1997-04-14,12.924247741699219,27.8125,27.9375,27.125,27.125,9076800
1997-04-15,13.476065635681152,29.0,29.125,28.25,28.25,9081200
1997-04-16,13.650330543518066,29.375,29.5,28.875,29.0,7066000
1997-04-17,13.592235565185547,29.25,29.6875,29.1875,29.375,6547600
1997-04-18,13.853641510009766,29.8125,29.9375,29.25,29.25,7851400
1997-04-21,13.621284484863281,29.3125,30.0,29.25,29.8125,6825800
1997-04-22,14.376411437988281,30.9375,30.9375,29.5,29.5,10975200
1997-04-23,13.9988431930542,30.125,30.9375,29.9375,30.9375,7897400
1997-04-24,13.940757751464844,30.0,30.5,29.875,30.125,4965000
1997-04-25,13.73746109008789,29.5625,30.0625,29.5,30.0,3983000
1997-04-28,14.202147483825684,30.5625,30.5625,29.4375,29.5625,4662200
1997-04-29,14.550666809082031,31.3125,31.375,30.75,30.75,8004600
1997-04-30,14.783016204833984,31.8125,31.875,31.125,31.3125,8171000
1997-05-01,14.434504508972168,31.0625,31.5625,31.0625,31.5625,6145400
1997-05-02,14.870142936706543,32.0,32.125,31.1875,31.1875,5663200
1997-05-05,15.334837913513184,33.0,33.0,32.0,32.0,7260200
1997-05-06,15.451008796691895,33.25,33.5625,32.8125,33.0,10744400
1997-05-07,15.189621925354004,32.6875,33.25,32.625,33.25,6473600
1997-05-08,15.015363693237305,32.3125,33.0625,32.3125,32.6875,8315800
1997-05-09,15.189621925354004,32.6875,32.8125,32.125,32.3125,6832400
1997-05-12,15.451008796691895,33.25,33.375,32.6875,32.6875,5201600
1997-05-13,15.451008796691895,33.25,33.375,32.8125,33.25,5670800
1997-05-14,15.567176818847656,33.5,33.75,33.375,33.375,5574600
1997-05-15,15.770484924316406,33.9375,34.0,33.25,33.5,4740400
1997-05-16,15.538146018981934,33.4375,34.1875,33.375,33.9375,9446000
1997-05-19,15.799529075622559,34.0,34.1875,33.625,33.625,5010000
1997-05-20,15.886655807495117,34.1875,34.25,33.75,34.0,5029600
1997-05-21,15.654309272766113,33.6875,34.375,33.5625,34.1875,6042600
1997-05-22,15.451008796691895,33.25,33.8125,33.1875,33.6875,4778200
1997-05-23,15.828568458557129,34.0625,34.1875,33.4375,33.4375,3512600
1997-05-27,15.915706634521484,34.25,34.5,33.4375,34.0625,6125800
1997-05-28,15.625265121459961,33.625,34.125,33.5,34.125,4731400
1997-05-29,15.683353424072266,33.75,33.75,33.4375,33.625,3060200
1997-05-30,15.915706634521484,34.25,34.3125,33.5,33.75,4255600
1997-06-02,15.71239948272705,33.8125,34.1875,33.75,34.1875,3519200
1997-06-03,15.770484924316406,33.9375,34.1875,33.5625,33.8125,4326200
1997-06-04,15.480049133300781,33.3125,33.9375,33.3125,33.9375,5249800
1997-06-05,15.451008796691895,33.25,33.5625,33.0625,33.3125,5899200
1997-06-06,15.741440773010254,33.875,34.0,33.3125,33.3125,4925600
1997-06-09,15.915706634521484,34.25,34.25,33.9375,33.9375,4292200
1997-06-10,15.886655807495117,34.1875,34.625,34.0625,34.25,5444600
1997-06-11,15.919260025024414,34.1875,34.5,34.0625,34.1875,4033200
1997-06-12,16.297592163085938,35.0,35.0,34.625,34.625,6430400
1997-06-13,16.734140396118164,35.9375,36.0625,35.1875,35.1875,8388800
1997-06-16,16.675935745239258,35.8125,36.3125,35.8125,35.9375,5651000
1997-06-17,16.675935745239258,35.8125,35.9375,35.375,35.8125,5209400
1997-06-18,16.617717742919922,35.6875,36.125,35.625,35.8125,5276800
1997-06-19,16.646821975708008,35.75,36.0,35.4375,35.6875,6765000
1997-06-20,16.617717742919922,35.6875,35.875,35.5625,35.75,10990600
1997-06-23,16.2393856048584,34.875,35.625,34.8125,35.625,4148600
1997-06-24,16.3703556060791,35.15625,35.25,34.625,34.875,6552200
1997-06-25,16.166635513305664,34.71875,35.46875,34.3125,35.15625,5855200
1997-06-26,16.26849365234375,34.9375,35.125,34.65625,34.71875,4747200
1997-06-27,16.530406951904297,35.5,35.59375,34.96875,34.96875,5457400
1997-06-30,15.831948280334473,34.0,35.53125,33.5390625,35.5,8405600
1997-07-01,15.97746753692627,34.3125,34.75,33.9375,34.0,11291400
1997-07-02,16.399456024169922,35.21875,35.21875,34.0625,34.3125,7417800
1997-07-03,16.472213745117188,35.375,35.75,35.3125,35.3125,4004000
1997-07-07,16.26849365234375,34.9375,35.71875,34.78125,35.375,6065200
1997-07-08,16.428552627563477,35.28125,35.28125,34.625,34.9375,5503200
1997-07-09,16.152074813842773,34.6875,35.375,34.53125,35.28125,6557600
1997-07-10,16.21027946472168,34.8125,35.1875,34.46875,34.6875,5044800
1997-07-11,16.253931045532227,34.90625,35.03125,34.78125,34.8125,3087400
1997-07-14,16.2393856048584,34.875,35.0625,34.5625,34.90625,3563400
1997-07-15,16.326698303222656,35.0625,35.09375,34.625,34.875,5041400
1997-07-16,16.501310348510742,35.4375,35.75,35.03125,35.0625,5546200
1997-07-17,16.26849365234375,34.9375,35.96875,34.53125,35.4375,7063600
1997-07-18,16.12297821044922,34.625,34.90625,34.53125,34.90625,9139600
1997-07-21,15.904706001281738,34.15625,34.4375,33.875,34.4375,6144800
1997-07-22,16.326698303222656,35.0625,35.125,34.40625,34.40625,8252800
1997-07-23,16.07931900024414,34.53125,35.375,34.5,35.0625,6741600
1997-07-24,16.341251373291016,35.09375,35.21875,34.21875,34.53125,6158800
1997-07-25,16.326698303222656,35.0625,35.46875,34.9375,35.09375,5221000
1997-07-28,16.224830627441406,34.84375,35.21875,34.6875,35.0625,3888000
1997-07-29,16.224830627441406,34.84375,35.0,34.375,34.84375,5037800
1997-07-30,16.26849365234375,34.9375,35.09375,34.65625,34.84375,4879000
1997-07-31,16.0938777923584,34.5625,34.96875,34.4375,34.9375,6088000
1997-08-01,15.97746753692627,34.3125,35.0,34.125,34.5625,7182200
1997-08-04,16.050214767456055,34.46875,34.625,34.0625,34.3125,4070000
1997-08-05,15.831948280334473,34.0,34.40625,34.0,34.40625,4023600
1997-08-06,15.861047744750977,34.0625,34.3125,33.71875,34.0,7832200
1997-08-07,15.497262954711914,33.28125,33.96875,33.28125,33.96875,7551600
1997-08-08,14.595067024230957,31.34375,32.875,31.34375,32.875,18877800
1997-08-11,14.376802444458008,30.875,31.75,29.8125,31.34375,25320000
1997-08-12,14.187636375427246,30.46875,31.125,30.3125,30.875,14184800
1997-08-13,14.071228981018066,30.21875,31.09375,29.9375,30.46875,14515800
1997-08-14,13.983915328979492,30.03125,30.53125,29.75,30.21875,10822200
1997-08-15,13.67833423614502,29.375,29.96875,29.03125,29.96875,12587600
1997-08-18,14.056670188903809,30.1875,30.1875,29.03125,29.375,12737600
1997-08-19,14.158530235290527,30.40625,30.46875,30.1875,30.1875,10347800
1997-08-20,14.318595886230469,30.75,30.90625,30.25,30.40625,9331400
1997-08-21,14.100327491760254,30.28125,30.8125,29.96875,30.75,8738400
1997-08-22,14.129430770874023,30.34375,30.34375,29.4375,30.28125,7904800
1997-08-25,13.896605491638184,29.84375,30.625,29.71875,30.34375,5655800
1997-08-26,13.736536026000977,29.5,30.0,29.5,29.84375,6479800
1997-08-27,13.649235725402832,29.3125,29.5,28.59375,29.5,10290200
1997-08-28,13.561922073364258,29.125,29.40625,28.5625,29.3125,9693800
1997-08-29,13.343653678894043,28.65625,29.125,28.625,29.125,9787600
1997-09-02,13.940261840820312,29.9375,29.96875,28.5,28.65625,9126200
1997-09-03,13.736536026000977,29.5,30.15625,29.5,29.9375,7742000
1997-09-04,13.882060050964355,29.8125,29.875,29.15625,29.5,7006200
1997-09-05,13.940261840820312,29.9375,30.3125,29.8125,29.8125,7411800
1997-09-08,13.76564884185791,29.5625,30.3125,29.5625,29.9375,5261200
1997-09-09,13.67833423614502,29.375,29.65625,29.15625,29.5625,8264600
1997-09-10,13.416406631469727,28.8125,29.59375,28.78125,29.375,6071800
1997-09-11,13.0989990234375,28.0625,28.75,27.6875,28.75,15022400
1997-09-12,13.31779670715332,28.53125,28.625,27.53125,28.0625,13883800
1997-09-15,13.43449878692627,28.78125,29.03125,28.53125,28.53125,7217600
1997-09-16,13.828343391418457,29.625,30.0625,28.96875,28.96875,9876400
1997-09-17,13.784585952758789,29.53125,29.96875,29.40625,29.625,6530000
1997-09-18,13.726237297058105,29.40625,29.65625,29.25,29.53125,7354800
1997-09-19,13.813753128051758,29.59375,29.59375,29.0625,29.40625,10150800
1997-09-22,13.966920852661133,29.921875,30.09375,29.8125,29.8125,5835000
1997-09-23,13.945043563842773,29.875,30.09375,29.6875,29.921875,4942000
1997-09-24,14.149251937866211,30.3125,30.5625,29.875,29.875,9592800
1997-09-25,14.295123100280762,30.625,31.03125,30.21875,30.3125,10278200
1997-09-26,14.45557689666748,30.96875,30.96875,30.71875,30.71875,5492200
1997-09-29,14.601445198059082,31.28125,31.5625,31.15625,31.15625,8656800
1997-09-30,14.236773490905762,30.5,31.25,30.4375,31.25,6843200
1997-10-01,14.45557689666748,30.96875,30.96875,30.5,30.5,6044800
1997-10-02,14.6743803024292,31.4375,31.4375,30.875,30.96875,6401600
1997-10-03,14.557695388793945,31.1875,31.84375,30.5625,31.4375,8069800
1997-10-06,14.6743803024292,31.4375,31.65625,31.375,31.375,4511000
1997-10-07,14.893184661865234,31.90625,32.125,31.5,31.5,6927400
1997-10-08,14.645200729370117,31.375,32.0625,31.25,31.90625,6040800
1997-10-09,14.426401138305664,30.90625,31.125,30.78125,31.125,5424000
1997-10-10,14.397229194641113,30.84375,30.9375,30.4375,30.90625,3591200
1997-10-13,14.309700965881348,30.65625,30.8125,30.59375,30.8125,3216400
1997-10-14,14.178431510925293,30.375,31.09375,30.1875,30.65625,6600200
1997-10-15,13.959622383117676,29.90625,30.28125,29.8125,30.28125,6319200
1997-10-16,13.755409240722656,29.46875,30.46875,29.28125,29.90625,7278600
1997-10-17,13.653299331665039,29.25,29.5625,28.53125,29.46875,11165600
1997-10-20,13.726237297058105,29.40625,29.5625,28.75,29.25,8186800
1997-10-21,14.003379821777344,30.0,30.0625,29.34375,29.40625,6119400
1997-10-22,13.84292984008789,29.65625,30.09375,29.4375,30.0,4598200
1997-10-23,13.463676452636719,28.84375,29.1875,28.40625,29.1875,13684000
1997-10-24,12.953130722045898,27.75,29.59375,27.5625,28.84375,15190400
1997-10-27,12.500941276550293,26.78125,28.4375,26.5625,27.75,16333400
1997-10-28,13.47826099395752,28.875,28.96875,25.0,26.78125,25395200
1997-10-29,13.332392692565918,28.5625,29.46875,28.21875,28.875,14566400
1997-10-30,13.069826126098633,28.0,29.3125,28.0,28.5625,9341400
1997-10-31,13.215694427490234,28.3125,28.8125,28.15625,28.15625,8183600
1997-11-03,13.594955444335938,29.125,29.21875,28.5,28.5,6505000
1997-11-04,13.551196098327637,29.03125,29.09375,28.59375,29.09375,6270600
1997-11-05,13.449084281921387,28.8125,29.34375,28.75,29.03125,5635600
1997-11-06,13.50743579864502,28.9375,29.15625,28.53125,28.8125,6092000
1997-11-07,13.303221702575684,28.5,28.71875,27.96875,28.71875,7584800
1997-11-10,13.011480331420898,27.875,28.71875,27.8125,28.5,6303800
1997-11-11,13.2011137008667,28.28125,28.40625,28.0,28.0,4647200
1997-11-12,13.171934127807617,28.21875,28.8125,28.03125,28.28125,7542400
1997-11-13,13.405328750610352,28.71875,28.8125,28.375,28.375,7904800
1997-11-14,13.43449878692627,28.78125,28.90625,28.25,28.71875,6647400
1997-11-17,13.915870666503906,29.8125,30.0625,29.125,29.125,8549800
1997-11-18,13.945043563842773,29.875,30.28125,29.625,29.8125,7615600
1997-11-19,14.499340057373047,31.0625,31.0625,29.75,29.875,10506400
1997-11-20,14.8202543258667,31.75,31.90625,31.3125,31.3125,10096600
1997-11-21,14.878597259521484,31.875,31.875,31.21875,31.75,9488000
1997-11-24,14.601445198059082,31.28125,31.78125,31.28125,31.78125,6105200
1997-11-25,14.966119766235352,32.0625,32.15625,31.34375,31.34375,7393200
1997-11-26,14.589543342590332,31.1875,32.03125,31.1875,32.03125,6400400
1997-11-28,14.61877727508545,31.25,31.5,31.21875,31.21875,1953200
1997-12-01,15.101197242736816,32.28125,32.375,31.28125,31.28125,7679400
1997-12-02,15.408191680908203,32.9375,33.09375,32.46875,32.46875,11096000
1997-12-03,15.393573760986328,32.90625,33.0625,32.40625,32.9375,6606400
1997-12-04,15.159672737121582,32.40625,33.0,32.25,32.90625,6271800
1997-12-05,15.452041625976562,33.03125,33.25,32.375,32.40625,5987400
1997-12-08,14.867295265197754,31.78125,32.875,31.5,32.875,10053200
1997-12-09,14.881915092468262,31.8125,31.96875,31.4375,31.78125,6445200
1997-12-10,14.940387725830078,31.9375,32.0625,31.46875,31.8125,6047600
1997-12-11,14.881915092468262,31.8125,32.0625,31.59375,31.9375,6752200
1997-12-12,15.188898086547852,32.46875,32.65625,31.9375,31.9375,6554600
1997-12-15,15.408191680908203,32.9375,33.15625,32.5,32.5,7177200
1997-12-16,15.36433219909668,32.84375,33.09375,32.53125,32.9375,4456200
1997-12-17,15.408191680908203,32.9375,33.15625,32.6875,32.84375,4877400
1997-12-18,15.028107643127441,32.125,33.1875,32.09375,32.9375,7065800
1997-12-19,15.305851936340332,32.71875,32.90625,31.125,32.125,15696800
1997-12-22,15.452041625976562,33.03125,33.34375,32.5625,32.71875,7435400
1997-12-23,15.20351791381836,32.5,33.03125,32.40625,33.03125,4260800
1997-12-24,15.11581802368164,32.3125,32.5625,32.1875,32.5,2728200
1997-12-26,15.057333946228027,32.1875,32.65625,32.1875,32.3125,1067400
1997-12-29,15.510516166687012,33.15625,33.1875,32.65625,32.65625,3854800
1997-12-30,15.685938835144043,33.53125,33.59375,33.28125,33.28125,4494400
1997-12-31,15.598240852355957,33.34375,33.46875,33.09375,33.46875,3640600
1998-01-02,15.656707763671875,33.46875,33.5,32.96875,33.34375,5443200
1998-01-05,15.539762496948242,33.21875,33.4375,32.625,33.4375,7691600
1998-01-06,15.466663360595703,33.0625,33.3125,32.90625,33.21875,5448200
1998-01-07,15.481285095214844,33.09375,33.09375,32.5625,33.0625,5357200
1998-01-08,15.583612442016602,33.3125,33.5,32.875,33.09375,6323800
1998-01-09,14.99886703491211,32.0625,33.34375,32.03125,33.3125,8747200
1998-01-12,15.452041625976562,33.03125,33.09375,31.125,32.0625,8895200
1998-01-13,15.291241645812988,32.6875,33.09375,32.3125,33.03125,6400000
1998-01-14,15.11581802368164,32.3125,32.625,32.125,32.625,5673200
1998-01-15,14.911151885986328,31.875,32.21875,31.78125,32.21875,4166800
1998-01-16,15.20351791381836,32.5,32.59375,32.15625,32.15625,8217000
1998-01-20,15.422810554504395,32.96875,32.96875,32.53125,32.53125,4942000
1998-01-21,15.320473670959473,32.75,32.96875,32.5,32.96875,4477400
1998-01-22,15.305851936340332,32.71875,33.0,32.34375,32.75,5446400
1998-01-23,14.925765991210938,31.90625,32.8125,31.8125,32.71875,5033800
1998-01-26,14.750347137451172,31.53125,32.15625,31.21875,31.90625,5051800
1998-01-27,14.794200897216797,31.625,32.0625,31.40625,31.53125,5669200
1998-01-28,14.99886703491211,32.0625,32.375,31.1875,31.625,10064600
1998-01-29,15.145047187805176,32.375,32.78125,32.09375,32.09375,6681000
1998-01-30,15.145047187805176,32.375,32.5,32.25,32.375,4994800
1998-02-02,15.598240852355957,33.34375,33.5625,32.625,32.625,10112200
1998-02-03,15.788280487060547,33.75,33.8125,33.25,33.34375,7294600
1998-02-04,15.685938835144043,33.53125,33.71875,33.375,33.71875,5980800
1998-02-05,15.802899360656738,33.78125,33.8125,33.40625,33.53125,7490600
1998-02-06,15.71518325805664,33.59375,34.03125,33.59375,33.78125,4298600
1998-02-09,15.759038925170898,33.6875,33.71875,33.5,33.59375,3552000
1998-02-10,15.890608787536621,33.96875,34.1875,33.6875,33.6875,5323400
1998-02-11,16.109895706176758,34.4375,34.4375,33.90625,33.96875,4338000
1998-02-12,16.197608947753906,34.625,34.78125,33.96875,34.4375,5871600
1998-02-13,16.036785125732422,34.28125,34.59375,34.125,34.59375,4396200
1998-02-17,16.022180557250977,34.25,34.625,34.09375,34.28125,4680800
1998-02-18,16.16836929321289,34.5625,34.90625,34.0625,34.25,4588800
1998-02-19,16.08064842224121,34.375,34.5,34.21875,34.5,3483200
1998-02-20,16.27069854736328,34.78125,34.84375,34.25,34.375,5884200
1998-02-23,16.182979583740234,34.59375,34.875,34.3125,34.78125,4430200
1998-02-24,15.978325843811035,34.15625,34.53125,34.03125,34.53125,4511200
1998-02-25,16.051422119140625,34.3125,34.53125,34.21875,34.21875,3796400
1998-02-26,16.109895706176758,34.4375,34.625,34.1875,34.3125,2958600
1998-02-27,16.051422119140625,34.3125,34.46875,34.15625,34.4375,3544200
1998-03-02,15.905221939086914,34.0,34.34375,33.96875,34.3125,5421800
1998-03-03,15.949089050292969,34.09375,34.125,33.78125,34.0,3897800
1998-03-04,16.08064842224121,34.375,34.375,33.8125,34.09375,5010400
1998-03-05,16.212221145629883,34.65625,34.90625,34.1875,34.375,7645400
1998-03-06,16.48998260498047,35.25,35.375,34.78125,34.78125,9568800
1998-03-09,16.9724063873291,36.28125,36.59375,35.25,35.25,9636000
1998-03-10,16.98702049255371,36.3125,36.46875,36.28125,36.28125,5093400
1998-03-11,16.97823143005371,36.21875,36.25,35.9375,36.25,4748400
1998-03-12,16.787792205810547,35.8125,36.21875,35.8125,36.21875,4878600
1998-03-13,16.538753509521484,35.28125,36.0,35.1875,35.8125,4027200
1998-03-16,16.817089080810547,35.875,36.09375,35.40625,35.40625,4828000
1998-03-17,16.97823143005371,36.21875,36.21875,35.6875,35.875,4683000
1998-03-18,17.534894943237305,37.40625,37.5,36.125,36.21875,8973400
1998-03-19,17.564197540283203,37.46875,37.625,37.125,37.40625,5914400
1998-03-20,18.164798736572266,38.75,38.75,37.46875,37.46875,10567600
1998-03-23,17.783920288085938,37.9375,38.3125,37.625,38.3125,7623200
1998-03-24,17.81321907043457,38.0,38.375,37.71875,37.9375,5543200
1998-03-25,17.857162475585938,38.09375,38.1875,37.71875,38.0,5285200
1998-03-26,17.915761947631836,38.21875,38.46875,37.65625,38.09375,4528000
1998-03-27,17.593486785888672,37.53125,38.25,37.4375,38.21875,5057400
1998-03-30,18.3698787689209,39.1875,39.65625,38.15625,38.15625,10732000
1998-03-31,18.150157928466797,38.71875,39.34375,38.5625,39.1875,6896200
1998-04-01,18.89724349975586,40.3125,40.34375,38.71875,38.71875,8855000
1998-04-02,19.014450073242188,40.5625,40.6875,39.90625,40.3125,6690000
1998-04-03,18.85330581665039,40.21875,40.5625,39.90625,40.5625,6801200
1998-04-06,18.57497215270996,39.625,40.65625,39.625,40.21875,7718800
1998-04-07,18.516386032104492,39.5,39.5625,38.96875,39.5625,6177200
1998-04-08,18.296640396118164,39.03125,39.65625,38.625,39.5,5503200
1998-04-09,18.413841247558594,39.28125,39.4375,38.90625,39.03125,3912000
1998-04-13,18.223400115966797,38.875,39.15625,38.4375,39.15625,5482600
1998-04-14,18.238052368164062,38.90625,39.0,38.40625,38.875,4980600
1998-04-15,17.97435760498047,38.34375,39.0,37.8125,38.90625,6630600
1998-04-16,17.534894943237305,37.40625,38.46875,36.9375,38.34375,7165000
1998-04-17,18.003662109375,38.40625,38.5,36.84375,37.40625,8330600
1998-04-20,17.652082443237305,37.65625,38.5625,37.5,38.40625,6923400
1998-04-21,17.505584716796875,37.34375,37.875,37.09375,37.65625,5545200
1998-04-22,17.754634857177734,37.875,38.25,37.0,37.34375,6809400
1998-04-23,17.520238876342773,37.375,37.8125,37.21875,37.8125,5773000
1998-04-24,17.256555557250977,36.8125,37.46875,36.5,37.375,4950200
1998-04-27,16.963586807250977,36.1875,36.71875,35.9375,36.71875,6224600
1998-04-28,16.97823143005371,36.21875,37.03125,36.21875,36.21875,5871600
1998-04-29,17.271207809448242,36.84375,37.1875,36.3125,36.3125,5490400
1998-04-30,17.783920288085938,37.9375,38.03125,37.09375,37.09375,5719200
1998-05-01,17.857162475585938,38.09375,38.15625,37.53125,37.9375,4886600
1998-05-04,17.871816635131836,38.125,38.40625,38.0625,38.09375,4467400
1998-05-05,17.82787322998047,38.03125,38.125,37.40625,38.125,3733400
1998-05-06,17.81321907043457,38.0,38.3125,37.8125,38.03125,4714200
1998-05-07,17.73997688293457,37.84375,38.125,37.6875,38.0,5112200
1998-05-08,17.915761947631836,38.21875,38.75,37.875,37.875,5470000
1998-05-11,18.150157928466797,38.71875,38.96875,38.4375,38.4375,5788400
1998-05-12,18.223400115966797,38.875,38.9375,38.375,38.71875,4218400
1998-05-13,18.106199264526367,38.625,39.09375,38.5,38.875,4853800
1998-05-14,18.223400115966797,38.875,39.21875,38.4375,38.625,4586200
1998-05-15,18.018312454223633,38.4375,39.125,38.375,38.875,5917800
1998-05-18,18.135496139526367,38.6875,38.875,38.4375,38.4375,4417000
1998-05-19,18.296640396118164,39.03125,39.1875,38.8125,38.8125,4154400
1998-05-20,18.706811904907227,39.90625,39.9375,38.90625,39.03125,5574400
1998-05-21,18.61891746520996,39.71875,40.46875,39.625,39.90625,6537400
1998-05-22,18.47243881225586,39.40625,39.875,39.15625,39.71875,3618600
1998-05-26,18.135496139526367,38.6875,39.5,38.6875,39.40625,4409400
1998-05-27,18.340593338012695,39.125,39.125,38.25,38.6875,6239800
1998-05-28,18.501728057861328,39.46875,39.59375,38.875,39.125,4448800
1998-05-29,18.3698787689209,39.1875,39.84375,39.1875,39.46875,5249000
1998-06-01,18.633567810058594,39.75,39.875,39.21875,39.21875,4791800
1998-06-02,18.662866592407227,39.8125,40.09375,39.59375,39.75,6249600
1998-06-03,18.61891746520996,39.71875,39.96875,39.625,39.8125,4311200
1998-06-04,18.79470443725586,40.09375,40.1875,39.3125,39.71875,5252800
1998-06-05,19.234180450439453,41.03125,41.03125,40.03125,40.09375,6399000
1998-06-08,18.999797821044922,40.53125,41.375,40.40625,41.03125,5750800
1998-06-09,19.131629943847656,40.8125,41.21875,40.375,40.53125,4434600
1998-06-10,19.043746948242188,40.625,41.125,40.40625,40.8125,4824600
1998-06-11,18.712064743041992,39.84375,40.65625,39.78125,40.625,4921800
1998-06-12,18.946889877319336,40.34375,40.5,39.625,39.84375,6615600
1998-06-15,18.624006271362305,39.65625,40.59375,39.65625,40.34375,7135400
1998-06-16,18.550626754760742,39.5,39.5625,38.875,39.5625,8235400
1998-06-17,18.858821868896484,40.15625,40.84375,39.4375,39.5,9051800
1998-06-18,19.108318328857422,40.6875,40.8125,40.0625,40.15625,5445800
1998-06-19,18.87350082397461,40.1875,40.84375,39.96875,40.6875,9234000
1998-06-22,19.04961395263672,40.5625,40.9375,40.09375,40.1875,4806400
1998-06-23,19.38716697692871,41.28125,41.375,40.40625,40.5625,6769400
1998-06-24,19.754058837890625,42.0625,42.1875,41.0,41.28125,6937600
1998-06-25,19.9301815032959,42.4375,43.25,41.90625,42.0625,9885000
1998-06-26,20.15032196044922,42.90625,43.09375,42.375,42.4375,8196000
1998-06-29,20.194351196289062,43.0,43.40625,42.96875,42.96875,5139000
1998-06-30,20.07693862915039,42.75,43.09375,42.53125,43.0,5523000
1998-07-01,20.135650634765625,42.875,42.90625,42.375,42.75,4725000
1998-07-02,20.047595977783203,42.6875,42.78125,42.53125,42.78125,3156400
1998-07-06,20.37046241760254,43.375,43.5625,42.5,42.6875,4839200
1998-07-07,20.179670333862305,42.96875,43.8125,42.875,43.375,5350400
1998-07-08,20.473194122314453,43.59375,43.6875,42.84375,42.96875,3905800
1998-07-09,20.35578727722168,43.34375,43.65625,42.75,43.59375,5358600
1998-07-10,20.473194122314453,43.59375,43.96875,43.09375,43.34375,4149800
1998-07-13,20.399822235107422,43.4375,43.875,43.15625,43.59375,4086800
1998-07-14,20.649311065673828,43.96875,44.0625,43.34375,43.4375,4133400
1998-07-15,20.61996841430664,43.90625,44.46875,43.84375,43.96875,4610600
1998-07-16,20.473194122314453,43.59375,43.75,43.0,43.75,7432400
1998-07-17,20.223703384399414,43.0625,43.5,43.03125,43.5,4504600
1998-07-20,19.856794357299805,42.28125,43.0625,42.09375,43.0625,4772200
1998-07-21,19.783418655395508,42.125,42.5,42.0625,42.28125,5066000
1998-07-22,19.695371627807617,41.9375,42.21875,41.75,42.125,6065000
1998-07-23,19.489896774291992,41.5,42.3125,41.5,41.9375,5557200
1998-07-24,19.59263038635254,41.71875,42.125,41.40625,41.5,5388400
1998-07-27,19.94485855102539,42.46875,42.875,41.25,41.71875,5778200
1998-07-28,19.57795524597168,41.6875,42.1875,41.03125,42.1875,7995600
1998-07-29,19.22573471069336,40.9375,41.8125,40.53125,41.6875,5920800
1998-07-30,19.431194305419922,41.375,42.0,41.0625,41.0625,5448400
1998-07-31,18.90285301208496,40.25,41.59375,39.6875,41.375,7155400
1998-08-03,19.28443145751953,41.0625,41.8125,40.25,40.25,7708600
1998-08-04,18.462575912475586,39.3125,41.03125,39.3125,41.03125,10426400
1998-08-05,18.87350082397461,40.1875,40.625,38.8125,39.3125,10670800
1998-08-06,19.16701316833496,40.8125,41.09375,39.9375,40.1875,7165400
1998-08-07,18.8881778717041,40.21875,40.96875,39.625,40.8125,7050600
1998-08-10,18.81479263305664,40.0625,40.8125,39.8125,40.21875,5342400
1998-08-11,18.668033599853516,39.75,39.8125,39.125,39.8125,9676400
1998-08-12,18.712064743041992,39.84375,39.96875,39.21875,39.75,7563600
1998-08-13,18.491918563842773,39.375,39.90625,38.9375,39.84375,7293000
1998-08-14,18.036958694458008,38.40625,39.59375,37.78125,39.375,8536600
1998-08-17,18.565309524536133,39.53125,39.6875,37.875,38.40625,6840800
1998-08-18,18.565309524536133,39.53125,39.71875,39.0625,39.53125,6955000
1998-08-19,18.477231979370117,39.34375,39.53125,39.03125,39.53125,6990000
1998-08-20,18.65334701538086,39.71875,40.0625,39.09375,39.34375,6390800
1998-08-21,18.624006271362305,39.65625,39.8125,38.40625,39.71875,9367000
1998-08-24,18.6973819732666,39.8125,40.15625,39.6875,39.6875,7309600
1998-08-25,18.81479263305664,40.0625,40.71875,39.5625,39.8125,8049000
1998-08-26,18.594654083251953,39.59375,40.09375,39.15625,40.0625,7588200
1998-08-27,17.552648544311523,37.375,38.34375,37.3125,38.34375,14306800
1998-08-28,17.0830135345459,36.375,37.59375,36.03125,37.375,11394400
1998-08-31,15.292525291442871,32.5625,36.625,32.53125,36.375,17622600
1998-09-01,16.026325225830078,34.125,34.9375,32.875,32.875,21049400
1998-09-02,15.087065696716309,32.125,34.3125,32.0625,34.125,13993000
1998-09-03,14.544042587280273,30.96875,31.5625,30.40625,31.5625,16590400
1998-09-04,14.588072776794434,31.0625,31.8125,29.9375,30.96875,11775400
1998-09-08,14.910943984985352,31.75,32.5,30.96875,31.0625,12435000
1998-09-09,14.705482482910156,31.3125,32.4375,31.3125,31.75,9759000
1998-09-10,14.294543266296387,30.4375,30.75,30.09375,30.75,8980000
1998-09-11,14.697661399841309,31.21875,31.5,30.03125,30.4375,10586400
1998-09-14,14.903644561767578,31.65625,32.34375,31.53125,31.53125,9153400
1998-09-15,14.403421401977539,30.59375,31.4375,30.3125,31.4375,9017400
1998-09-16,14.697661399841309,31.21875,31.25,30.25,30.59375,11189800
1998-09-17,14.315146446228027,30.40625,30.875,30.09375,30.875,8112600
1998-09-18,14.447556495666504,30.6875,30.84375,30.0625,30.40625,11760200
1998-09-21,13.932624816894531,29.59375,30.46875,29.53125,30.46875,9576600
1998-09-22,13.270562171936035,28.1875,30.0,28.0,29.59375,18296200
1998-09-23,13.65307903289795,29.0,29.84375,28.3125,28.3125,19143800
1998-09-24,13.34412956237793,28.34375,29.125,27.8125,29.0,13441200
1998-09-25,13.226426124572754,28.09375,28.3125,26.8125,28.3125,22417400
1998-09-28,13.47653579711914,28.625,28.75,27.875,28.09375,10600400
1998-09-29,13.814920425415039,29.34375,29.6875,28.71875,28.71875,11792600
1998-09-30,13.564815521240234,28.8125,29.375,28.65625,29.34375,8855600
1998-10-01,13.241144180297852,28.125,28.5625,27.6875,28.5625,10727400
1998-10-02,13.873771667480469,29.46875,29.75,27.78125,28.125,9135000
1998-10-05,14.462265014648438,30.71875,31.125,29.28125,29.46875,13577600
1998-10-06,14.78593635559082,31.40625,32.03125,30.625,30.71875,11782600
1998-10-07,14.903644561767578,31.65625,32.40625,31.125,31.40625,14195000
1998-10-08,15.18317699432373,32.25,32.8125,31.3125,31.65625,19223400
1998-10-09,15.021336555480957,31.90625,32.6875,31.375,32.25,12344200
1998-10-12,14.75651741027832,31.34375,32.4375,31.28125,31.90625,6925600
1998-10-13,15.065470695495605,32.0,32.28125,31.25,31.34375,6529800
1998-10-14,15.153749465942383,32.1875,32.875,31.65625,32.0,7365000
1998-10-15,15.889376640319824,33.75,34.0625,31.8125,32.1875,9293400
1998-10-16,16.286602020263672,34.59375,34.71875,33.78125,33.78125,12202000
1998-10-19,16.0953426361084,34.1875,34.65625,34.15625,34.59375,5674200
1998-10-20,15.786368370056152,33.53125,35.03125,33.46875,34.1875,9094600
1998-10-21,15.771666526794434,33.5,33.84375,33.25,33.53125,6495200
1998-10-22,16.271894454956055,34.5625,34.8125,33.125,33.5,5868600
1998-10-23,16.536705017089844,35.125,35.125,34.40625,34.5625,5981000
1998-10-26,16.44844627380371,34.9375,35.3125,34.59375,35.125,5451200
1998-10-27,16.007062911987305,34.0,35.28125,33.8125,34.9375,5916400
1998-10-28,15.904085159301758,33.78125,34.3125,33.75,34.0,4026400
1998-10-29,15.962928771972656,33.90625,33.96875,32.9375,33.78125,7195600
1998-10-30,15.904085159301758,33.78125,34.25,33.34375,33.90625,6692400
1998-11-02,16.7132625579834,35.5,35.75,34.03125,34.03125,9283200
1998-11-03,17.169342041015625,36.46875,36.875,35.1875,35.5,8025800
1998-11-04,16.97808074951172,36.0625,36.71875,35.625,36.46875,7711200
1998-11-05,17.110496520996094,36.34375,36.375,35.1875,36.0625,6525200
1998-11-06,17.09578514099121,36.3125,36.4375,35.84375,36.34375,4482200
1998-11-09,16.84566879272461,35.78125,36.28125,35.3125,36.28125,5172600
1998-11-10,16.97808074951172,36.0625,36.28125,35.375,35.78125,4875200
1998-11-11,16.801523208618164,35.6875,35.8125,35.0,35.8125,4811800
1998-11-12,16.61027717590332,35.28125,35.46875,35.09375,35.46875,3060800
1998-11-13,16.41901969909668,34.875,35.4375,34.65625,35.28125,4091800
1998-11-16,16.477863311767578,35.0,35.21875,34.3125,34.875,5620600
1998-11-17,16.521995544433594,35.09375,35.96875,35.03125,35.03125,5343400
1998-11-18,16.698549270629883,35.46875,35.5,34.8125,35.09375,4803200
1998-11-19,16.801523208618164,35.6875,36.15625,35.4375,35.46875,5638400
1998-11-20,17.139925003051758,36.40625,36.4375,35.8125,35.8125,7155000
1998-11-23,17.75783348083496,37.71875,37.71875,36.4375,36.4375,7152400
1998-11-24,17.3017520904541,36.75,37.65625,36.59375,37.65625,5388600
1998-11-25,17.257617950439453,36.65625,37.0625,36.4375,36.75,3677600
1998-11-27,16.909698486328125,35.84375,36.4375,35.78125,36.4375,2473200
1998-11-30,16.52639389038086,35.03125,35.625,34.875,35.625,5605600
1998-12-01,16.482158660888672,34.9375,35.25,34.5625,35.03125,5802800
1998-12-02,16.408445358276367,34.78125,34.875,34.25,34.875,4906600
1998-12-03,16.069374084472656,34.0625,34.625,34.0625,34.625,5482600
1998-12-04,16.275772094726562,34.5,34.90625,34.1875,34.1875,4587800
1998-12-07,16.187318801879883,34.3125,34.53125,33.875,34.5,4261200
1998-12-08,16.187318801879883,34.3125,34.3125,33.53125,34.3125,5514400
1998-12-09,15.833490371704102,33.5625,33.8125,32.8125,33.8125,9133600
1998-12-10,15.582863807678223,33.03125,33.4375,32.65625,33.4375,7677400
1998-12-11,14.831001281738281,31.4375,32.125,30.96875,32.125,20779000
1998-12-14,14.963680267333984,31.71875,32.09375,31.15625,31.4375,12979600
1998-12-15,15.553380012512207,32.96875,32.96875,31.9375,31.9375,8851200
1998-12-16,15.302754402160645,32.4375,33.40625,32.28125,32.96875,7611800
1998-12-17,15.273271560668945,32.375,32.9375,32.21875,32.4375,5113400
1998-12-18,15.464929580688477,32.78125,32.8125,32.34375,32.375,9373800
1998-12-21,15.509156227111816,32.875,33.53125,32.78125,32.78125,7210800
1998-12-22,15.907196998596191,33.71875,34.09375,32.5,32.875,7083000
1998-12-23,16.496902465820312,34.96875,35.15625,33.8125,33.8125,6984000
1998-12-24,16.378963470458984,34.71875,35.0625,34.71875,34.96875,2035000
1998-12-28,16.24628257751465,34.4375,34.96875,33.875,34.71875,3217400
1998-12-29,16.349475860595703,34.65625,34.9375,34.28125,34.4375,4220600
1998-12-30,15.995656967163086,33.90625,34.84375,33.90625,34.65625,4415400
1998-12-31,15.804007530212402,33.5,33.90625,33.03125,33.90625,5425000
1999-01-04,15.848235130310059,33.59375,34.4375,33.0625,33.5,7358200
1999-01-05,16.172571182250977,34.28125,34.4375,33.375,33.59375,6733800
1999-01-06,16.570615768432617,35.125,35.1875,34.0,34.28125,9957800
1999-01-07,16.378963470458984,34.71875,35.0,34.125,35.0,6032000
1999-01-08,16.039888381958008,34.0,34.6875,33.40625,34.6875,8961600
1999-01-11,15.582863807678223,33.03125,33.5625,32.625,33.5625,10087600
1999-01-12,15.435449600219727,32.71875,33.28125,32.625,33.03125,8370000
1999-01-13,15.376470565795898,32.59375,32.78125,31.8125,32.71875,8561400
1999-01-14,14.978425025939941,31.75,32.53125,31.375,32.53125,10179400
1999-01-15,15.288015365600586,32.40625,32.5,31.78125,31.78125,9702600
1999-01-19,15.125852584838867,32.0625,32.53125,31.375,32.40625,8228400
1999-01-20,14.963680267333984,31.71875,32.09375,31.5,32.0625,7395200
1999-01-21,14.521400451660156,30.78125,31.59375,30.46875,31.59375,12716600
1999-01-22,14.359235763549805,30.4375,30.71875,29.78125,30.71875,15610600
1999-01-25,14.845738410949707,31.46875,31.5,30.03125,30.4375,10226800
1999-01-26,14.757295608520508,31.28125,31.625,30.03125,31.46875,11162000
1999-01-27,15.081624031066895,31.96875,32.375,30.78125,31.28125,9598600
1999-01-28,15.361735343933105,32.5625,32.84375,31.78125,31.96875,10326600
1999-01-29,15.405956268310547,32.65625,32.9375,32.25,32.5625,8236000
1999-02-01,15.09636116027832,32.0,32.90625,32.0,32.65625,7864400
1999-02-02,15.391207695007324,32.625,32.625,31.59375,32.0,8544600
1999-02-03,15.214302062988281,32.25,32.9375,32.0625,32.625,8492600
1999-02-04,14.993165969848633,31.78125,32.09375,31.3125,32.09375,8295600
1999-02-05,14.639345169067383,31.03125,31.96875,30.90625,31.78125,6035000
1999-02-08,14.50666618347168,30.75,31.3125,30.65625,31.03125,5983000
1999-02-09,14.609862327575684,30.96875,31.6875,30.65625,30.75,8243600
1999-02-10,15.007912635803223,31.8125,31.8125,31.0,31.0,5970200
1999-02-11,15.184821128845215,32.1875,32.4375,31.4375,31.8125,5863800
1999-02-12,15.066876411437988,31.9375,32.46875,31.34375,32.1875,5048600
1999-02-16,15.302754402160645,32.4375,32.5,32.03125,32.03125,5821800
1999-02-17,15.17008113861084,32.15625,32.625,31.75,32.4375,6282000
1999-02-18,15.243790626525879,32.3125,32.65625,31.96875,32.15625,5313800
1999-02-19,15.509156227111816,32.875,32.9375,32.03125,32.3125,9922600
1999-02-22,15.19956111907959,32.21875,32.6875,32.1875,32.6875,9985600
1999-02-23,14.801513671875,31.375,32.1875,31.03125,32.1875,10619200
1999-02-24,14.81625747680664,31.40625,32.34375,31.375,31.375,8784400
1999-02-25,15.15534496307373,32.125,32.25,31.28125,31.40625,8244400
1999-02-26,15.066876411437988,31.9375,32.4375,31.34375,32.125,8363200
1999-03-01,15.02264404296875,31.84375,31.96875,31.3125,31.9375,5425000
1999-03-02,14.654088020324707,31.0625,31.75,30.625,31.75,9608200
1999-03-03,14.536144256591797,30.8125,31.0625,30.40625,31.0625,6140200
1999-03-04,14.845738410949707,31.46875,31.65625,30.8125,30.8125,8276200
1999-03-05,15.081624031066895,31.96875,32.15625,31.53125,31.53125,8542800
1999-03-08,15.09636116027832,32.0,32.0,31.53125,31.96875,6003800
1999-03-09,14.860478401184082,31.5,32.0625,31.40625,32.0,6796200
1999-03-10,14.831001281738281,31.4375,31.6875,31.09375,31.5,6008800
1999-03-11,15.696526527404785,33.1875,33.3125,31.875,31.875,17270800
1999-03-12,16.420745849609375,34.71875,34.96875,33.53125,33.53125,16184600
1999-03-15,16.243392944335938,34.34375,34.71875,34.125,34.71875,8657200
1999-03-16,16.243392944335938,34.34375,34.75,34.0625,34.34375,6542600
1999-03-17,15.799983024597168,33.40625,34.46875,33.3125,34.34375,6938800
1999-03-18,16.139930725097656,34.125,34.28125,33.40625,33.40625,8341800
1999-03-19,15.962569236755371,33.75,34.4375,33.75,34.125,8632800
1999-03-22,16.006908416748047,33.84375,34.1875,33.625,33.75,5739800
1999-03-23,15.578285217285156,32.9375,33.25,32.40625,33.25,12744000
1999-03-24,15.460042953491211,32.6875,33.09375,32.34375,32.9375,6156600
1999-03-25,15.578285217285156,32.9375,33.09375,32.46875,32.6875,5522000
1999-03-26,15.44526195526123,32.65625,32.65625,31.90625,32.65625,7042800
1999-03-29,15.327021598815918,32.40625,33.9375,32.3125,32.65625,7931400
1999-03-30,14.957517623901367,31.625,31.71875,30.6875,31.71875,21393400
1999-03-31,14.514107704162598,30.6875,31.5625,30.40625,31.5625,13089800
1999-04-01,14.410646438598633,30.46875,30.84375,30.03125,30.6875,9611200
1999-04-05,14.307190895080566,30.25,30.59375,30.0625,30.46875,8302400
1999-04-06,14.144604682922363,29.90625,30.375,29.8125,30.25,10912000
1999-04-07,13.937686920166016,29.46875,29.84375,28.8125,29.84375,15249200
1999-04-08,14.395869255065918,30.4375,30.625,29.46875,29.46875,13011600
1999-04-09,14.366315841674805,30.375,30.71875,29.90625,30.4375,8467400
1999-04-12,14.63234806060791,30.9375,31.0,29.90625,30.375,9582000
1999-04-13,14.972298622131348,31.65625,32.375,31.5,31.5,11245000
1999-04-14,15.001855850219727,31.71875,31.875,31.25,31.65625,8003000
1999-04-15,15.194003105163574,32.125,32.25,31.71875,31.71875,8768000
1999-04-16,15.533946990966797,32.84375,32.875,31.75,32.125,9169600
1999-04-19,15.356579780578613,32.46875,33.53125,32.03125,32.84375,12480200
1999-04-20,15.43048095703125,32.625,32.75,31.8125,32.46875,6711400
1999-04-21,15.977354049682617,33.78125,34.0625,32.75,32.75,13177000
1999-04-22,15.726088523864746,33.25,33.9375,33.125,33.78125,9231800
1999-04-23,15.726088523864746,33.25,33.875,33.0,33.25,5469600
1999-04-26,15.873893737792969,33.5625,33.6875,32.65625,33.25,4614600
1999-04-27,16.420745849609375,34.71875,34.71875,33.65625,33.65625,9852200
1999-04-28,16.066030502319336,33.96875,34.53125,33.875,34.53125,5784400
1999-04-29,16.03647232055664,33.90625,34.3125,33.6875,33.96875,5667600
1999-04-30,16.095592498779297,34.03125,34.40625,33.4375,33.90625,7045400
1999-05-03,16.317291259765625,34.5,34.59375,33.625,34.03125,5654800
1999-05-04,16.243392944335938,34.34375,34.5,33.8125,34.5,5216800
1999-05-05,16.672016143798828,35.25,35.375,34.0625,34.34375,10742800
1999-05-06,16.346853256225586,34.5625,35.4375,34.25,35.25,8282800
1999-05-07,16.021686553955078,33.875,34.53125,33.78125,34.53125,5550200
1999-05-10,15.859105110168457,33.53125,34.09375,33.25,33.875,6254400
1999-05-11,15.829547882080078,33.46875,33.75,32.8125,33.53125,5540600
1999-05-12,15.711310386657715,33.21875,33.4375,32.375,33.4375,5440200
1999-05-13,15.548727035522461,32.875,33.1875,32.71875,33.1875,6660000
1999-05-14,15.43048095703125,32.625,32.9375,32.15625,32.875,5762400
1999-05-17,15.873893737792969,33.5625,33.625,32.5625,32.625,6298000
1999-05-18,16.258176803588867,34.375,34.53125,33.90625,33.90625,10695000
1999-05-19,16.184274673461914,34.21875,34.375,33.75,34.375,5608400
1999-05-20,16.066030502319336,33.96875,34.21875,33.78125,34.21875,4121600
1999-05-21,16.080808639526367,34.0,34.625,33.8125,33.96875,6302200
1999-05-24,15.799983024597168,33.40625,34.21875,33.25,34.0,5638400
1999-05-25,15.844329833984375,33.5,34.40625,33.34375,33.40625,8837600
1999-05-26,16.199060440063477,34.25,34.59375,33.53125,33.53125,8707600
1999-05-27,16.11036491394043,34.0625,34.34375,33.6875,34.25,6468200
1999-05-28,16.199060440063477,34.25,34.71875,34.0,34.0625,5551000
1999-06-01,16.346853256225586,34.5625,34.71875,33.84375,34.25,6923400
1999-06-02,16.228612899780273,34.3125,34.4375,34.0625,34.4375,3718200
1999-06-03,16.272958755493164,34.40625,34.46875,34.15625,34.3125,4614400
1999-06-04,16.494657516479492,34.875,34.9375,34.21875,34.40625,6448400
1999-06-07,16.021686553955078,33.875,34.71875,33.8125,34.71875,4600000
1999-06-08,16.021686553955078,33.875,34.21875,33.40625,33.875,5791000
1999-06-09,15.844329833984375,33.5,33.75,33.3125,33.75,4262600
1999-06-10,15.637399673461914,33.0625,33.21875,32.6875,33.21875,4696200
1999-06-11,15.275298118591309,32.21875,33.125,32.0,33.0625,5896600
1999-06-14,15.3641996383667,32.40625,32.78125,31.90625,32.21875,5623200
1999-06-15,15.112329483032227,31.875,32.125,31.59375,32.125,7671400
1999-06-16,15.14195442199707,31.9375,32.40625,31.5,31.875,7770800
1999-06-17,15.304927825927734,32.28125,32.5625,31.90625,31.9375,7760200
1999-06-18,15.038246154785156,31.71875,32.21875,31.5625,32.21875,13430600
1999-06-21,14.593762397766113,30.78125,31.65625,30.6875,31.65625,12047400
1999-06-22,14.845636367797852,31.3125,32.375,30.65625,30.78125,14922400
1999-06-23,14.638213157653809,30.875,31.75,30.8125,31.3125,10523600
1999-06-24,14.845636367797852,31.3125,31.46875,30.625,30.875,10789400
1999-06-25,14.667839050292969,30.9375,31.65625,30.6875,31.3125,6839200
1999-06-28,14.475238800048828,30.53125,30.9375,30.34375,30.9375,8389800
1999-06-29,14.504864692687988,30.59375,30.59375,30.1875,30.53125,8821600
1999-06-30,14.697473526000977,31.0,31.3125,30.375,30.59375,15421400
1999-07-01,15.37901496887207,32.4375,32.5625,31.0625,31.0625,14922400
1999-07-02,15.3641996383667,32.40625,32.75,32.09375,32.4375,8407400
1999-07-06,15.082695960998535,31.8125,32.25,31.59375,32.25,6175800
1999-07-07,14.934527397155762,31.5,31.78125,31.25,31.78125,6491000
1999-07-08,14.964159965515137,31.5625,32.09375,31.1875,31.5,5172800
1999-07-09,15.082695960998535,31.8125,32.28125,31.65625,31.65625,5405200
1999-07-12,14.949347496032715,31.53125,32.0,31.25,31.8125,4791800
1999-07-13,14.801192283630371,31.21875,31.4375,31.0,31.4375,5662800
1999-07-14,14.667839050292969,30.9375,31.09375,30.78125,31.09375,5309600
1999-07-15,15.171594619750977,32.0,32.125,31.3125,31.3125,9338400
1999-07-16,15.408644676208496,32.5,32.5,31.84375,32.0,7277000
1999-07-19,14.978979110717773,31.59375,32.46875,31.375,32.46875,6306800
1999-07-20,14.919713973999023,31.46875,31.9375,31.28125,31.59375,5544200
1999-07-21,14.845636367797852,31.3125,32.0625,31.28125,31.46875,7261400
1999-07-22,14.964159965515137,31.5625,31.84375,31.03125,31.3125,6185000
1999-07-23,14.75673770904541,31.125,31.46875,30.78125,31.46875,5908400
1999-07-26,14.949347496032715,31.53125,31.8125,30.78125,31.125,5491400
1999-07-27,14.816008567810059,31.25,31.59375,31.0625,31.53125,5647200
1999-07-28,14.549312591552734,30.6875,31.125,30.5625,31.125,6001800
1999-07-29,14.578944206237793,30.75,30.9375,30.375,30.6875,6723000
1999-07-30,14.356712341308594,30.28125,30.84375,30.125,30.75,5677200
1999-08-02,14.238178253173828,30.03125,30.59375,30.0,30.28125,5161000
1999-08-03,14.415975570678711,30.40625,30.5625,30.0625,30.0625,5486000
1999-08-04,14.252995491027832,30.0625,30.9375,30.0625,30.40625,6119600
1999-08-05,14.430782318115234,30.4375,30.8125,29.875,30.0625,7089400
1999-08-06,14.045572280883789,29.625,30.625,29.25,30.4375,7642000
1999-08-09,14.164106369018555,29.875,30.125,29.53125,29.625,4808600
1999-08-10,14.178913116455078,29.90625,30.1875,29.75,29.875,4855000
1999-08-11,14.090019226074219,29.71875,30.0,29.25,29.90625,6254800
1999-08-12,14.252995491027832,30.0625,30.40625,29.71875,29.71875,5596600
1999-08-13,14.178913116455078,29.90625,30.34375,29.65625,30.0625,4847400
1999-08-16,14.075209617614746,29.6875,29.84375,29.375,29.84375,4236800
1999-08-17,14.252995491027832,30.0625,30.125,29.5625,29.6875,3749200
1999-08-18,13.86777114868164,29.25,29.8125,29.21875,29.8125,5697000
1999-08-19,13.764066696166992,29.03125,29.3125,28.84375,29.25,9124000
1999-08-20,13.941865921020508,29.40625,29.53125,28.78125,29.03125,7397800
1999-08-23,13.941865921020508,29.40625,29.90625,29.15625,29.40625,7271200
1999-08-24,14.045572280883789,29.625,29.8125,29.21875,29.40625,6457000
1999-08-25,14.534492492675781,30.65625,30.875,29.65625,29.65625,10551000
1999-08-26,14.593762397766113,30.78125,31.21875,30.625,30.65625,6892800
1999-08-27,14.71229362487793,31.03125,31.03125,30.5,30.78125,5256200
1999-08-30,14.430782318115234,30.4375,31.1875,30.1875,31.03125,4504600
1999-08-31,14.178913116455078,29.90625,30.625,29.875,30.4375,6173800
1999-09-01,14.22336483001709,30.0,30.25,29.59375,29.90625,4987600
1999-09-02,14.104841232299805,29.75,29.875,29.34375,29.875,4256000
1999-09-03,13.601093292236328,28.6875,29.03125,28.3125,29.03125,15629600
1999-09-07,12.94918155670166,27.3125,28.75,26.875,28.6875,20932600
1999-09-08,13.09735107421875,27.625,27.9375,27.28125,27.3125,16796800
1999-09-09,13.038087844848633,27.5,28.0,27.25,27.625,8579800
1999-09-10,13.067717552185059,27.5625,27.65625,27.3125,27.5,6515000
1999-09-13,13.165189743041992,27.6875,27.875,27.40625,27.5625,5002200
1999-09-14,13.01659870147705,27.375,27.5,27.1875,27.5,6496000
1999-09-15,12.853150367736816,27.03125,27.78125,27.03125,27.375,7234000
1999-09-16,12.853150367736816,27.03125,27.34375,26.8125,27.03125,6510400
1999-09-17,12.838292121887207,27.0,27.375,26.78125,27.03125,10967400
1999-09-20,12.897721290588379,27.125,27.4375,27.0,27.0,7170800
1999-09-21,12.778853416442871,26.875,27.3125,26.71875,27.125,7690400
1999-09-22,12.466811180114746,26.21875,26.84375,26.15625,26.84375,11921400
1999-09-23,12.110193252563477,25.46875,26.59375,25.40625,26.21875,12639800
1999-09-24,12.154768943786621,25.5625,26.0,25.46875,25.46875,10570800
1999-09-27,12.12504768371582,25.5,26.03125,25.4375,25.5625,9242000
1999-09-28,12.065616607666016,25.375,25.65625,24.78125,25.5,13730200
1999-09-29,11.619848251342773,24.4375,25.375,24.375,25.375,12171000
1999-09-30,11.471254348754883,24.125,24.71875,23.96875,24.4375,16804000
1999-10-01,11.664423942565918,24.53125,24.59375,23.875,24.125,11814600
1999-10-04,11.307798385620117,23.78125,24.90625,23.78125,24.53125,13134600
1999-10-05,11.396954536437988,23.96875,24.125,23.65625,23.78125,13728200
1999-10-06,12.347942352294922,25.96875,25.96875,24.03125,24.03125,16290200
1999-10-07,12.362800598144531,26.0,26.4375,25.90625,25.96875,11634400
1999-10-08,12.61540699005127,26.53125,26.96875,26.03125,26.03125,10347400
1999-10-11,12.451949119567871,26.1875,26.75,26.03125,26.53125,5630800
1999-10-12,12.021037101745605,25.28125,26.0,25.0625,26.0,9377800
1999-10-13,11.813011169433594,24.84375,25.3125,24.75,25.28125,8828000
1999-10-14,12.021037101745605,25.28125,25.71875,24.875,24.875,9138200
1999-10-15,11.87244987487793,24.96875,25.5,24.8125,25.28125,9028200
1999-10-18,12.12504768371582,25.5,25.5,24.875,24.96875,7876800
1999-10-19,12.555970191955566,26.40625,26.4375,25.75,25.75,11870400
1999-10-20,12.541110038757324,26.375,26.8125,26.28125,26.40625,8752000
1999-10-21,12.912591934204102,27.15625,27.21875,26.1875,26.375,11963800
1999-10-22,13.135477066040039,27.625,27.96875,27.28125,27.28125,14658400
1999-10-25,13.388077735900879,28.15625,28.28125,27.5,27.625,8613400
1999-10-26,13.194915771484375,27.75,28.5,27.75,28.15625,9280400
1999-10-27,13.53666877746582,28.46875,28.59375,27.75,27.75,7181800
1999-10-28,13.982449531555176,29.40625,29.40625,28.78125,28.78125,10987600
1999-10-29,14.027018547058105,29.5,29.6875,29.125,29.40625,8153200
1999-11-01,14.027018547058105,29.5,29.6875,28.9375,29.5,8425200
1999-11-02,13.729833602905273,28.875,29.46875,28.65625,29.46875,6453600
1999-11-03,13.521809577941895,28.4375,28.875,28.03125,28.875,7917400
1999-11-04,13.477229118347168,28.34375,28.75,28.03125,28.4375,7537000
1999-11-05,13.818998336791992,29.0625,29.21875,28.8125,28.8125,8209600
1999-11-08,13.982449531555176,29.40625,29.46875,28.84375,29.0625,5470000
1999-11-09,13.714981079101562,28.84375,29.40625,28.625,29.40625,4456400
1999-11-10,13.759553909301758,28.9375,29.125,28.5,28.84375,5149000
1999-11-11,13.492093086242676,28.375,28.96875,28.25,28.9375,4844600
1999-11-12,13.670408248901367,28.75,28.75,28.28125,28.375,4832600
1999-11-15,13.848714828491211,29.125,29.15625,28.75,28.75,5541800
1999-11-16,14.08646011352539,29.625,29.625,28.875,29.125,6558800
1999-11-17,14.249908447265625,29.96875,30.0,29.25,29.625,7905000
1999-11-18,14.368780136108398,30.21875,30.40625,29.625,29.96875,6596400
1999-11-19,14.38364315032959,30.25,30.34375,29.84375,30.21875,7501800
1999-11-22,15.542656898498535,32.6875,33.03125,30.75,30.75,25021800
1999-11-23,15.854693412780762,33.34375,33.46875,32.90625,32.90625,19265800
1999-11-24,16.15187644958496,33.96875,34.21875,33.09375,33.34375,11651200
1999-11-26,15.824970245361328,33.28125,33.9375,33.28125,33.9375,3306600
1999-11-29,15.982263565063477,33.53125,33.59375,32.875,33.28125,8520200
1999-11-30,16.041851043701172,33.65625,33.96875,33.25,33.53125,7551000
1999-12-01,16.25037384033203,34.09375,34.5,33.34375,33.65625,10861600
1999-12-02,16.071632385253906,33.71875,33.96875,33.5,33.96875,4753600
1999-12-03,16.28016471862793,34.15625,34.5,33.90625,33.90625,7668200
1999-12-06,15.3976411819458,32.3046875,34.09375,31.3125,34.09375,26527600
1999-12-07,14.060813903808594,29.5,31.375,29.375,31.375,36138200
1999-12-08,14.299139022827148,30.0,30.4375,29.6875,29.6875,20022800
1999-12-09,14.805569648742676,31.0625,31.09375,30.03125,30.03125,13725400
1999-12-10,15.073678970336914,31.625,31.6875,31.0625,31.0625,11719000
1999-12-13,14.775775909423828,31.0,31.5,30.6875,31.5,5586200
1999-12-14,14.597042083740234,30.625,30.96875,30.53125,30.96875,7121200
1999-12-15,14.269354820251465,29.9375,30.59375,29.6875,30.59375,9054200
1999-12-16,13.941651344299316,29.25,30.1875,28.9375,29.9375,10605200
1999-12-17,14.2395658493042,29.875,29.9375,28.6875,29.25,16030000
1999-12-20,14.194873809814453,29.78125,30.1875,29.25,29.875,7583600
1999-12-21,13.926770210266113,29.21875,30.0,29.0625,29.78125,6346400
1999-12-22,13.941651344299316,29.25,30.375,29.25,29.25,9053400
1999-12-23,14.120399475097656,29.625,30.125,29.40625,29.40625,6739400
1999-12-27,14.179986000061035,29.75,29.96875,29.28125,29.625,6182400
1999-12-28,14.09061336517334,29.5625,29.8125,29.34375,29.75,4732200
1999-12-29,14.045929908752441,29.46875,29.9375,29.3125,29.5625,3655600
1999-12-30,13.926770210266113,29.21875,29.71875,29.21875,29.46875,3969200
1999-12-31,13.88208293914795,29.125,29.4375,29.03125,29.21875,2829800
2000-01-03,13.435235977172852,28.1875,29.0,27.625,29.0,10997000
2000-01-04,13.45012378692627,28.21875,28.40625,27.8125,28.1875,7308000
2000-01-05,13.569286346435547,28.46875,28.71875,28.03125,28.21875,9457400
2000-01-06,13.584186553955078,28.5,28.84375,28.28125,28.46875,7129200
2000-01-07,14.477886199951172,30.375,30.375,28.9375,28.9375,11474000
2000-01-10,14.01613998413086,29.40625,30.46875,29.375,30.375,8723800
2000-01-11,14.49277400970459,30.40625,30.625,30.0625,30.0625,9398000
2000-01-12,14.656620025634766,30.75,30.90625,30.21875,30.40625,8389800
2000-01-13,14.433195114135742,30.28125,30.71875,30.21875,30.71875,6106000
2000-01-14,14.552356719970703,30.53125,30.96875,30.34375,30.34375,7513200
2000-01-18,15.490734100341797,32.5,32.5,30.53125,30.53125,18350800
2000-01-19,15.550314903259277,32.625,32.625,32.03125,32.5,12813400
2000-01-20,15.699261665344238,32.9375,32.96875,32.5625,32.625,11539800
2000-01-21,15.937577247619629,33.4375,33.4375,32.875,32.9375,11385800
2000-01-24,15.460947036743164,32.4375,33.375,31.78125,33.375,11306000
2000-01-25,15.699261665344238,32.9375,33.03125,31.4375,32.4375,9718600
2000-01-26,15.028985977172852,31.53125,32.75,31.375,32.75,23723800
2000-01-27,14.179986000061035,29.75,31.34375,29.21875,31.34375,17550800
2000-01-28,13.569286346435547,28.46875,29.78125,28.46875,29.75,10875200
2000-01-31,13.68844985961914,28.71875,29.375,28.28125,28.46875,10734600
2000-02-01,13.852295875549316,29.0625,29.1875,28.15625,28.71875,8114600
2000-02-02,13.435235977172852,28.1875,28.9375,28.03125,28.9375,7164000
2000-02-03,13.167125701904297,27.625,28.375,27.53125,28.1875,9464400
2000-02-04,13.405438423156738,28.125,28.875,27.53125,27.625,11501800
2000-02-07,13.554388999938965,28.4375,28.8125,27.78125,28.125,7742800
2000-02-08,13.628873825073242,28.59375,28.9375,28.375,28.4375,8261200
2000-02-09,13.584186553955078,28.5,28.875,28.375,28.59375,7948600
2000-02-10,13.509703636169434,28.34375,28.6875,28.125,28.5,8031000
2000-02-11,13.24160099029541,27.78125,27.96875,27.4375,27.96875,7688600
2000-02-14,12.899016380310059,27.0625,27.625,26.90625,27.625,7134000
2000-02-15,13.271393775939941,27.84375,27.875,26.625,27.0625,7850800
2000-02-16,12.764962196350098,26.78125,27.71875,26.625,27.71875,6869200
2000-02-17,12.467058181762695,26.15625,26.78125,25.59375,26.78125,11661000
2000-02-18,12.243631362915039,25.6875,26.15625,25.375,26.15625,11443400
2000-02-22,12.333008766174316,25.875,26.3125,25.25,25.6875,10543000
2000-02-23,12.213850975036621,25.625,25.71875,25.0,25.71875,11021600
2000-02-24,11.871264457702637,24.90625,25.25,24.15625,25.25,15451600
2000-02-25,11.603157043457031,24.34375,25.34375,24.03125,24.90625,10905200
2000-02-28,11.752107620239258,24.65625,24.84375,23.78125,24.34375,10790800
2000-02-29,11.588261604309082,24.3125,24.40625,23.8125,24.40625,10346200
2000-03-01,12.154264450073242,25.5,25.6875,24.59375,24.59375,15612200
2000-03-02,11.826580047607422,24.8125,25.90625,24.6875,25.5,11358600
2000-03-03,11.945735931396484,25.0625,25.1875,24.53125,24.8125,9010600
2000-03-06,11.677630424499512,24.5,24.75,24.15625,24.75,7866000
2000-03-07,11.230783462524414,23.5625,24.5,22.40625,24.5,23440200
2000-03-08,11.320154190063477,23.75,24.03125,22.9375,23.5625,14441600
2000-03-09,11.141408920288086,23.375,23.78125,22.9375,23.75,12389400
2000-03-10,10.843509674072266,22.75,23.3125,22.03125,23.3125,14059200
2000-03-13,10.465559005737305,21.875,22.15625,21.5625,22.15625,15646400
2000-03-14,10.36090087890625,21.65625,22.15625,21.4375,21.875,11162000
2000-03-15,11.37755012512207,23.78125,23.90625,21.75,21.75,22138200
2000-03-16,11.900839805603027,24.875,24.9375,24.28125,24.28125,17610200
2000-03-17,11.751326560974121,24.5625,24.96875,24.375,24.875,14530800
2000-03-20,11.616768836975098,24.28125,24.5,24.03125,24.5,6755200
2000-03-21,11.826080322265625,24.71875,24.84375,23.6875,24.28125,8575800
2000-03-22,11.257954597473145,23.53125,24.5,23.09375,24.5,11884200
2000-03-23,11.242996215820312,23.5,24.1875,23.21875,23.53125,10333800
2000-03-24,11.242996215820312,23.5,23.59375,23.1875,23.5,8769200
2000-03-27,10.824377059936523,22.625,23.5625,22.625,23.5,10535400
2000-03-28,10.734671592712402,22.4375,23.25,22.4375,22.625,13673000
2000-03-29,11.213095664978027,23.4375,23.53125,22.65625,22.65625,16292600
2000-03-30,11.616768836975098,24.28125,24.96875,23.5625,23.5625,18795200
2000-03-31,11.228052139282227,23.46875,24.34375,23.46875,24.28125,8857000
2000-04-03,11.796172142028809,24.65625,24.96875,23.625,23.625,14186800
2000-04-04,12.528763771057129,26.1875,26.1875,24.09375,24.65625,27390200
2000-04-05,11.392504692077637,23.8125,25.46875,23.6875,25.46875,20256600
2000-04-06,10.943985939025879,22.875,23.96875,22.375,23.8125,20675000
2000-04-07,11.048641204833984,23.09375,23.21875,22.375,22.875,12374000
2000-04-10,10.764572143554688,22.5,23.59375,22.4375,23.09375,12903000
2000-04-11,11.287851333618164,23.59375,23.875,22.84375,22.84375,12096400
2000-04-12,11.601816177368164,24.25,24.96875,23.84375,23.84375,15586400
2000-04-13,11.3027982711792,23.625,24.3125,23.5625,24.25,8892800
2000-04-14,11.242996215820312,23.5,23.78125,23.03125,23.625,9488200
2000-04-17,11.601816177368164,24.25,24.3125,23.125,23.5,10710200
2000-04-18,11.631725311279297,24.3125,24.5625,23.1875,24.25,13001000
2000-04-19,11.766279220581055,24.59375,24.84375,23.96875,24.3125,10073200
2000-04-20,11.826080322265625,24.71875,24.71875,24.0,24.59375,8278600
2000-04-24,11.870931625366211,24.8125,25.21875,24.5,24.71875,9377600
2000-04-25,12.080249786376953,25.25,25.25,24.09375,24.8125,8711600
2000-04-26,11.826080322265625,24.71875,25.0625,24.4375,25.0625,9536200
2000-04-27,11.542012214660645,24.125,24.5625,23.71875,24.5625,9023200
2000-04-28,11.3027982711792,23.625,24.1875,23.375,24.125,7568800
2000-05-01,11.063589096069336,23.125,23.5,23.125,23.5,7754000
2000-05-02,11.063589096069336,23.125,23.78125,22.96875,23.125,9209400
2000-05-03,11.601816177368164,24.25,24.40625,23.0625,23.125,14397400
2000-05-04,11.601816177368164,24.25,24.59375,23.65625,24.25,6842400
2000-05-05,11.257954597473145,23.53125,24.0,23.375,24.0,5999200
2000-05-08,11.601816177368164,24.25,24.25,23.8125,23.8125,6013000
2000-05-09,12.080249786376953,25.25,25.625,24.96875,24.96875,22386000
2000-05-10,12.633421897888184,26.40625,26.5,25.25,25.25,21062000
2000-05-11,12.812833786010742,26.78125,26.90625,26.5,26.5,15919400
2000-05-12,12.498866081237793,26.125,26.5,25.75,26.5,7498200
2000-05-15,12.379263877868652,25.875,26.375,25.5,26.125,8056600
2000-05-16,11.706470489501953,24.46875,25.375,24.3125,25.375,16476600
2000-05-17,11.542012214660645,24.125,24.59375,24.0,24.46875,8448600
2000-05-18,11.826080322265625,24.71875,24.9375,24.09375,24.125,8098600
2000-05-19,11.975591659545898,25.03125,25.15625,24.53125,24.71875,10053600
2000-05-22,12.125094413757324,25.34375,25.34375,24.71875,25.03125,9716400
2000-05-23,11.960637092590332,25.0,25.09375,24.84375,25.09375,7210000
2000-05-24,12.603522300720215,26.34375,26.53125,25.09375,25.09375,10788000
2000-05-25,12.603522300720215,26.34375,26.46875,26.0,26.34375,7731800
2000-05-26,13.052044868469238,27.28125,27.5,26.625,26.625,12380200
2000-05-30,12.88758373260498,26.9375,27.5,26.53125,27.28125,7451200
2000-05-31,12.767982482910156,26.6875,26.9375,26.375,26.9375,5541000
2000-06-01,12.738080978393555,26.625,27.3125,26.53125,26.6875,5993800
2000-06-02,12.573620796203613,26.28125,26.625,26.0625,26.625,6324800
2000-06-05,12.439064979553223,26.0,26.4375,25.875,26.28125,4837400
2000-06-06,12.394214630126953,25.90625,25.96875,25.53125,25.96875,6609200
2000-06-07,12.678272247314453,26.5,26.625,25.9375,25.9375,6865200
2000-06-08,12.633421897888184,26.40625,26.5,25.9375,26.5,7779000
2000-06-09,12.513815879821777,26.15625,26.6875,26.0625,26.40625,4966000
2000-06-12,12.588567733764648,26.3125,26.71875,26.125,26.15625,4122600
2000-06-13,12.809362411499023,26.6875,27.0,26.40625,26.40625,5626200
2000-06-14,12.719356536865234,26.5,27.0625,26.1875,26.6875,10165800
2000-06-15,13.40932846069336,27.9375,28.0625,26.90625,26.90625,20672400
2000-06-16,13.319331169128418,27.75,28.09375,27.5625,27.9375,14330400
2000-06-19,13.064349174499512,27.21875,27.4375,27.0,27.4375,6989800
2000-06-20,12.704363822937012,26.46875,26.8125,26.34375,26.8125,6947800
2000-06-21,12.839363098144531,26.75,27.15625,26.5,26.5,8780600
2000-06-22,13.469324111938477,28.0625,28.25,26.5,26.75,11664600
2000-06-23,13.889307975769043,28.9375,29.15625,27.8125,28.0625,15346000
2000-06-26,14.15928840637207,29.5,29.625,28.75,28.9375,9900400
2000-06-27,13.889307975769043,28.9375,29.4375,28.75,29.4375,10429600
2000-06-28,14.410524368286133,30.0234375,30.4375,29.1875,29.1875,18989000
2000-06-29,14.174288749694824,29.53125,30.09375,29.375,30.0234375,12743200
2000-06-30,13.784317016601562,28.71875,29.40625,28.125,29.40625,19122800
2000-07-03,13.964306831359863,29.09375,29.25,28.90625,28.90625,7707200
2000-07-05,14.099295616149902,29.375,29.59375,29.125,29.125,6960400
2000-07-06,14.144295692443848,29.46875,29.46875,28.90625,29.375,5041200
2000-07-07,14.099295616149902,29.375,29.625,29.1875,29.46875,5043200
2000-07-10,13.814301490783691,28.78125,29.34375,28.625,29.34375,6447200
2000-07-11,13.48432445526123,28.09375,28.75,27.90625,28.75,8134200
2000-07-12,13.469324111938477,28.0625,28.25,27.625,28.09375,7153800
2000-07-13,13.90431022644043,28.96875,29.0625,28.21875,28.21875,8450600
2000-07-14,13.829309463500977,28.8125,29.21875,28.5,28.96875,4648000
2000-07-17,13.761809349060059,28.671875,28.8125,28.28125,28.8125,7003000
2000-07-18,13.964306831359863,29.09375,29.375,28.3125,28.671875,7595200
2000-07-19,14.519268989562988,30.25,30.3125,29.375,29.375,16435400
2000-07-20,14.519268989562988,30.25,30.34375,29.9375,30.25,9225600
2000-07-21,14.605515480041504,30.4296875,30.625,30.1796875,30.25,8141200
2000-07-24,14.219283103942871,29.625,30.0,29.53125,30.0,6808200
2000-07-25,14.219283103942871,29.625,29.65625,29.40625,29.625,4664400
2000-07-26,14.114290237426758,29.40625,30.0,29.3125,29.625,10162400
2000-07-27,14.504274368286133,30.21875,30.59375,29.84375,29.84375,9117200
2000-07-28,15.044249534606934,31.34375,31.5,30.03125,30.21875,13619000
2000-07-31,14.714256286621094,30.65625,31.1875,30.625,31.1875,8017000
2000-08-01,15.119248390197754,31.5,32.0,30.65625,30.65625,9321400
2000-08-02,15.10425090789795,31.46875,31.53125,31.125,31.5,6662400
2000-08-03,15.119248390197754,31.5,31.875,31.03125,31.46875,6653400
2000-08-04,14.909247398376465,31.0625,31.3125,30.5625,31.3125,6006600
2000-08-07,14.729259490966797,30.6875,30.875,30.5625,30.875,4263600
2000-08-08,14.624269485473633,30.46875,31.1875,30.25,30.6875,6135800
2000-08-09,14.354290008544922,29.90625,30.21875,29.84375,30.21875,7111600
2000-08-10,14.639272689819336,30.5,30.875,30.03125,30.03125,6214800
2000-08-11,14.939255714416504,31.125,31.375,30.5,30.5,6165400
2000-08-14,15.134243965148926,31.53125,31.625,31.125,31.125,5329400
2000-08-15,14.879253387451172,31.0,31.28125,30.8125,31.28125,4402600
2000-08-16,14.564271926879883,30.34375,30.6875,29.75,30.6875,11729200
2000-08-17,14.324285507202148,29.84375,30.3125,29.78125,30.3125,5834000
2000-08-18,14.474272727966309,30.15625,30.15625,29.75,29.84375,5274600
2000-08-21,14.354290008544922,29.90625,29.96875,29.5625,29.96875,5735000
2000-08-22,13.919303894042969,29.0,29.96875,29.0,29.90625,4243400
2000-08-23,14.110548973083496,29.3984375,29.59375,28.96875,29.0,7007400
2000-08-24,13.90431022644043,28.96875,29.5,28.9375,29.3984375,4619200
2000-08-25,13.439329147338867,28.0,28.71875,27.5,28.71875,13902000
2000-08-28,13.6793212890625,28.5,28.875,28.34375,28.34375,12625800
2000-08-29,13.514323234558105,28.15625,28.4375,28.03125,28.4375,5934600
2000-08-30,13.019341468811035,27.125,28.0,26.90625,28.0,9392800
2000-08-31,12.6331205368042,26.3203125,27.09375,25.75,27.09375,16123800
2000-09-01,13.019341468811035,27.125,27.25,26.6875,26.6875,10053000
2000-09-05,13.514323234558105,28.15625,28.53125,26.75,27.125,11223000
2000-09-06,13.034348487854004,27.15625,27.46875,27.03125,27.46875,9854000
2000-09-07,12.959356307983398,27.0,27.28125,26.625,27.15625,7458200
2000-09-08,13.094340324401855,27.28125,27.59375,26.90625,27.0,5253600
2000-09-11,12.719356536865234,26.5,27.34375,26.15625,27.28125,7846000
2000-09-12,12.839363098144531,26.75,26.9375,26.09375,26.5,8248000
2000-09-13,12.639530181884766,26.25,26.84375,26.03125,26.75,6986400
2000-09-14,12.278397560119629,25.5,25.9375,24.96875,25.9375,11181600
2000-09-15,12.233269691467285,25.40625,26.0625,25.25,25.5,12373800
2000-09-18,12.789998054504395,26.5625,26.75,25.375,25.40625,8759800
2000-09-19,12.729817390441895,26.4375,26.75,26.03125,26.5625,7630400
2000-09-20,12.097837448120117,25.125,26.34375,24.71875,26.34375,14690200
2000-09-21,11.932323455810547,24.78125,25.40625,24.59375,25.125,10247200
2000-09-22,12.729817390441895,26.4375,26.46875,25.4375,25.4375,16349000
2000-09-25,12.89533805847168,26.78125,27.125,26.3125,26.4375,8079600
2000-09-26,13.22636890411377,27.46875,27.5625,26.625,26.78125,10269400
2000-09-27,13.391886711120605,27.8125,27.9375,27.0,27.46875,10414600
2000-09-28,13.346739768981934,27.71875,27.8125,27.0625,27.8125,8353200
2000-09-29,13.271510124206543,27.5625,28.3125,27.5,27.71875,11962600
2000-10-02,13.72292423248291,28.5,28.5,27.625,27.625,9516000
2000-10-03,13.557404518127441,28.15625,28.6875,28.0625,28.5,7380800
2000-10-04,13.783117294311523,28.625,28.625,28.0,28.15625,8279000
2000-10-05,14.234516143798828,29.5625,29.6875,28.65625,28.65625,10596400
2000-10-06,14.068999290466309,29.21875,29.59375,28.875,29.5625,9617400
2000-10-09,13.918536186218262,28.90625,29.40625,28.90625,29.21875,4073000
2000-10-10,14.008817672729492,29.09375,29.65625,28.53125,28.90625,6280600
2000-10-11,14.099096298217773,29.28125,29.78125,28.875,29.09375,7904000
2000-10-12,13.783117294311523,28.625,29.375,28.1875,29.28125,8552800
2000-10-13,13.768065452575684,28.59375,28.84375,28.1875,28.625,7312400
2000-10-16,14.11414909362793,29.3125,29.625,28.5,28.59375,7054600
2000-10-17,13.948625564575195,28.96875,29.46875,28.5,29.3125,6069800
2000-10-18,14.008817672729492,29.09375,29.4375,28.40625,28.96875,7339400
2000-10-19,13.753019332885742,28.5625,28.71875,28.0625,28.71875,5797600
2000-10-20,13.196280479431152,27.40625,27.875,26.875,27.875,14655200
2000-10-23,13.316654205322266,27.65625,27.96875,26.9375,27.40625,7077800
2000-10-24,13.512258529663086,28.0625,28.09375,27.21875,27.65625,6334800
2000-10-25,13.948625564575195,28.96875,29.21875,27.8125,28.0625,9350200
2000-10-26,14.129192352294922,29.34375,29.65625,28.21875,28.96875,9351000
2000-10-27,14.189379692077637,29.46875,29.65625,28.8125,29.34375,7562200
2000-10-30,14.41508960723877,29.9375,30.25,29.4375,29.46875,10526800
2000-10-31,14.535463333129883,30.1875,30.46875,29.34375,29.9375,9830000
2000-11-01,14.655840873718262,30.4375,30.71875,30.15625,30.1875,8289000
2000-11-02,14.625748634338379,30.375,30.71875,30.03125,30.4375,9108400
2000-11-03,14.279664039611816,29.65625,30.25,29.5625,30.25,6068400
2000-11-06,14.565561294555664,30.25,30.5,29.40625,29.65625,5558200
2000-11-07,14.46023178100586,30.03125,30.4375,29.90625,30.25,4236000
2000-11-08,14.490324974060059,30.09375,30.3125,29.53125,30.03125,5048200
2000-11-09,15.001924514770508,31.15625,31.34375,29.9375,30.09375,11855000
2000-11-10,14.896590232849121,30.9375,31.53125,30.9375,31.15625,10323400
2000-11-13,14.700971603393555,30.53125,30.8125,30.1875,30.8125,8175800
2000-11-14,14.580601692199707,30.28125,30.65625,29.8125,30.53125,7423400
2000-11-15,14.761163711547852,30.65625,30.75,30.125,30.28125,7506600
2000-11-16,14.911636352539062,30.96875,31.15625,30.53125,30.65625,7607400
2000-11-17,14.79126262664795,30.71875,31.40625,30.5625,30.96875,12093800
2000-11-20,13.617597579956055,28.28125,29.4375,27.96875,29.4375,19313200
2000-11-21,13.30160903930664,27.625,28.75,27.625,28.28125,13995800
2000-11-22,14.339853286743164,29.78125,30.15625,29.125,29.125,13403800
2000-11-24,14.204427719116211,29.5,29.75,29.3125,29.75,3905000
2000-11-27,14.339853286743164,29.78125,30.03125,29.03125,29.5,6476800
2000-11-28,14.550518989562988,30.21875,30.375,29.9375,29.9375,5817800
2000-11-29,14.998968124389648,31.0625,31.25,29.875,30.21875,9692000
2000-11-30,15.119688987731934,31.3125,31.3125,30.71875,31.0625,12816400
2000-12-01,15.014060974121094,31.09375,31.1875,30.65625,31.1875,8201200
2000-12-04,15.149859428405762,31.375,31.6875,30.9375,31.09375,8572200
2000-12-05,14.832990646362305,30.71875,31.40625,30.34375,31.375,9266800
2000-12-06,14.697186470031738,30.4375,30.90625,30.1875,30.71875,7761200
2000-12-07,15.059329986572266,31.1875,31.53125,30.28125,30.4375,7895200
2000-12-08,14.697186470031738,30.4375,30.9921875,30.3125,30.9921875,8300800
2000-12-11,14.078510284423828,29.15625,30.09375,29.09375,30.09375,11578000
2000-12-12,14.003059387207031,29.0,29.34375,28.8125,29.15625,8008200
2000-12-13,13.957795143127441,28.90625,29.15625,28.625,29.0,7409800
2000-12-14,13.761634826660156,28.5,28.71875,27.875,28.71875,10047600
2000-12-15,12.91661262512207,26.75,28.34375,26.75,28.34375,27540400
2000-12-18,13.248588562011719,27.4375,27.78125,26.8125,26.8125,10304600
2000-12-19,13.701269149780273,28.375,28.96875,27.34375,27.4375,11688200
2000-12-20,13.58055591583252,28.125,29.0,27.78125,28.375,13344200
2000-12-21,14.335027694702148,29.6875,29.8125,28.0625,28.125,11930800
2000-12-22,14.214319229125977,29.4375,29.5,28.75,29.5,7483600
2000-12-26,14.485931396484375,30.0,30.0,29.3125,29.4375,5670000
2000-12-27,14.621731758117676,30.28125,30.6875,30.0,30.0,7711000
2000-12-28,14.742448806762695,30.53125,30.96875,30.28125,30.28125,5520800
2000-12-29,14.71226692199707,30.46875,30.5625,30.09375,30.53125,4970400
2001-01-02,14.682095527648926,30.40625,30.96875,30.125,30.46875,10606000
2001-01-03,14.30485725402832,29.625,31.09375,29.53125,30.40625,12469600
2001-01-04,13.897432327270508,28.78125,29.4375,28.375,29.4375,14770600
2001-01-05,13.92761516571045,28.84375,29.375,28.75,28.78125,7960200
2001-01-08,14.153956413269043,29.3125,29.84375,28.90625,28.90625,9529200
2001-01-09,14.335027694702148,29.6875,29.96875,28.8125,29.3125,8516200
2001-01-10,14.274676322937012,29.5625,29.625,28.9375,29.625,7963200
2001-01-11,13.852169036865234,28.6875,29.4375,28.5625,29.4375,6909000
2001-01-12,13.671092987060547,28.3125,28.71875,28.125,28.6875,7212000
2001-01-16,13.761634826660156,28.5,28.65625,28.09375,28.3125,7163600
2001-01-17,13.987972259521484,28.96875,29.34375,28.53125,28.53125,7651800
2001-01-18,13.7918062210083,28.5625,29.34375,28.46875,28.96875,7014400
2001-01-19,13.474928855895996,27.90625,28.5625,27.65625,28.5625,9824200
2001-01-22,13.444753646850586,27.84375,28.03125,27.59375,27.90625,6874600
2001-01-23,13.73145580291748,28.4375,28.59375,27.71875,27.84375,7707800
2001-01-24,14.018147468566895,29.03125,29.03125,28.0625,28.4375,9189400
2001-01-25,14.153956413269043,29.3125,29.5,28.90625,29.03125,7486800
2001-01-26,13.987972259521484,28.96875,29.59375,28.75,29.3125,6394600
2001-01-29,13.790597915649414,28.559999465942383,28.850000381469727,28.264999389648438,28.799999237060547,5123000
2001-01-30,13.98133373260498,28.954999923706055,29.135000228881836,28.6299991607666,28.6299991607666,5507600
2001-01-31,14.003059387207031,29.0,29.100000381469727,28.28499984741211,28.954999923706055,8614000
2001-02-01,13.8678617477417,28.719999313354492,28.75,28.30500030517578,28.75,6720800
2001-02-02,13.940285682678223,28.8700008392334,28.989999771118164,28.594999313354492,28.719999313354492,6059400
2001-02-05,14.292786598205566,29.600000381469727,29.80500030517578,28.809999465942383,28.8700008392334,9183600
2001-02-06,14.3458890914917,29.709999084472656,29.885000228881836,29.170000076293945,29.600000381469727,6257000
2001-02-07,14.485931396484375,30.0,30.270000457763672,29.635000228881836,29.709999084472656,9615600
2001-02-08,14.633204460144043,30.30500030517578,30.4950008392334,29.780000686645508,30.0,6654600
2001-02-09,14.519728660583496,30.06999969482422,30.469999313354492,29.975000381469727,30.30500030517578,4456400
2001-02-12,14.683893203735352,30.40999984741211,30.434999465942383,29.75,30.06999969482422,6766000
2001-02-13,14.476265907287598,29.979999542236328,30.040000915527344,29.725000381469727,30.040000915527344,6660600
2001-02-14,14.365209579467773,29.75,29.924999237060547,29.565000534057617,29.924999237060547,5678000
2001-02-15,14.092391967773438,29.184999465942383,29.475000381469727,28.4950008392334,29.475000381469727,11421200
2001-02-16,14.331409454345703,29.68000030517578,29.739999771118164,29.204999923706055,29.204999923706055,7635600
2001-02-20,14.11653995513916,29.235000610351562,30.489999771118164,29.200000762939453,29.68000030517578,15772000
2001-02-21,13.2594575881958,27.459999084472656,28.149999618530273,27.059999465942383,28.149999618530273,19289000
2001-02-22,12.793493270874023,26.4950008392334,27.459999084472656,25.704999923706055,27.459999084472656,18957800
2001-02-23,12.554468154907227,26.0,26.399999618530273,25.7549991607666,26.399999618530273,9069200
2001-02-26,12.667943000793457,26.235000610351562,26.290000915527344,25.725000381469727,26.0,9415600
2001-02-27,12.554468154907227,26.0,26.415000915527344,25.770000457763672,26.235000610351562,7369600
2001-02-28,12.803143501281738,26.514999389648438,26.575000762939453,25.954999923706055,26.0,11189600
2001-03-01,12.723470687866211,26.350000381469727,26.950000762939453,26.174999237060547,26.514999389648438,9725000
2001-03-02,12.687259674072266,26.274999618530273,26.524999618530273,26.0049991607666,26.350000381469727,9115800
2001-03-05,12.119890213012695,25.100000381469727,25.649999618530273,24.764999389648438,25.649999618530273,14449600
2001-03-06,12.023316383361816,24.899999618530273,25.100000381469727,24.69499969482422,25.100000381469727,9274600
2001-03-07,12.175416946411133,25.21500015258789,25.399999618530273,24.899999618530273,24.899999618530273,10325800
2001-03-08,12.409614562988281,25.700000762939453,25.735000610351562,25.110000610351562,25.21500015258789,9774600
2001-03-09,12.433759689331055,25.75,25.940000534057617,25.485000610351562,25.700000762939453,7863400
2001-03-12,12.095746994018555,25.049999237060547,25.649999618530273,25.014999389648438,25.649999618530273,7984800
2001-03-13,11.812255859375,24.375,24.5049991607666,24.149999618530273,24.5049991607666,10361200
2001-03-14,11.550565719604492,23.834999084472656,24.155000686645508,23.1299991607666,24.155000686645508,14145800
2001-03-15,11.545721054077148,23.825000762939453,23.875,23.100000381469727,23.834999084472656,9442800
2001-03-16,11.788026809692383,24.325000762939453,24.8700008392334,23.55500030517578,23.825000762939453,18494000
2001-03-19,11.727449417114258,24.200000762939453,24.549999237060547,24.020000457763672,24.325000762939453,7439600
2001-03-20,11.492412567138672,23.71500015258789,24.389999389648438,23.524999618530273,24.200000762939453,8841200
2001-03-21,10.964198112487793,22.625,24.0,22.625,23.71500015258789,18423000
2001-03-22,11.078083038330078,22.860000610351562,23.100000381469727,22.2450008392334,22.625,14688800
2001-03-23,11.024770736694336,22.75,22.75,22.0,22.75,15672800
2001-03-26,10.879390716552734,22.450000762939453,23.049999237060547,22.25,22.75,11227600
2001-03-27,11.293726921081543,23.30500030517578,23.469999313354492,22.28499984741211,22.450000762939453,13466000
2001-03-28,11.133809089660645,22.975000381469727,23.625,22.424999237060547,23.30500030517578,14176000
2001-03-29,10.787311553955078,22.260000228881836,22.600000381469727,21.8799991607666,22.600000381469727,15293800
2001-03-30,10.94238567352295,22.579999923706055,22.75,22.200000762939453,22.260000228881836,10279600
2001-04-02,11.109575271606445,22.924999237060547,23.459999084472656,22.43000030517578,22.579999923706055,10424800
2001-04-03,10.821234703063965,22.329999923706055,22.850000381469727,22.09000015258789,22.850000381469727,9345400
2001-04-04,10.964198112487793,22.625,23.024999618530273,22.084999084472656,22.329999923706055,8798600
2001-04-05,10.976311683654785,22.649999618530273,23.299999237060547,22.309999465942383,22.625,9242200
2001-04-06,10.903615951538086,22.5,22.674999237060547,21.924999237060547,22.649999618530273,7907800
2001-04-09,10.637090682983398,21.950000762939453,22.795000076293945,21.950000762939453,22.5,8231600
2001-04-10,10.576512336730957,21.825000762939453,22.149999618530273,21.604999542236328,21.950000762939453,11896400
2001-04-11,10.692811012268066,22.065000534057617,22.375,21.184999465942383,21.825000762939453,13748400
2001-04-12,10.799430847167969,22.28499984741211,22.450000762939453,21.325000762939453,22.065000534057617,10429200
2001-04-16,11.002961158752441,22.704999923706055,22.75,22.075000762939453,22.28499984741211,8287000
2001-04-17,11.073230743408203,22.850000381469727,22.850000381469727,22.405000686645508,22.704999923706055,8815800
2001-04-18,11.327651023864746,23.375,23.540000915527344,22.854999542236328,22.854999542236328,14767400
2001-04-19,11.50937271118164,23.75,23.885000228881836,23.020000457763672,23.375,10836400
2001-04-20,11.388225555419922,23.5,23.625,23.139999389648438,23.625,9167200
2001-04-23,11.497262954711914,23.725000381469727,23.950000762939453,23.514999389648438,23.514999389648438,6661000
2001-04-24,11.482723236083984,23.69499969482422,24.225000381469727,23.584999084472656,23.725000381469727,8686800
2001-04-25,11.678988456726074,24.100000381469727,24.200000762939453,23.700000762939453,23.700000762939453,6495400
2001-04-26,11.363996505737305,23.450000762939453,23.989999771118164,23.450000762939453,23.989999771118164,8592800
2001-04-27,11.388225555419922,23.5,23.75,23.0,23.450000762939453,6961800
2001-04-30,11.191962242126465,23.094999313354492,23.375,22.924999237060547,23.375,7674000
2001-05-01,11.540870666503906,23.815000534057617,24.100000381469727,23.065000534057617,23.094999313354492,8458000
2001-05-02,11.526336669921875,23.78499984741211,23.950000762939453,23.575000762939453,23.815000534057617,7669600
2001-05-03,11.327651023864746,23.375,23.780000686645508,23.200000762939453,23.780000686645508,8591600
2001-05-04,11.34703540802002,23.415000915527344,23.485000610351562,22.90999984741211,23.375,8819000
2001-05-07,11.344611167907715,23.40999984741211,23.450000762939453,23.204999923706055,23.415000915527344,7014600
2001-05-08,11.284031867980957,23.28499984741211,23.350000381469727,23.0049991607666,23.350000381469727,6875600
2001-05-09,11.087770462036133,22.8799991607666,23.28499984741211,22.700000762939453,23.28499984741211,10038000
2001-05-10,11.051424980163574,22.80500030517578,23.125,22.760000228881836,22.8799991607666,7317200
2001-05-11,10.973886489868164,22.645000457763672,22.950000762939453,22.299999237060547,22.80500030517578,9636400
2001-05-14,11.148346900939941,23.0049991607666,23.05500030517578,22.674999237060547,22.674999237060547,7585600
2001-05-15,11.121691703796387,22.950000762939453,23.05500030517578,22.604999542236328,23.0049991607666,6936400
2001-05-16,11.686257362365723,24.114999771118164,24.204999923706055,22.764999389648438,22.950000762939453,11359000
2001-05-17,11.66202163696289,24.065000534057617,24.350000381469727,23.825000762939453,24.114999771118164,9574800
2001-05-18,11.654752731323242,24.049999237060547,24.149999618530273,23.850000381469727,24.065000534057617,6726000
2001-05-21,11.700798034667969,24.145000457763672,24.174999237060547,23.655000686645508,24.049999237060547,7996600
2001-05-22,11.582071304321289,23.899999618530273,24.075000762939453,23.774999618530273,24.075000762939453,5928600
2001-05-23,11.800142288208008,24.350000381469727,24.350000381469727,23.649999618530273,23.899999618530273,8525800
2001-05-24,11.894640922546387,24.545000076293945,24.674999237060547,24.25,24.350000381469727,6694000
2001-05-25,11.671719551086426,24.084999084472656,24.549999237060547,23.94499969482422,24.545000076293945,4007000
2001-05-29,11.712918281555176,24.170000076293945,24.395000457763672,24.075000762939453,24.084999084472656,4531800
2001-05-30,11.601446151733398,23.940000534057617,24.325000762939453,23.885000228881836,24.170000076293945,5220400
2001-05-31,11.485146522521973,23.700000762939453,23.770000457763672,23.475000381469727,23.770000457763672,7223400
2001-06-01,11.584487915039062,23.905000686645508,23.950000762939453,23.5,23.700000762939453,6972600
2001-06-04,11.526336669921875,23.78499984741211,23.799999237060547,23.450000762939453,23.799999237060547,4484800
2001-06-05,11.538451194763184,23.809999465942383,23.834999084472656,23.239999771118164,23.78499984741211,6841400
2001-06-06,11.327651023864746,23.375,23.7450008392334,23.18000030517578,23.7450008392334,7095400
2001-06-07,11.175000190734863,23.059999465942383,23.594999313354492,22.93000030517578,23.375,6785400
2001-06-08,11.145922660827637,23.0,23.114999771118164,22.825000762939453,23.059999465942383,4425000
2001-06-11,11.128963470458984,22.96500015258789,23.059999465942383,22.7549991607666,23.0,3476200
2001-06-12,11.124113082885742,22.954999923706055,23.065000534057617,22.7549991607666,22.96500015258789,4899400
2001-06-13,11.153308868408203,22.924999237060547,22.950000762939453,22.700000762939453,22.950000762939453,5575600
2001-06-14,10.951404571533203,22.510000228881836,22.844999313354492,22.420000076293945,22.844999313354492,7021600
2001-06-15,10.766531944274902,22.1299991607666,22.594999313354492,22.05500030517578,22.510000228881836,13749800
2001-06-18,10.647331237792969,21.885000228881836,22.225000381469727,21.735000610351562,22.1299991607666,6354400
2001-06-19,10.642470359802246,21.875,22.045000076293945,21.770000457763672,21.885000228881836,5441000
2001-06-20,10.686250686645508,21.96500015258789,22.1200008392334,21.725000381469727,21.875,8301800
2001-06-21,10.603549003601074,21.795000076293945,22.239999771118164,21.774999618530273,21.96500015258789,10298800
2001-06-22,10.423539161682129,21.424999237060547,21.854999542236328,21.295000076293945,21.795000076293945,9211200
2001-06-25,10.603549003601074,21.795000076293945,22.100000381469727,21.6299991607666,21.6299991607666,14690600
2001-06-26,10.691118240356445,21.975000381469727,22.149999618530273,21.514999389648438,21.795000076293945,20446600
2001-06-27,10.747061729431152,22.09000015258789,22.174999237060547,21.875,21.975000381469727,12653800
2001-06-28,11.0316801071167,22.674999237060547,22.704999923706055,22.110000610351562,22.110000610351562,15615000
2001-06-29,10.946533203125,22.5,22.829999923706055,22.43000030517578,22.75,13146800
2001-07-02,11.09249210357666,22.799999237060547,23.024999618530273,22.334999084472656,22.5,7314800
2001-07-03,11.17519760131836,22.969999313354492,22.9950008392334,22.80500030517578,22.80500030517578,3896200
2001-07-05,11.004922866821289,22.6200008392334,22.940000534057617,22.510000228881836,22.940000534057617,5515000
2001-07-06,10.84923267364502,22.299999237060547,22.7450008392334,22.28499984741211,22.6200008392334,5020200
2001-07-09,11.000053405761719,22.610000610351562,22.84000015258789,22.280000686645508,22.299999237060547,4552000
2001-07-10,10.866257667541504,22.334999084472656,22.645000457763672,22.225000381469727,22.610000610351562,9439200
2001-07-11,11.070601463317871,22.7549991607666,22.875,22.145000457763672,22.334999084472656,7234200
2001-07-12,11.0657320022583,22.7450008392334,22.75,22.450000762939453,22.75,6950800
2001-07-13,11.192224502563477,23.0049991607666,23.06999969482422,22.55500030517578,22.7450008392334,6472800
2001-07-16,11.42818546295166,23.489999771118164,23.489999771118164,23.024999618530273,23.024999618530273,8402400
2001-07-17,11.464674949645996,23.565000534057617,23.600000381469727,22.954999923706055,23.489999771118164,7532000
2001-07-18,11.243310928344727,23.110000610351562,23.475000381469727,22.80500030517578,23.475000381469727,8188800
2001-07-19,11.360069274902344,23.350000381469727,23.44499969482422,22.899999618530273,23.110000610351562,5038400
2001-07-20,11.216551780700684,23.05500030517578,23.385000228881836,22.895000457763672,23.350000381469727,7086000
2001-07-23,10.82004165649414,22.239999771118164,23.024999618530273,22.1200008392334,23.024999618530273,10382000
2001-07-24,10.751934051513672,22.100000381469727,22.299999237060547,21.825000762939453,22.239999771118164,9968400
2001-07-25,10.941669464111328,22.489999771118164,22.514999389648438,22.0049991607666,22.100000381469727,7287400
2001-07-26,10.946533203125,22.5,22.5049991607666,22.200000762939453,22.489999771118164,6933200
2001-07-27,10.895456314086914,22.395000457763672,22.545000076293945,22.100000381469727,22.5,4724000
2001-07-30,10.766531944274902,22.1299991607666,22.395000457763672,22.0049991607666,22.270000457763672,5806800
2001-07-31,10.84923267364502,22.299999237060547,22.3700008392334,21.899999618530273,22.1299991607666,8695000
2001-08-01,10.722740173339844,22.040000915527344,22.375,21.8799991607666,22.350000381469727,7926000
2001-08-02,10.681389808654785,21.954999923706055,22.219999313354492,21.75,22.174999237060547,10578800
2001-08-03,10.873556137084961,22.350000381469727,22.389999389648438,22.049999237060547,22.100000381469727,11690800
2001-08-06,10.851672172546387,22.30500030517578,22.489999771118164,22.149999618530273,22.389999389648438,7596400
2001-08-07,10.917346000671387,22.440000534057617,22.440000534057617,22.204999923706055,22.344999313354492,8588000
2001-08-08,11.068166732788086,22.75,22.915000915527344,22.280000686645508,22.399999618530273,13201200
2001-08-09,11.094924926757812,22.80500030517578,22.850000381469727,22.5,22.65999984741211,9790400
2001-08-10,11.109514236450195,22.834999084472656,22.989999771118164,22.225000381469727,22.645000457763672,7793800
2001-08-13,11.141140937805176,22.899999618530273,22.975000381469727,22.674999237060547,22.75,5174200
2001-08-14,11.199525833129883,23.020000457763672,23.049999237060547,22.850000381469727,22.950000762939453,6728200
2001-08-15,11.574137687683105,23.790000915527344,23.850000381469727,23.075000762939453,23.100000381469727,15860400
2001-08-16,11.60576343536377,23.854999542236328,23.8799991607666,23.459999084472656,23.790000915527344,9601600
2001-08-17,11.56440544128418,23.770000457763672,23.94499969482422,23.5049991607666,23.854999542236328,6383600
2001-08-20,11.807662963867188,24.270000457763672,24.270000457763672,23.854999542236328,23.950000762939453,8027400
2001-08-21,11.751721382141113,24.155000686645508,24.389999389648438,24.030000686645508,24.25,8164600
2001-08-22,11.737123489379883,24.125,24.174999237060547,23.905000686645508,24.155000686645508,7915600
2001-08-23,12.029030799865723,24.725000381469727,24.799999237060547,24.104999542236328,24.239999771118164,9309600
2001-08-24,11.9706449508667,24.604999542236328,24.924999237060547,24.405000686645508,24.700000762939453,8325400
2001-08-27,11.800362586975098,24.2549991607666,24.614999771118164,24.200000762939453,24.5,8020400
2001-08-28,11.644682884216309,23.934999465942383,24.2549991607666,23.799999237060547,24.2549991607666,6329800
2001-08-29,11.603333473205566,23.850000381469727,24.049999237060547,23.655000686645508,23.975000381469727,5472200
2001-08-30,11.86847972869873,24.395000457763672,24.875,24.030000686645508,24.049999237060547,13128600
2001-08-31,11.839286804199219,24.334999084472656,24.540000915527344,24.149999618530273,24.15999984741211,7670800
2001-09-04,12.041193008422852,24.75,25.19499969482422,24.229999542236328,24.459999084472656,14190400
2001-09-05,12.272283554077148,25.225000381469727,25.350000381469727,24.399999618530273,24.399999618530273,13798400
2001-09-06,12.043623924255371,24.7549991607666,25.18000030517578,24.71500015258789,25.18000030517578,10386200
2001-09-07,12.097138404846191,24.864999771118164,24.989999771118164,24.575000762939453,24.6299991607666,12133000
2001-09-10,12.150654792785645,24.975000381469727,25.09000015258789,24.75,24.8700008392334,13732600
2001-09-17,12.3446044921875,25.100000381469727,25.100000381469727,24.354999542236328,24.75,20256600
2001-09-18,12.165091514587402,24.735000610351562,25.155000686645508,24.475000381469727,25.149999618530273,11112000
2001-09-19,12.172477722167969,24.75,24.969999313354492,24.165000915527344,24.860000610351562,14416000
2001-09-20,11.889674186706543,24.174999237060547,24.704999923706055,24.149999618530273,24.405000686645508,16598600
2001-09-21,11.508517265319824,23.399999618530273,23.915000915527344,22.625,23.0,23054200
2001-09-24,11.810982704162598,24.014999389648438,24.350000381469727,23.405000686645508,23.405000686645508,13608400
2001-09-25,11.803605079650879,24.0,24.6299991607666,23.905000686645508,23.924999237060547,17787200
2001-09-26,11.530644416809082,23.44499969482422,24.0,23.3799991607666,23.950000762939453,11593800
2001-09-27,11.545405387878418,23.475000381469727,23.53499984741211,23.25,23.489999771118164,11084800
2001-09-28,11.520813941955566,23.424999237060547,23.625,23.354999542236328,23.524999618530273,11554000
2001-10-01,11.33392333984375,23.045000076293945,23.364999771118164,22.924999237060547,23.25,12393400
2001-10-02,11.35359001159668,23.084999084472656,23.235000610351562,22.7549991607666,23.125,9414200
2001-10-03,11.26261043548584,22.899999618530273,23.0,22.68000030517578,22.975000381469727,11105800
2001-10-04,11.10522747039795,22.579999923706055,22.639999389648438,22.40999984741211,22.5,12277400
2001-10-05,11.188835144042969,22.75,22.950000762939453,22.145000457763672,22.5,10504800
2001-10-08,11.348677635192871,23.075000762939453,23.2450008392334,22.68000030517578,22.735000610351562,6919000
2001-10-09,11.35605525970459,23.09000015258789,23.1200008392334,22.739999771118164,22.875,5939800
2001-10-10,11.348677635192871,23.075000762939453,23.174999237060547,22.854999542236328,23.075000762939453,8301800
2001-10-11,11.32408332824707,23.024999618530273,23.25,22.799999237060547,23.0,9565400
2001-10-12,11.016695976257324,22.399999618530273,22.670000076293945,22.0049991607666,22.575000762939453,16640000
2001-10-15,10.94292163848877,22.25,22.399999618530273,22.024999618530273,22.100000381469727,9715400
2001-10-16,10.952764511108398,22.270000457763672,22.399999618530273,22.149999618530273,22.25,9620000
2001-10-17,10.888826370239258,22.139999389648438,22.44499969482422,22.125,22.395000457763672,10608200
2001-10-18,11.341299057006836,23.059999465942383,23.100000381469727,22.174999237060547,22.174999237060547,15165200
2001-10-19,11.948692321777344,24.295000076293945,24.440000534057617,23.5049991607666,23.600000381469727,23672000
2001-10-22,12.044594764709473,24.489999771118164,24.4950008392334,23.875,24.05500030517578,12130800
2001-10-23,12.017547607421875,24.434999465942383,24.489999771118164,24.149999618530273,24.489999771118164,8877600
2001-10-24,11.992958068847656,24.385000228881836,24.4950008392334,24.270000457763672,24.329999923706055,6779200
2001-10-25,12.157712936401367,24.719999313354492,24.7450008392334,24.125,24.1299991607666,7438400
2001-10-26,12.083941459655762,24.56999969482422,24.7450008392334,24.440000534057617,24.5,6475600
2001-10-29,11.953612327575684,24.30500030517578,24.575000762939453,24.25,24.5,5771000
2001-10-30,11.842955589294434,24.079999923706055,24.399999618530273,23.78499984741211,24.049999237060547,7737200
2001-10-31,11.774097442626953,23.940000534057617,24.155000686645508,23.8700008392334,24.079999923706055,6391000
2001-11-01,11.948692321777344,24.295000076293945,24.34000015258789,23.68000030517578,23.700000762939453,7242800
2001-11-02,12.02000617980957,24.440000534057617,24.475000381469727,23.950000762939453,24.010000228881836,5705000
2001-11-05,12.12329387664795,24.649999618530273,24.799999237060547,24.149999618530273,24.149999618530273,7725800
2001-11-06,12.258532524108887,24.924999237060547,24.924999237060547,24.43000030517578,24.524999618530273,6333000
2001-11-07,12.147879600524902,24.700000762939453,24.950000762939453,24.55500030517578,24.700000762939453,5599600
2001-11-08,12.06672477722168,24.53499984741211,24.799999237060547,24.399999618530273,24.625,7392800
2001-11-09,12.103616714477539,24.610000610351562,24.674999237060547,24.274999618530273,24.3799991607666,5188800
2001-11-12,12.128203392028809,24.65999984741211,24.75,24.364999771118164,24.479999542236328,4106200
2001-11-13,12.209359169006348,24.825000762939453,24.860000610351562,24.56999969482422,24.700000762939453,5599600
2001-11-14,12.295429229736328,25.0,25.03499984741211,24.799999237060547,24.875,8670400
2001-11-15,12.295429229736328,25.0,25.225000381469727,24.875,25.049999237060547,10053200
2001-11-16,12.27821159362793,24.96500015258789,25.21500015258789,24.889999389648438,25.21500015258789,8534600
2001-11-19,12.165091514587402,24.735000610351562,25.100000381469727,24.55500030517578,25.049999237060547,6804200
2001-11-20,12.049516677856445,24.5,24.625,24.350000381469727,24.450000762939453,7764200
2001-11-21,11.990499496459961,24.3799991607666,24.5,24.264999389648438,24.299999237060547,4568600
2001-11-23,12.086400032043457,24.575000762939453,24.575000762939453,24.2549991607666,24.2549991607666,2171600
2001-11-26,11.879841804504395,24.155000686645508,24.545000076293945,24.049999237060547,24.475000381469727,8057400
2001-11-27,11.801149368286133,23.9950008392334,24.190000534057617,23.7549991607666,24.155000686645508,7262400
2001-11-28,11.539502143859863,23.375,23.690000534057617,23.28499984741211,23.604999542236328,9075800
2001-11-29,11.620956420898438,23.540000915527344,23.639999389648438,23.229999542236328,23.475000381469727,7146400
2001-11-30,11.591338157653809,23.479999542236328,23.625,23.3799991607666,23.5,6975200
2001-12-03,11.48520278930664,23.264999389648438,23.375,23.05500030517578,23.174999237060547,8425800
2001-12-04,11.490137100219727,23.274999618530273,23.524999618530273,23.145000457763672,23.469999313354492,7857600
2001-12-05,11.630826950073242,23.559999465942383,23.700000762939453,23.479999542236328,23.639999389648438,12115800
2001-12-06,11.460517883300781,23.21500015258789,23.44499969482422,23.079999923706055,23.350000381469727,7025800
2001-12-07,11.502476692199707,23.299999237060547,23.450000762939453,23.049999237060547,23.09000015258789,6653800
2001-12-10,11.263052940368652,22.815000534057617,23.434999465942383,22.7549991607666,23.079999923706055,7431400
2001-12-11,11.267982482910156,22.825000762939453,23.104999542236328,22.774999618530273,22.875,7332600
2001-12-12,11.349440574645996,22.989999771118164,23.065000534057617,22.725000381469727,22.825000762939453,8400000
2001-12-13,11.411147117614746,23.114999771118164,23.25,22.8799991607666,22.924999237060547,10977800
2001-12-14,11.41608715057373,23.125,23.360000610351562,23.040000915527344,23.100000381469727,6786600
2001-12-17,11.391400337219238,23.075000762939453,23.325000762939453,22.899999618530273,23.325000762939453,8741400
2001-12-18,11.477788925170898,23.25,23.274999618530273,22.940000534057617,23.225000381469727,9842800
2001-12-19,11.722159385681152,23.7450008392334,23.975000381469727,23.125,23.125,15066400
2001-12-20,11.788804054260254,23.8799991607666,24.049999237060547,23.6200008392334,23.625,9772400
2001-12-21,12.040569305419922,24.389999389648438,24.389999389648438,23.885000228881836,24.075000762939453,16875000
2001-12-24,11.939373016357422,24.184999465942383,24.399999618530273,24.05500030517578,24.389999389648438,5177400
2001-12-26,11.976401329040527,24.260000228881836,24.389999389648438,23.899999618530273,24.024999618530273,4803000
2001-12-27,11.833236694335938,23.969999313354492,23.969999313354492,23.735000610351562,23.75,7931600
2001-12-28,11.64317798614502,23.584999084472656,23.719999313354492,23.4950008392334,23.655000686645508,8710400
2001-12-31,11.638239860534668,23.575000762939453,23.850000381469727,23.475000381469727,23.625,6934000
2002-01-02,11.717218399047852,23.735000610351562,23.81999969482422,23.1299991607666,23.399999618530273,8848000
2002-01-03,11.56418514251709,23.424999237060547,23.825000762939453,23.25,23.825000762939453,10789800
2002-01-04,11.460517883300781,23.21500015258789,23.31999969482422,23.010000228881836,23.299999237060547,10145600
2002-01-07,11.161852836608887,22.610000610351562,23.5,22.399999618530273,22.950000762939453,17142800
2002-01-08,11.021151542663574,22.325000762939453,22.735000610351562,22.315000534057617,22.735000610351562,12292800
2002-01-09,10.998939514160156,22.280000686645508,22.545000076293945,22.235000610351562,22.25,12000600
2002-01-10,11.053241729736328,22.389999389648438,22.475000381469727,22.2450008392334,22.30500030517578,9222800
2002-01-11,11.181594848632812,22.649999618530273,22.799999237060547,22.334999084472656,22.475000381469727,11290600
2002-01-14,10.984124183654785,22.25,22.584999084472656,22.149999618530273,22.5,16115200
2002-01-15,10.947100639343262,22.174999237060547,22.405000686645508,22.020000457763672,22.375,12015800
2002-01-16,10.897729873657227,22.075000762939453,22.399999618530273,21.96500015258789,22.280000686645508,10501000
2002-01-17,11.11988353729248,22.524999618530273,22.600000381469727,22.155000686645508,22.200000762939453,9838000
2002-01-18,11.216147422790527,22.719999313354492,22.725000381469727,22.5049991607666,22.549999237060547,9820800
2002-01-22,11.329695701599121,22.950000762939453,22.969999313354492,22.600000381469727,22.719999313354492,9442400
2002-01-23,11.053241729736328,22.389999389648438,22.8799991607666,22.0,22.875,13132600
2002-01-24,10.91501235961914,22.110000610351562,22.549999237060547,21.885000228881836,22.5,13154000
2002-01-25,11.144564628601074,22.575000762939453,22.69499969482422,22.010000228881836,22.049999237060547,8429800
2002-01-28,11.159379959106445,22.604999542236328,22.625,22.2549991607666,22.424999237060547,9345200
2002-01-29,10.860710144042969,22.0,22.575000762939453,22.0,22.5,15979600
2002-01-30,10.823677062988281,21.924999237060547,22.145000457763672,21.80500030517578,22.125,11985000
2002-01-31,10.79900074005127,21.875,22.100000381469727,21.75,22.049999237060547,18087600
2002-02-01,11.028554916381836,22.34000015258789,22.350000381469727,21.850000381469727,21.875,14601200
2002-02-04,11.028554916381836,22.34000015258789,22.4950008392334,22.18000030517578,22.34000015258789,9806000
2002-02-05,11.292670249938965,22.875,23.045000076293945,22.299999237060547,22.44499969482422,15225200
2002-02-06,11.477788925170898,23.25,23.260000228881836,22.604999542236328,22.899999618530273,15027600
2002-02-07,11.324755668640137,22.940000534057617,23.204999923706055,22.875,22.950000762939453,8603800
2002-02-08,11.31734848022461,22.924999237060547,22.934999465942383,22.514999389648438,22.704999923706055,6663800
2002-02-11,11.388935089111328,23.06999969482422,23.1200008392334,22.649999618530273,22.649999618530273,9030800
2002-02-12,11.381526947021484,23.05500030517578,23.065000534057617,22.75,22.799999237060547,6057000
2002-02-13,11.4481782913208,23.190000534057617,23.190000534057617,22.7549991607666,22.875,7968400
2002-02-14,11.598743438720703,23.4950008392334,23.5,23.0,23.075000762939453,8097800
2002-02-15,11.588872909545898,23.475000381469727,23.524999618530273,23.325000762939453,23.5,12432600
2002-02-19,11.425956726074219,23.145000457763672,23.434999465942383,23.020000457763672,23.174999237060547,6432600
2002-02-20,11.57159423828125,23.440000534057617,23.5,22.709999084472656,23.0,7912000
2002-02-21,11.354377746582031,23.0,23.614999771118164,22.940000534057617,23.375,9376200
2002-02-22,11.675265312194824,23.649999618530273,23.75,22.950000762939453,23.0,12420400
2002-02-25,11.692543983459473,23.684999465942383,23.84000015258789,23.5,23.649999618530273,8480200
2002-02-26,11.598743438720703,23.4950008392334,23.825000762939453,23.30500030517578,23.690000534057617,8453000
2002-02-27,11.719690322875977,23.739999771118164,23.989999771118164,23.399999618530273,23.475000381469727,8153200
2002-02-28,11.697480201721191,23.69499969482422,24.0,23.674999237060547,23.950000762939453,8506200
2002-03-01,11.94924545288086,24.204999923706055,24.225000381469727,23.479999542236328,23.479999542236328,9108000
2002-03-04,11.791276931762695,23.885000228881836,24.200000762939453,23.600000381469727,24.05500030517578,9246600
2002-03-05,11.749311447143555,23.799999237060547,23.959999084472656,23.625,23.760000228881836,8700000
2002-03-06,11.734500885009766,23.770000457763672,24.0,23.559999465942383,23.575000762939453,7829200
2002-03-07,11.588872909545898,23.475000381469727,23.594999313354492,23.174999237060547,23.549999237060547,11507000
2002-03-08,11.811020851135254,23.924999237060547,24.084999084472656,23.700000762939453,23.7450008392334,7939800
2002-03-11,11.744379043579102,23.790000915527344,24.049999237060547,23.700000762939453,24.049999237060547,6068800
2002-03-12,11.870265007019043,24.045000076293945,24.049999237060547,23.5049991607666,23.700000762939453,6878800
2002-03-13,11.885136604309082,23.975000381469727,24.049999237060547,23.799999237060547,23.850000381469727,6989600
2002-03-14,11.870259284973145,23.94499969482422,24.170000076293945,23.889999389648438,24.024999618530273,8102200
2002-03-15,12.056159019470215,24.31999969482422,24.524999618530273,24.104999542236328,24.174999237060547,14707200
2002-03-18,12.063594818115234,24.334999084472656,24.559999465942383,24.09000015258789,24.399999618530273,8276200
2002-03-19,12.194965362548828,24.600000381469727,24.71500015258789,24.424999237060547,24.450000762939453,8382400
2002-03-20,12.247013092041016,24.704999923706055,24.885000228881836,24.559999465942383,24.600000381469727,7312000
2002-03-21,12.492398262023926,25.200000762939453,25.385000228881836,24.934999465942383,24.989999771118164,15073200
2002-03-22,12.703088760375977,25.625,25.739999771118164,25.125,25.204999923706055,13291000
2002-03-25,12.82702350616455,25.875,26.045000076293945,25.674999237060547,25.725000381469727,15111000
2002-03-26,13.037711143493652,26.299999237060547,26.34000015258789,25.8700008392334,25.875,16579000
2002-03-27,12.960866928100586,26.145000457763672,26.170000076293945,25.924999237060547,25.979999542236328,19315200
2002-03-28,12.953429222106934,26.1299991607666,26.225000381469727,25.969999313354492,26.145000457763672,10190400
2002-04-01,12.963345527648926,26.149999618530273,26.174999237060547,25.780000686645508,26.0,7959000
2002-04-02,12.958391189575195,26.139999389648438,26.145000457763672,25.850000381469727,26.100000381469727,8597800
2002-04-03,12.82454776763916,25.8700008392334,26.079999923706055,25.75,25.979999542236328,8403000
2002-04-04,12.893940925598145,26.010000228881836,26.204999923706055,25.780000686645508,25.8700008392334,9461600
2002-04-05,12.93360424041748,26.09000015258789,26.139999389648438,25.80500030517578,25.950000762939453,5724800
2002-04-08,13.136847496032715,26.5,26.549999237060547,25.770000457763672,25.799999237060547,10295200
2002-04-09,13.223605155944824,26.674999237060547,26.774999618530273,26.375,26.5,8951600
2002-04-10,13.43924617767334,27.110000610351562,27.225000381469727,26.510000228881836,26.549999237060547,8325400
2002-04-11,13.171551704406738,26.56999969482422,27.059999465942383,26.510000228881836,27.05500030517578,8850800
2002-04-12,13.226082801818848,26.68000030517578,26.75,26.2450008392334,26.375,7078600
2002-04-15,12.98565673828125,26.19499969482422,26.5049991607666,26.104999542236328,26.424999237060547,8734000
2002-04-16,13.354978561401367,26.940000534057617,26.950000762939453,25.899999618530273,26.19499969482422,12718200
2002-04-17,13.364884376525879,26.959999084472656,27.030000686645508,26.6299991607666,26.825000762939453,8254800
2002-04-18,13.31283950805664,26.854999542236328,27.100000381469727,26.604999542236328,26.975000381469727,7437000
2002-04-19,13.610275268554688,27.454999923706055,27.489999771118164,26.799999237060547,26.860000610351562,9241200
2002-04-22,13.706938743591309,27.649999618530273,27.924999237060547,27.385000228881836,27.4950008392334,11199000
2002-04-23,13.5136137008667,27.260000228881836,27.575000762939453,27.1299991607666,27.524999618530273,7624600
2002-04-24,13.627625465393066,27.489999771118164,27.530000686645508,27.25,27.3700008392334,9417000
2002-04-25,13.627625465393066,27.489999771118164,27.5,27.075000762939453,27.475000381469727,8991200
2002-04-26,13.496259689331055,27.225000381469727,27.545000076293945,27.225000381469727,27.454999923706055,6252400
2002-04-29,13.54334831237793,27.31999969482422,27.540000915527344,27.03499984741211,27.225000381469727,8159000
2002-04-30,13.75899600982666,27.7549991607666,28.020000457763672,27.364999771118164,27.44499969482422,13047600
2002-05-01,14.281993865966797,28.809999465942383,28.954999923706055,27.850000381469727,27.8799991607666,16158400
2002-05-02,14.286951065063477,28.81999969482422,28.895000457763672,28.545000076293945,28.700000762939453,13051000
2002-05-03,14.093607902526855,28.43000030517578,28.584999084472656,28.125,28.5,9020600
2002-05-06,14.026687622070312,28.295000076293945,28.549999237060547,28.25,28.399999618530273,7796400
2002-05-07,14.041558265686035,28.325000762939453,28.489999771118164,28.125,28.489999771118164,8967400
2002-05-08,14.004375457763672,28.25,28.485000610351562,27.920000076293945,28.299999237060547,10446000
2002-05-09,14.004375457763672,28.25,28.44499969482422,28.204999923706055,28.299999237060547,5404200
2002-05-10,13.969680786132812,28.18000030517578,28.450000762939453,28.100000381469727,28.200000762939453,6790600
2002-05-13,14.10104751586914,28.44499969482422,28.450000762939453,27.975000381469727,28.0,6302000
2002-05-14,14.041558265686035,28.325000762939453,28.450000762939453,28.165000915527344,28.424999237060547,7122000
2002-05-15,14.051468849182129,28.344999313354492,28.415000915527344,28.100000381469727,28.200000762939453,7274000
2002-05-16,14.14069938659668,28.524999618530273,28.600000381469727,28.200000762939453,28.475000381469727,7680800
2002-05-17,14.128311157226562,28.5,28.625,28.280000686645508,28.475000381469727,7058200
2002-05-20,13.93001937866211,28.100000381469727,28.5,27.950000762939453,28.375,5421200
2002-05-21,13.746600151062012,27.729999542236328,28.174999237060547,27.625,28.100000381469727,8376200
2002-05-22,13.93001937866211,28.100000381469727,28.149999618530273,27.7549991607666,27.774999618530273,5470000
2002-05-23,14.051468849182129,28.344999313354492,28.344999313354492,27.885000228881836,28.100000381469727,5719400
2002-05-24,13.93001937866211,28.100000381469727,28.739999771118164,27.8799991607666,28.3700008392334,6929000
2002-05-28,13.54334831237793,27.31999969482422,28.075000762939453,27.274999618530273,27.975000381469727,7020000
2002-05-29,13.42189884185791,27.075000762939453,27.25,26.905000686645508,27.25,8976200
2002-05-30,13.481386184692383,27.19499969482422,27.299999237060547,26.899999618530273,26.950000762939453,9656800
2002-05-31,13.771390914916992,27.780000686645508,27.844999313354492,27.34000015258789,27.450000762939453,8404400
2002-06-03,13.392151832580566,27.014999389648438,27.700000762939453,26.9950008392334,27.450000762939453,6607600
2002-06-04,13.38471508026123,27.0,27.0,26.475000381469727,26.700000762939453,10837400
2002-06-05,13.731732368469238,27.700000762939453,27.725000381469727,26.80500030517578,27.0,8356200
2002-06-06,13.42189884185791,27.075000762939453,27.725000381469727,26.979999542236328,27.725000381469727,7283600
2002-06-07,13.397113800048828,27.024999618530273,27.225000381469727,26.875,27.0,7087200
2002-06-10,13.31779670715332,26.864999771118164,27.100000381469727,26.809999465942383,26.975000381469727,6861800
2002-06-11,13.38471508026123,27.0,27.475000381469727,26.864999771118164,26.899999618530273,11366200
2002-06-12,13.5538911819458,27.239999771118164,27.475000381469727,26.905000686645508,27.0,10515600
2002-06-13,13.558870315551758,27.25,27.4950008392334,27.024999618530273,27.2450008392334,7487600
2002-06-14,13.645940780639648,27.424999237060547,27.44499969482422,26.850000381469727,27.100000381469727,9062000
2002-06-17,13.74545669555664,27.625,27.69499969482422,27.344999313354492,27.399999618530273,7105600
2002-06-18,13.757896423339844,27.649999618530273,27.719999313354492,27.450000762939453,27.5,7294800
2002-06-19,13.703164100646973,27.540000915527344,28.03499984741211,27.405000686645508,27.649999618530273,9771000
2002-06-20,13.862393379211426,27.860000610351562,28.174999237060547,27.55500030517578,27.575000762939453,10251400
2002-06-21,13.932043075561523,28.0,28.024999618530273,27.454999923706055,27.454999923706055,17739400
2002-06-24,14.168395042419434,28.475000381469727,28.594999313354492,27.950000762939453,28.0,11513800
2002-06-25,13.79521656036377,27.725000381469727,28.56999969482422,27.415000915527344,28.475000381469727,11779200
2002-06-26,13.817611694335938,27.770000457763672,27.899999618530273,27.170000076293945,27.25,13409200
2002-06-27,13.954436302185059,28.045000076293945,28.225000381469727,27.415000915527344,27.895000457763672,11711000
2002-06-28,13.932043075561523,28.0,28.725000381469727,27.889999389648438,28.170000076293945,14290600
2002-07-01,14.019123077392578,28.174999237060547,28.549999237060547,28.125,28.125,10267600
2002-07-02,14.101218223571777,28.34000015258789,28.600000381469727,28.075000762939453,28.475000381469727,12085600
2002-07-03,14.083809852600098,28.30500030517578,28.450000762939453,28.014999389648438,28.21500015258789,12984600
2002-07-05,14.048979759216309,28.235000610351562,28.25,27.780000686645508,27.899999618530273,6698000
2002-07-08,14.25050163269043,28.639999389648438,28.75,28.280000686645508,28.350000381469727,10446200
2002-07-09,14.041515350341797,28.219999313354492,28.614999771118164,28.059999465942383,28.549999237060547,18088000
2002-07-10,13.608624458312988,27.350000381469727,28.475000381469727,27.174999237060547,28.219999313354492,15884200
2002-07-11,13.213056564331055,26.55500030517578,27.200000762939453,26.079999923706055,27.0,25808200
2002-07-12,12.70055103302002,25.524999618530273,26.5,25.350000381469727,26.5,17365800
2002-07-15,12.936901092529297,26.0,26.125,24.69499969482422,25.375,18263000
2002-07-16,12.531375885009766,25.184999465942383,25.850000381469727,25.045000076293945,25.524999618530273,13761800
2002-07-17,12.439334869384766,25.0,25.975000381469727,24.875,25.600000381469727,19555200
2002-07-18,11.924339294433594,23.96500015258789,25.18000030517578,23.639999389648438,25.024999618530273,15981000
2002-07-19,11.21778678894043,22.545000076293945,23.600000381469727,22.3700008392334,23.46500015258789,20025800
2002-07-22,11.416813850402832,22.94499969482422,23.649999618530273,22.450000762939453,22.59000015258789,23931200
2002-07-23,11.09090518951416,22.290000915527344,22.989999771118164,22.100000381469727,22.350000381469727,23664800
2002-07-24,11.65565299987793,23.424999237060547,23.549999237060547,21.799999237060547,21.799999237060547,26732200
2002-07-25,11.832284927368164,23.780000686645508,24.125,22.950000762939453,23.350000381469727,14898000
2002-07-26,11.804924964904785,23.725000381469727,24.0049991607666,23.424999237060547,23.799999237060547,10545200
2002-07-29,12.297515869140625,24.71500015258789,24.799999237060547,23.934999465942383,24.0,12973200
2002-07-30,11.979079246520996,24.075000762939453,24.600000381469727,23.80500030517578,24.600000381469727,10814600
2002-07-31,12.424397468566895,24.969999313354492,24.9950008392334,24.075000762939453,24.075000762939453,14246800
2002-08-01,12.42191219329834,24.96500015258789,25.375,24.725000381469727,24.924999237060547,11129800
2002-08-02,12.464210510253906,25.049999237060547,25.420000076293945,24.649999618530273,25.0,8567400
2002-08-05,12.031318664550781,24.18000030517578,25.049999237060547,24.049999237060547,25.049999237060547,9946400
2002-08-06,11.909412384033203,23.934999465942383,24.875,23.774999618530273,24.489999771118164,10717200
2002-08-07,12.193034172058105,24.5049991607666,24.5049991607666,23.799999237060547,24.145000457763672,9408400
2002-08-08,12.643327713012695,25.40999984741211,25.40999984741211,24.420000076293945,24.524999618530273,8422000
2002-08-09,12.712989807128906,25.549999237060547,25.719999313354492,25.145000457763672,25.3700008392334,8503400
2002-08-12,12.640851974487305,25.405000686645508,25.524999618530273,25.030000686645508,25.100000381469727,7161800
2002-08-13,12.504012107849121,25.1299991607666,25.725000381469727,24.979999542236328,25.0,7377800
2002-08-14,12.924464225769043,25.975000381469727,26.049999237060547,24.790000915527344,25.1299991607666,9480800
2002-08-15,12.790116310119629,25.704999923706055,26.28499984741211,25.5049991607666,26.0,10489200
2002-08-16,12.984169960021973,26.094999313354492,26.350000381469727,25.625,25.704999923706055,9989400
2002-08-19,12.862261772155762,25.850000381469727,26.219999313354492,25.635000228881836,26.219999313354492,9767400
2002-08-20,12.8448486328125,25.815000534057617,25.975000381469727,25.459999084472656,25.600000381469727,8636000
2002-08-21,13.121007919311523,26.3700008392334,26.405000686645508,25.674999237060547,26.049999237060547,8965200
2002-08-22,13.036423683166504,26.200000762939453,26.4950008392334,25.885000228881836,26.3700008392334,6997800
2002-08-23,13.111056327819824,26.350000381469727,26.700000762939453,26.100000381469727,26.200000762939453,7769400
2002-08-26,13.188178062438965,26.5049991607666,26.6200008392334,26.05500030517578,26.350000381469727,6329600
2002-08-27,13.066268920898438,26.260000228881836,26.600000381469727,26.0,26.514999389648438,7990600
2002-08-28,12.757777214050293,25.639999389648438,26.1200008392334,25.399999618530273,26.100000381469727,8312000
2002-08-29,12.538840293884277,25.200000762939453,25.639999389648438,25.0,25.325000762939453,7309200
2002-08-30,12.6881103515625,25.5,26.049999237060547,25.075000762939453,25.100000381469727,9969000
2002-09-03,12.419422149658203,24.959999084472656,25.344999313354492,24.739999771118164,25.200000762939453,10677800
2002-09-04,12.563719749450684,25.25,25.424999237060547,25.0,25.0,9965400
2002-09-05,12.27761173248291,24.674999237060547,25.09000015258789,24.540000915527344,25.024999618530273,7905000
2002-09-06,12.411959648132324,24.94499969482422,25.149999618530273,24.559999465942383,24.875,5966000
2002-09-09,12.52640151977539,25.174999237060547,25.53499984741211,24.7549991607666,24.780000686645508,5963400
2002-09-10,12.680651664733887,25.485000610351562,25.575000762939453,25.030000686645508,25.25,5660800
2002-09-11,12.763072967529297,25.549999237060547,25.795000076293945,25.469999313354492,25.790000915527344,5970600
2002-09-12,12.375937461853027,24.774999618530273,25.264999389648438,24.68000030517578,25.174999237060547,6457800
2002-09-13,12.40091609954834,24.825000762939453,24.950000762939453,24.55500030517578,24.649999618530273,7089800
2002-09-16,12.658167839050293,25.34000015258789,25.450000762939453,24.774999618530273,24.924999237060547,7943400
2002-09-17,12.226080894470215,24.475000381469727,25.700000762939453,24.469999313354492,25.600000381469727,11016200
2002-09-18,12.313499450683594,24.649999618530273,24.96500015258789,24.274999618530273,24.350000381469727,8992800
2002-09-19,11.90637493133545,23.834999084472656,24.149999618530273,23.520000457763672,24.0,12532600
2002-09-20,11.86890983581543,23.760000228881836,24.25,23.584999084472656,23.899999618530273,17571600
2002-09-23,11.739032745361328,23.5,23.844999313354492,23.204999923706055,23.559999465942383,7769800
2002-09-24,11.788989067077637,23.600000381469727,23.950000762939453,23.350000381469727,23.450000762939453,9446400
2002-09-25,12.111186027526855,24.2450008392334,24.575000762939453,23.600000381469727,23.899999618530273,10466000
2002-09-26,12.096203804016113,24.21500015258789,24.34000015258789,23.7549991607666,24.2450008392334,10570000
2002-09-27,12.111186027526855,24.2450008392334,24.649999618530273,24.100000381469727,24.21500015258789,8752400
2002-09-30,11.978806495666504,23.979999542236328,24.25,23.725000381469727,23.899999618530273,10303000
2002-10-01,12.503318786621094,25.030000686645508,25.049999237060547,24.125,24.200000762939453,11120400
2002-10-02,12.46335220336914,24.950000762939453,25.5,24.899999618530273,25.075000762939453,11077400
2002-10-03,12.643184661865234,25.309999465942383,25.700000762939453,25.049999237060547,25.149999618530273,11420000
2002-10-04,12.713122367858887,25.450000762939453,25.844999313354492,25.350000381469727,25.600000381469727,10234200
2002-10-07,12.520803451538086,25.065000534057617,25.94499969482422,25.0049991607666,25.415000915527344,12451400
2002-10-08,13.017839431762695,26.059999465942383,26.40999984741211,25.3799991607666,25.5,14686400
2002-10-09,12.8954496383667,25.815000534057617,26.25,25.5049991607666,25.75,11657800
2002-10-10,12.852992057800293,25.729999542236328,26.0,25.209999084472656,25.700000762939453,12181800
2002-10-11,12.850495338439941,25.725000381469727,26.0,25.360000610351562,25.700000762939453,12385000
2002-10-14,13.12523365020752,26.274999618530273,26.34000015258789,25.579999923706055,25.600000381469727,8373800
2002-10-15,13.107748031616211,26.239999771118164,26.549999237060547,25.625,26.274999618530273,13850800
2002-10-16,11.788989067077637,23.600000381469727,25.0,23.440000534057617,25.0,37382000
2002-10-17,11.464287757873535,22.950000762939453,23.924999237060547,22.28499984741211,23.850000381469727,33108000
2002-10-18,11.586673736572266,23.19499969482422,23.325000762939453,22.559999465942383,22.75,17405000
2002-10-21,11.988795280456543,24.0,24.049999237060547,23.450000762939453,23.549999237060547,15011400
2002-10-22,11.958821296691895,23.940000534057617,24.3700008392334,23.665000915527344,24.0,10844600
2002-10-23,11.973817825317383,23.969999313354492,24.09000015258789,23.614999771118164,23.94499969482422,10801200
2002-10-24,11.711562156677246,23.44499969482422,24.09000015258789,23.260000228881836,24.049999237060547,10427200
2002-10-25,11.73154067993164,23.485000610351562,23.575000762939453,23.184999465942383,23.46500015258789,9369200
2002-10-28,11.471781730651855,22.96500015258789,23.489999771118164,22.834999084472656,23.489999771118164,9626800
2002-10-29,11.584178924560547,23.190000534057617,23.19499969482422,22.510000228881836,22.875,11569200
2002-10-30,11.701566696166992,23.424999237060547,23.540000915527344,23.05500030517578,23.100000381469727,10282800
2002-10-31,11.60915470123291,23.239999771118164,23.579999923706055,22.950000762939453,23.360000610351562,11850000
2002-11-01,11.696572303771973,23.415000915527344,23.530000686645508,22.825000762939453,23.239999771118164,10783000
2002-11-04,11.414334297180176,22.850000381469727,23.450000762939453,22.75,23.420000076293945,13604200
2002-11-05,11.579181671142578,23.18000030517578,23.225000381469727,22.920000076293945,22.924999237060547,10645200
2002-11-06,11.339407920837402,22.700000762939453,23.15999984741211,22.450000762939453,23.155000686645508,19806600
2002-11-07,11.194536209106445,22.40999984741211,22.69499969482422,22.299999237060547,22.600000381469727,11576200
2002-11-08,11.119608879089355,22.260000228881836,22.600000381469727,22.239999771118164,22.325000762939453,10365600
2002-11-11,11.129602432250977,22.280000686645508,22.4950008392334,22.1299991607666,22.2549991607666,8224600
2002-11-12,11.06716537475586,22.155000686645508,22.704999923706055,22.104999542236328,22.549999237060547,11236800
2002-11-13,11.296943664550781,22.614999771118164,22.924999237060547,22.200000762939453,22.25,11831600
2002-11-14,11.274466514587402,22.56999969482422,22.959999084472656,22.565000534057617,22.875,9944400
2002-11-15,11.481771469116211,22.985000610351562,23.0,22.5049991607666,22.56999969482422,13655600
2002-11-18,11.469284057617188,22.959999084472656,23.145000457763672,22.795000076293945,23.100000381469727,8862400
2002-11-19,11.586673736572266,23.19499969482422,23.579999923706055,22.924999237060547,22.959999084472656,11389800
2002-11-20,11.50924301147461,23.040000915527344,23.344999313354492,22.704999923706055,23.344999313354492,11292800
2002-11-21,11.429323196411133,22.8799991607666,23.25,22.459999084472656,23.25,16084800
2002-11-22,11.341900825500488,22.704999923706055,23.09000015258789,22.375,23.0,9489600
2002-11-25,11.266973495483398,22.55500030517578,22.700000762939453,22.385000228881836,22.524999618530273,10346400
2002-11-26,11.239373207092285,22.399999618530273,22.594999313354492,22.290000915527344,22.309999465942383,10625800
2002-11-27,11.59813117980957,23.114999771118164,23.19499969482422,22.399999618530273,22.5,10498000
2002-11-29,11.450113296508789,22.81999969482422,23.075000762939453,22.760000228881836,23.075000762939453,5242200
2002-12-02,11.339726448059082,22.600000381469727,23.094999313354492,22.524999618530273,23.09000015258789,10058000
2002-12-03,11.2644624710083,22.450000762939453,22.940000534057617,22.395000457763672,22.75,13710800
2002-12-04,11.450113296508789,22.81999969482422,23.100000381469727,22.315000534057617,22.350000381469727,12994600
2002-12-05,11.297075271606445,22.514999389648438,22.895000457763672,22.399999618530273,22.825000762939453,8642800
2002-12-06,11.389904975891113,22.700000762939453,22.809999465942383,22.399999618530273,22.399999618530273,7989600
2002-12-09,11.314638137817383,22.549999237060547,22.844999313354492,22.43000030517578,22.600000381469727,8486400
2002-12-10,11.665868759155273,23.25,23.25,22.549999237060547,22.55500030517578,12368400
2002-12-11,11.728591918945312,23.375,23.454999923706055,23.010000228881836,23.225000381469727,15685200
2002-12-12,11.507813453674316,22.934999465942383,23.155000686645508,22.674999237060547,23.149999618530273,11997200
2002-12-13,11.502799034118652,22.924999237060547,23.209999084472656,22.25,22.375,15263600
2002-12-16,11.47269058227539,22.864999771118164,22.9950008392334,22.649999618530273,22.924999237060547,12417200
2002-12-17,11.269478797912598,22.459999084472656,22.979999542236328,22.424999237060547,22.924999237060547,11792200
2002-12-18,11.174147605895996,22.270000457763672,22.469999313354492,22.184999465942383,22.450000762939453,11923600
2002-12-19,11.068779945373535,22.059999465942383,22.25,21.78499984741211,22.174999237060547,13308200
2002-12-20,11.058749198913574,22.040000915527344,22.170000076293945,21.94499969482422,22.125,16630800
2002-12-23,11.136513710021973,22.19499969482422,22.299999237060547,21.940000534057617,22.049999237060547,10149600
2002-12-24,11.096379280090332,22.114999771118164,22.18000030517578,21.924999237060547,21.924999237060547,3392600
2002-12-26,11.076308250427246,22.075000762939453,22.350000381469727,22.049999237060547,22.100000381469727,4606400
2002-12-27,10.905709266662598,21.735000610351562,22.135000228881836,21.614999771118164,22.0,6725200
2002-12-30,10.915739059448242,21.7549991607666,21.885000228881836,21.450000762939453,21.78499984741211,10272400
2002-12-31,10.998531341552734,21.920000076293945,22.049999237060547,21.6299991607666,21.729999542236328,8993400
2003-01-02,11.25191879272461,22.424999237060547,22.4950008392334,22.024999618530273,22.075000762939453,9358800
2003-01-03,11.22432804107666,22.3700008392334,22.459999084472656,22.110000610351562,22.43000030517578,6184400
2003-01-06,11.269478797912598,22.459999084472656,22.575000762939453,22.170000076293945,22.299999237060547,7796000
2003-01-07,11.12899112701416,22.18000030517578,22.375,22.100000381469727,22.25,7628000
2003-01-08,11.056233406066895,22.03499984741211,22.375,21.950000762939453,22.299999237060547,6403600
2003-01-09,11.171636581420898,22.264999389648438,22.34000015258789,21.850000381469727,21.950000762939453,9030200
2003-01-10,11.339726448059082,22.600000381469727,22.690000534057617,22.155000686645508,22.174999237060547,10570200
2003-01-13,11.480217933654785,22.8799991607666,22.975000381469727,22.549999237060547,22.649999618530273,9982800
2003-01-14,11.47269058227539,22.864999771118164,22.875,22.510000228881836,22.75,10436800
2003-01-15,11.2644624710083,22.450000762939453,22.875,22.420000076293945,22.864999771118164,8891200
2003-01-16,11.457645416259766,22.834999084472656,22.8700008392334,22.5049991607666,22.540000915527344,7965400
2003-01-17,11.314638137817383,22.549999237060547,23.0049991607666,22.520000457763672,22.75,10638400
2003-01-21,11.219305992126465,22.360000610351562,22.795000076293945,22.2549991607666,22.600000381469727,7587600
2003-01-22,11.176661491394043,22.274999618530273,22.790000915527344,22.204999923706055,22.364999771118164,8775000
2003-01-23,11.01358413696289,21.950000762939453,22.405000686645508,21.934999465942383,22.280000686645508,11129000
2003-01-24,10.745145797729492,21.415000915527344,22.010000228881836,21.375,22.0,11273200
2003-01-27,10.484228134155273,20.895000457763672,21.3799991607666,20.760000228881836,21.174999237060547,13448600
2003-01-28,10.311124801635742,20.549999237060547,21.0,20.5,21.0,17152600
2003-01-29,10.173142433166504,20.274999618530273,20.549999237060547,19.905000686645508,20.549999237060547,26361200
2003-01-30,9.834449768066406,19.600000381469727,20.385000228881836,19.600000381469727,20.375,24866000
2003-01-31,10.150558471679688,20.229999542236328,20.274999618530273,19.575000762939453,19.649999618530273,23750000
2003-02-03,10.072789192199707,20.075000762939453,20.309999465942383,20.045000076293945,20.274999618530273,12605400
2003-02-04,10.117942810058594,20.165000915527344,20.28499984741211,19.850000381469727,20.0049991607666,12553800
2003-02-05,10.047698974609375,20.024999618530273,20.375,19.93000030517578,20.274999618530273,11931800
2003-02-06,10.012578964233398,19.954999923706055,20.149999618530273,19.825000762939453,20.024999618530273,10054200
2003-02-07,9.917242050170898,19.764999389648438,20.1200008392334,19.75,20.049999237060547,9516400
2003-02-10,10.050211906433105,20.030000686645508,20.145000457763672,19.674999237060547,19.850000381469727,9055200
2003-02-11,9.784280776977539,19.5,20.05500030517578,19.424999237060547,19.950000762939453,15029400
2003-02-12,9.969924926757812,19.8700008392334,20.125,19.655000686645508,19.690000534057617,18589400
2003-02-13,10.030144691467285,19.989999771118164,20.145000457763672,19.649999618530273,19.889999389648438,10950400
2003-02-14,10.235855102539062,20.399999618530273,20.5,19.950000762939453,20.075000762939453,10808000
2003-02-18,10.311124801635742,20.549999237060547,20.760000228881836,20.325000762939453,20.475000381469727,9979800
2003-02-19,10.20324420928955,20.334999084472656,20.594999313354492,20.149999618530273,20.594999313354492,7042800
2003-02-20,10.047698974609375,20.024999618530273,20.399999618530273,20.014999389648438,20.239999771118164,8909400
2003-02-21,10.195719718933105,20.31999969482422,20.34000015258789,20.0,20.149999618530273,11297600
2003-02-24,9.989998817443848,19.90999984741211,20.315000534057617,19.90999984741211,20.315000534057617,8390400
2003-02-25,10.130492210388184,20.190000534057617,20.219999313354492,19.75,19.850000381469727,11328800
2003-02-26,9.964912414550781,19.860000610351562,20.15999984741211,19.760000228881836,20.149999618530273,9374600
2003-02-27,10.100384712219238,20.1299991607666,20.315000534057617,19.854999542236328,19.924999237060547,9354000
2003-02-28,10.090350151062012,20.110000610351562,20.31999969482422,19.975000381469727,20.1299991607666,8920800
2003-03-03,9.836960792541504,19.604999542236328,20.219999313354492,19.604999542236328,20.079999923706055,11912800
2003-03-04,9.626222610473633,19.184999465942383,19.614999771118164,19.155000686645508,19.614999771118164,12807600
2003-03-05,9.420504570007324,18.774999618530273,19.184999465942383,18.5049991607666,18.725000381469727,23918800
2003-03-06,9.420504570007324,18.774999618530273,18.8799991607666,18.600000381469727,18.774999618530273,14582000
2003-03-07,9.458135604858398,18.850000381469727,18.920000076293945,18.575000762939453,18.575000762939453,14152600
2003-03-10,9.300081253051758,18.53499984741211,18.799999237060547,18.5049991607666,18.700000762939453,11275400
2003-03-11,9.448098182678223,18.829999923706055,19.100000381469727,18.549999237060547,18.549999237060547,12187600
2003-03-12,9.602034568786621,19.024999618530273,19.125,18.739999771118164,18.75,17142400
2003-03-13,9.955328941345215,19.725000381469727,19.725000381469727,19.25,19.290000915527344,16248600
2003-03-14,10.068891525268555,19.950000762939453,20.0049991607666,19.729999542236328,19.825000762939453,13410200
2003-03-17,10.343955993652344,20.4950008392334,20.4950008392334,19.850000381469727,19.950000762939453,14134200
2003-03-18,10.338902473449707,20.485000610351562,20.510000228881836,20.149999618530273,20.510000228881836,12957600
2003-03-19,10.550882339477539,20.905000686645508,20.924999237060547,20.3799991607666,20.485000610351562,12900000
2003-03-20,10.480222702026367,20.764999389648438,20.924999237060547,20.475000381469727,20.905000686645508,9475400
2003-03-21,10.661921501159668,21.125,21.149999618530273,20.649999618530273,20.975000381469727,13678800
2003-03-24,10.323762893676758,20.454999923706055,20.9950008392334,20.385000228881836,20.899999618530273,9899400
2003-03-25,10.346477508544922,20.5,20.594999313354492,20.28499984741211,20.450000762939453,10120200
2003-03-26,10.278343200683594,20.364999771118164,20.530000686645508,20.329999923706055,20.524999618530273,9894800
2003-03-27,10.311148643493652,20.43000030517578,20.625,20.06999969482422,20.239999771118164,8500400
2003-03-28,10.278343200683594,20.364999771118164,20.540000915527344,20.21500015258789,20.43000030517578,7672600
2003-03-31,10.215256690979004,20.239999771118164,20.34000015258789,19.854999542236328,20.15999984741211,11954400
2003-04-01,10.19254207611084,20.19499969482422,20.290000915527344,19.940000534057617,20.25,13867600
2003-04-02,10.460043907165527,20.725000381469727,20.864999771118164,20.5,20.575000762939453,10338600
2003-04-03,10.396954536437988,20.600000381469727,20.770000457763672,20.475000381469727,20.725000381469727,8541200
2003-04-04,10.573598861694336,20.950000762939453,21.299999237060547,20.575000762939453,21.05500030517578,8908400
2003-04-07,10.5231294631958,20.850000381469727,21.329999923706055,20.799999237060547,21.274999618530273,10194400
2003-04-08,10.560975074768066,20.924999237060547,21.024999618530273,20.80500030517578,20.975000381469727,6925600
2003-04-09,10.515558242797852,20.834999084472656,21.329999923706055,20.71500015258789,20.989999771118164,8999200
2003-04-10,10.457514762878418,20.719999313354492,20.940000534057617,20.649999618530273,20.924999237060547,6655400
2003-04-11,10.454985618591309,20.71500015258789,20.975000381469727,20.649999618530273,20.875,6974600
2003-04-14,10.702295303344727,21.204999923706055,21.2450008392334,20.71500015258789,20.71500015258789,6648400
2003-04-15,10.732574462890625,21.264999389648438,21.424999237060547,20.9950008392334,21.25,7816600
2003-04-16,10.068891525268555,19.950000762939453,20.850000381469727,19.7549991607666,20.325000762939453,30495000
2003-04-17,10.195068359375,20.200000762939453,20.315000534057617,19.5,19.959999084472656,23306200
2003-04-21,10.121885299682617,20.05500030517578,20.399999618530273,19.959999084472656,20.274999618530273,7049600
2003-04-22,10.197592735290527,20.204999923706055,20.219999313354492,19.84000015258789,19.950000762939453,13456200
2003-04-23,10.094120979309082,20.0,20.25,19.850000381469727,20.139999389648438,12061000
2003-04-24,10.0714111328125,19.954999923706055,20.049999237060547,19.625,19.975000381469727,11738600
2003-04-25,9.947757720947266,19.709999084472656,20.06999969482422,19.625,20.024999618530273,10260400
2003-04-28,10.177398681640625,20.165000915527344,20.274999618530273,19.875,19.920000076293945,11037600
2003-04-29,10.303583145141602,20.415000915527344,20.5,20.165000915527344,20.165000915527344,10469400
2003-04-30,10.195068359375,20.200000762939453,20.424999237060547,20.065000534057617,20.309999465942383,12709600
2003-05-01,10.205158233642578,20.219999313354492,20.295000076293945,19.719999313354492,20.200000762939453,10425800
2003-05-02,10.346477508544922,20.5,20.545000076293945,20.09000015258789,20.100000381469727,10687800
2003-05-05,10.22787094116211,20.264999389648438,20.549999237060547,20.149999618530273,20.5,7072000
2003-05-06,10.351521492004395,20.510000228881836,20.649999618530273,20.309999465942383,20.424999237060547,10097000
2003-05-07,10.919316291809082,21.635000228881836,21.735000610351562,21.1299991607666,21.2549991607666,31069400
2003-05-08,10.820905685424805,21.440000534057617,21.68000030517578,21.360000610351562,21.524999618530273,15021800
2003-05-09,11.101011276245117,21.9950008392334,22.09000015258789,21.709999084472656,21.799999237060547,16121800
2003-05-12,11.229705810546875,22.25,22.360000610351562,21.934999465942383,21.9950008392334,10735400
2003-05-13,11.166627883911133,22.125,22.229999542236328,21.815000534057617,22.149999618530273,9108200
2003-05-14,11.166627883911133,22.125,22.309999465942383,21.950000762939453,22.299999237060547,7854800
2003-05-15,11.265042304992676,22.31999969482422,22.489999771118164,22.225000381469727,22.25,8908800
2003-05-16,11.090919494628906,21.975000381469727,22.489999771118164,21.975000381469727,22.375,9979000
2003-05-19,11.131296157836914,22.05500030517578,22.184999465942383,21.809999465942383,21.850000381469727,9228400
2003-05-20,11.234756469726562,22.260000228881836,22.28499984741211,21.985000610351562,22.100000381469727,12090000
2003-05-21,11.138862609863281,22.06999969482422,22.18000030517578,21.905000686645508,22.125,10507000
2003-05-22,11.237278938293457,22.264999389648438,22.434999465942383,22.045000076293945,22.06999969482422,10194600
2003-05-23,11.151480674743652,22.094999313354492,22.354999542236328,22.024999618530273,22.149999618530273,5883000
2003-05-27,11.270089149475098,22.329999923706055,22.424999237060547,21.924999237060547,21.989999771118164,8908200
2003-05-28,11.143915176391602,22.079999923706055,22.30500030517578,22.059999465942383,22.264999389648438,10108800
2003-05-29,11.259991645812988,22.309999465942383,22.649999618530273,22.174999237060547,22.174999237060547,14845000
2003-05-30,11.499730110168457,22.78499984741211,22.975000381469727,22.4950008392334,22.540000915527344,11478200
2003-06-02,11.557772636413574,22.899999618530273,23.110000610351562,22.670000076293945,22.969999313354492,9052200
2003-06-03,11.63599681854248,23.05500030517578,23.190000534057617,22.875,23.024999618530273,7629800
2003-06-04,11.757128715515137,23.295000076293945,23.334999084472656,22.899999618530273,22.950000762939453,7991000
2003-06-05,11.805082321166992,23.389999389648438,23.424999237060547,23.155000686645508,23.295000076293945,7891800
2003-06-06,11.832837104797363,23.44499969482422,23.625,23.350000381469727,23.43000030517578,8624800
2003-06-09,11.827784538269043,23.434999465942383,23.4950008392334,23.200000762939453,23.200000762939453,6309400
2003-06-10,11.759657859802246,23.299999237060547,23.434999465942383,23.139999389648438,23.434999465942383,8389400
2003-06-11,11.866144180297852,23.399999618530273,23.399999618530273,22.795000076293945,23.190000534057617,8274400
2003-06-12,12.03095817565918,23.725000381469727,23.725000381469727,23.235000610351562,23.2549991607666,8487200
2003-06-13,12.005593299865723,23.674999237060547,23.790000915527344,23.5049991607666,23.700000762939453,6256000
2003-06-16,12.221115112304688,24.100000381469727,24.100000381469727,23.649999618530273,23.725000381469727,8161800
2003-06-17,11.967565536499023,23.600000381469727,24.170000076293945,23.389999389648438,24.049999237060547,18057400
2003-06-18,11.916857719421387,23.5,23.625,23.329999923706055,23.354999542236328,10643600
2003-06-19,11.693735122680664,23.059999465942383,23.450000762939453,22.969999313354492,23.399999618530273,10096200
2003-06-20,11.782475471496582,23.235000610351562,23.334999084472656,23.049999237060547,23.170000076293945,14901800
2003-06-23,11.853471755981445,23.375,23.399999618530273,22.889999389648438,23.139999389648438,10415200
2003-06-24,11.959959983825684,23.584999084472656,23.649999618530273,23.28499984741211,23.325000762939453,8915600
2003-06-25,11.825576782226562,23.31999969482422,23.735000610351562,23.30500030517578,23.59000015258789,9179400
2003-06-26,11.886428833007812,23.440000534057617,23.469999313354492,23.145000457763672,23.25,8056600
2003-06-27,11.792618751525879,23.2549991607666,23.6200008392334,23.21500015258789,23.424999237060547,6847400
2003-06-30,11.76726245880127,23.204999923706055,23.30500030517578,22.94499969482422,23.174999237060547,13898000
2003-07-01,11.787542343139648,23.2450008392334,23.31999969482422,22.950000762939453,23.125,11637800
2003-07-02,11.759657859802246,23.190000534057617,23.260000228881836,23.020000457763672,23.225000381469727,8860000
2003-07-03,11.7216215133667,23.114999771118164,23.225000381469727,22.950000762939453,23.075000762939453,6110800
2003-07-07,11.397075653076172,22.475000381469727,23.174999237060547,22.475000381469727,23.114999771118164,21706800
2003-07-08,11.211987495422363,22.110000610351562,22.475000381469727,22.049999237060547,22.475000381469727,23908400
2003-07-09,11.125781059265137,21.940000534057617,22.25,21.84000015258789,22.049999237060547,15254400
2003-07-10,11.15874195098877,22.0049991607666,22.174999237060547,21.905000686645508,21.989999771118164,12264000
2003-07-11,11.13338851928711,21.954999923706055,22.05500030517578,21.674999237060547,21.674999237060547,14111800
2003-07-14,11.227195739746094,22.139999389648438,22.364999771118164,22.010000228881836,22.075000762939453,14658800
2003-07-15,11.153670310974121,21.9950008392334,22.21500015258789,21.850000381469727,22.149999618530273,11134400
2003-07-16,10.879836082458496,21.454999923706055,22.075000762939453,21.139999389648438,21.725000381469727,20595200
2003-07-17,11.34890365600586,22.3799991607666,22.385000228881836,22.059999465942383,22.139999389648438,22579200
2003-07-18,11.384400367736816,22.450000762939453,22.489999771118164,22.209999084472656,22.459999084472656,14723800
2003-07-21,11.409757614135742,22.5,22.56999969482422,22.31999969482422,22.5,10212600
2003-07-22,11.43257999420166,22.545000076293945,22.670000076293945,22.3700008392334,22.600000381469727,8531800
2003-07-23,11.452856063842773,22.584999084472656,22.649999618530273,22.334999084472656,22.625,7824200
2003-07-24,11.28805160522461,22.260000228881836,22.8799991607666,22.260000228881836,22.594999313354492,8869800
2003-07-25,11.419902801513672,22.520000457763672,22.53499984741211,21.899999618530273,22.2549991607666,9610600
2003-07-28,11.315943717956543,22.315000534057617,22.469999313354492,22.225000381469727,22.459999084472656,8532200
2003-07-29,11.374259948730469,22.43000030517578,22.639999389648438,22.174999237060547,22.375,11342000
2003-07-30,11.506107330322266,22.690000534057617,22.774999618530273,22.459999084472656,22.600000381469727,10619200
2003-07-31,11.402149200439453,22.485000610351562,23.114999771118164,22.485000610351562,22.735000610351562,13449000
2003-08-01,11.346367835998535,22.375,22.6200008392334,22.200000762939453,22.25,9515400
2003-08-04,11.381867408752441,22.44499969482422,22.540000915527344,22.125,22.25,6996200
2003-08-05,11.247477531433105,22.18000030517578,22.44499969482422,22.135000228881836,22.424999237060547,8277600
2003-08-06,11.181561470031738,22.049999237060547,22.239999771118164,21.94499969482422,22.075000762939453,8778400
2003-08-07,11.353976249694824,22.389999389648438,22.479999542236328,22.09000015258789,22.149999618530273,7603600
2003-08-08,11.371720314025879,22.424999237060547,22.485000610351562,22.309999465942383,22.450000762939453,6387000
2003-08-11,11.31340217590332,22.309999465942383,22.424999237060547,22.165000915527344,22.399999618530273,5639400
2003-08-12,11.32101821899414,22.325000762939453,22.40999984741211,22.100000381469727,22.40999984741211,7505200
2003-08-13,11.285516738891602,22.2549991607666,22.3700008392334,22.100000381469727,22.3700008392334,7626800
2003-08-14,11.424969673156738,22.530000686645508,22.584999084472656,22.235000610351562,22.350000381469727,7240000
2003-08-15,11.412290573120117,22.5049991607666,22.559999465942383,22.405000686645508,22.559999465942383,4643000
2003-08-18,11.374259948730469,22.43000030517578,22.549999237060547,22.3799991607666,22.5049991607666,6087800
2003-08-19,11.232271194458008,22.149999618530273,22.434999465942383,21.969999313354492,22.354999542236328,8300000
2003-08-20,11.128314018249512,21.94499969482422,22.014999389648438,21.829999923706055,22.0,7283800
2003-08-21,11.057321548461914,21.80500030517578,22.094999313354492,21.735000610351562,21.96500015258789,8552400
2003-08-22,10.973649978637695,21.639999389648438,22.03499984741211,21.600000381469727,21.875,9080800
2003-08-25,11.173952102661133,22.03499984741211,22.03499984741211,21.639999389648438,21.725000381469727,6703200
2003-08-26,11.21452522277832,22.114999771118164,22.25,21.81999969482422,21.924999237060547,7485000
2003-08-27,11.146064758300781,21.979999542236328,22.114999771118164,21.875,22.114999771118164,6206400
2003-08-28,11.113105773925781,21.915000915527344,21.979999542236328,21.790000915527344,21.860000610351562,7210000
2003-08-29,11.034500122070312,21.760000228881836,21.920000076293945,21.709999084472656,21.850000381469727,7710800
2003-09-02,11.100428581237793,21.889999389648438,21.924999237060547,21.540000915527344,21.71500015258789,12356200
2003-09-03,11.082674980163574,21.854999542236328,22.045000076293945,21.7549991607666,21.889999389648438,13377400
2003-09-04,11.282980918884277,22.25,22.295000076293945,21.905000686645508,21.954999923706055,11328200
2003-09-05,11.194239616394043,22.075000762939453,22.399999618530273,21.985000610351562,22.25,7674400
2003-09-08,11.224666595458984,22.135000228881836,22.235000610351562,22.049999237060547,22.200000762939453,6593400
2003-09-09,11.244954109191895,22.174999237060547,22.399999618530273,22.0049991607666,22.010000228881836,8581200
2003-09-10,11.397075653076172,22.475000381469727,22.625,22.239999771118164,22.2549991607666,11486800
2003-09-11,11.333380699157715,22.239999771118164,22.59000015258789,22.200000762939453,22.575000762939453,11522200
2003-09-12,11.208524703979492,21.9950008392334,22.104999542236328,21.844999313354492,22.059999465942383,10193200
2003-09-15,11.083683013916016,21.75,21.9950008392334,21.735000610351562,21.9950008392334,10719000
2003-09-16,10.935893058776855,21.459999084472656,21.565000534057617,21.264999389648438,21.53499984741211,18932800
2003-09-17,10.958829879760742,21.5049991607666,21.674999237060547,21.360000610351562,21.459999084472656,9438000
2003-09-18,11.109161376953125,21.799999237060547,21.9950008392334,21.65999984741211,21.700000762939453,10341800
2003-09-19,11.002137184143066,21.59000015258789,21.809999465942383,21.55500030517578,21.799999237060547,11161200
2003-09-22,11.017427444458008,21.6200008392334,21.795000076293945,21.350000381469727,21.59000015258789,10950600
2003-09-23,11.063295364379883,21.709999084472656,21.81999969482422,21.56999969482422,21.7450008392334,10899600
2003-09-24,10.95373249053955,21.4950008392334,21.799999237060547,21.395000457763672,21.774999618530273,11325200
2003-09-25,10.969021797180176,21.524999618530273,21.700000762939453,21.44499969482422,21.489999771118164,9619200
2003-09-26,10.963920593261719,21.514999389648438,21.639999389648438,21.434999465942383,21.5,9366000
2003-09-29,10.974114418029785,21.53499984741211,21.75,21.43000030517578,21.5049991607666,9579600
2003-09-30,10.946088790893555,21.479999542236328,21.69499969482422,21.299999237060547,21.475000381469727,10289200
2003-10-01,11.1830472946167,21.94499969482422,21.94499969482422,21.5,21.5,12962800
2003-10-02,11.274779319763184,22.125,22.170000076293945,21.850000381469727,21.975000381469727,8843800
2003-10-03,11.221266746520996,22.020000457763672,22.719999313354492,21.915000915527344,22.565000534057617,9913200
2003-10-06,11.315543174743652,22.204999923706055,22.270000457763672,22.045000076293945,22.100000381469727,6665600
2003-10-07,11.379244804382324,22.329999923706055,22.3799991607666,22.079999923706055,22.1299991607666,9547800
2003-10-08,11.272229194641113,22.1200008392334,22.25,21.985000610351562,22.200000762939453,6935800
2003-10-09,11.193243026733398,21.96500015258789,22.25,21.8799991607666,22.2450008392334,10227000
2003-10-10,11.167763710021973,21.915000915527344,22.045000076293945,21.854999542236328,21.895000457763672,6999600
2003-10-13,11.246752738952637,22.06999969482422,22.125,21.90999984741211,22.024999618530273,6840400
2003-10-14,11.351218223571777,22.274999618530273,22.3700008392334,21.924999237060547,22.0,8420400
2003-10-15,11.491350173950195,22.549999237060547,22.760000228881836,22.5,22.575000762939453,17331800
2003-10-16,11.465868949890137,22.5,22.5049991607666,22.25,22.2549991607666,13005400
2003-10-17,11.47861099243164,22.524999618530273,22.6299991607666,22.354999542236328,22.594999313354492,11085000
2003-10-20,11.621294975280762,22.80500030517578,22.825000762939453,22.479999542236328,22.600000381469727,8543600
2003-10-21,11.667158126831055,22.895000457763672,22.985000610351562,22.799999237060547,22.940000534057617,9734600
2003-10-22,11.547402381896973,22.65999984741211,22.90999984741211,22.575000762939453,22.69499969482422,8019800
2003-10-23,11.598367691040039,22.760000228881836,22.795000076293945,22.5049991607666,22.610000610351562,7373400
2003-10-24,11.567790985107422,22.700000762939453,22.700000762939453,22.420000076293945,22.524999618530273,7056400
2003-10-27,11.514286994934082,22.594999313354492,22.770000457763672,22.55500030517578,22.700000762939453,5982200
2003-10-28,11.562697410583496,22.690000534057617,22.825000762939453,22.3799991607666,22.825000762939453,9601000
2003-10-29,11.682449340820312,22.924999237060547,23.114999771118164,22.690000534057617,22.690000534057617,12100000
2003-10-30,11.720671653747559,23.0,23.06999969482422,22.770000457763672,22.924999237060547,8750000
2003-10-31,11.822592735290527,23.200000762939453,23.200000762939453,22.875,23.0049991607666,11217600
2003-11-03,11.89393424987793,23.34000015258789,23.395000457763672,23.100000381469727,23.200000762939453,9327800
2003-11-04,11.94998550415039,23.450000762939453,23.5,23.25,23.25,8834800
2003-11-05,11.970376968383789,23.489999771118164,23.4950008392334,23.264999389648438,23.385000228881836,7830200
2003-11-06,11.980565071105957,23.510000228881836,23.520000457763672,23.350000381469727,23.450000762939453,6969200
2003-11-07,11.881197929382324,23.315000534057617,23.5049991607666,23.200000762939453,23.375,7444000
2003-11-10,11.878643035888672,23.309999465942383,23.399999618530273,23.225000381469727,23.225000381469727,4864800
2003-11-11,11.853167533874512,23.260000228881836,23.420000076293945,23.18000030517578,23.315000534057617,5364600
2003-11-12,11.995850563049316,23.540000915527344,23.584999084472656,23.145000457763672,23.18000030517578,6520200
2003-11-13,11.957627296447754,23.46500015258789,23.520000457763672,23.280000686645508,23.325000762939453,6847000
2003-11-14,11.896475791931152,23.344999313354492,23.4950008392334,23.2450008392334,23.385000228881836,7043000
2003-11-17,11.89393424987793,23.34000015258789,23.405000686645508,23.135000228881836,23.229999542236328,6101200
2003-11-18,11.848068237304688,23.25,23.389999389648438,23.155000686645508,23.260000228881836,8956000
2003-11-19,11.939800262451172,23.43000030517578,23.450000762939453,23.25,23.299999237060547,8055200
2003-11-20,11.835331916809082,23.225000381469727,23.459999084472656,23.059999465942383,23.375,7387000
2003-11-21,11.82768726348877,23.209999084472656,23.260000228881836,23.100000381469727,23.184999465942383,6645800
2003-11-24,11.82768726348877,23.209999084472656,23.440000534057617,23.114999771118164,23.19499969482422,7904400
2003-11-25,11.865907669067383,23.28499984741211,23.389999389648438,23.094999313354492,23.149999618530273,6966800
2003-11-26,11.952945709228516,23.344999313354492,23.375,23.09000015258789,23.165000915527344,6502000
2003-11-28,11.904308319091797,23.25,23.350000381469727,23.110000610351562,23.125,3406000
2003-12-01,12.037431716918945,23.510000228881836,23.524999618530273,23.19499969482422,23.325000762939453,8321200
2003-12-02,12.034870147705078,23.5049991607666,23.53499984741211,23.270000457763672,23.454999923706055,9536000
2003-12-03,12.134709358215332,23.700000762939453,23.844999313354492,23.5,23.5,10977400
2003-12-04,12.073269844055176,23.579999923706055,23.69499969482422,23.454999923706055,23.625,8888200
2003-12-05,12.004154205322266,23.44499969482422,23.5,23.25,23.424999237060547,8945000
2003-12-08,12.22431755065918,23.875,23.969999313354492,23.30500030517578,23.375,14496200
2003-12-09,12.226872444152832,23.8799991607666,23.9950008392334,23.729999542236328,23.729999542236328,10372600
2003-12-10,12.33696174621582,24.094999313354492,24.200000762939453,23.829999923706055,23.829999923706055,10398600
2003-12-11,12.388161659240723,24.19499969482422,24.309999465942383,23.940000534057617,24.06999969482422,10501000
2003-12-12,12.639043807983398,24.684999465942383,24.764999389648438,24.125,24.25,13889800
2003-12-15,12.746572494506836,24.895000457763672,24.93000030517578,24.774999618530273,24.905000686645508,16332800
2003-12-16,12.97441577911377,25.34000015258789,25.450000762939453,24.899999618530273,24.985000610351562,17192800
2003-12-17,12.84384822845459,25.084999084472656,25.364999771118164,24.959999084472656,25.274999618530273,11163200
2003-12-18,12.7849702835083,24.969999313354492,25.094999313354492,24.704999923706055,24.985000610351562,14947200
2003-12-19,12.82593059539795,25.049999237060547,25.100000381469727,24.8799991607666,25.014999389648438,14125000
2003-12-22,12.841287612915039,25.079999923706055,25.084999084472656,24.875,25.024999618530273,9522400
2003-12-23,12.84384822845459,25.084999084472656,25.174999237060547,24.954999923706055,25.075000762939453,7370200
2003-12-24,12.77473258972168,24.950000762939453,25.059999465942383,24.915000915527344,25.0049991607666,3341400
2003-12-26,12.790088653564453,24.979999542236328,25.040000915527344,24.934999465942383,24.975000381469727,2147400
2003-12-29,12.841287612915039,25.079999923706055,25.079999923706055,24.885000228881836,24.94499969482422,7101400
2003-12-30,12.933449745178223,25.260000228881836,25.415000915527344,24.979999542236328,25.0,7118600
2003-12-31,12.992331504821777,25.375,25.405000686645508,25.200000762939453,25.260000228881836,6974600
2004-01-02,12.889936447143555,25.174999237060547,25.4950008392334,25.0049991607666,25.399999618530273,7210200
2004-01-05,12.905298233032227,25.204999923706055,25.295000076293945,25.030000686645508,25.174999237060547,9740200
2004-01-06,12.851533889770508,25.100000381469727,25.184999465942383,25.059999465942383,25.110000610351562,8223200
2004-01-07,12.769609451293945,24.940000534057617,25.1200008392334,24.860000610351562,25.100000381469727,10242800
2004-01-08,12.831053733825684,25.059999465942383,25.079999923706055,24.829999923706055,24.905000686645508,9070800
2004-01-09,12.69536304473877,24.795000076293945,25.405000686645508,24.790000915527344,25.059999465942383,13127800
2004-01-12,12.802892684936523,25.0049991607666,25.030000686645508,24.725000381469727,24.75,9204400
2004-01-13,12.726088523864746,24.854999542236328,25.100000381469727,24.795000076293945,24.8799991607666,8906000
2004-01-14,12.749128341674805,24.899999618530273,24.924999237060547,24.799999237060547,24.860000610351562,7565200
2004-01-15,12.731205940246582,24.864999771118164,24.895000457763672,24.59000015258789,24.700000762939453,9990200
2004-01-16,12.769609451293945,24.940000534057617,25.014999389648438,24.795000076293945,24.864999771118164,8282800
2004-01-20,12.782410621643066,24.96500015258789,25.030000686645508,24.825000762939453,24.850000381469727,8777000
2004-01-21,12.744011878967285,24.889999389648438,24.9950008392334,24.829999923706055,24.90999984741211,7990200
2004-01-22,12.628807067871094,24.665000915527344,24.850000381469727,24.514999389648438,24.764999389648438,11138600
2004-01-23,12.810571670532227,25.020000457763672,25.075000762939453,24.674999237060547,24.700000762939453,11214600
2004-01-26,12.84897232055664,25.094999313354492,25.200000762939453,24.915000915527344,24.950000762939453,8437000
2004-01-27,12.79776668548584,24.9950008392334,25.290000915527344,24.989999771118164,25.020000457763672,8519400
2004-01-28,12.644166946411133,24.69499969482422,25.145000457763672,24.56999969482422,24.899999618530273,10017800
2004-01-29,12.69536304473877,24.795000076293945,25.075000762939453,24.549999237060547,24.625,8916600
2004-01-30,12.605759620666504,24.6200008392334,24.700000762939453,24.325000762939453,24.549999237060547,12398200
2004-02-02,12.700491905212402,24.80500030517578,24.985000610351562,24.459999084472656,24.5,8595600
2004-02-03,12.756811141967773,24.915000915527344,25.0,24.65999984741211,24.729999542236328,7749600
2004-02-04,12.736326217651367,24.875,24.989999771118164,24.69499969482422,24.71500015258789,9109400
2004-02-05,12.897614479064941,25.190000534057617,25.290000915527344,24.790000915527344,24.799999237060547,10215800
2004-02-06,13.053778648376465,25.4950008392334,25.5,25.114999771118164,25.125,10103000
2004-02-09,13.414743423461914,26.200000762939453,26.389999389648438,25.549999237060547,25.549999237060547,11581000
2004-02-10,13.355865478515625,26.084999084472656,26.200000762939453,25.954999923706055,26.174999237060547,10408000
2004-02-11,13.261137962341309,25.899999618530273,25.969999313354492,25.55500030517578,25.799999237060547,11974200
2004-02-12,13.194579124450684,25.770000457763672,25.850000381469727,25.645000457763672,25.65999984741211,6958200
2004-02-13,13.09217643737793,25.56999969482422,25.989999771118164,25.524999618530273,25.989999771118164,8566200
2004-02-17,13.09217643737793,25.56999969482422,25.690000534057617,25.450000762939453,25.649999618530273,7491600
2004-02-18,13.117783546447754,25.6200008392334,25.674999237060547,25.454999923706055,25.56999969482422,7385200
2004-02-19,13.056334495544434,25.5,25.690000534057617,25.424999237060547,25.575000762939453,9698800
2004-02-20,13.040969848632812,25.469999313354492,25.485000610351562,25.079999923706055,25.225000381469727,14664600
2004-02-23,12.887375831604004,25.170000076293945,25.549999237060547,25.125,25.274999618530273,11319600
2004-02-24,12.744011878967285,24.889999389648438,25.225000381469727,24.770000457763672,25.110000610351562,14578400
2004-02-25,12.710729598999023,24.825000762939453,25.020000457763672,24.78499984741211,24.799999237060547,10332400
2004-02-26,12.756811141967773,24.915000915527344,24.975000381469727,24.735000610351562,24.81999969482422,9824000
2004-02-27,12.790088653564453,24.979999542236328,25.170000076293945,24.309999465942383,24.559999465942383,14180400
2004-03-01,12.703044891357422,24.809999465942383,24.915000915527344,24.649999618530273,24.864999771118164,15142800
2004-03-02,12.616007804870605,24.639999389648438,24.854999542236328,24.510000228881836,24.700000762939453,12598600
2004-03-03,12.580160140991211,24.56999969482422,24.655000686645508,24.5,24.5,11588800
2004-03-04,12.500802993774414,24.415000915527344,24.524999618530273,24.274999618530273,24.450000762939453,8508000
2004-03-05,12.82593059539795,25.049999237060547,25.125,24.290000915527344,24.375,22941800
2004-03-08,12.764490127563477,24.93000030517578,25.100000381469727,24.8799991607666,24.989999771118164,12211400
2004-03-09,12.84641170501709,25.09000015258789,25.299999237060547,24.809999465942383,24.875,12788400
2004-03-10,12.77473258972168,24.950000762939453,25.235000610351562,24.860000610351562,25.09000015258789,11676000
2004-03-11,12.396499633789062,24.09000015258789,24.809999465942383,24.049999237060547,24.774999618530273,18371000
2004-03-12,12.465971946716309,24.225000381469727,24.225000381469727,23.84000015258789,24.170000076293945,15979600
2004-03-15,12.275579452514648,23.854999542236328,24.3799991607666,23.790000915527344,24.325000762939453,16688400
2004-03-16,12.391355514526367,24.079999923706055,24.225000381469727,23.924999237060547,24.0,11500800
2004-03-17,12.576611518859863,24.440000534057617,24.5049991607666,24.100000381469727,24.190000534057617,9687000
2004-03-18,12.617776870727539,24.520000457763672,24.75,24.434999465942383,24.434999465942383,9101600
2004-03-19,12.550880432128906,24.389999389648438,24.610000610351562,24.309999465942383,24.524999618530273,12974200
2004-03-22,12.414514541625977,24.125,24.389999389648438,23.975000381469727,24.174999237060547,11216800
2004-03-23,12.383636474609375,24.065000534057617,24.2450008392334,24.03499984741211,24.149999618530273,8855600
2004-03-24,12.476269721984863,24.2450008392334,24.299999237060547,24.075000762939453,24.149999618530273,10076200
2004-03-25,12.54573917388916,24.3799991607666,24.385000228881836,24.065000534057617,24.325000762939453,8376600
2004-03-26,12.550880432128906,24.389999389648438,24.579999923706055,24.174999237060547,24.299999237060547,8349200
2004-03-29,12.710403442382812,24.700000762939453,24.90999984741211,24.59000015258789,24.690000534057617,9608200
2004-03-30,12.923959732055664,25.114999771118164,25.18000030517578,24.729999542236328,24.774999618530273,14505400
2004-03-31,12.941970825195312,25.149999618530273,25.239999771118164,24.915000915527344,25.030000686645508,10403200
2004-04-01,13.01401138305664,25.290000915527344,25.329999923706055,25.114999771118164,25.239999771118164,8979400
2004-04-02,13.104066848754883,25.46500015258789,25.530000686645508,25.315000534057617,25.524999618530273,9452800
2004-04-05,13.01401138305664,25.290000915527344,25.424999237060547,25.2450008392334,25.375,9491000
2004-04-06,13.088630676269531,25.434999465942383,25.559999465942383,25.06999969482422,25.100000381469727,9925800
2004-04-07,13.142662048339844,25.540000915527344,25.625,25.290000915527344,25.350000381469727,11291200
2004-04-08,13.183833122253418,25.6200008392334,25.78499984741211,25.5,25.65999984741211,8024800
2004-04-12,13.083481788635254,25.424999237060547,25.610000610351562,25.385000228881836,25.524999618530273,9983600
2004-04-13,13.09377670288086,25.44499969482422,25.4950008392334,25.274999618530273,25.43000030517578,12863000
2004-04-14,13.170953750610352,25.594999313354492,25.75,25.354999542236328,25.399999618530273,8876400
2004-04-15,13.173539161682129,25.600000381469727,25.850000381469727,25.510000228881836,25.719999313354492,8750000
2004-04-16,13.361363410949707,25.96500015258789,26.024999618530273,25.6299991607666,25.725000381469727,10517000
2004-04-19,13.63666820526123,26.5,26.75,26.149999618530273,26.149999618530273,17597800
2004-04-20,13.451419830322266,26.139999389648438,26.540000915527344,26.104999542236328,26.524999618530273,9239600
2004-04-21,13.412824630737305,26.065000534057617,26.350000381469727,25.75,25.799999237060547,14946400
2004-04-22,13.240435600280762,25.729999542236328,25.799999237060547,25.350000381469727,25.350000381469727,18415600
2004-04-23,13.134941101074219,25.524999618530273,25.674999237060547,25.375,25.625,13696000
2004-04-26,13.042315483093262,25.344999313354492,25.59000015258789,25.260000228881836,25.524999618530273,11161600
2004-04-27,13.047457695007324,25.354999542236328,25.395000457763672,25.2549991607666,25.375,11534200
2004-04-28,12.918813705444336,25.104999542236328,25.395000457763672,25.075000762939453,25.350000381469727,9501200
2004-04-29,12.983141899108887,25.229999542236328,25.31999969482422,24.889999389648438,25.06999969482422,10371400
2004-04-30,13.011441230773926,25.28499984741211,25.614999771118164,25.125,25.229999542236328,10971200
2004-05-03,13.024303436279297,25.309999465942383,25.475000381469727,25.139999389648438,25.325000762939453,8053800
2004-05-04,12.934247016906738,25.135000228881836,25.274999618530273,24.950000762939453,25.260000228881836,10786000
2004-05-05,13.145237922668457,25.545000076293945,25.610000610351562,25.174999237060547,25.399999618530273,11156200
2004-05-06,13.140089988708496,25.53499984741211,25.71500015258789,25.375,25.375,9009600
2004-05-07,13.055179595947266,25.3700008392334,25.790000915527344,25.329999923706055,25.450000762939453,10231800
2004-05-10,12.846774101257324,24.96500015258789,25.299999237060547,24.8799991607666,25.25,13490400
2004-05-11,12.877643585205078,25.024999618530273,25.049999237060547,24.649999618530273,24.700000762939453,10300800
2004-05-12,12.844194412231445,24.959999084472656,25.0,24.635000228881836,25.0,8902400
2004-05-13,12.76443862915039,24.80500030517578,24.94499969482422,24.625,24.834999084472656,7085000
2004-05-14,12.86478328704834,25.0,25.020000457763672,24.645000457763672,24.68000030517578,8548800
2004-05-17,12.815892219543457,24.905000686645508,25.059999465942383,24.7549991607666,24.815000534057617,7597800
2004-05-18,12.890510559082031,25.049999237060547,25.239999771118164,24.764999389648438,24.850000381469727,9899400
2004-05-19,12.700109481811523,24.68000030517578,25.079999923706055,24.655000686645508,25.014999389648438,9078400
2004-05-20,12.769584655761719,24.815000534057617,24.975000381469727,24.584999084472656,24.59000015258789,7053400
2004-05-21,12.705263137817383,24.690000534057617,25.135000228881836,24.649999618530273,25.135000228881836,9992000
2004-05-24,12.821043014526367,24.915000915527344,24.954999923706055,24.700000762939453,24.799999237060547,9990000
2004-05-25,12.965127944946289,25.19499969482422,25.260000228881836,24.764999389648438,24.850000381469727,11520800
2004-05-26,12.921387672424316,25.110000610351562,25.354999542236328,24.979999542236328,25.209999084472656,7401600
2004-05-27,13.204410552978516,25.65999984741211,25.704999923706055,25.415000915527344,25.450000762939453,11214800
2004-05-28,13.212132453918457,25.674999237060547,25.75,25.594999313354492,25.690000534057617,7948400
2004-06-01,13.140089988708496,25.53499984741211,25.774999618530273,25.360000610351562,25.600000381469727,6464000
2004-06-02,13.363934516906738,25.969999313354492,26.0049991607666,25.7450008392334,25.799999237060547,11810600
2004-06-03,13.3201904296875,25.885000228881836,26.084999084472656,25.850000381469727,25.975000381469727,8386800
2004-06-04,13.44884204864502,26.135000228881836,26.2450008392334,25.899999618530273,26.010000228881836,7293600
2004-06-07,13.562057495117188,26.354999542236328,26.375,26.05500030517578,26.135000228881836,7378000
2004-06-08,13.53632640838623,26.30500030517578,26.325000762939453,26.135000228881836,26.200000762939453,8212000
2004-06-09,13.31762409210205,25.8799991607666,26.0,25.709999084472656,25.950000762939453,13833400
2004-06-10,13.284177780151367,25.815000534057617,26.0,25.614999771118164,26.0,9386000
2004-06-14,13.284177780151367,25.690000534057617,25.7450008392334,25.5,25.614999771118164,7353400
2004-06-15,13.245396614074707,25.614999771118164,25.924999237060547,25.475000381469727,25.924999237060547,9286200
2004-06-16,13.235039710998535,25.594999313354492,25.614999771118164,25.375,25.545000076293945,7924400
2004-06-17,13.209198951721191,25.545000076293945,25.610000610351562,25.479999542236328,25.594999313354492,6106800
2004-06-18,13.286759376525879,25.69499969482422,25.735000610351562,25.344999313354492,25.424999237060547,10107400
2004-06-21,13.22988224029541,25.584999084472656,25.84000015258789,25.575000762939453,25.649999618530273,5516800
2004-06-22,13.191105842590332,25.510000228881836,25.639999389648438,25.399999618530273,25.489999771118164,7195000
2004-06-23,13.263489723205566,25.649999618530273,25.690000534057617,25.350000381469727,25.530000686645508,6094000
2004-06-24,13.196269989013672,25.520000457763672,25.69499969482422,25.475000381469727,25.575000762939453,6205600
2004-06-25,12.95323371887207,25.049999237060547,25.670000076293945,25.049999237060547,25.559999465942383,10580800
2004-06-28,13.028212547302246,25.19499969482422,25.3799991607666,25.1299991607666,25.174999237060547,7731600
2004-06-29,13.066996574401855,25.270000457763672,25.424999237060547,25.200000762939453,25.200000762939453,6743400
2004-06-30,13.051483154296875,25.239999771118164,25.31999969482422,25.1200008392334,25.225000381469727,8854000
2004-07-01,13.02046012878418,25.18000030517578,25.440000534057617,25.100000381469727,25.2549991607666,9761200
2004-07-02,13.064413070678711,25.264999389648438,25.56999969482422,25.229999542236328,25.299999237060547,6780200
2004-07-06,13.098021507263184,25.329999923706055,25.524999618530273,25.209999084472656,25.229999542236328,5764600
2004-07-07,13.035970687866211,25.209999084472656,25.350000381469727,25.09000015258789,25.2549991607666,6745000
2004-07-08,13.072165489196777,25.280000686645508,25.565000534057617,25.204999923706055,25.264999389648438,8869200
2004-07-09,13.191105842590332,25.510000228881836,25.510000228881836,25.174999237060547,25.28499984741211,6813400
2004-07-12,13.141972541809082,25.415000915527344,25.69499969482422,25.264999389648438,25.510000228881836,6718600
2004-07-13,13.098021507263184,25.329999923706055,25.399999618530273,25.19499969482422,25.209999084472656,5210600
2004-07-14,13.22729778289795,25.579999923706055,25.674999237060547,25.25,25.2549991607666,8310000
2004-07-15,13.144556999206543,25.420000076293945,25.68000030517578,25.385000228881836,25.674999237060547,8425000
2004-07-16,13.077332496643066,25.290000915527344,25.625,25.155000686645508,25.625,7449600
2004-07-19,13.015290260314941,25.170000076293945,25.344999313354492,25.024999618530273,25.325000762939453,9049600
2004-07-20,12.948063850402832,25.040000915527344,25.165000915527344,24.90999984741211,25.045000076293945,8366800
2004-07-21,12.720541954040527,24.600000381469727,25.170000076293945,24.600000381469727,24.975000381469727,9999800
2004-07-22,12.661077499389648,24.485000610351562,24.614999771118164,24.274999618530273,24.524999618530273,8141800
2004-07-23,11.678593635559082,22.584999084472656,23.43000030517578,22.05500030517578,23.43000030517578,50347800
2004-07-26,11.453653335571289,22.149999618530273,22.735000610351562,22.059999465942383,22.674999237060547,21925000
2004-07-27,11.311460494995117,21.875,22.280000686645508,21.725000381469727,22.174999237060547,27922000
2004-07-28,11.293357849121094,21.84000015258789,22.079999923706055,21.770000457763672,21.875,25208600
2004-07-29,11.133060455322266,21.530000686645508,21.84000015258789,21.399999618530273,21.84000015258789,26268800
2004-07-30,11.339895248413086,21.93000030517578,21.989999771118164,21.530000686645508,21.53499984741211,17788200
2004-08-02,11.430390357971191,22.104999542236328,22.299999237060547,21.834999084472656,21.895000457763672,15973400
2004-08-03,11.404535293579102,22.05500030517578,22.184999465942383,21.950000762939453,22.145000457763672,12271600
2004-08-04,11.427801132202148,22.100000381469727,22.260000228881836,21.90999984741211,21.93000030517578,10292400
2004-08-05,11.337315559387207,21.924999237060547,22.239999771118164,21.875,22.100000381469727,15254600
2004-08-06,11.246822357177734,21.75,21.94499969482422,21.614999771118164,21.8700008392334,17143200
2004-08-09,11.174424171447754,21.610000610351562,21.829999923706055,21.575000762939453,21.75,9179800
2004-08-10,11.23647403717041,21.729999542236328,21.735000610351562,21.530000686645508,21.625,10483200
2004-08-11,11.492441177368164,22.225000381469727,22.309999465942383,21.625,21.729999542236328,13898400
2004-08-12,11.334724426269531,21.920000076293945,22.31999969482422,21.899999618530273,22.219999313354492,11305000
2004-08-13,11.471753120422363,22.184999465942383,22.200000762939453,21.854999542236328,21.920000076293945,8895200
2004-08-16,11.510536193847656,22.260000228881836,22.325000762939453,22.065000534057617,22.25,9069400
2004-08-17,11.461413383483887,22.165000915527344,22.40999984741211,22.1200008392334,22.260000228881836,8221200
2004-08-18,11.523467063903809,22.28499984741211,22.30500030517578,22.075000762939453,22.200000762939453,8944000
2004-08-19,11.381266593933105,22.010000228881836,22.274999618530273,21.825000762939453,22.174999237060547,10514000
2004-08-20,11.430390357971191,22.104999542236328,22.104999542236328,21.780000686645508,21.950000762939453,9611600
2004-08-23,11.464001655578613,22.170000076293945,22.360000610351562,22.0,22.1200008392334,8768200
2004-08-24,11.381266593933105,22.010000228881836,22.25,21.9950008392334,22.25,9699600
2004-08-25,11.464001655578613,22.170000076293945,22.225000381469727,21.854999542236328,21.989999771118164,9734400
2004-08-26,11.495023727416992,22.229999542236328,22.325000762939453,22.09000015258789,22.170000076293945,5642400
2004-08-27,11.562249183654785,22.360000610351562,22.44499969482422,22.25,22.274999618530273,5444200
2004-08-30,11.466584205627441,22.174999237060547,22.334999084472656,22.170000076293945,22.25,5287800
2004-08-31,11.559667587280273,22.354999542236328,22.360000610351562,22.010000228881836,22.190000534057617,7030200
2004-09-01,11.5415678024292,22.31999969482422,22.43000030517578,22.149999618530273,22.399999618530273,7076200
2004-09-02,11.7354736328125,22.69499969482422,22.735000610351562,22.274999618530273,22.31999969482422,10707400
2004-09-03,11.76132583618164,22.7450008392334,22.940000534057617,22.704999923706055,22.719999313354492,9841800
2004-09-07,11.802695274353027,22.825000762939453,22.899999618530273,22.575000762939453,22.850000381469727,8490200
2004-09-08,11.233891487121582,21.725000381469727,22.674999237060547,21.700000762939453,22.674999237060547,23239400
2004-09-09,11.249407768249512,21.7549991607666,21.815000534057617,21.510000228881836,21.649999618530273,18173800
2004-09-10,11.10720443725586,21.479999542236328,21.594999313354492,21.334999084472656,21.524999618530273,20256000
2004-09-13,11.130610466003418,21.399999618530273,21.485000610351562,21.25,21.399999618530273,18311200
2004-09-14,11.148809432983398,21.434999465942383,21.594999313354492,21.274999618530273,21.274999618530273,18448400
2004-09-15,10.704110145568848,20.579999923706055,20.6200008392334,20.190000534057617,20.40999984741211,61406200
2004-09-16,10.41283893585205,20.020000457763672,20.674999237060547,19.975000381469727,20.604999542236328,43299200
2004-09-17,10.480457305908203,20.149999618530273,20.290000915527344,19.975000381469727,19.975000381469727,24090600
2004-09-20,10.516866683959961,20.219999313354492,20.2450008392334,20.05500030517578,20.200000762939453,14747000
2004-09-21,10.592279434204102,20.364999771118164,20.4950008392334,20.184999465942383,20.325000762939453,15514000
2004-09-22,10.511661529541016,20.209999084472656,20.475000381469727,20.200000762939453,20.385000228881836,20142000
2004-09-23,10.407637596130371,20.010000228881836,20.325000762939453,20.010000228881836,20.21500015258789,15195200
2004-09-24,10.399837493896484,19.9950008392334,20.049999237060547,19.864999771118164,20.0049991607666,14931800
2004-09-27,10.30621337890625,19.815000534057617,19.9950008392334,19.614999771118164,19.614999771118164,17705800
2004-09-28,10.399837493896484,19.9950008392334,20.030000686645508,19.850000381469727,19.899999618530273,13817200
2004-09-29,10.405038833618164,20.0049991607666,20.049999237060547,19.81999969482422,19.899999618530273,13398800
2004-09-30,10.415441513061523,20.024999618530273,20.19499969482422,19.954999923706055,20.079999923706055,12534000
2004-10-01,10.483057975769043,20.155000686645508,20.385000228881836,20.139999389648438,20.239999771118164,15593800
2004-10-04,10.597485542297363,20.375,20.450000762939453,20.174999237060547,20.174999237060547,13469800
2004-10-05,10.568881034851074,20.31999969482422,20.56999969482422,20.295000076293945,20.375,15395400
2004-10-06,10.636496543884277,20.450000762939453,20.450000762939453,20.219999313354492,20.295000076293945,12522200
2004-10-07,10.433643341064453,20.059999465942383,20.479999542236328,20.05500030517578,20.475000381469727,8238000
2004-10-08,10.402435302734375,20.0,20.145000457763672,19.954999923706055,20.030000686645508,13898800
2004-10-11,10.405038833618164,20.0049991607666,20.079999923706055,19.905000686645508,20.059999465942383,7699200
2004-10-12,10.345227241516113,19.889999389648438,19.924999237060547,19.78499984741211,19.829999923706055,11810200
2004-10-13,10.243805885314941,19.69499969482422,19.94499969482422,19.625,19.889999389648438,12224000
2004-10-14,10.181385040283203,19.575000762939453,19.885000228881836,19.575000762939453,19.75,10283600
2004-10-15,10.194392204284668,19.600000381469727,19.7450008392334,19.530000686645508,19.7450008392334,14591400
2004-10-18,10.204790115356445,19.6200008392334,19.65999984741211,19.5049991607666,19.549999237060547,10428200
2004-10-19,10.241196632385254,19.690000534057617,19.875,19.600000381469727,19.875,15291600
2004-10-20,10.259407997131348,19.725000381469727,19.75,19.6299991607666,19.639999389648438,11038000
2004-10-21,10.267204284667969,19.739999771118164,19.760000228881836,19.575000762939453,19.649999618530273,11923600
2004-10-22,10.116369247436523,19.450000762939453,20.125,19.375,20.0,22106400
2004-10-25,10.051360130310059,19.325000762939453,19.514999389648438,19.204999923706055,19.510000228881836,14432800
2004-10-26,10.220396041870117,19.649999618530273,19.75,19.149999618530273,19.375,16715800
2004-10-27,10.514266967773438,20.21500015258789,20.21500015258789,19.46500015258789,19.565000534057617,17942400
2004-10-28,10.529871940612793,20.2450008392334,20.375,19.9950008392334,20.165000915527344,12326400
2004-10-29,10.574075698852539,20.329999923706055,20.450000762939453,20.25,20.450000762939453,16822600
2004-11-01,10.54026985168457,20.264999389648438,20.389999389648438,20.155000686645508,20.350000381469727,11649200
2004-11-02,10.571477890014648,20.325000762939453,20.625,20.0,20.0,12005400
2004-11-03,10.623488426208496,20.424999237060547,20.540000915527344,20.299999237060547,20.389999389648438,13773800
2004-11-04,10.756119728088379,20.68000030517578,20.739999771118164,20.459999084472656,20.4950008392334,17884000
2004-11-05,10.766523361206055,20.700000762939453,20.8700008392334,20.575000762939453,20.834999084472656,12283600
2004-11-08,10.73531436920166,20.639999389648438,20.799999237060547,20.59000015258789,20.774999618530273,10122200
2004-11-09,10.7249116897583,20.6200008392334,20.780000686645508,20.604999542236328,20.725000381469727,10215800
2004-11-10,10.706707000732422,20.584999084472656,20.7450008392334,20.5049991607666,20.739999771118164,10052000
2004-11-11,10.65209674835205,20.479999542236328,20.549999237060547,19.68000030517578,20.084999084472656,37510800
2004-11-12,10.60788345336914,20.395000457763672,20.405000686645508,20.049999237060547,20.354999542236328,23008600
2004-11-15,10.553276062011719,20.290000915527344,20.405000686645508,20.209999084472656,20.350000381469727,13567400
2004-11-16,10.467453002929688,20.125,20.5,20.075000762939453,20.295000076293945,14366400
2004-11-17,10.47525691986084,20.139999389648438,20.395000457763672,19.954999923706055,20.149999618530273,14161200
2004-11-18,10.47525691986084,20.139999389648438,20.2450008392334,20.030000686645508,20.239999771118164,12628600
2004-11-19,10.332222938537598,19.864999771118164,20.184999465942383,19.854999542236328,20.100000381469727,18230600
2004-11-22,10.368629455566406,19.934999465942383,19.950000762939453,19.739999771118164,19.950000762939453,14761600
2004-11-23,10.327019691467285,19.854999542236328,19.924999237060547,19.69499969482422,19.899999618530273,15814800
2004-11-24,10.350428581237793,19.899999618530273,19.915000915527344,19.799999237060547,19.899999618530273,11893600
2004-11-26,10.36602783203125,19.93000030517578,19.969999313354492,19.84000015258789,19.850000381469727,6474800
2004-11-29,10.39220142364502,19.854999542236328,20.0,19.674999237060547,20.0,13666800
2004-11-30,10.287519454956055,19.655000686645508,19.854999542236328,19.604999542236328,19.764999389648438,16382800
2004-12-01,10.407902717590332,19.885000228881836,19.885000228881836,19.649999618530273,19.725000381469727,20019800
2004-12-02,10.578009605407715,20.209999084472656,20.25,19.850000381469727,19.885000228881836,25100400
2004-12-03,10.653902053833008,20.354999542236328,20.625,20.25,20.2549991607666,20564000
2004-12-06,10.570158958435059,20.19499969482422,20.40999984741211,20.125,20.385000228881836,11860600
2004-12-07,10.509964942932129,20.079999923706055,20.25,20.065000534057617,20.19499969482422,11603200
2004-12-08,10.570158958435059,20.19499969482422,20.2450008392334,20.084999084472656,20.18000030517578,12023200
2004-12-09,10.680070877075195,20.405000686645508,20.459999084472656,20.03499984741211,20.06999969482422,15715600
2004-12-10,10.606795310974121,20.264999389648438,20.3700008392334,20.125,20.125,10780000
2004-12-13,10.693157196044922,20.43000030517578,20.454999923706055,20.1200008392334,20.299999237060547,13432400
2004-12-14,10.808304786682129,20.649999618530273,20.704999923706055,20.395000457763672,20.43000030517578,14325800
2004-12-15,10.852797508239746,20.735000610351562,20.780000686645508,20.5049991607666,20.725000381469727,12765800
2004-12-16,10.763819694519043,20.565000534057617,20.795000076293945,20.475000381469727,20.7450008392334,13292600
2004-12-17,10.716710090637207,20.475000381469727,20.645000457763672,20.475000381469727,20.4950008392334,22433000
2004-12-20,10.716710090637207,20.475000381469727,20.604999542236328,20.399999618530273,20.600000381469727,11756400
2004-12-21,10.72979736328125,20.5,20.579999923706055,20.399999618530273,20.475000381469727,14368000
2004-12-22,10.881584167480469,20.790000915527344,20.895000457763672,20.5,20.5049991607666,14404000
2004-12-23,10.863261222839355,20.7549991607666,20.899999618530273,20.65999984741211,20.75,8831800
2004-12-27,10.89990234375,20.825000762939453,20.934999465942383,20.725000381469727,20.729999542236328,8800600
2004-12-28,10.952242851257324,20.924999237060547,20.940000534057617,20.760000228881836,20.875,10439400
2004-12-29,10.876352310180664,20.780000686645508,20.8700008392334,20.649999618530273,20.864999771118164,10343200
2004-12-30,10.89990234375,20.825000762939453,20.954999923706055,20.65999984741211,20.75,9978600
2004-12-31,10.897284507751465,20.81999969482422,20.94499969482422,20.770000457763672,20.84000015258789,9805800
2005-01-03,10.871114730834961,20.770000457763672,20.985000610351562,20.704999923706055,20.950000762939453,14072000
2005-01-04,10.71932601928711,20.479999542236328,20.825000762939453,20.450000762939453,20.770000457763672,16860200
2005-01-05,10.669605255126953,20.385000228881836,20.600000381469727,20.3700008392334,20.5,13271000
2005-01-06,10.75858211517334,20.55500030517578,20.575000762939453,20.274999618530273,20.344999313354492,10038600
2005-01-07,10.771666526794434,20.579999923706055,20.729999542236328,20.424999237060547,20.53499984741211,9732800
2005-01-10,10.831860542297363,20.69499969482422,20.764999389648438,20.5049991607666,20.53499984741211,10577000
2005-01-11,10.771666526794434,20.579999923706055,20.65999984741211,20.5049991607666,20.6299991607666,10594000
2005-01-12,10.771666526794434,20.579999923706055,20.625,20.424999237060547,20.584999084472656,10857200
2005-01-13,10.661752700805664,20.3700008392334,20.594999313354492,20.30500030517578,20.579999923706055,9431200
2005-01-14,10.721944808959961,20.485000610351562,20.55500030517578,20.375,20.375,8296400
2005-01-18,10.795218467712402,20.625,20.6299991607666,20.299999237060547,20.360000610351562,10045800
2005-01-19,10.755967140197754,20.549999237060547,20.719999313354492,20.540000915527344,20.545000076293945,8542600
2005-01-20,10.81615924835205,20.665000915527344,20.770000457763672,20.334999084472656,20.510000228881836,13351600
2005-01-21,10.706238746643066,20.454999923706055,20.700000762939453,20.405000686645508,20.6200008392334,13431600
2005-01-24,10.71932601928711,20.479999542236328,20.59000015258789,20.375,20.475000381469727,13641800
2005-01-25,10.792606353759766,20.6200008392334,20.71500015258789,20.540000915527344,20.575000762939453,9709400
2005-01-26,10.907759666442871,20.84000015258789,20.934999465942383,20.575000762939453,20.575000762939453,15601000
2005-01-27,10.928695678710938,20.8799991607666,21.0,20.764999389648438,20.84000015258789,11226400
2005-01-28,10.85802936553955,20.7450008392334,20.815000534057617,20.604999542236328,20.764999389648438,13453000
2005-01-31,10.85802936553955,20.7450008392334,20.915000915527344,20.69499969482422,20.885000228881836,14094600
2005-02-01,10.83971118927002,20.709999084472656,20.75,20.565000534057617,20.75,10813000
2005-02-02,10.97056770324707,20.959999084472656,20.96500015258789,20.68000030517578,20.725000381469727,13188200
2005-02-03,10.923457145690918,20.8700008392334,20.959999084472656,20.799999237060547,20.950000762939453,9620200
2005-02-04,11.114501953125,21.235000610351562,21.2549991607666,20.780000686645508,20.80500030517578,15542400
2005-02-07,11.119734764099121,21.2450008392334,21.295000076293945,21.1299991607666,21.295000076293945,8667000
2005-02-08,11.161608695983887,21.325000762939453,21.440000534057617,21.219999313354492,21.329999923706055,9454600
2005-02-09,11.190391540527344,21.3799991607666,21.55500030517578,21.200000762939453,21.405000686645508,14255400
2005-02-10,11.122350692749023,21.25,21.549999237060547,21.1299991607666,21.440000534057617,8683800
2005-02-11,11.190391540527344,21.3799991607666,21.540000915527344,21.165000915527344,21.165000915527344,10168000
2005-02-14,11.21656322479248,21.43000030517578,21.485000610351562,21.325000762939453,21.479999542236328,6977200
2005-02-15,11.161608695983887,21.325000762939453,21.469999313354492,21.104999542236328,21.469999313354492,11663400
2005-02-16,11.331713676452637,21.649999618530273,22.075000762939453,21.575000762939453,21.920000076293945,33930000
2005-02-17,11.25320053100586,21.5,21.674999237060547,21.405000686645508,21.670000076293945,14434800
2005-02-18,11.242732048034668,21.479999542236328,21.53499984741211,21.3799991607666,21.53499984741211,11256600
2005-02-22,11.198246955871582,21.395000457763672,21.575000762939453,21.229999542236328,21.399999618530273,17063600
2005-02-23,11.14328670501709,21.290000915527344,21.459999084472656,21.200000762939453,21.395000457763672,11546800
2005-02-24,11.164223670959473,21.329999923706055,21.40999984741211,21.204999923706055,21.315000534057617,9311000
2005-02-25,11.25843620300293,21.510000228881836,21.524999618530273,21.184999465942383,21.350000381469727,10707200
2005-02-28,11.200857162475586,21.399999618530273,21.56999969482422,21.344999313354492,21.43000030517578,13223200
2005-03-01,11.323859214782715,21.635000228881836,21.700000762939453,21.3799991607666,21.399999618530273,9999400
2005-03-02,11.26366901397705,21.520000457763672,21.700000762939453,21.43000030517578,21.510000228881836,9719200
2005-03-03,11.30030632019043,21.59000015258789,21.71500015258789,21.524999618530273,21.594999313354492,9450000
2005-03-04,11.420694351196289,21.81999969482422,21.885000228881836,21.625,21.719999313354492,13141400
2005-03-07,11.44162654876709,21.860000610351562,21.924999237060547,21.7549991607666,21.770000457763672,9485000
2005-03-08,11.363114356994629,21.709999084472656,21.899999618530273,21.674999237060547,21.78499984741211,11534600
2005-03-09,11.308158874511719,21.604999542236328,21.71500015258789,21.399999618530273,21.610000610351562,12479200
2005-03-10,11.271520614624023,21.53499984741211,21.69499969482422,21.485000610351562,21.625,9968600
2005-03-11,11.189865112304688,21.239999771118164,21.454999923706055,21.149999618530273,21.450000762939453,11803400
2005-03-14,11.152982711791992,21.170000076293945,21.375,21.049999237060547,21.299999237060547,11332000
2005-03-15,11.126641273498535,21.1200008392334,21.350000381469727,21.09000015258789,21.25,10415800
2005-03-16,11.047616958618164,20.969999313354492,21.25,20.920000076293945,21.125,14509600
2005-03-17,11.063423156738281,21.0,21.075000762939453,20.875,20.940000534057617,8479200
2005-03-18,10.92117691040039,20.729999542236328,21.05500030517578,20.700000762939453,21.0049991607666,31165400
2005-03-21,10.958057403564453,20.799999237060547,20.844999313354492,20.625,20.809999465942383,13221800
2005-03-22,10.905370712280273,20.700000762939453,20.934999465942383,20.639999389648438,20.81999969482422,13188600
2005-03-23,10.84742259979248,20.59000015258789,20.684999465942383,20.530000686645508,20.649999618530273,13798200
2005-03-24,10.852690696716309,20.600000381469727,20.71500015258789,20.454999923706055,20.71500015258789,10321600
2005-03-28,10.831616401672363,20.559999465942383,20.795000076293945,20.545000076293945,20.704999923706055,11567800
2005-03-29,10.90273666381836,20.69499969482422,20.725000381469727,20.545000076293945,20.600000381469727,10896000
2005-03-30,11.05025577545166,20.975000381469727,21.0049991607666,20.725000381469727,20.725000381469727,13239800
2005-03-31,10.976491928100586,20.834999084472656,20.954999923706055,20.7549991607666,20.954999923706055,9457400
2005-04-01,10.900100708007812,20.690000534057617,20.975000381469727,20.645000457763672,20.915000915527344,11705200
2005-04-04,10.923816680908203,20.735000610351562,20.799999237060547,20.625,20.799999237060547,9298200
2005-04-05,11.026543617248535,20.93000030517578,20.975000381469727,20.75,20.81999969482422,8743600
2005-04-06,10.987030982971191,20.854999542236328,21.040000915527344,20.799999237060547,20.9950008392334,8363000
2005-04-07,11.0950288772583,21.059999465942383,21.1299991607666,20.90999984741211,20.90999984741211,10670200
2005-04-08,11.089761734008789,21.049999237060547,21.200000762939453,21.024999618530273,21.110000610351562,7767400
2005-04-11,11.029178619384766,20.934999465942383,21.139999389648438,20.905000686645508,21.125,9955200
2005-04-12,11.15035343170166,21.165000915527344,21.204999923706055,20.844999313354492,20.885000228881836,14217000
2005-04-13,11.089761734008789,21.049999237060547,21.28499984741211,21.0049991607666,21.165000915527344,13992400
2005-04-14,11.081860542297363,21.03499984741211,21.235000610351562,21.010000228881836,21.100000381469727,13765800
2005-04-15,10.876399040222168,20.645000457763672,21.065000534057617,20.575000762939453,21.040000915527344,14048600
2005-04-18,10.792104721069336,20.485000610351562,20.665000915527344,20.3700008392334,20.559999465942383,15410600
2005-04-19,11.168787956237793,21.200000762939453,21.459999084472656,21.030000686645508,21.350000381469727,25291800
2005-04-20,11.031814575195312,20.940000534057617,21.274999618530273,20.815000534057617,21.260000228881836,16812400
2005-04-21,11.058149337768555,20.989999771118164,21.149999618530273,20.8700008392334,21.149999618530273,16392600
2005-04-22,11.097664833068848,21.065000534057617,21.280000686645508,20.94499969482422,20.975000381469727,13380200
2005-04-25,11.24254035949707,21.34000015258789,21.364999771118164,21.05500030517578,21.21500015258789,12265400
2005-04-26,11.31629753112793,21.479999542236328,21.655000686645508,21.299999237060547,21.34000015258789,17567600
2005-04-27,11.279422760009766,21.40999984741211,21.475000381469727,21.239999771118164,21.44499969482422,10492600
2005-04-28,11.245176315307617,21.344999313354492,21.459999084472656,21.309999465942383,21.315000534057617,10612000
2005-04-29,11.44273853302002,21.719999313354492,21.75,21.299999237060547,21.354999542236328,16370800
2005-05-02,11.476982116699219,21.78499984741211,21.809999465942383,21.6200008392334,21.7450008392334,10587800
2005-05-03,11.527030944824219,21.8799991607666,22.010000228881836,21.760000228881836,21.78499984741211,13355600
2005-05-04,11.571816444396973,21.96500015258789,22.1200008392334,21.844999313354492,21.989999771118164,11776000
2005-05-05,11.629764556884766,22.075000762939453,22.1200008392334,21.8799991607666,21.889999389648438,9011800
2005-05-06,11.640298843383789,22.094999313354492,22.264999389648438,22.049999237060547,22.110000610351562,11362800
2005-05-09,11.740399360656738,22.28499984741211,22.299999237060547,22.049999237060547,22.100000381469727,9263200
2005-05-10,11.650835990905762,22.114999771118164,22.204999923706055,22.010000228881836,22.059999465942383,8607000
2005-05-11,11.661373138427734,22.135000228881836,22.15999984741211,21.895000457763672,22.065000534057617,9109200
2005-05-12,11.63503360748291,22.084999084472656,22.375,21.875,22.084999084472656,7955200
2005-05-13,11.619226455688477,22.05500030517578,22.235000610351562,21.934999465942383,22.235000610351562,9995000
2005-05-16,11.658735275268555,22.1299991607666,22.18000030517578,22.040000915527344,22.104999542236328,5694200
2005-05-17,11.695619583129883,22.200000762939453,22.239999771118164,21.864999771118164,22.014999389648438,8947200
2005-05-18,11.83259105682373,22.459999084472656,22.469999313354492,22.174999237060547,22.219999313354492,12734800
2005-05-19,11.919525146484375,22.625,22.6299991607666,22.440000534057617,22.469999313354492,12546400
2005-05-20,11.86683464050293,22.524999618530273,22.600000381469727,22.375,22.600000381469727,12042800
2005-05-23,11.845766067504883,22.485000610351562,22.584999084472656,22.415000915527344,22.485000610351562,10954600
2005-05-24,11.85893440246582,22.510000228881836,22.56999969482422,22.3799991607666,22.385000228881836,7739800
2005-05-25,11.827323913574219,22.450000762939453,22.600000381469727,22.415000915527344,22.434999465942383,7436800
2005-05-26,11.82469367980957,22.44499969482422,22.524999618530273,22.420000076293945,22.469999313354492,6121200
2005-05-27,11.835227012634277,22.46500015258789,22.520000457763672,22.375,22.44499969482422,6379200
2005-05-31,11.756208419799805,22.315000534057617,22.399999618530273,22.184999465942383,22.385000228881836,12964600
2005-06-01,11.74566650390625,22.295000076293945,22.46500015258789,22.21500015258789,22.270000457763672,9291200
2005-06-02,11.7957181930542,22.389999389648438,22.424999237060547,22.149999618530273,22.229999542236328,11104000
2005-06-03,11.650835990905762,22.114999771118164,22.325000762939453,21.924999237060547,22.309999465942383,9711200
2005-06-06,11.582350730895996,21.985000610351562,22.084999084472656,21.899999618530273,22.0049991607666,8067200
2005-06-07,11.619226455688477,22.05500030517578,22.235000610351562,21.985000610351562,22.014999389648438,7902600
2005-06-08,11.563913345336914,21.950000762939453,22.110000610351562,21.8799991607666,22.065000534057617,8908600
2005-06-09,11.498061180114746,21.825000762939453,21.954999923706055,21.725000381469727,21.850000381469727,10212600
2005-06-10,11.577079772949219,21.975000381469727,21.979999542236328,21.780000686645508,21.864999771118164,9273400
2005-06-13,11.55587387084961,21.795000076293945,21.975000381469727,21.735000610351562,21.799999237060547,8915400
2005-06-14,11.592988967895508,21.864999771118164,22.0,21.795000076293945,21.795000076293945,9641600
2005-06-15,11.56912612915039,21.81999969482422,21.924999237060547,21.700000762939453,21.924999237060547,9612200
2005-06-16,11.606242179870605,21.889999389648438,21.969999313354492,21.704999923706055,21.850000381469727,7681600
2005-06-17,11.677817344665527,22.024999618530273,22.100000381469727,21.885000228881836,22.075000762939453,14473400
2005-06-20,11.640701293945312,21.954999923706055,22.024999618530273,21.8799991607666,21.899999618530273,5860800
2005-06-21,11.579731941223145,21.84000015258789,21.975000381469727,21.780000686645508,21.899999618530273,7781000
2005-06-22,11.513459205627441,21.71500015258789,21.90999984741211,21.6299991607666,21.84000015258789,10469000
2005-06-23,11.41801643371582,21.53499984741211,21.75,21.5,21.674999237060547,9401400
2005-06-24,11.187378883361816,21.100000381469727,21.5,21.065000534057617,21.46500015258789,15487000
2005-06-27,11.221844673156738,21.165000915527344,21.235000610351562,21.040000915527344,21.125,9165200
2005-06-28,11.365004539489746,21.434999465942383,21.4950008392334,21.235000610351562,21.344999313354492,10173800
2005-06-29,11.31993293762207,21.350000381469727,21.44499969482422,21.309999465942383,21.43000030517578,7701000
2005-06-30,11.068082809448242,20.875,21.315000534057617,20.834999084472656,21.280000686645508,20526600
2005-07-01,11.190032958984375,21.104999542236328,21.25,20.924999237060547,20.979999542236328,15284600
2005-07-05,11.240399360656738,21.200000762939453,21.315000534057617,21.100000381469727,21.229999542236328,11501200
2005-07-06,11.12110710144043,20.975000381469727,21.15999984741211,20.959999084472656,21.1200008392334,10375800
2005-07-07,11.070730209350586,20.8799991607666,21.024999618530273,20.69499969482422,20.770000457763672,12983600
2005-07-08,11.327889442443848,21.364999771118164,21.424999237060547,20.875,20.975000381469727,12800400
2005-07-11,11.338485717773438,21.385000228881836,21.5049991607666,21.270000457763672,21.350000381469727,10255400
2005-07-12,11.351741790771484,21.40999984741211,21.565000534057617,21.270000457763672,21.469999313354492,12893000
2005-07-13,11.380906105041504,21.46500015258789,21.485000610351562,21.31999969482422,21.325000762939453,7104800
2005-07-14,11.447176933288574,21.59000015258789,21.665000915527344,21.475000381469727,21.4950008392334,12267200
2005-07-15,11.420666694641113,21.540000915527344,21.575000762939453,21.364999771118164,21.510000228881836,9868200
2005-07-18,11.380906105041504,21.46500015258789,21.700000762939453,21.454999923706055,21.540000915527344,7096600
2005-07-19,11.486948013305664,21.665000915527344,21.709999084472656,21.459999084472656,21.610000610351562,10527000
2005-07-20,11.486948013305664,21.665000915527344,21.774999618530273,21.479999542236328,21.665000915527344,12966800
2005-07-21,11.651312828063965,21.975000381469727,22.28499984741211,21.764999389648438,22.165000915527344,26064600
2005-07-22,11.672517776489258,22.014999389648438,22.079999923706055,21.575000762939453,21.850000381469727,14347600
2005-07-25,11.571782112121582,21.825000762939453,22.094999313354492,21.719999313354492,22.040000915527344,10391800
2005-07-26,11.582385063171387,21.844999313354492,22.03499984741211,21.78499984741211,21.825000762939453,11479600
2005-07-27,11.667219161987305,22.0049991607666,22.094999313354492,21.84000015258789,21.950000762939453,11134200
2005-07-28,11.767960548400879,22.19499969482422,22.30500030517578,22.0,22.114999771118164,12293000
2005-07-29,11.600942611694336,21.8799991607666,22.209999084472656,21.8799991607666,22.145000457763672,9949400
2005-08-01,11.630102157592773,21.934999465942383,22.03499984741211,21.825000762939453,21.9950008392334,10047400
2005-08-02,11.738797187805176,22.139999389648438,22.174999237060547,21.915000915527344,21.924999237060547,8803400
2005-08-03,11.84218692779541,22.334999084472656,22.350000381469727,21.934999465942383,21.9950008392334,12820200
2005-08-04,11.760004997253418,22.18000030517578,22.280000686645508,22.045000076293945,22.200000762939453,9906400
2005-08-05,11.680468559265137,22.030000686645508,22.100000381469727,21.799999237060547,22.049999237060547,8597800
2005-08-08,11.577077865600586,21.834999084472656,22.030000686645508,21.729999542236328,22.024999618530273,7319400
2005-08-09,11.69107723236084,22.049999237060547,22.06999969482422,21.875,21.934999465942383,8243200
2005-08-10,11.63805866241455,21.950000762939453,22.21500015258789,21.915000915527344,22.1299991607666,8072000
2005-08-11,11.693724632263184,22.05500030517578,22.065000534057617,21.80500030517578,21.850000381469727,8301200
2005-08-12,11.553223609924316,21.790000915527344,22.045000076293945,21.700000762939453,21.934999465942383,8020000
2005-08-15,11.542619705200195,21.770000457763672,21.854999542236328,21.71500015258789,21.75,5786800
2005-08-16,11.478991508483887,21.649999618530273,21.815000534057617,21.59000015258789,21.799999237060547,8983000
2005-08-17,11.481643676757812,21.655000686645508,21.709999084472656,21.55500030517578,21.579999923706055,11194000
2005-08-18,11.539966583251953,21.764999389648438,21.84000015258789,21.610000610351562,21.68000030517578,13145600
2005-08-19,11.767960548400879,22.19499969482422,22.354999542236328,22.1299991607666,22.174999237060547,23074000
2005-08-22,11.7361421585083,22.135000228881836,22.375,21.979999542236328,22.280000686645508,12600200
2005-08-23,11.714936256408691,22.094999313354492,22.165000915527344,21.979999542236328,22.149999618530273,8960200
2005-08-24,11.619500160217285,21.915000915527344,22.204999923706055,21.875,22.1200008392334,10785200
2005-08-25,11.614190101623535,21.905000686645508,21.96500015258789,21.75,21.860000610351562,7725800
2005-08-26,11.550569534301758,21.78499984741211,21.954999923706055,21.774999618530273,21.81999969482422,10020600
2005-08-29,11.66456127166748,22.0,22.049999237060547,21.670000076293945,21.68000030517578,6421200
2005-08-30,11.502851486206055,21.69499969482422,21.959999084472656,21.600000381469727,21.899999618530273,13138600
2005-08-31,11.66456127166748,22.0,22.030000686645508,21.559999465942383,21.68000030517578,15536400
2005-09-01,11.632755279541016,21.940000534057617,22.155000686645508,21.809999465942383,21.905000686645508,9958400
2005-09-02,11.63805866241455,21.950000762939453,22.079999923706055,21.850000381469727,22.03499984741211,8507600
2005-09-06,11.802419662475586,22.260000228881836,22.344999313354492,22.174999237060547,22.174999237060547,10253200
2005-09-07,11.83687973022461,22.325000762939453,22.354999542236328,22.125,22.295000076293945,12324400
2005-09-08,11.738797187805176,22.139999389648438,22.145000457763672,21.84000015258789,21.850000381469727,17879000
2005-09-09,11.677817344665527,22.024999618530273,22.170000076293945,21.954999923706055,22.139999389648438,15940800
2005-09-12,11.730843544006348,22.125,22.200000762939453,21.950000762939453,21.950000762939453,9145200
2005-09-13,11.6481351852417,21.829999923706055,21.934999465942383,21.774999618530273,21.78499984741211,12303000
2005-09-14,11.610784530639648,21.760000228881836,21.915000915527344,21.69499969482422,21.809999465942383,10005200
2005-09-15,11.640134811401367,21.815000534057617,21.854999542236328,21.670000076293945,21.799999237060547,10943200
2005-09-16,11.578770637512207,21.700000762939453,21.920000076293945,21.614999771118164,21.850000381469727,39747600
2005-09-19,11.568095207214355,21.68000030517578,21.774999618530273,21.579999923706055,21.674999237060547,11264800
2005-09-20,11.445375442504883,21.450000762939453,21.684999465942383,21.440000534057617,21.649999618530273,14977600
2005-09-21,11.271964073181152,21.125,21.299999237060547,21.075000762939453,21.2549991607666,14035400
2005-09-22,11.263955116271973,21.110000610351562,21.1299991607666,20.924999237060547,21.05500030517578,12395200
2005-09-23,11.298637390136719,21.174999237060547,21.30500030517578,21.1200008392334,21.125,10658200
2005-09-26,11.303977012634277,21.184999465942383,21.364999771118164,21.0,21.274999618530273,15488400
2005-09-27,11.29330825805664,21.165000915527344,21.405000686645508,21.149999618530273,21.149999618530273,10018800
2005-09-28,11.437374114990234,21.434999465942383,21.5,21.174999237060547,21.290000915527344,11590600
2005-09-29,11.498737335205078,21.549999237060547,21.55500030517578,21.274999618530273,21.469999313354492,15022800
2005-09-30,11.522741317749023,21.594999313354492,21.69499969482422,21.479999542236328,21.594999313354492,9953400
2005-10-03,11.528080940246582,21.604999542236328,21.729999542236328,21.559999465942383,21.604999542236328,13063800
2005-10-04,11.482728958129883,21.520000457763672,21.799999237060547,21.5049991607666,21.684999465942383,9836800
2005-10-05,11.370670318603516,21.309999465942383,21.59000015258789,21.309999465942383,21.479999542236328,10305600
2005-10-06,11.394685745239258,21.354999542236328,21.440000534057617,21.219999313354492,21.325000762939453,13721400
2005-10-07,11.258620262145996,21.100000381469727,21.334999084472656,21.020000457763672,21.31999969482422,14741800
2005-10-10,11.199922561645508,20.989999771118164,21.145000457763672,20.93000030517578,21.06999969482422,12022200
2005-10-11,11.11455249786377,20.829999923706055,21.0,20.790000915527344,20.924999237060547,11594800
2005-10-12,11.1305570602417,20.860000610351562,21.0,20.7549991607666,20.764999389648438,17748200
2005-10-13,11.1305570602417,20.860000610351562,20.959999084472656,20.75,20.75,9680400
2005-10-14,11.223936080932617,21.03499984741211,21.110000610351562,20.774999618530273,20.860000610351562,10720800
2005-10-17,11.229273796081543,21.045000076293945,21.165000915527344,20.959999084472656,20.975000381469727,9956200
2005-10-18,11.138564109802246,20.875,21.110000610351562,20.875,21.0049991607666,11762000
2005-10-19,11.15190601348877,20.899999618530273,20.950000762939453,20.639999389648438,20.885000228881836,14578800
2005-10-20,11.23194408416748,21.049999237060547,21.469999313354492,21.040000915527344,21.450000762939453,21683000
2005-10-21,11.186585426330566,20.96500015258789,21.31999969482422,20.905000686645508,21.19499969482422,13578600
2005-10-24,11.31197738647461,21.200000762939453,21.2450008392334,21.030000686645508,21.09000015258789,11878600
2005-10-25,11.327983856201172,21.229999542236328,21.299999237060547,21.030000686645508,21.125,11748200
2005-10-26,11.295969009399414,21.170000076293945,21.424999237060547,21.155000686645508,21.239999771118164,10462600
2005-10-27,11.245277404785156,21.075000762939453,21.25,21.059999465942383,21.174999237060547,8195200
2005-10-28,11.426703453063965,21.415000915527344,21.485000610351562,21.170000076293945,21.200000762939453,12878000
2005-10-31,11.41335391998291,21.389999389648438,21.485000610351562,21.200000762939453,21.299999237060547,19920400
2005-11-01,11.378676414489746,21.325000762939453,21.405000686645508,21.235000610351562,21.309999465942383,11631400
2005-11-02,11.351996421813965,21.274999618530273,21.31999969482422,21.19499969482422,21.290000915527344,12415400
2005-11-03,11.35999870300293,21.290000915527344,21.395000457763672,21.2450008392334,21.315000534057617,9076400
2005-11-04,11.28530216217041,21.149999618530273,21.350000381469727,21.014999389648438,21.329999923706055,11434800
2005-11-07,11.314648628234863,21.204999923706055,21.235000610351562,21.05500030517578,21.174999237060547,10704000
2005-11-08,11.242613792419434,21.06999969482422,21.270000457763672,21.0,21.204999923706055,9146200
2005-11-09,11.253287315368652,21.09000015258789,21.204999923706055,21.010000228881836,21.084999084472656,9225400
2005-11-10,11.343996047973633,21.260000228881836,21.334999084472656,21.114999771118164,21.190000534057617,9571800
2005-11-11,11.408021926879883,21.3799991607666,21.3799991607666,21.1200008392334,21.225000381469727,8627000
2005-11-14,11.35999870300293,21.290000915527344,21.395000457763672,21.239999771118164,21.360000610351562,6991200
2005-11-15,11.327983856201172,21.229999542236328,21.334999084472656,21.125,21.235000610351562,8944200
2005-11-16,11.242613792419434,21.06999969482422,21.25,21.059999465942383,21.219999313354492,10351400
2005-11-17,11.170578002929688,20.934999465942383,21.155000686645508,20.934999465942383,21.09000015258789,14969200
2005-11-18,11.258620262145996,21.100000381469727,21.239999771118164,20.94499969482422,21.235000610351562,17160400
2005-11-21,11.245277404785156,21.075000762939453,21.15999984741211,21.020000457763672,21.15999984741211,13533000
2005-11-22,11.295969009399414,21.170000076293945,21.21500015258789,21.03499984741211,21.079999923706055,13147600
2005-11-23,11.378676414489746,21.325000762939453,21.405000686645508,21.18000030517578,21.225000381469727,9917600
2005-11-25,11.418692588806152,21.399999618530273,21.459999084472656,21.364999771118164,21.424999237060547,3958400
2005-11-28,11.41335391998291,21.389999389648438,21.639999389648438,21.375,21.475000381469727,15625800
2005-11-29,11.561066627502441,21.524999618530273,21.625,21.395000457763672,21.420000076293945,14827800
2005-11-30,11.464383125305176,21.344999313354492,21.59000015258789,21.334999084472656,21.514999389648438,13232000
2005-12-01,11.50466537475586,21.420000076293945,21.459999084472656,21.350000381469727,21.350000381469727,10905200
2005-12-02,11.499290466308594,21.40999984741211,21.46500015258789,21.30500030517578,21.315000534057617,8286800
2005-12-05,11.45363998413086,21.325000762939453,21.514999389648438,21.299999237060547,21.354999542236328,9906000
2005-12-06,11.424104690551758,21.270000457763672,21.364999771118164,21.174999237060547,21.315000534057617,16146600
2005-12-07,11.332793235778809,21.100000381469727,21.34000015258789,20.985000610351562,21.204999923706055,12944600
2005-12-08,11.246862411499023,20.940000534057617,21.06999969482422,20.854999542236328,21.045000076293945,13954400
2005-12-09,11.147497177124023,20.7549991607666,20.9950008392334,20.625,20.915000915527344,18714200
2005-12-12,11.05081558227539,20.575000762939453,20.860000610351562,20.549999237060547,20.71500015258789,19171400
2005-12-13,10.999789237976074,20.479999542236328,20.614999771118164,20.385000228881836,20.604999542236328,20553000
2005-12-14,11.034700393676758,20.545000076293945,20.700000762939453,20.485000610351562,20.559999465942383,13085800
2005-12-15,11.053505897521973,20.579999923706055,20.614999771118164,20.424999237060547,20.5,13107800
2005-12-16,11.066925048828125,20.604999542236328,20.7549991607666,20.579999923706055,20.665000915527344,16554200
2005-12-19,11.123323440551758,20.709999084472656,20.8799991607666,20.55500030517578,20.55500030517578,14156200
2005-12-20,11.06961441040039,20.610000610351562,20.774999618530273,20.56999969482422,20.7549991607666,11937600
2005-12-21,11.066925048828125,20.604999542236328,20.719999313354492,20.540000915527344,20.579999923706055,9821400
2005-12-22,11.08572769165039,20.639999389648438,20.645000457763672,20.5049991607666,20.614999771118164,11072200
2005-12-23,11.05081558227539,20.575000762939453,20.639999389648438,20.55500030517578,20.604999542236328,5063200
2005-12-27,11.00247573852539,20.485000610351562,20.674999237060547,20.31999969482422,20.549999237060547,14248000
2005-12-28,10.951454162597656,20.389999389648438,20.575000762939453,20.364999771118164,20.489999771118164,9763000
2005-12-29,10.90311050415039,20.299999237060547,20.450000762939453,20.209999084472656,20.334999084472656,11163400
2005-12-30,10.825238227844238,20.155000686645508,20.334999084472656,20.155000686645508,20.190000534057617,11743200
2006-01-03,10.983675956726074,20.450000762939453,20.4950008392334,20.174999237060547,20.395000457763672,13640800
2006-01-04,10.962196350097656,20.40999984741211,20.53499984741211,20.329999923706055,20.4950008392334,19993200
2006-01-05,11.015908241271973,20.510000228881836,20.565000534057617,20.290000915527344,20.360000610351562,16613000
2006-01-06,11.12063980102539,20.704999923706055,20.780000686645508,20.43000030517578,20.530000686645508,17122800
2006-01-09,11.174345970153809,20.80500030517578,20.834999084472656,20.625,20.7450008392334,13819600
2006-01-10,11.185091972351074,20.825000762939453,20.864999771118164,20.59000015258789,20.59000015258789,13849800
2006-01-11,11.190462112426758,20.834999084472656,20.905000686645508,20.735000610351562,20.829999923706055,10574400
2006-01-12,11.128697395324707,20.719999313354492,20.815000534057617,20.639999389648438,20.639999389648438,17086000
2006-01-13,11.093783378601074,20.655000686645508,20.774999618530273,20.524999618530273,20.690000534057617,10548400
2006-01-17,11.018590927124023,20.514999389648438,20.639999389648438,20.450000762939453,20.540000915527344,11574000
2006-01-18,10.962196350097656,20.40999984741211,20.5,20.299999237060547,20.5,12906200
2006-01-19,10.99173355102539,20.46500015258789,20.56999969482422,20.299999237060547,20.469999313354492,10907600
2006-01-20,10.766151428222656,20.045000076293945,20.434999465942383,19.68000030517578,20.415000915527344,18971600
2006-01-23,10.876264572143555,20.25,20.329999923706055,20.0,20.0,13222200
2006-01-24,10.983675956726074,20.450000762939453,20.649999618530273,20.350000381469727,20.600000381469727,15888400
2006-01-25,11.048135757446289,20.56999969482422,20.594999313354492,20.450000762939453,20.56999969482422,13699000
2006-01-26,11.139440536499023,20.739999771118164,20.790000915527344,20.575000762939453,20.639999389648438,14573200
2006-01-27,11.271025657653809,20.985000610351562,20.9950008392334,20.610000610351562,20.739999771118164,13646400
2006-01-30,11.211947441101074,20.875,20.979999542236328,20.770000457763672,20.924999237060547,12143400
2006-01-31,11.112584114074707,20.690000534057617,20.8700008392334,20.604999542236328,20.8700008392334,13115000
2006-02-01,11.14480972290039,20.75,20.770000457763672,20.514999389648438,20.594999313354492,12966600
2006-02-02,11.072303771972656,20.614999771118164,20.7549991607666,20.489999771118164,20.65999984741211,12468400
2006-02-03,10.978311538696289,20.440000534057617,20.614999771118164,20.260000228881836,20.510000228881836,12538000
2006-02-06,10.994423866271973,20.469999313354492,20.5,20.315000534057617,20.415000915527344,13500600
2006-02-07,11.018590927124023,20.514999389648438,20.739999771118164,20.30500030517578,20.700000762939453,20573000
2006-02-08,11.072303771972656,20.614999771118164,20.645000457763672,20.334999084472656,20.6299991607666,18185800
2006-02-09,11.010538101196289,20.5,20.709999084472656,20.450000762939453,20.559999465942383,15045200
2006-02-10,11.053505897521973,20.579999923706055,20.709999084472656,20.354999542236328,20.454999923706055,12782000
2006-02-13,10.940717697143555,20.3700008392334,20.690000534057617,20.315000534057617,20.690000534057617,11791600
2006-02-14,11.101839065551758,20.670000076293945,20.719999313354492,20.469999313354492,20.4950008392334,14048800
2006-02-15,11.101839065551758,20.670000076293945,20.719999313354492,20.55500030517578,20.69499969482422,13561600
2006-02-16,11.168978691101074,20.795000076293945,20.809999465942383,20.579999923706055,20.639999389648438,14381400
2006-02-17,11.22269344329834,20.895000457763672,20.950000762939453,20.614999771118164,20.81999969482422,14525200
2006-02-21,11.238801956176758,20.924999237060547,21.020000457763672,20.799999237060547,20.895000457763672,20793200
2006-02-22,11.300569534301758,21.040000915527344,21.084999084472656,20.959999084472656,21.024999618530273,11821200
2006-02-23,11.287141799926758,21.014999389648438,21.155000686645508,20.969999313354492,21.09000015258789,9523400
2006-02-24,11.340848922729492,21.114999771118164,21.170000076293945,20.920000076293945,21.0049991607666,10691400
2006-02-27,11.421417236328125,21.264999389648438,21.264999389648438,21.09000015258789,21.139999389648438,13199800
2006-02-28,11.271025657653809,20.985000610351562,21.290000915527344,20.959999084472656,21.260000228881836,16189400
2006-03-01,11.362338066101074,21.155000686645508,21.190000534057617,20.924999237060547,20.950000762939453,11036800
2006-03-02,11.254915237426758,20.954999923706055,21.075000762939453,20.850000381469727,21.03499984741211,11537800
2006-03-03,11.22537612915039,20.899999618530273,21.024999618530273,20.78499984741211,20.815000534057617,10586800
2006-03-06,11.26565933227539,20.975000381469727,21.094999313354492,20.850000381469727,20.885000228881836,10945800
2006-03-07,11.22537612915039,20.899999618530273,21.020000457763672,20.850000381469727,20.975000381469727,11242600
2006-03-08,11.340848922729492,21.114999771118164,21.2549991607666,20.850000381469727,20.860000610351562,13843000
2006-03-09,11.386503219604492,21.200000762939453,21.295000076293945,21.059999465942383,21.059999465942383,13296600
2006-03-10,11.48586654663086,21.385000228881836,21.46500015258789,21.264999389648438,21.309999465942383,15399000
2006-03-13,11.493974685668945,21.2450008392334,21.399999618530273,21.204999923706055,21.295000076293945,13502200
2006-03-14,11.57513427734375,21.395000457763672,21.434999465942383,21.219999313354492,21.235000610351562,11377200
2006-03-15,11.558905601501465,21.364999771118164,21.40999984741211,21.274999618530273,21.344999313354492,12805400
2006-03-16,11.54808521270752,21.344999313354492,21.3799991607666,21.2549991607666,21.354999542236328,14209000
2006-03-17,11.57513427734375,21.395000457763672,21.420000076293945,21.290000915527344,21.344999313354492,16508800
2006-03-20,11.602187156677246,21.44499969482422,21.4950008392334,21.344999313354492,21.40999984741211,11851600
2006-03-21,11.564316749572754,21.375,21.43000030517578,21.2549991607666,21.399999618530273,14625800
2006-03-22,11.569723129272461,21.385000228881836,21.475000381469727,21.344999313354492,21.40999984741211,16481600
2006-03-23,11.47234058380127,21.204999923706055,21.420000076293945,21.100000381469727,21.375,12053200
2006-03-24,11.53996753692627,21.329999923706055,21.3799991607666,21.165000915527344,21.174999237060547,9723600
2006-03-27,11.466930389404297,21.19499969482422,21.325000762939453,21.165000915527344,21.280000686645508,9339200
2006-03-28,11.40471363067627,21.079999923706055,21.2450008392334,21.05500030517578,21.155000686645508,10910400
2006-03-29,11.40471363067627,21.079999923706055,21.174999237060547,21.010000228881836,21.049999237060547,8702000
2006-03-30,11.39389705657959,21.059999465942383,21.1299991607666,20.950000762939453,20.989999771118164,13586200
2006-03-31,11.326269149780273,20.934999465942383,21.094999313354492,20.905000686645508,21.059999465942383,14535800
2006-04-03,11.326269149780273,20.934999465942383,21.114999771118164,20.899999618530273,21.049999237060547,11291600
2006-04-04,11.383075714111328,21.040000915527344,21.065000534057617,20.84000015258789,20.90999984741211,9257600
2006-04-05,11.34791088104248,20.975000381469727,21.040000915527344,20.875,21.024999618530273,13148800
2006-04-06,11.27757740020752,20.844999313354492,21.0,20.790000915527344,21.0,10988400
2006-04-07,11.18559741973877,20.674999237060547,20.940000534057617,20.655000686645508,20.895000457763672,11893400
2006-04-10,11.220768928527832,20.739999771118164,20.75,20.610000610351562,20.674999237060547,7726200
2006-04-11,11.169370651245117,20.645000457763672,21.0049991607666,20.53499984741211,21.0049991607666,11085200
2006-04-12,11.131497383117676,20.575000762939453,20.670000076293945,20.450000762939453,20.6299991607666,10010000
2006-04-13,11.161256790161133,20.6299991607666,20.71500015258789,20.540000915527344,20.584999084472656,9029000
2006-04-17,11.1017427444458,20.520000457763672,20.700000762939453,20.43000030517578,20.649999618530273,9270800
2006-04-18,11.172078132629395,20.649999618530273,20.7450008392334,20.524999618530273,20.524999618530273,11528400
2006-04-19,11.27757740020752,20.844999313354492,21.059999465942383,20.700000762939453,20.739999771118164,16677600
2006-04-20,11.310030937194824,20.905000686645508,21.1200008392334,20.774999618530273,20.8700008392334,12246600
2006-04-21,11.320856094360352,20.924999237060547,21.010000228881836,20.844999313354492,21.0049991607666,13110600
2006-04-24,11.242409706115723,20.780000686645508,20.950000762939453,20.760000228881836,20.875,12466400
2006-04-25,11.18559741973877,20.674999237060547,20.809999465942383,20.625,20.774999618530273,12600800
2006-04-26,11.285691261291504,20.860000610351562,20.889999389648438,20.674999237060547,20.674999237060547,12248600
2006-04-27,11.374957084655762,21.024999618530273,21.06999969482422,20.80500030517578,20.815000534057617,13146400
2006-04-28,11.350614547729492,20.979999542236328,21.045000076293945,20.915000915527344,21.0049991607666,11529400
2006-05-01,11.353317260742188,20.985000610351562,21.094999313354492,20.954999923706055,21.045000076293945,13265600
2006-05-02,11.42635440826416,21.1200008392334,21.149999618530273,20.9950008392334,21.049999237060547,10551400
2006-05-03,11.339790344238281,20.959999084472656,21.114999771118164,20.915000915527344,21.075000762939453,14313200
2006-05-04,11.383075714111328,21.040000915527344,21.065000534057617,20.899999618530273,20.975000381469727,13301800
2006-05-05,11.553497314453125,21.354999542236328,21.44499969482422,21.020000457763672,21.135000228881836,18958000
2006-05-08,11.732032775878906,21.684999465942383,21.8700008392334,21.40999984741211,21.424999237060547,27358400
2006-05-09,11.813182830810547,21.834999084472656,21.834999084472656,21.59000015258789,21.59000015258789,13929600
2006-05-10,11.788841247558594,21.790000915527344,21.8799991607666,21.735000610351562,21.834999084472656,14902400
2006-05-11,11.734739303588867,21.690000534057617,21.795000076293945,21.635000228881836,21.770000457763672,16969400
2006-05-12,11.680627822875977,21.59000015258789,21.69499969482422,21.55500030517578,21.639999389648438,14767800
2006-05-15,11.886221885681152,21.969999313354492,22.0,21.524999618530273,21.594999313354492,18623200
2006-05-16,11.859169960021973,21.920000076293945,22.100000381469727,21.81999969482422,22.06999969482422,16978000
2006-05-17,11.780723571777344,21.774999618530273,21.985000610351562,21.600000381469727,21.8799991607666,19862400
2006-05-18,11.780723571777344,21.774999618530273,21.959999084472656,21.68000030517578,21.790000915527344,15375800
2006-05-19,11.807774543762207,21.825000762939453,21.875,21.635000228881836,21.8700008392334,16014600
2006-05-22,11.794246673583984,21.799999237060547,21.864999771118164,21.690000534057617,21.774999618530273,15634200
2006-05-23,11.788841247558594,21.790000915527344,21.885000228881836,21.760000228881836,21.864999771118164,13705800
2006-05-24,11.910571098327637,22.014999389648438,22.084999084472656,21.725000381469727,21.760000228881836,20534800
2006-05-25,12.002542495727539,22.184999465942383,22.184999465942383,21.924999237060547,22.094999313354492,14125400
2006-05-26,12.035005569458008,22.2450008392334,22.3799991607666,22.110000610351562,22.2450008392334,12337000
2006-05-30,11.813182830810547,21.834999084472656,22.15999984741211,21.815000534057617,22.104999542236328,16652200
2006-05-31,11.910571098327637,22.014999389648438,22.045000076293945,21.780000686645508,21.850000381469727,14599800
2006-06-01,11.880813598632812,21.959999084472656,22.024999618530273,21.834999084472656,21.989999771118164,9973400
2006-06-02,11.872695922851562,21.94499969482422,22.065000534057617,21.799999237060547,21.875,12120400
2006-06-05,11.748263359069824,21.71500015258789,21.940000534057617,21.69499969482422,21.895000457763672,11428600
2006-06-06,11.76720142364502,21.75,21.854999542236328,21.600000381469727,21.799999237060547,16578600
2006-06-07,11.734739303588867,21.690000534057617,21.899999618530273,21.674999237060547,21.809999465942383,11577400
2006-06-08,11.737443923950195,21.69499969482422,21.760000228881836,21.524999618530273,21.735000610351562,23080400
2006-06-09,11.780723571777344,21.774999618530273,21.920000076293945,21.71500015258789,21.899999618530273,13947800
2006-06-12,11.715802192687988,21.655000686645508,21.84000015258789,21.635000228881836,21.834999084472656,13990600
2006-06-13,11.691279411315918,21.454999923706055,21.625,21.3799991607666,21.59000015258789,18118600
2006-06-14,11.664037704467773,21.405000686645508,21.559999465942383,21.2450008392334,21.415000915527344,12402600
2006-06-15,11.726698875427246,21.520000457763672,21.559999465942383,21.260000228881836,21.475000381469727,14639400
2006-06-16,11.773021697998047,21.604999542236328,21.684999465942383,21.46500015258789,21.46500015258789,16754800
2006-06-19,11.69672679901123,21.46500015258789,21.665000915527344,21.364999771118164,21.604999542236328,11623000
2006-06-20,11.661308288574219,21.399999618530273,21.559999465942383,21.350000381469727,21.450000762939453,11303800
2006-06-21,11.718527793884277,21.5049991607666,21.56999969482422,21.34000015258789,21.34000015258789,9266400
2006-06-22,11.680387496948242,21.434999465942383,21.524999618530273,21.309999465942383,21.510000228881836,8044600
2006-06-23,11.647688865661621,21.375,21.510000228881836,21.350000381469727,21.3700008392334,7681400
2006-06-26,11.669486045837402,21.415000915527344,21.434999465942383,21.2450008392334,21.364999771118164,9625600
2006-06-27,11.582297325134277,21.2549991607666,21.389999389648438,21.135000228881836,21.344999313354492,12008800
2006-06-28,11.557771682739258,21.209999084472656,21.280000686645508,21.18000030517578,21.21500015258789,10224200
2006-06-29,11.732152938842773,21.530000686645508,21.575000762939453,21.209999084472656,21.274999618530273,14379000
2006-06-30,11.721251487731934,21.510000228881836,21.7450008392334,21.510000228881836,21.6200008392334,22568000
2006-07-03,11.816610336303711,21.684999465942383,21.725000381469727,21.55500030517578,21.600000381469727,5875600
2006-07-05,11.721251487731934,21.510000228881836,21.684999465942383,21.420000076293945,21.600000381469727,11837800
2006-07-06,11.805716514587402,21.665000915527344,21.795000076293945,21.520000457763672,21.59000015258789,10246000
2006-07-07,11.764840126037598,21.59000015258789,21.7450008392334,21.559999465942383,21.614999771118164,5874000
2006-07-10,11.887450218200684,21.815000534057617,21.875,21.6200008392334,21.649999618530273,9588800
2006-07-11,11.936488151550293,21.905000686645508,22.040000915527344,21.809999465942383,21.850000381469727,15525400
2006-07-12,11.87110710144043,21.78499984741211,21.934999465942383,21.719999313354492,21.915000915527344,8300400
2006-07-13,11.743051528930664,21.549999237060547,21.825000762939453,21.424999237060547,21.75,12870400
2006-07-14,11.620438575744629,21.325000762939453,21.59000015258789,21.184999465942383,21.5,13775200
2006-07-17,11.634066581726074,21.350000381469727,21.415000915527344,21.270000457763672,21.280000686645508,11175800
2006-07-18,11.865653038024902,21.774999618530273,21.860000610351562,21.53499984741211,21.674999237060547,23951200
2006-07-19,11.939220428466797,21.90999984741211,21.954999923706055,21.774999618530273,21.94499969482422,16154800
2006-07-20,11.944668769836426,21.920000076293945,21.985000610351562,21.825000762939453,21.905000686645508,10657600
2006-07-21,11.961015701293945,21.950000762939453,22.15999984741211,21.885000228881836,22.15999984741211,18399800
2006-07-24,11.988262176513672,22.0,22.079999923706055,21.934999465942383,21.934999465942383,11459200
2006-07-25,12.056371688842773,22.125,22.19499969482422,21.860000610351562,21.934999465942383,10983800
2006-07-26,12.110867500305176,22.225000381469727,22.31999969482422,22.020000457763672,22.049999237060547,16632800
2006-07-27,12.072726249694824,22.155000686645508,22.31999969482422,22.110000610351562,22.274999618530273,12820000
2006-07-28,12.1299409866333,22.260000228881836,22.334999084472656,22.155000686645508,22.2450008392334,12831000
2006-07-31,12.124494552612305,22.25,22.395000457763672,22.21500015258789,22.260000228881836,12836200
2006-08-01,12.072726249694824,22.155000686645508,22.31999969482422,22.1200008392334,22.25,9094400
2006-08-02,12.072726249694824,22.155000686645508,22.2450008392334,22.094999313354492,22.145000457763672,9120600
2006-08-03,11.993708610534668,22.010000228881836,22.174999237060547,21.94499969482422,22.100000381469727,11378000
2006-08-04,11.947392463684082,21.924999237060547,22.100000381469727,21.875,22.094999313354492,9781800
2006-08-07,11.882003784179688,21.80500030517578,21.979999542236328,21.739999771118164,21.924999237060547,10029400
2006-08-08,11.936488151550293,21.905000686645508,22.0,21.850000381469727,21.905000686645508,8162800
2006-08-09,11.92015266418457,21.875,22.049999237060547,21.854999542236328,21.975000381469727,7719000
2006-08-10,11.961015701293945,21.950000762939453,22.09000015258789,21.854999542236328,21.885000228881836,8430600
2006-08-11,11.922869682312012,21.8799991607666,21.940000534057617,21.80500030517578,21.860000610351562,5677400
2006-08-14,11.985539436340332,21.9950008392334,22.075000762939453,21.940000534057617,21.9950008392334,8528800
2006-08-15,12.075448989868164,22.15999984741211,22.174999237060547,22.05500030517578,22.1200008392334,9501200
2006-08-16,12.078173637390137,22.165000915527344,22.229999542236328,22.104999542236328,22.19499969482422,9839400
2006-08-17,12.03730583190918,22.09000015258789,22.15999984741211,21.975000381469727,22.079999923706055,9517200
2006-08-18,12.072726249694824,22.155000686645508,22.209999084472656,21.8799991607666,21.8799991607666,9963000
2006-08-21,12.040030479431152,22.094999313354492,22.270000457763672,22.040000915527344,22.174999237060547,8328400
2006-08-22,12.099969863891602,22.204999923706055,22.260000228881836,22.059999465942383,22.139999389648438,8017800
2006-08-23,12.075448989868164,22.15999984741211,22.219999313354492,22.065000534057617,22.165000915527344,7561200
2006-08-24,12.127218246459961,22.2549991607666,22.299999237060547,22.09000015258789,22.149999618530273,10326200
2006-08-25,12.1299409866333,22.260000228881836,22.309999465942383,22.174999237060547,22.225000381469727,5025800
2006-08-28,12.18171215057373,22.354999542236328,22.489999771118164,22.174999237060547,22.260000228881836,8918600
2006-08-29,12.298868179321289,22.56999969482422,22.579999923706055,22.325000762939453,22.34000015258789,14100000
2006-08-30,12.249821662902832,22.479999542236328,22.700000762939453,22.46500015258789,22.610000610351562,12119200
2006-08-31,12.208953857421875,22.405000686645508,22.56999969482422,22.399999618530273,22.559999465942383,7306800
2006-09-01,12.279793739318848,22.53499984741211,22.565000534057617,22.434999465942383,22.489999771118164,7852000
2006-09-05,12.255277633666992,22.489999771118164,22.53499984741211,22.405000686645508,22.5049991607666,8144800
2006-09-06,12.178983688354492,22.350000381469727,22.43000030517578,22.2549991607666,22.30500030517578,9858000
2006-09-07,12.121766090393066,22.2450008392334,22.350000381469727,22.184999465942383,22.325000762939453,14780600
2006-09-08,12.15173625946045,22.299999237060547,22.334999084472656,22.15999984741211,22.21500015258789,8646200
2006-09-11,12.138111114501953,22.274999618530273,22.434999465942383,22.149999618530273,22.149999618530273,8995000
2006-09-12,12.20078182220459,22.389999389648438,22.485000610351562,22.235000610351562,22.235000610351562,10300800
2006-09-13,12.239192008972168,22.30500030517578,22.389999389648438,22.225000381469727,22.389999389648438,10795800
2006-09-14,12.230962753295898,22.290000915527344,22.375,22.209999084472656,22.209999084472656,7799800
2006-09-15,12.236446380615234,22.299999237060547,22.415000915527344,22.235000610351562,22.350000381469727,15846400
2006-09-18,12.192548751831055,22.219999313354492,22.395000457763672,22.139999389648438,22.260000228881836,8969000
2006-09-19,12.176092147827148,22.190000534057617,22.280000686645508,22.110000610351562,22.270000457763672,8292600
2006-09-20,12.195293426513672,22.225000381469727,22.299999237060547,22.145000457763672,22.21500015258789,8288200
2006-09-21,12.126707077026367,22.100000381469727,22.274999618530273,22.03499984741211,22.225000381469727,12089600
2006-09-22,12.069089889526367,21.9950008392334,22.100000381469727,21.969999313354492,22.049999237060547,9691600
2006-09-25,12.181583404541016,22.200000762939453,22.30500030517578,22.0049991607666,22.084999084472656,12606800
2006-09-26,12.247422218322754,22.31999969482422,22.364999771118164,22.155000686645508,22.235000610351562,10611400
2006-09-27,12.266630172729492,22.354999542236328,22.450000762939453,22.170000076293945,22.274999618530273,11340200
2006-09-28,12.332476615905762,22.475000381469727,22.4950008392334,22.334999084472656,22.405000686645508,9706200
2006-09-29,12.25839614868164,22.34000015258789,22.475000381469727,22.315000534057617,22.395000457763672,9214800
2006-10-02,12.209013938903809,22.25,22.46500015258789,22.25,22.450000762939453,9450600
2006-10-03,12.225473403930664,22.280000686645508,22.40999984741211,22.25,22.25,10755000
2006-10-04,12.291319847106934,22.399999618530273,22.40999984741211,21.895000457763672,21.895000457763672,10242000
2006-10-05,12.299551963806152,22.415000915527344,22.475000381469727,22.34000015258789,22.360000610351562,8949800
2006-10-06,12.280345916748047,22.3799991607666,22.44499969482422,22.329999923706055,22.40999984741211,10106200
2006-10-09,12.187066078186035,22.209999084472656,22.329999923706055,22.084999084472656,22.274999618530273,15335800
2006-10-10,12.088293075561523,22.030000686645508,22.2450008392334,21.975000381469727,22.235000610351562,25847200
2006-10-11,12.104752540588379,22.059999465942383,22.075000762939453,21.950000762939453,21.9950008392334,10412400
2006-10-12,12.08554744720459,22.024999618530273,22.125,21.979999542236328,22.100000381469727,11042400
2006-10-13,12.077317237854004,22.010000228881836,22.100000381469727,21.93000030517578,22.059999465942383,16628600
2006-10-16,12.140417098999023,22.125,22.239999771118164,22.0,22.075000762939453,14568800
2006-10-17,12.014219284057617,21.895000457763672,22.114999771118164,21.875,22.049999237060547,16209800
2006-10-18,12.060858726501465,21.979999542236328,22.075000762939453,21.860000610351562,21.959999084472656,20173800
2006-10-19,12.321501731872559,22.454999923706055,22.56999969482422,22.299999237060547,22.350000381469727,35323000
2006-10-20,12.826327323913574,23.375,23.559999465942383,22.549999237060547,22.604999542236328,53627400
2006-10-23,12.971732139587402,23.639999389648438,23.75,23.350000381469727,23.375,30265400
2006-10-24,12.903138160705566,23.514999389648438,23.6200008392334,23.44499969482422,23.524999618530273,20931600
2006-10-25,12.947044372558594,23.594999313354492,23.639999389648438,23.5,23.575000762939453,14119400
2006-10-26,12.933319091796875,23.56999969482422,23.600000381469727,23.44499969482422,23.579999923706055,15688600
2006-10-27,12.859247207641602,23.434999465942383,23.510000228881836,23.3799991607666,23.479999542236328,13495800
2006-10-30,12.829065322875977,23.3799991607666,23.594999313354492,23.329999923706055,23.485000610351562,10973600
2006-10-31,12.818085670471191,23.360000610351562,23.469999313354492,23.2549991607666,23.40999984741211,12161800
2006-11-01,12.796138763427734,23.31999969482422,23.450000762939453,23.25,23.3700008392334,10464600
2006-11-02,12.815346717834473,23.354999542236328,23.415000915527344,23.204999923706055,23.2549991607666,15476800
2006-11-03,12.757728576660156,23.25,23.415000915527344,23.200000762939453,23.399999618530273,11942600
2006-11-06,12.842781066894531,23.405000686645508,23.450000762939453,23.165000915527344,23.350000381469727,18737000
2006-11-07,12.87296199798584,23.459999084472656,23.5049991607666,23.28499984741211,23.334999084472656,16346000
2006-11-08,12.861987113952637,23.440000534057617,23.5,23.264999389648438,23.329999923706055,14765000
2006-11-09,12.79888916015625,23.325000762939453,23.5049991607666,23.264999389648438,23.350000381469727,16073600
2006-11-10,12.749505996704102,23.235000610351562,23.375,23.139999389648438,23.325000762939453,9880800
2006-11-13,12.73304271697998,23.204999923706055,23.299999237060547,23.094999313354492,23.204999923706055,13673200
2006-11-14,12.771445274353027,23.274999618530273,23.30500030517578,23.079999923706055,23.165000915527344,16383000
2006-11-15,12.79888916015625,23.325000762939453,23.375,23.184999465942383,23.235000610351562,19823800
2006-11-16,12.933319091796875,23.56999969482422,23.594999313354492,23.375,23.399999618530273,14747000
2006-11-17,12.966241836547852,23.6299991607666,23.684999465942383,23.524999618530273,23.565000534057617,18904800
2006-11-20,12.905887603759766,23.520000457763672,23.68000030517578,23.479999542236328,23.55500030517578,12338400
2006-11-21,12.89216423034668,23.4950008392334,23.579999923706055,23.40999984741211,23.434999465942383,12110600
2006-11-22,12.922345161437988,23.549999237060547,23.59000015258789,23.440000534057617,23.5,7258600
2006-11-24,12.87296199798584,23.459999084472656,23.594999313354492,23.424999237060547,23.450000762939453,4565800
2006-11-27,12.771445274353027,23.274999618530273,23.479999542236328,23.19499969482422,23.43000030517578,18962400
2006-11-28,12.807116508483887,23.34000015258789,23.475000381469727,23.174999237060547,23.184999465942383,14540000
2006-11-29,12.881691932678223,23.31999969482422,23.405000686645508,23.18000030517578,23.299999237060547,15077800
2006-11-30,12.934167861938477,23.415000915527344,23.5049991607666,23.204999923706055,23.225000381469727,21071200
2006-12-01,12.862360000610352,23.28499984741211,23.360000610351562,23.114999771118164,23.325000762939453,15461000
2006-12-04,12.934167861938477,23.415000915527344,23.6299991607666,23.270000457763672,23.364999771118164,14004400
2006-12-05,13.25731372833252,24.0,24.0,23.424999237060547,23.4950008392334,26343400
2006-12-06,13.36226749420166,24.190000534057617,24.270000457763672,23.96500015258789,24.024999618530273,29681000
2006-12-07,13.45617389678955,24.360000610351562,24.489999771118164,24.2450008392334,24.290000915527344,24190600
2006-12-08,13.50865364074707,24.454999923706055,24.489999771118164,24.325000762939453,24.389999389648438,16320400
2006-12-11,13.481029510498047,24.405000686645508,24.579999923706055,24.290000915527344,24.424999237060547,18181400
2006-12-12,13.505888938903809,24.450000762939453,24.579999923706055,24.350000381469727,24.3799991607666,16227000
2006-12-13,13.489314079284668,24.420000076293945,24.56999969482422,24.329999923706055,24.56999969482422,12960800
2006-12-14,13.533504486083984,24.5,24.584999084472656,24.364999771118164,24.44499969482422,15830200
2006-12-15,13.514171600341797,24.46500015258789,24.674999237060547,24.190000534057617,24.5,23760200
2006-12-18,13.505888938903809,24.450000762939453,24.549999237060547,24.40999984741211,24.424999237060547,10438400
2006-12-19,13.469978332519531,24.385000228881836,24.43000030517578,24.200000762939453,24.334999084472656,15461400
2006-12-20,13.464447975158691,24.375,24.40999984741211,24.31999969482422,24.364999771118164,12103600
2006-12-21,13.439598083496094,24.329999923706055,24.434999465942383,24.315000534057617,24.375,14383200
2006-12-22,13.36226749420166,24.190000534057617,24.399999618530273,24.125,24.364999771118164,7878000
2006-12-26,13.409221649169922,24.274999618530273,24.299999237060547,24.155000686645508,24.204999923706055,5260400
2006-12-27,13.44788646697998,24.344999313354492,24.389999389648438,24.145000457763672,24.344999313354492,9620800
2006-12-28,13.406455993652344,24.270000457763672,24.405000686645508,24.25,24.325000762939453,7907000
2006-12-29,13.326366424560547,24.125,24.325000762939453,24.094999313354492,24.21500015258789,12339600
2007-01-03,13.417508125305176,24.290000915527344,24.440000534057617,24.139999389648438,24.18000030517578,15753400
2007-01-04,13.423029899597168,24.299999237060547,24.350000381469727,24.125,24.209999084472656,11810400
2007-01-05,13.329120635986328,24.1299991607666,24.28499984741211,24.084999084472656,24.25,11607000
2007-01-08,13.414748191833496,24.28499984741211,24.334999084472656,24.0049991607666,24.0049991607666,17551000
2007-01-09,13.425787925720215,24.30500030517578,24.415000915527344,24.229999542236328,24.270000457763672,13724000
2007-01-10,13.44512939453125,24.34000015258789,24.395000457763672,24.184999465942383,24.2450008392334,8928000
2007-01-11,13.461699485778809,24.3700008392334,24.434999465942383,24.299999237060547,24.375,11009600
2007-01-12,13.409221649169922,24.274999618530273,24.334999084472656,24.125,24.299999237060547,13667200
2007-01-16,13.395413398742676,24.25,24.344999313354492,24.170000076293945,24.239999771118164,12685200
2007-01-17,13.423029899597168,24.299999237060547,24.43000030517578,24.239999771118164,24.264999389648438,14400200
2007-01-18,13.353978157043457,24.174999237060547,24.5,24.100000381469727,24.209999084472656,15223000
2007-01-19,13.329120635986328,24.1299991607666,24.21500015258789,24.03499984741211,24.204999923706055,13008200
2007-01-22,13.265589714050293,24.014999389648438,24.174999237060547,23.9950008392334,24.05500030517578,12198800
2007-01-23,13.290449142456055,24.059999465942383,24.114999771118164,23.969999313354492,24.075000762939453,12149000
2007-01-24,13.29321575164795,24.065000534057617,24.100000381469727,23.969999313354492,24.094999313354492,8641600
2007-01-25,13.240737915039062,23.969999313354492,24.110000610351562,23.950000762939453,24.03499984741211,11596600
2007-01-26,13.210359573364258,23.915000915527344,24.049999237060547,23.899999618530273,24.0,14459000
2007-01-29,13.17721176147461,23.854999542236328,23.959999084472656,23.780000686645508,23.8799991607666,10077800
2007-01-30,13.204835891723633,23.905000686645508,23.975000381469727,23.81999969482422,23.915000915527344,8986000
2007-01-31,13.224172592163086,23.940000534057617,23.985000610351562,23.7450008392334,23.899999618530273,10604400
2007-02-01,13.284930229187012,24.049999237060547,24.135000228881836,23.924999237060547,23.9950008392334,10398600
2007-02-02,13.323601722717285,24.1200008392334,24.204999923706055,24.020000457763672,24.049999237060547,10703600
2007-02-05,13.229698181152344,23.950000762939453,24.1200008392334,23.920000076293945,24.05500030517578,9192800
2007-02-06,13.271119117736816,24.024999618530273,24.079999923706055,23.93000030517578,24.0,11168800
2007-02-07,13.265589714050293,24.014999389648438,24.065000534057617,23.93000030517578,24.014999389648438,9242400
2007-02-08,13.218643188476562,23.93000030517578,24.024999618530273,23.825000762939453,23.975000381469727,9076600
2007-02-09,13.191025733947754,23.8799991607666,23.9950008392334,23.81999969482422,23.860000610351562,9828400
2007-02-12,13.235213279724121,23.959999084472656,24.184999465942383,23.899999618530273,23.924999237060547,13925400
2007-02-13,13.315313339233398,24.104999542236328,24.209999084472656,24.045000076293945,24.049999237060547,19411800
2007-02-14,13.224172592163086,23.940000534057617,24.274999618530273,23.864999771118164,24.25,32846800
2007-02-15,13.215888023376465,23.924999237060547,24.049999237060547,23.790000915527344,23.9950008392334,19195000
2007-02-16,13.221405029296875,23.934999465942383,24.049999237060547,23.8799991607666,24.0,17492200
2007-02-20,13.196549415588379,23.889999389648438,23.940000534057617,23.75,23.760000228881836,17828800
2007-02-21,13.138547897338867,23.78499984741211,23.889999389648438,23.760000228881836,23.774999618530273,16489600
2007-02-22,13.063979148864746,23.649999618530273,23.8700008392334,23.610000610351562,23.844999313354492,16721000
2007-02-23,13.052927017211914,23.6299991607666,23.96500015258789,23.59000015258789,23.834999084472656,29516200
2007-02-26,13.17997932434082,23.860000610351562,23.950000762939453,23.790000915527344,23.850000381469727,18709000
2007-02-27,12.812636375427246,23.19499969482422,23.920000076293945,22.780000686645508,23.735000610351562,30318600
2007-02-28,12.892731666564941,23.34000015258789,23.450000762939453,23.15999984741211,23.375,27629200
2007-03-01,12.84854507446289,23.260000228881836,23.46500015258789,23.135000228881836,23.209999084472656,27342000
2007-03-02,12.674544334411621,22.94499969482422,23.46500015258789,22.905000686645508,23.225000381469727,34050600
2007-03-05,12.785017013549805,23.145000457763672,23.354999542236328,22.885000228881836,22.950000762939453,29572400
2007-03-06,12.961783409118652,23.46500015258789,23.530000686645508,23.274999618530273,23.344999313354492,25097800
2007-03-07,12.912071228027344,23.375,23.5,23.329999923706055,23.3799991607666,26321800
2007-03-08,13.022547721862793,23.575000762939453,23.68000030517578,23.44499969482422,23.450000762939453,17422400
2007-03-09,13.138547897338867,23.78499984741211,23.834999084472656,23.575000762939453,23.614999771118164,26127200
2007-03-12,13.243502616882324,23.975000381469727,23.9950008392334,23.735000610351562,23.78499984741211,26009000
2007-03-13,13.090511322021484,23.530000686645508,23.934999465942383,23.479999542236328,23.674999237060547,32198000
2007-03-14,13.084949493408203,23.520000457763672,23.670000076293945,23.295000076293945,23.625,32553400
2007-03-15,13.096071243286133,23.540000915527344,23.565000534057617,23.34000015258789,23.475000381469727,19059000
2007-03-16,13.13223934173584,23.604999542236328,23.655000686645508,23.40999984741211,23.625,28231600
2007-03-19,13.165618896484375,23.665000915527344,23.75,23.520000457763672,23.670000076293945,15513600
2007-03-20,13.246284484863281,23.809999465942383,23.875,23.6200008392334,23.709999084472656,14456000
2007-03-21,13.424309730529785,24.1299991607666,24.174999237060547,23.684999465942383,23.850000381469727,24361000
2007-03-22,13.421537399291992,24.125,24.219999313354492,23.954999923706055,23.954999923706055,16486800
2007-03-23,13.365897178649902,24.024999618530273,24.135000228881836,23.985000610351562,24.065000534057617,16012200
2007-03-26,13.393714904785156,24.075000762939453,24.094999313354492,23.84000015258789,23.975000381469727,14385200
2007-03-27,13.357553482055664,24.010000228881836,24.084999084472656,23.924999237060547,24.0,13230600
2007-03-28,13.326952934265137,23.954999923706055,24.149999618530273,23.795000076293945,23.895000457763672,22657800
2007-03-29,13.382586479187012,24.05500030517578,24.200000762939453,23.424999237060547,23.80500030517578,18947800
2007-03-30,13.351988792419434,24.0,24.25,23.799999237060547,24.1299991607666,17937600
2007-04-02,13.496634483337402,24.260000228881836,24.329999923706055,24.024999618530273,24.100000381469727,22443400
2007-04-03,13.627379417419434,24.4950008392334,24.575000762939453,24.264999389648438,24.264999389648438,19033200
2007-04-04,13.758106231689453,24.729999542236328,24.81999969482422,24.469999313354492,24.5049991607666,22203000
2007-04-05,13.774809837341309,24.760000228881836,24.885000228881836,24.649999618530273,24.670000076293945,17959200
2007-04-09,13.805401802062988,24.815000534057617,24.975000381469727,24.71500015258789,24.799999237060547,14632800
2007-04-10,13.930569648742676,25.040000915527344,25.155000686645508,24.825000762939453,24.889999389648438,26317400
2007-04-11,13.808187484741211,24.81999969482422,25.100000381469727,24.799999237060547,25.040000915527344,24374000
2007-04-12,13.816522598266602,24.834999084472656,24.975000381469727,24.325000762939453,24.825000762939453,15512400
2007-04-13,13.874937057495117,24.940000534057617,25.145000457763672,24.7450008392334,25.145000457763672,13829600
2007-04-16,13.983428001403809,25.135000228881836,25.219999313354492,24.96500015258789,25.0049991607666,20130200
2007-04-17,14.345043182373047,25.78499984741211,26.09000015258789,25.3799991607666,25.524999618530273,50341600
2007-04-18,14.370071411132812,25.829999923706055,25.8700008392334,25.674999237060547,25.795000076293945,22955600
2007-04-19,14.39510726928711,25.875,25.950000762939453,25.655000686645508,25.68000030517578,18696200
2007-04-20,14.4896879196167,26.045000076293945,26.075000762939453,25.809999465942383,26.024999618530273,21201000
2007-04-23,14.367297172546387,25.825000762939453,26.100000381469727,25.795000076293945,26.045000076293945,14465800
2007-04-24,14.383981704711914,25.854999542236328,25.989999771118164,25.684999465942383,25.989999771118164,16117400
2007-04-25,14.392338752746582,25.8700008392334,26.030000686645508,25.7450008392334,25.9950008392334,21349800
2007-04-26,14.486907958984375,26.040000915527344,26.114999771118164,25.924999237060547,25.9950008392334,15173600
2007-04-27,14.481343269348145,26.030000686645508,26.059999465942383,25.875,25.924999237060547,13926200
2007-04-30,14.517509460449219,26.094999313354492,26.174999237060547,25.924999237060547,25.959999084472656,23486000
2007-05-01,14.639897346496582,26.315000534057617,26.31999969482422,26.065000534057617,26.094999313354492,20552200
2007-05-02,14.662152290344238,26.354999542236328,26.46500015258789,26.25,26.299999237060547,17473000
2007-05-03,14.717780113220215,26.454999923706055,26.5,26.295000076293945,26.399999618530273,16194400
2007-05-04,14.801233291625977,26.604999542236328,26.65999984741211,26.475000381469727,26.5,18067000
2007-05-07,14.912505149841309,26.80500030517578,26.825000762939453,26.575000762939453,26.604999542236328,14151800
2007-05-08,14.762293815612793,26.53499984741211,26.760000228881836,26.459999084472656,26.68000030517578,15197400
2007-05-09,14.77341079711914,26.55500030517578,26.700000762939453,26.424999237060547,26.545000076293945,11234400
2007-05-10,14.598174095153809,26.239999771118164,26.520000457763672,26.21500015258789,26.475000381469727,14908400
2007-05-11,14.65658950805664,26.344999313354492,26.364999771118164,26.084999084472656,26.225000381469727,12985200
2007-05-14,14.631550788879395,26.299999237060547,26.479999542236328,26.25,26.270000457763672,13295800
2007-05-15,14.592607498168945,26.229999542236328,26.395000457763672,26.079999923706055,26.149999618530273,31652800
2007-05-16,14.670502662658691,26.3700008392334,26.395000457763672,26.065000534057617,26.25,16792200
2007-05-17,14.520292282104492,26.100000381469727,26.4950008392334,26.049999237060547,26.489999771118164,18808400
2007-05-18,14.639897346496582,26.315000534057617,26.325000762939453,26.045000076293945,26.18000030517578,25827200
2007-05-21,14.439620018005371,25.954999923706055,26.40999984741211,25.875,26.315000534057617,26409400
2007-05-22,14.320000648498535,25.739999771118164,25.985000610351562,25.709999084472656,25.975000381469727,19057200
2007-05-23,14.278277397155762,25.665000915527344,25.885000228881836,25.6200008392334,25.81999969482422,15167600
2007-05-24,14.25324821472168,25.6200008392334,25.875,25.575000762939453,25.635000228881836,17765600
2007-05-25,14.43404769897461,25.94499969482422,26.09000015258789,25.7450008392334,25.780000686645508,18502400
2007-05-29,14.514720916748047,26.09000015258789,26.174999237060547,25.954999923706055,26.014999389648438,16716400
2007-05-30,14.75672435760498,26.524999618530273,26.524999618530273,25.959999084472656,26.184999465942383,29334600
2007-05-31,14.740036010742188,26.4950008392334,26.729999542236328,26.440000534057617,26.479999542236328,21255400
2007-06-01,14.687186241149902,26.399999618530273,26.565000534057617,26.21500015258789,26.5049991607666,17018400
2007-06-04,14.651021957397461,26.334999084472656,26.399999618530273,26.104999542236328,26.3799991607666,20438800
2007-06-05,14.553667068481445,26.15999984741211,26.325000762939453,26.049999237060547,26.235000610351562,19282600
2007-06-06,14.464653968811035,26.0,26.15999984741211,25.920000076293945,26.125,11280800
2007-06-07,14.292190551757812,25.690000534057617,26.040000915527344,25.6299991607666,25.9950008392334,18724600
2007-06-08,14.372851371765137,25.834999084472656,25.860000610351562,25.514999389648438,25.625,13315200
2007-06-11,14.36172866821289,25.815000534057617,25.924999237060547,25.65999984741211,25.834999084472656,21803400
2007-06-12,14.225430488586426,25.56999969482422,25.885000228881836,25.530000686645508,25.670000076293945,22790200
2007-06-13,14.382247924804688,25.68000030517578,25.75,25.530000686645508,25.584999084472656,20020800
2007-06-14,14.368246078491211,25.655000686645508,25.844999313354492,25.53499984741211,25.68000030517578,17990600
2007-06-15,14.443852424621582,25.790000915527344,26.06999969482422,25.68000030517578,25.795000076293945,26360400
2007-06-18,14.4942626953125,25.8799991607666,26.0049991607666,25.764999389648438,25.790000915527344,11100800
2007-06-19,14.390645980834961,25.69499969482422,25.84000015258789,25.55500030517578,25.790000915527344,21341400
2007-06-20,14.418651580810547,25.7450008392334,26.040000915527344,25.65999984741211,25.770000457763672,19981600
2007-06-21,14.586666107177734,26.045000076293945,26.075000762939453,25.68000030517578,25.700000762939453,18870400
2007-06-22,14.455049514770508,25.809999465942383,26.1299991607666,25.719999313354492,26.024999618530273,30157400
2007-06-25,14.497057914733887,25.885000228881836,26.020000457763672,25.75,25.834999084472656,21450600
2007-06-26,14.547466278076172,25.975000381469727,26.170000076293945,25.809999465942383,25.950000762939453,22278800
2007-06-27,14.684677124023438,26.219999313354492,26.260000228881836,25.875,25.875,18175600
2007-06-28,14.737881660461426,26.315000534057617,26.459999084472656,26.110000610351562,26.15999984741211,16126400
2007-06-29,14.648282051086426,26.155000686645508,26.475000381469727,25.975000381469727,26.420000076293945,19029200
2007-07-02,14.718276023864746,26.280000686645508,26.4950008392334,26.15999984741211,26.325000762939453,18294600
2007-07-03,14.813495635986328,26.450000762939453,26.489999771118164,26.25,26.405000686645508,8382800
2007-07-05,14.749079704284668,26.334999084472656,26.5,26.239999771118164,26.450000762939453,10865400
2007-07-06,14.72947883605957,26.299999237060547,26.325000762939453,26.149999618530273,26.274999618530273,12349600
2007-07-09,14.757489204406738,26.350000381469727,26.5,26.28499984741211,26.364999771118164,19237800
2007-07-10,14.589469909667969,26.049999237060547,26.469999313354492,26.03499984741211,26.469999313354492,14505200
2007-07-11,14.586666107177734,26.045000076293945,26.135000228881836,25.899999618530273,26.0049991607666,12185400
2007-07-12,14.737881660461426,26.315000534057617,26.325000762939453,26.024999618530273,26.075000762939453,23446200
2007-07-13,14.872288703918457,26.55500030517578,26.6299991607666,26.2450008392334,26.315000534057617,16634800
2007-07-16,15.079517364501953,26.924999237060547,27.2450008392334,26.68000030517578,26.700000762939453,33549400
2007-07-17,14.889094352722168,26.584999084472656,27.190000534057617,26.405000686645508,27.165000915527344,33030000
2007-07-18,14.961902618408203,26.71500015258789,26.790000915527344,26.53499984741211,26.655000686645508,28491200
2007-07-19,15.037510871887207,26.850000381469727,26.969999313354492,26.71500015258789,26.950000762939453,14462400
2007-07-20,14.900297164916992,26.604999542236328,26.950000762939453,26.545000076293945,26.8700008392334,22396600
2007-07-23,15.020711898803711,26.81999969482422,26.875,26.575000762939453,26.665000915527344,14063800
2007-07-24,14.903106689453125,26.610000610351562,26.899999618530273,26.479999542236328,26.485000610351562,18704400
2007-07-25,15.135517120361328,27.024999618530273,27.100000381469727,26.59000015258789,26.735000610351562,25611600
2007-07-26,14.835894584655762,26.489999771118164,27.110000610351562,26.280000686645508,26.575000762939453,29326200
2007-07-27,14.639870643615723,26.139999389648438,26.545000076293945,26.110000610351562,26.459999084472656,24074400
2007-07-30,14.670672416687012,26.19499969482422,26.924999237060547,25.895000457763672,26.530000686645508,19912000
2007-07-31,14.592267990112305,26.05500030517578,26.434999465942383,26.020000457763672,26.3700008392334,19887000
2007-08-01,14.917098045349121,26.635000228881836,26.739999771118164,26.09000015258789,26.18000030517578,24743400
2007-08-02,15.0263090133667,26.829999923706055,26.899999618530273,26.579999923706055,26.579999923706055,19595400
2007-08-03,14.919899940490723,26.639999389648438,27.125,26.6200008392334,26.90999984741211,22044200
2007-08-06,15.18592643737793,27.114999771118164,27.125,26.575000762939453,26.575000762939453,23334800
2007-08-07,15.250334739685059,27.229999542236328,27.395000457763672,26.854999542236328,26.975000381469727,22657200
2007-08-08,15.642370223999023,27.93000030517578,27.940000534057617,27.190000534057617,27.19499969482422,25070400
2007-08-09,15.63957691192627,27.924999237060547,28.354999542236328,27.405000686645508,27.405000686645508,34244000
2007-08-10,15.395946502685547,27.489999771118164,28.065000534057617,27.049999237060547,27.700000762939453,29816800
2007-08-13,15.267132759094238,27.260000228881836,27.549999237060547,27.104999542236328,27.4950008392334,19106400
2007-08-14,15.160724639892578,27.06999969482422,27.424999237060547,26.899999618530273,27.389999389648438,26200600
2007-08-15,15.073917388916016,26.915000915527344,27.334999084472656,26.80500030517578,27.079999923706055,14280600
2007-08-16,15.003917694091797,26.790000915527344,27.145000457763672,26.415000915527344,26.75,29002000
2007-08-17,15.247536659240723,27.225000381469727,28.424999237060547,26.579999923706055,27.46500015258789,28468600
2007-08-20,15.267132759094238,27.260000228881836,27.440000534057617,27.075000762939453,27.190000534057617,15993800
2007-08-21,15.12992000579834,27.014999389648438,27.424999237060547,26.989999771118164,27.200000762939453,16781600
2007-08-22,15.107523918151855,26.975000381469727,27.25,26.889999389648438,27.184999465942383,15279400
2007-08-23,15.115918159484863,26.989999771118164,27.084999084472656,26.809999465942383,26.940000534057617,13930000
2007-08-24,15.121515274047852,27.0,27.364999771118164,26.825000762939453,26.825000762939453,13493400
2007-08-27,15.124317169189453,27.0049991607666,27.075000762939453,26.850000381469727,26.989999771118164,9995800
2007-08-28,14.914298057556152,26.6299991607666,27.0,26.59000015258789,27.0,15706000
2007-08-29,14.984308242797852,26.7549991607666,26.850000381469727,26.540000915527344,26.739999771118164,15922800
2007-08-30,14.953503608703613,26.700000762939453,26.81999969482422,26.565000534057617,26.610000610351562,13982600
2007-08-31,15.059920310974121,26.889999389648438,26.989999771118164,26.69499969482422,26.885000228881836,15035200
2007-09-04,15.225132942199707,27.184999465942383,27.219999313354492,26.834999084472656,26.834999084472656,12463000
2007-09-05,15.034709930419922,26.844999313354492,27.174999237060547,26.68000030517578,27.065000534057617,18938600
2007-09-06,15.306343078613281,27.329999923706055,27.520000457763672,26.600000381469727,26.774999618530273,19000200
2007-09-07,15.286741256713867,27.295000076293945,27.5,27.05500030517578,27.295000076293945,23982600
2007-09-10,15.281139373779297,27.28499984741211,27.510000228881836,27.145000457763672,27.299999237060547,20339400
2007-09-11,15.58636474609375,27.829999923706055,27.969999313354492,27.350000381469727,27.354999542236328,23866200
2007-09-12,15.73287296295166,27.920000076293945,28.18000030517578,27.639999389648438,27.799999237060547,18437000
2007-09-13,15.741324424743652,27.934999465942383,28.100000381469727,27.809999465942383,27.975000381469727,14353000
2007-09-14,15.890655517578125,28.200000762939453,28.280000686645508,27.829999923706055,27.860000610351562,15459800
2007-09-17,15.575098037719727,27.639999389648438,28.049999237060547,27.520000457763672,28.0,21078400
2007-09-18,15.893472671508789,28.204999923706055,28.21500015258789,27.704999923706055,27.704999923706055,19898800
2007-09-19,15.952642440795898,28.309999465942383,28.3799991607666,27.940000534057617,28.25,17220600
2007-09-20,15.865297317504883,28.155000686645508,28.325000762939453,28.079999923706055,28.280000686645508,12583400
2007-09-21,15.932920455932617,28.274999618530273,28.43000030517578,28.155000686645508,28.190000534057617,21948800
2007-09-24,15.97518253326416,28.350000381469727,28.690000534057617,28.2549991607666,28.2549991607666,20872800
2007-09-25,16.06533432006836,28.510000228881836,28.635000228881836,28.270000457763672,28.344999313354492,15230200
2007-09-26,16.1583194732666,28.674999237060547,28.84000015258789,28.454999923706055,28.584999084472656,14776200
2007-09-27,16.15268898010254,28.665000915527344,28.795000076293945,28.565000534057617,28.655000686645508,14274400
2007-09-28,16.192129135131836,28.735000610351562,28.889999389648438,28.514999389648438,28.649999618530273,13061200
2007-10-01,16.313274383544922,28.950000762939453,29.165000915527344,28.780000686645508,28.80500030517578,19918600
2007-10-02,16.318918228149414,28.959999084472656,29.079999923706055,28.81999969482422,29.0,17565600
2007-10-03,16.220300674438477,28.78499984741211,29.014999389648438,28.684999465942383,28.875,12628400
2007-10-04,16.30483055114746,28.934999465942383,29.065000534057617,28.78499984741211,28.825000762939453,11534600
2007-10-05,16.36117172241211,29.03499984741211,29.139999389648438,28.915000915527344,28.985000610351562,10896400
2007-10-08,16.285104751586914,28.899999618530273,29.065000534057617,28.844999313354492,28.979999542236328,6021600
2007-10-09,16.30764389038086,28.940000534057617,28.940000534057617,28.649999618530273,28.799999237060547,16272000
2007-10-10,16.30483055114746,28.934999465942383,29.100000381469727,28.889999389648438,28.9950008392334,13236400
2007-10-11,16.113235473632812,28.594999313354492,29.09000015258789,28.459999084472656,29.0,12950600
2007-10-12,16.285104751586914,28.899999618530273,28.96500015258789,28.575000762939453,28.600000381469727,10410200
2007-10-15,16.240022659301758,28.81999969482422,29.114999771118164,28.579999923706055,29.045000076293945,13801000
2007-10-16,16.27383041381836,28.8799991607666,29.049999237060547,28.71500015258789,28.834999084472656,14228200
2007-10-17,16.648561477661133,29.545000076293945,29.71500015258789,29.030000686645508,29.174999237060547,32814800
2007-10-18,16.72463035583496,29.68000030517578,29.825000762939453,29.385000228881836,29.520000457763672,20771800
2007-10-19,16.55558204650879,29.3799991607666,29.875,29.344999313354492,29.764999389648438,24173600
2007-10-22,16.693645477294922,29.625,29.700000762939453,29.19499969482422,29.270000457763672,18251800
2007-10-23,16.834514617919922,29.875,29.889999389648438,29.625,29.655000686645508,11663000
2007-10-24,16.955669403076172,30.09000015258789,30.100000381469727,29.68000030517578,29.75,18633200
2007-10-25,17.27122688293457,30.649999618530273,30.729999542236328,30.045000076293945,30.114999771118164,19553800
2007-10-26,17.347299575805664,30.78499984741211,30.795000076293945,30.440000534057617,30.670000076293945,16187400
2007-10-29,17.423376083374023,30.920000076293945,31.014999389648438,30.645000457763672,30.75,16951200
2007-10-30,17.39238166809082,30.864999771118164,31.075000762939453,30.674999237060547,30.915000915527344,13738200
2007-10-31,17.400836944580078,30.8799991607666,31.030000686645508,30.565000534057617,30.9950008392334,16640000
2007-11-01,17.158531188964844,30.450000762939453,31.0,30.40999984741211,30.815000534057617,20035400
2007-11-02,17.048648834228516,30.2549991607666,30.575000762939453,30.0049991607666,30.56999969482422,17152600
2007-11-05,17.000747680664062,30.170000076293945,30.364999771118164,29.959999084472656,30.25,17845400
2007-11-06,17.189516067504883,30.5049991607666,30.545000076293945,30.125,30.19499969482422,15285600
2007-11-07,16.893686294555664,29.979999542236328,30.5,29.96500015258789,30.450000762939453,14486800
2007-11-08,17.319120407104492,30.735000610351562,30.81999969482422,29.950000762939453,30.360000610351562,26091200
2007-11-09,17.138803482055664,30.415000915527344,30.875,30.315000534057617,30.75,18189800
2007-11-12,16.865510940551758,29.93000030517578,30.43000030517578,29.899999618530273,30.31999969482422,16680200
2007-11-13,17.197967529296875,30.520000457763672,30.600000381469727,29.825000762939453,30.1200008392334,15326800
2007-11-14,17.288131713867188,30.68000030517578,30.875,30.375,30.649999618530273,16542800
2007-11-15,17.45435905456543,30.975000381469727,31.204999923706055,30.4950008392334,30.4950008392334,21229800
2007-11-16,17.643136978149414,31.309999465942383,31.360000610351562,30.850000381469727,31.1200008392334,21454000
2007-11-19,17.552978515625,31.149999618530273,31.280000686645508,31.0049991607666,31.25,16893400
2007-11-20,17.6910343170166,31.395000457763672,31.549999237060547,31.049999237060547,31.260000228881836,21572400
2007-11-21,17.53888702392578,31.125,31.725000381469727,31.06999969482422,31.395000457763672,18067800
2007-11-23,17.552978515625,31.149999618530273,31.375,30.959999084472656,31.270000457763672,9446000
2007-11-26,17.39238166809082,30.864999771118164,31.43000030517578,30.799999237060547,31.174999237060547,16760800
2007-11-27,17.744564056396484,31.489999771118164,31.655000686645508,30.84000015258789,30.975000381469727,21048000
2007-11-28,17.843711853027344,31.4950008392334,31.610000610351562,31.2450008392334,31.610000610351562,25499000
2007-11-29,17.78705406188965,31.395000457763672,31.584999084472656,31.309999465942383,31.454999923706055,15031600
2007-11-30,17.591596603393555,31.049999237060547,31.549999237060547,30.860000610351562,31.549999237060547,21684200
2007-12-03,17.619922637939453,31.100000381469727,31.5,30.979999542236328,31.049999237060547,17112000
2007-12-04,17.775732040405273,31.375,31.469999313354492,30.7549991607666,30.975000381469727,16878600
2007-12-05,17.8607120513916,31.524999618530273,31.524999618530273,31.225000381469727,31.420000076293945,14622000
2007-12-06,17.866376876831055,31.53499984741211,31.584999084472656,31.190000534057617,31.454999923706055,15824600
2007-12-07,17.889039993286133,31.575000762939453,31.875,31.530000686645508,31.530000686645508,13413800
2007-12-10,17.923023223876953,31.635000228881836,31.75,31.440000534057617,31.540000915527344,8487800
2007-12-11,17.838050842285156,31.485000610351562,31.94499969482422,31.469999313354492,31.6200008392334,17336600
2007-12-12,18.064666748046875,31.885000228881836,32.025001525878906,31.475000381469727,31.614999771118164,23241400
2007-12-13,18.155323028564453,32.04499816894531,32.06999969482422,31.690000534057617,31.790000915527344,12418200
2007-12-14,18.076005935668945,31.905000686645508,32.15999984741211,31.8700008392334,31.8799991607666,19006000
2007-12-17,17.696409225463867,31.235000610351562,32.07500076293945,31.139999389648438,32.0,23869200
2007-12-18,17.625587463378906,31.110000610351562,31.405000686645508,30.940000534057617,31.399999618530273,23756400
2007-12-19,17.804054260253906,31.424999237060547,31.5,31.049999237060547,31.100000381469727,14402000
2007-12-20,17.642589569091797,31.139999389648438,31.479999542236328,30.950000762939453,31.375,15065400
2007-12-21,17.866376876831055,31.53499984741211,31.735000610351562,31.149999618530273,31.25,25318800
2007-12-24,17.90604019165039,31.604999542236328,31.725000381469727,31.399999618530273,31.520000457763672,4593800
2007-12-26,17.849382400512695,31.5049991607666,31.725000381469727,31.3799991607666,31.725000381469727,9484400
2007-12-27,17.648250579833984,31.149999618530273,31.600000381469727,31.104999542236328,31.450000762939453,7729800
2007-12-28,17.639753341674805,31.135000228881836,31.3799991607666,31.0,31.15999984741211,8346400
2007-12-31,17.38480567932129,30.684999465942383,31.100000381469727,30.610000610351562,31.030000686645508,11729200
2008-01-02,17.305484771728516,30.545000076293945,30.790000915527344,30.364999771118164,30.725000381469727,15453800
2008-01-03,17.486783981323242,30.864999771118164,31.049999237060547,30.53499984741211,30.584999084472656,13902600
2008-01-04,17.520780563354492,30.924999237060547,31.354999542236328,30.834999084472656,30.84000015258789,18027400
2008-01-07,17.93436622619629,31.655000686645508,31.719999313354492,30.950000762939453,31.049999237060547,23782000
2008-01-08,18.008020401000977,31.78499984741211,32.20000076293945,31.655000686645508,31.795000076293945,20883200
2008-01-09,18.489591598510742,32.6349983215332,32.654998779296875,31.799999237060547,31.809999465942383,35949600
2008-01-10,18.57174301147461,32.779998779296875,32.79499816894531,32.35499954223633,32.5,28944200
2008-01-11,18.064666748046875,31.885000228881836,32.689998626708984,31.729999542236328,32.689998626708984,32147800
2008-01-14,18.214811325073242,32.150001525878906,32.2599983215332,31.875,31.875,22931400
2008-01-15,18.019350051879883,31.80500030517578,32.099998474121094,31.780000686645508,31.815000534057617,22999400
2008-01-16,17.747400283813477,31.325000762939453,31.924999237060547,31.239999771118164,31.639999389648438,25334000
2008-01-17,17.574600219726562,31.020000457763672,31.655000686645508,30.950000762939453,31.625,37273000
2008-01-18,17.206340789794922,30.3700008392334,31.225000381469727,30.079999923706055,31.170000076293945,33758200
2008-01-22,16.653940200805664,29.395000457763672,29.700000762939453,28.854999542236328,29.364999771118164,37369800
2008-01-23,16.676607131958008,29.434999465942383,29.469999313354492,28.2450008392334,28.764999389648438,32257400
2008-01-24,16.962717056274414,29.940000534057617,30.010000228881836,29.469999313354492,29.579999923706055,30700600
2008-01-25,16.546297073364258,29.204999923706055,30.170000076293945,29.114999771118164,30.170000076293945,25926400
2008-01-28,16.829572677612305,29.704999923706055,29.709999084472656,29.024999618530273,29.184999465942383,18341400
2008-01-29,16.585960388183594,29.274999618530273,29.829999923706055,29.139999389648438,29.829999923706055,26833600
2008-01-30,16.365001678466797,28.885000228881836,29.420000076293945,28.780000686645508,29.25,23066800
2008-01-31,16.71343231201172,29.5,29.68000030517578,28.6200008392334,28.649999618530273,24041800
2008-02-01,16.78708267211914,29.6299991607666,29.985000610351562,29.2549991607666,29.645000457763672,16520200
2008-02-04,16.60861587524414,29.315000534057617,29.725000381469727,29.235000610351562,29.709999084472656,15315800
2008-02-05,16.26017951965332,28.700000762939453,29.25,28.655000686645508,29.239999771118164,24709600
2008-02-06,16.34800910949707,28.854999542236328,29.094999313354492,28.78499984741211,28.950000762939453,16816400
2008-02-07,16.557626724243164,29.225000381469727,29.34000015258789,28.920000076293945,28.920000076293945,23313200
2008-02-08,16.78425407409668,29.625,29.889999389648438,29.4950008392334,29.545000076293945,20221800
2008-02-11,16.855073928833008,29.75,29.850000381469727,29.399999618530273,29.674999237060547,13635800
2008-02-12,16.97404670715332,29.959999084472656,30.25,29.825000762939453,29.899999618530273,23823800
2008-02-13,16.823911666870117,29.69499969482422,30.225000381469727,29.5049991607666,30.225000381469727,29032000
2008-02-14,16.585960388183594,29.274999618530273,29.844999313354492,29.200000762939453,29.760000228881836,25045400
2008-02-15,16.645448684692383,29.3799991607666,29.40999984741211,29.0049991607666,29.219999313354492,20761400
2008-02-19,16.45848274230957,29.049999237060547,29.524999618530273,28.985000610351562,29.5,17218000
2008-02-20,16.495304107666016,29.114999771118164,29.139999389648438,28.774999618530273,29.040000915527344,14832000
2008-02-21,16.427318572998047,28.9950008392334,29.280000686645508,28.864999771118164,29.15999984741211,17465200
2008-02-22,16.503807067871094,29.1299991607666,29.165000915527344,28.69499969482422,29.0,14768400
2008-02-25,16.648273468017578,29.385000228881836,29.53499984741211,29.100000381469727,29.100000381469727,16020800
2008-02-26,16.860742568969727,29.760000228881836,29.795000076293945,29.15999984741211,29.299999237060547,16807800
2008-02-27,17.01087188720703,30.024999618530273,30.204999923706055,29.639999389648438,29.639999389648438,19804800
2008-02-28,16.84374237060547,29.729999542236328,30.059999465942383,29.575000762939453,30.0,15436000
2008-02-29,16.560453414916992,29.229999542236328,29.665000915527344,29.09000015258789,29.549999237060547,15967400
2008-03-03,16.71909523010254,29.510000228881836,29.575000762939453,29.174999237060547,29.174999237060547,12492600
2008-03-04,16.8182430267334,29.684999465942383,29.790000915527344,29.260000228881836,29.295000076293945,20105800
2008-03-05,16.906064987182617,29.84000015258789,30.0,29.514999389648438,29.6200008392334,16079400
2008-03-06,16.74175453186035,29.549999237060547,29.924999237060547,29.510000228881836,29.7549991607666,14563200
2008-03-07,16.670944213867188,29.424999237060547,29.700000762939453,29.25,29.375,18332600
2008-03-10,16.61711883544922,29.329999923706055,29.670000076293945,29.325000762939453,29.424999237060547,18909600
2008-03-11,16.846576690673828,29.735000610351562,29.84000015258789,29.434999465942383,29.5049991607666,29836200
2008-03-12,16.875078201293945,29.594999313354492,29.7450008392334,29.479999542236328,29.575000762939453,22601200
2008-03-13,16.800960540771484,29.46500015258789,29.549999237060547,29.155000686645508,29.34000015258789,17542000
2008-03-14,16.401813507080078,28.764999389648438,29.46500015258789,28.565000534057617,29.46500015258789,26531400
2008-03-17,16.447431564331055,28.844999313354492,29.010000228881836,28.375,28.450000762939453,21630200
2008-03-18,16.937807083129883,29.704999923706055,29.704999923706055,28.969999313354492,29.100000381469727,18364800
2008-03-19,17.094614028930664,29.979999542236328,30.415000915527344,29.684999465942383,29.684999465942383,23258600
2008-03-20,17.402511596679688,30.520000457763672,30.56999969482422,30.020000457763672,30.079999923706055,31028600
2008-03-24,17.442426681518555,30.59000015258789,30.75,30.270000457763672,30.625,14037600
2008-03-25,17.50800323486328,30.704999923706055,30.90999984741211,30.53499984741211,30.59000015258789,15298200
2008-03-26,17.433881759643555,30.575000762939453,30.850000381469727,30.5,30.704999923706055,16547800
2008-03-27,17.47949981689453,30.655000686645508,30.950000762939453,30.604999542236328,30.68000030517578,16830400
2008-03-28,17.37401008605957,30.469999313354492,30.799999237060547,30.440000534057617,30.790000915527344,13671600
2008-03-31,17.354047775268555,30.434999465942383,30.600000381469727,30.31999969482422,30.399999618530273,18541400
2008-04-01,17.516551971435547,30.719999313354492,30.75,30.450000762939453,30.5049991607666,25873200
2008-04-02,17.237163543701172,30.229999542236328,30.684999465942383,30.104999542236328,30.684999465942383,18167000
2008-04-03,17.265670776367188,30.280000686645508,30.450000762939453,30.125,30.145000457763672,16176200
2008-04-04,17.177291870117188,30.125,30.46500015258789,30.100000381469727,30.264999389648438,15262800
2008-04-07,17.211503982543945,30.184999465942383,30.30500030517578,30.135000228881836,30.135000228881836,16193200
2008-04-08,17.25141716003418,30.2549991607666,30.28499984741211,29.934999465942383,30.135000228881836,19942800
2008-04-09,17.32839584350586,30.389999389648438,30.415000915527344,30.155000686645508,30.25,12995600
2008-04-10,17.485197067260742,30.665000915527344,30.739999771118164,30.235000610351562,30.440000534057617,14842200
2008-04-11,17.188695907592773,30.145000457763672,30.75,30.045000076293945,30.510000228881836,15567600
2008-04-14,17.391115188598633,30.5,30.674999237060547,30.075000762939453,30.19499969482422,20029600
2008-04-15,17.37401008605957,30.469999313354492,30.610000610351562,30.209999084472656,30.514999389648438,23441800
2008-04-16,17.433881759643555,30.575000762939453,30.920000076293945,30.270000457763672,30.875,23117600
2008-04-17,17.299880981445312,30.34000015258789,30.690000534057617,30.270000457763672,30.4950008392334,16659800
2008-04-18,17.137378692626953,30.05500030517578,30.540000915527344,29.825000762939453,30.3799991607666,22254200
2008-04-21,17.205801010131836,30.174999237060547,30.219999313354492,29.825000762939453,29.959999084472656,12428800
2008-04-22,17.074657440185547,29.94499969482422,30.200000762939453,29.850000381469727,30.110000610351562,17274000
2008-04-23,17.197250366210938,30.15999984741211,30.19499969482422,29.8799991607666,29.8799991607666,18987200
2008-04-24,17.177291870117188,30.125,30.5,29.895000457763672,30.139999389648438,12836600
2008-04-25,16.914995193481445,29.665000915527344,30.25,29.479999542236328,30.125,18802400
2008-04-28,16.815210342407227,29.489999771118164,29.950000762939453,29.43000030517578,29.665000915527344,16098000
2008-04-29,16.7410888671875,29.360000610351562,29.5,29.184999465942383,29.399999618530273,14869000
2008-04-30,16.783849716186523,29.434999465942383,29.885000228881836,29.344999313354492,29.360000610351562,23359200
2008-05-01,16.846576690673828,29.545000076293945,29.579999923706055,29.200000762939453,29.30500030517578,15127600
2008-05-02,16.755342483520508,29.385000228881836,29.75,29.299999237060547,29.545000076293945,16519000
2008-05-05,16.644153594970703,29.190000534057617,29.489999771118164,29.06999969482422,29.385000228881836,14121400
2008-05-06,16.61279296875,29.135000228881836,29.190000534057617,28.940000534057617,29.125,13390400
2008-05-07,16.25926399230957,28.514999389648438,29.139999389648438,28.4950008392334,29.135000228881836,29866200
2008-05-08,16.048288345336914,28.145000457763672,28.78499984741211,28.024999618530273,28.674999237060547,28002800
2008-05-09,16.00838279724121,28.075000762939453,28.170000076293945,27.915000915527344,28.145000457763672,20830000
2008-05-12,16.079654693603516,28.200000762939453,28.229999542236328,28.0,28.09000015258789,17243400
2008-05-13,16.1081600189209,28.25,28.3799991607666,28.135000228881836,28.145000457763672,20876800
2008-05-14,16.119565963745117,28.270000457763672,28.5,28.094999313354492,28.31999969482422,20732200
2008-05-15,16.253562927246094,28.5049991607666,28.584999084472656,28.1299991607666,28.25,16503200
2008-05-16,16.270673751831055,28.53499984741211,28.700000762939453,28.389999389648438,28.530000686645508,17961000
2008-05-19,16.398958206176758,28.760000228881836,28.920000076293945,28.469999313354492,28.549999237060547,20009200
2008-05-20,16.276371002197266,28.545000076293945,28.825000762939453,28.479999542236328,28.75,17955200
2008-05-21,16.15093421936035,28.325000762939453,28.649999618530273,28.225000381469727,28.454999923706055,25203800
2008-05-22,16.61279296875,29.135000228881836,29.209999084472656,28.264999389648438,28.34000015258789,25230600
2008-05-23,16.715431213378906,29.315000534057617,29.520000457763672,29.0049991607666,29.05500030517578,30583000
2008-05-27,16.704025268554688,29.295000076293945,29.350000381469727,29.05500030517578,29.274999618530273,15614200
2008-05-28,16.376150131225586,28.719999313354492,29.420000076293945,28.670000076293945,29.420000076293945,24045600
2008-05-29,16.498743057250977,28.934999465942383,29.065000534057617,28.56999969482422,28.764999389648438,24705200
2008-05-30,16.3248348236084,28.6299991607666,28.9950008392334,28.510000228881836,28.844999313354492,26831600
2008-06-02,16.250715255737305,28.5,28.684999465942383,28.225000381469727,28.524999618530273,19121200
2008-06-03,16.079654693603516,28.200000762939453,28.625,28.145000457763672,28.43000030517578,18839800
2008-06-04,16.165184020996094,28.350000381469727,28.485000610351562,28.125,28.125,14971800
2008-06-05,16.304882049560547,28.594999313354492,28.6299991607666,28.229999542236328,28.375,15701400
2008-06-06,15.908595085144043,27.899999618530273,28.55500030517578,27.8700008392334,28.5049991607666,24947800
2008-06-09,15.925700187683105,27.93000030517578,28.125,27.75,27.75,19351600
2008-06-10,16.538667678833008,29.0049991607666,29.299999237060547,28.0,28.065000534057617,32680000
2008-06-11,16.398046493530273,28.56999969482422,28.915000915527344,28.5049991607666,28.860000610351562,23459000
2008-06-12,16.398046493530273,28.56999969482422,28.795000076293945,28.375,28.655000686645508,19044000
2008-06-13,15.904435157775879,27.709999084472656,28.549999237060547,26.959999084472656,28.514999389648438,61756600
2008-06-16,15.548589706420898,27.09000015258789,27.760000228881836,27.020000457763672,27.709999084472656,35384800
2008-06-17,15.485444068908691,26.979999542236328,27.350000381469727,26.979999542236328,27.274999618530273,28668600
2008-06-18,15.255858421325684,26.579999923706055,27.0,26.55500030517578,26.889999389648438,26037200
2008-06-19,15.313264846801758,26.68000030517578,26.799999237060547,26.5,26.700000762939453,25221200
2008-06-20,15.3993558883667,26.829999923706055,26.94499969482422,26.46500015258789,26.53499984741211,33273000
2008-06-23,15.284566879272461,26.6299991607666,26.924999237060547,26.510000228881836,26.924999237060547,17910600
2008-06-24,15.316130638122559,26.684999465942383,26.760000228881836,26.315000534057617,26.5,21827400
2008-06-25,15.525625228881836,27.049999237060547,27.290000915527344,26.700000762939453,26.729999542236328,23750600
2008-06-26,15.273082733154297,26.610000610351562,27.309999465942383,26.565000534057617,26.959999084472656,30532200
2008-06-27,14.87705135345459,25.920000076293945,26.6200008392334,25.915000915527344,26.584999084472656,35673200
2008-06-30,14.917226791381836,25.989999771118164,26.450000762939453,25.719999313354492,25.93000030517578,30142000
2008-07-01,14.635980606079102,25.5,25.959999084472656,25.459999084472656,25.959999084472656,35340600
2008-07-02,14.742171287536621,25.684999465942383,25.780000686645508,25.434999465942383,25.5049991607666,32505400
2008-07-03,14.773741722106934,25.739999771118164,25.875,25.594999313354492,25.684999465942383,14904400
2008-07-07,14.719209671020508,25.645000457763672,25.889999389648438,25.5,25.834999084472656,23402400
2008-07-08,14.770867347717285,25.735000610351562,25.84000015258789,25.5,25.540000915527344,26657400
2008-07-09,14.604427337646484,25.44499969482422,25.81999969482422,25.43000030517578,25.815000534057617,23205400
2008-07-10,14.360488891601562,25.020000457763672,25.475000381469727,24.850000381469727,25.475000381469727,30312600
2008-07-11,14.42648983001709,25.135000228881836,25.25,24.760000228881836,24.829999923706055,26927400
2008-07-14,14.624509811401367,25.479999542236328,25.6299991607666,25.270000457763672,25.270000457763672,25123000
2008-07-15,14.862703323364258,25.895000457763672,26.0,25.295000076293945,25.325000762939453,38457400
2008-07-16,15.020536422729492,26.170000076293945,26.299999237060547,25.625,25.940000534057617,27188400
2008-07-17,14.44658088684082,25.170000076293945,25.68000030517578,24.850000381469727,25.600000381469727,79214400
2008-07-18,14.357613563537598,25.014999389648438,25.239999771118164,24.825000762939453,25.239999771118164,36493800
2008-07-21,14.234212875366211,24.799999237060547,25.049999237060547,24.719999313354492,25.049999237060547,21760400
2008-07-22,14.736429214477539,25.674999237060547,26.059999465942383,25.030000686645508,25.059999465942383,43142600
2008-07-23,15.066457748413086,26.25,26.274999618530273,25.510000228881836,25.760000228881836,25824200
2008-07-24,14.882791519165039,25.93000030517578,26.44499969482422,25.764999389648438,26.21500015258789,21340400
2008-07-25,14.940189361572266,26.030000686645508,26.125,25.764999389648438,26.125,16853600
2008-07-28,14.679039001464844,25.575000762939453,26.030000686645508,25.55500030517578,26.0,14040000
2008-07-29,14.799565315246582,25.78499984741211,25.905000686645508,25.559999465942383,25.604999542236328,16244800
2008-07-30,14.724950790405273,25.655000686645508,26.0,25.5,25.924999237060547,19487000
2008-07-31,14.779476165771484,25.75,25.924999237060547,25.610000610351562,25.75,21216800
2008-08-01,15.25011920928955,26.56999969482422,26.610000610351562,25.8700008392334,25.969999313354492,33156000
2008-08-04,15.468225479125977,26.950000762939453,27.040000915527344,26.450000762939453,26.559999465942383,22279000
2008-08-05,15.758074760437012,27.454999923706055,27.5,27.024999618530273,27.049999237060547,25483200
2008-08-06,15.887219429016113,27.68000030517578,27.739999771118164,27.299999237060547,27.434999465942383,20380000
2008-08-07,15.499799728393555,27.0049991607666,27.579999923706055,26.920000076293945,27.579999923706055,19928800
2008-08-08,15.901569366455078,27.704999923706055,27.764999389648438,26.854999542236328,27.0,19658200
2008-08-11,15.884346008300781,27.674999237060547,27.915000915527344,27.424999237060547,27.56999969482422,14183600
2008-08-12,15.723640441894531,27.395000457763672,27.90999984741211,27.059999465942383,27.594999313354492,16690800
2008-08-13,15.844170570373535,27.604999542236328,27.719999313354492,27.200000762939453,27.280000686645508,19036800
2008-08-14,15.789643287658691,27.510000228881836,27.920000076293945,27.375,27.524999618530273,15411800
2008-08-15,15.801130294799805,27.530000686645508,27.809999465942383,27.375,27.610000610351562,23892000
2008-08-18,15.591635704040527,27.165000915527344,27.68000030517578,26.969999313354492,27.53499984741211,21137600
2008-08-19,15.591635704040527,27.165000915527344,27.295000076293945,26.989999771118164,27.114999771118164,16564200
2008-08-20,15.597366333007812,27.174999237060547,27.3700008392334,26.950000762939453,27.274999618530273,11033200
2008-08-21,15.356307029724121,26.7549991607666,27.1200008392334,26.610000610351562,27.094999313354492,11670800
2008-08-22,15.603114128112793,27.184999465942383,27.2549991607666,26.704999923706055,26.809999465942383,14812600
2008-08-25,15.373530387878418,26.78499984741211,27.295000076293945,26.684999465942383,27.06999969482422,12329200
2008-08-26,15.359179496765137,26.760000228881836,26.94499969482422,26.575000762939453,26.78499984741211,9461400
2008-08-27,15.436659812927246,26.895000457763672,27.0049991607666,26.610000610351562,26.795000076293945,13595400
2008-08-28,15.244385719299316,26.559999465942383,26.78499984741211,26.450000762939453,26.625,20861000
2008-08-29,14.943053245544434,26.03499984741211,26.545000076293945,26.020000457763672,26.545000076293945,17841200
2008-09-02,14.911494255065918,25.979999542236328,26.479999542236328,25.954999923706055,26.110000610351562,25723800
2008-09-03,14.825398445129395,25.829999923706055,26.020000457763672,25.635000228881836,25.829999923706055,22448800
2008-09-04,14.839739799499512,25.854999542236328,26.139999389648438,25.600000381469727,25.8700008392334,25899000
2008-09-05,14.902875900268555,25.96500015258789,26.05500030517578,25.739999771118164,25.844999313354492,18284200
2008-09-08,15.319001197814941,26.690000534057617,26.764999389648438,26.149999618530273,26.360000610351562,22306800
2008-09-09,15.462493896484375,26.940000534057617,27.260000228881836,26.584999084472656,26.584999084472656,29463600
2008-09-10,15.44239330291748,26.905000686645508,27.049999237060547,26.655000686645508,27.03499984741211,24609000
2008-09-11,15.650500297546387,27.075000762939453,27.290000915527344,26.524999618530273,26.594999313354492,27409200
2008-09-12,15.75166130065918,27.25,27.274999618530273,26.774999618530273,26.924999237060547,20364200
2008-09-15,15.8239164352417,27.375,27.885000228881836,26.770000457763672,26.8799991607666,32162400
2008-09-16,15.852812767028809,27.424999237060547,27.514999389648438,26.850000381469727,27.014999389648438,32829400
2008-09-17,15.219853401184082,26.329999923706055,27.44499969482422,26.325000762939453,27.280000686645508,37536000
2008-09-18,15.430839538574219,26.69499969482422,27.020000457763672,26.049999237060547,26.610000610351562,40347200
2008-09-19,15.237201690673828,26.360000610351562,27.375,25.059999465942383,27.375,47807400
2008-09-22,14.849902153015137,25.690000534057617,26.329999923706055,25.655000686645508,26.2549991607666,23355200
2008-09-23,14.647589683532715,25.34000015258789,26.170000076293945,25.28499984741211,25.71500015258789,25686000
2008-09-24,14.505971908569336,25.094999313354492,25.549999237060547,24.934999465942383,25.5,21740600
2008-09-25,14.873029708862305,25.729999542236328,26.114999771118164,25.18000030517578,25.200000762939453,26174800
2008-09-26,15.167838096618652,26.239999771118164,26.329999923706055,25.420000076293945,25.469999313354492,27516800
2008-09-29,14.748741149902344,25.514999389648438,26.479999542236328,25.204999923706055,26.040000915527344,39031200
2008-09-30,15.283441543579102,26.440000534057617,26.450000762939453,25.5049991607666,25.905000686645508,35193200
2008-10-01,15.65339183807373,27.079999923706055,27.139999389648438,26.260000228881836,26.309999465942383,29096400
2008-10-02,15.491538047790527,26.799999237060547,27.135000228881836,26.450000762939453,26.524999618530273,30669000
2008-10-03,15.193846702575684,26.28499984741211,27.5,26.19499969482422,26.889999389648438,27695800
2008-10-06,14.716955184936523,25.459999084472656,26.145000457763672,24.360000610351562,25.670000076293945,46243600
2008-10-07,14.248745918273926,24.649999618530273,25.774999618530273,24.540000915527344,25.649999618530273,34820200
2008-10-08,13.702488899230957,23.704999923706055,24.799999237060547,23.225000381469727,24.325000762939453,49084200
2008-10-09,12.51461410522461,21.649999618530273,23.815000534057617,21.649999618530273,23.78499984741211,46288400
2008-10-10,11.994377136230469,20.75,22.524999618530273,20.145000457763672,21.024999618530273,73567200
2008-10-13,13.659140586853027,23.6299991607666,23.764999389648438,21.604999542236328,21.71500015258789,50478400
2008-10-14,12.638893127441406,21.864999771118164,23.549999237060547,21.325000762939453,23.549999237060547,57665600
2008-10-15,12.777623176574707,22.104999542236328,23.665000915527344,21.954999923706055,23.415000915527344,56256000
2008-10-16,13.231389999389648,22.889999389648438,22.954999923706055,21.065000534057617,22.399999618530273,53069400
2008-10-17,12.774733543395996,22.100000381469727,23.084999084472656,21.454999923706055,22.479999542236328,42030000
2008-10-20,13.427924156188965,23.229999542236328,23.434999465942383,22.264999389648438,22.545000076293945,27773000
2008-10-21,13.303646087646484,23.014999389648438,23.565000534057617,23.0,23.18000030517578,21927000
2008-10-22,13.115782737731934,22.690000534057617,23.110000610351562,22.110000610351562,22.799999237060547,31891200
2008-10-23,12.445253372192383,21.530000686645508,22.799999237060547,20.75,22.799999237060547,56321200
2008-10-24,12.026169776916504,20.80500030517578,21.5,20.5,20.5,40797600
2008-10-27,11.852760314941406,20.5049991607666,21.610000610351562,20.5,20.575000762939453,29412000
2008-10-28,13.078203201293945,22.625,22.65999984741211,20.559999465942383,20.780000686645508,36079600
2008-10-29,12.673577308654785,21.924999237060547,22.899999618530273,21.75,22.299999237060547,29859200
2008-10-30,12.90769100189209,22.329999923706055,22.75,21.934999465942383,22.469999313354492,25942200
2008-10-31,12.734271049499512,22.030000686645508,23.0,21.75,22.56999969482422,31870200
2008-11-03,13.13601016998291,22.725000381469727,22.825000762939453,22.079999923706055,22.2549991607666,18576200
2008-11-04,13.303646087646484,23.014999389648438,23.4950008392334,22.80500030517578,23.350000381469727,23774200
2008-11-05,12.927916526794434,22.364999771118164,23.219999313354492,22.299999237060547,22.860000610351562,23496800
2008-11-06,12.858551979064941,22.2450008392334,22.729999542236328,21.93000030517578,22.375,34002800
2008-11-07,13.367230415344238,23.125,23.459999084472656,22.2450008392334,22.420000076293945,29180800
2008-11-10,13.266075134277344,22.950000762939453,23.645000457763672,22.55500030517578,23.434999465942383,22561600
2008-11-11,12.844098091125488,22.219999313354492,22.889999389648438,21.96500015258789,22.795000076293945,27487000
2008-11-12,12.66779899597168,21.915000915527344,22.28499984741211,21.405000686645508,21.844999313354492,35027800
2008-11-13,13.375896453857422,23.139999389648438,23.184999465942383,21.65999984741211,21.924999237060547,37546800
2008-11-14,13.011733055114746,22.510000228881836,23.59000015258789,22.489999771118164,22.795000076293945,33382200
2008-11-17,12.708258628845215,21.985000610351562,22.46500015258789,21.600000381469727,22.309999465942383,30672000
2008-11-18,12.569526672363281,21.7450008392334,21.875,21.014999389648438,21.65999984741211,38923200
2008-11-19,12.216927528381348,21.135000228881836,22.299999237060547,21.104999542236328,21.825000762939453,32379800
2008-11-20,11.870098114013672,20.53499984741211,21.8799991607666,20.5,21.0,42268800
2008-11-21,12.716930389404297,22.0,22.145000457763672,20.25,20.81999969482422,50104800
2008-11-24,13.072429656982422,22.614999771118164,23.05500030517578,21.850000381469727,22.2450008392334,36720800
2008-11-25,13.026183128356934,22.53499984741211,23.2549991607666,22.1299991607666,22.915000915527344,32370600
2008-11-26,13.227306365966797,22.690000534057617,22.725000381469727,21.875,22.1299991607666,21349000
2008-11-28,13.661612510681152,23.434999465942383,23.454999923706055,22.600000381469727,22.600000381469727,12565600
2008-12-01,12.921257972717285,22.165000915527344,23.2549991607666,22.149999618530273,23.094999313354492,25153200
2008-12-02,12.80466079711914,21.96500015258789,22.510000228881836,21.469999313354492,22.510000228881836,28670000
2008-12-03,13.448830604553223,23.06999969482422,23.200000762939453,21.75,21.834999084472656,39894200
2008-12-04,13.043670654296875,22.375,23.28499984741211,22.104999542236328,22.78499984741211,32059200
2008-12-05,13.40218734741211,22.989999771118164,23.045000076293945,21.709999084472656,22.165000915527344,28276200
2008-12-08,13.40218734741211,22.989999771118164,23.530000686645508,22.719999313354492,23.2450008392334,26908400
2008-12-09,13.066991806030273,22.415000915527344,23.274999618530273,22.190000534057617,22.764999389648438,26635000
2008-12-10,13.206901550292969,22.655000686645508,22.940000534057617,22.235000610351562,22.235000610351562,29363800
2008-12-11,12.889188766479492,22.110000610351562,22.81999969482422,21.950000762939453,22.59000015258789,33283400
2008-12-12,12.9912109375,22.28499984741211,22.31999969482422,21.5,21.875,30458000
2008-12-15,13.107803344726562,22.485000610351562,22.635000228881836,21.920000076293945,22.440000534057617,20399200
2008-12-16,13.542101860046387,23.229999542236328,23.395000457763672,22.364999771118164,22.635000228881836,35063000
2008-12-17,13.256453514099121,22.739999771118164,23.225000381469727,22.5049991607666,23.040000915527344,26407400
2008-12-18,13.169008255004883,22.59000015258789,23.225000381469727,22.385000228881836,23.03499984741211,31094400
2008-12-19,12.950399398803711,22.21500015258789,23.0049991607666,22.09000015258789,22.725000381469727,50547600
2008-12-22,13.017444610595703,22.329999923706055,22.405000686645508,22.0,22.364999771118164,22376800
2008-12-23,12.816314697265625,21.985000610351562,22.565000534057617,21.93000030517578,22.364999771118164,20176200
2008-12-24,12.854212760925293,22.049999237060547,22.174999237060547,22.0,22.024999618530273,5316600
2008-12-26,12.994125366210938,22.290000915527344,22.46500015258789,22.135000228881836,22.204999923706055,9626600
2008-12-29,12.944573402404785,22.204999923706055,22.43000030517578,21.860000610351562,22.43000030517578,13950600
2008-12-30,13.096138000488281,22.46500015258789,22.56999969482422,22.270000457763672,22.309999465942383,16001800
2008-12-31,13.195237159729004,22.635000228881836,22.75,22.530000686645508,22.584999084472656,15550400
2009-01-02,13.378876686096191,22.950000762939453,23.0,22.520000457763672,22.700000762939453,16355800
2009-01-05,13.244793891906738,22.719999313354492,22.94499969482422,22.59000015258789,22.78499984741211,20237200
2009-01-06,13.032015800476074,22.354999542236328,22.985000610351562,22.229999542236328,22.850000381469727,21307800
2009-01-07,13.096138000488281,22.46500015258789,22.59000015258789,22.110000610351562,22.110000610351562,21581000
2009-01-08,13.18649959564209,22.6200008392334,22.639999389648438,22.280000686645508,22.420000076293945,20087000
2009-01-09,12.999951362609863,22.299999237060547,22.6299991607666,22.125,22.614999771118164,19802400
2009-01-12,12.74636173248291,21.864999771118164,22.334999084472656,21.7549991607666,22.229999542236328,20469800
2009-01-13,12.83089542388916,22.010000228881836,22.15999984741211,21.809999465942383,21.899999618530273,22602400
2009-01-14,12.422823905944824,21.309999465942383,21.764999389648438,21.135000228881836,21.75,27053600
2009-01-15,12.638520240783691,21.68000030517578,21.69499969482422,21.200000762939453,21.28499984741211,28061600
2009-01-16,12.77843189239502,21.920000076293945,22.239999771118164,21.735000610351562,21.950000762939453,28353200
2009-01-20,12.498608589172363,21.440000534057617,22.25,21.440000534057617,21.889999389648438,28331800
2009-01-21,12.618111610412598,21.645000457763672,21.725000381469727,21.079999923706055,21.700000762939453,23800600
2009-01-22,12.568558692932129,21.559999465942383,21.614999771118164,21.149999618530273,21.31999969482422,23489400
2009-01-23,12.30040454864502,21.100000381469727,21.329999923706055,20.780000686645508,21.325000762939453,31255800
2009-01-26,12.54232406616211,21.514999389648438,21.690000534057617,21.059999465942383,21.149999618530273,25210800
2009-01-27,12.629779815673828,21.665000915527344,21.96500015258789,21.5,21.639999389648438,19822800
2009-01-28,12.784257888793945,21.93000030517578,22.0,21.625,22.0,18563600
2009-01-29,12.693899154663086,21.774999618530273,22.2450008392334,21.670000076293945,21.850000381469727,21258400
2009-01-30,12.451969146728516,21.360000610351562,21.84000015258789,21.264999389648438,21.719999313354492,22607400
2009-02-02,12.312057495117188,21.1200008392334,21.25,20.764999389648438,21.104999542236328,15966800
2009-02-03,12.626859664916992,21.65999984741211,21.75,20.989999771118164,21.25,17950000
2009-02-04,12.358697891235352,21.200000762939453,21.774999618530273,21.139999389648438,21.674999237060547,18307000
2009-02-05,12.443227767944336,21.344999313354492,21.44499969482422,20.954999923706055,21.110000610351562,22119800
2009-02-06,12.693899154663086,21.774999618530273,21.844999313354492,21.329999923706055,21.364999771118164,18722400
2009-02-09,12.332463264465332,21.155000686645508,21.68000030517578,21.0,21.65999984741211,19688400
2009-02-10,11.854435920715332,20.334999084472656,21.155000686645508,20.139999389648438,21.0049991607666,45488000
2009-02-11,12.029327392578125,20.635000228881836,20.795000076293945,20.479999542236328,20.479999542236328,21237400
2009-02-12,12.938743591308594,22.19499969482422,22.225000381469727,21.075000762939453,21.325000762939453,61226200
2009-02-13,12.781340599060059,21.924999237060547,22.190000534057617,21.844999313354492,22.100000381469727,22736400
2009-02-17,12.416990280151367,21.299999237060547,21.594999313354492,21.219999313354492,21.5,26421200
2009-02-18,12.440308570861816,21.34000015258789,21.520000457763672,21.125,21.389999389648438,18108200
2009-02-19,12.621026992797852,21.649999618530273,21.860000610351562,21.34000015258789,21.55500030517578,19813000
2009-02-20,12.486946105957031,21.420000076293945,21.735000610351562,21.190000534057617,21.485000610351562,30173200
2009-02-23,12.268338203430176,21.045000076293945,21.594999313354492,20.959999084472656,21.510000228881836,23461400
2009-02-24,12.55107593536377,21.530000686645508,21.600000381469727,21.094999313354492,21.360000610351562,26216000
2009-02-25,12.349957466125488,21.184999465942383,21.639999389648438,21.079999923706055,21.469999313354492,26349400
2009-02-26,11.971031188964844,20.53499984741211,21.385000228881836,20.5049991607666,21.385000228881836,21334000
2009-02-27,11.906906127929688,20.424999237060547,20.645000457763672,20.225000381469727,20.479999542236328,35448000
2009-03-02,11.5687894821167,19.844999313354492,20.360000610351562,19.809999465942383,20.225000381469727,31199000
2009-03-03,11.318117141723633,19.415000915527344,20.149999618530273,19.3799991607666,19.905000686645508,37264600
2009-03-04,11.580448150634766,19.864999771118164,20.15999984741211,19.420000076293945,19.625,33883400
2009-03-05,11.032469749450684,18.924999237060547,19.719999313354492,18.719999313354492,19.579999923706055,36464600
2009-03-06,11.396820068359375,19.549999237060547,19.604999542236328,19.049999237060547,19.075000762939453,33002400
2009-03-09,11.294800758361816,19.375,19.934999465942383,19.364999771118164,19.739999771118164,35127400
2009-03-10,11.414305686950684,19.579999923706055,19.834999084472656,19.325000762939453,19.815000534057617,35181400
2009-03-11,11.65584659576416,19.78499984741211,19.975000381469727,19.524999618530273,19.579999923706055,27254000
2009-03-12,12.029942512512207,20.420000076293945,20.43000030517578,19.674999237060547,19.790000915527344,25473600
2009-03-13,12.141878128051758,20.610000610351562,20.725000381469727,20.21500015258789,20.540000915527344,24396800
2009-03-16,12.156607627868652,20.635000228881836,21.0049991607666,20.559999465942383,20.729999542236328,23204000
2009-03-17,12.209627151489258,20.725000381469727,20.834999084472656,20.40999984741211,20.670000076293945,20241600
2009-03-18,12.268540382385254,20.825000762939453,21.125,20.5,20.649999618530273,28792800
2009-03-19,12.42465591430664,21.09000015258789,21.125,20.899999618530273,20.924999237060547,22777600
2009-03-20,12.56015682220459,21.31999969482422,21.56999969482422,21.155000686645508,21.15999984741211,38328800
2009-03-23,13.001998901367188,22.06999969482422,22.06999969482422,21.5,21.579999923706055,26501400
2009-03-24,12.966652870178223,22.010000228881836,22.170000076293945,21.704999923706055,21.799999237060547,21878800
2009-03-25,13.181682586669922,22.375,22.44499969482422,22.014999389648438,22.200000762939453,24485400
2009-03-26,13.211141586303711,22.424999237060547,22.5,21.90999984741211,22.475000381469727,27807800
2009-03-27,13.284783363342285,22.549999237060547,22.600000381469727,22.21500015258789,22.21500015258789,23103600
2009-03-30,12.937198638916016,21.959999084472656,22.329999923706055,21.71500015258789,22.25,22905800
2009-03-31,12.946035385131836,21.975000381469727,22.360000610351562,21.93000030517578,22.135000228881836,23836600
2009-04-01,13.214086532592773,22.43000030517578,22.4950008392334,21.75,21.8799991607666,21254800
2009-04-02,13.355474472045898,22.670000076293945,22.915000915527344,22.325000762939453,22.649999618530273,24926400
2009-04-03,13.246491432189941,22.485000610351562,22.8799991607666,22.239999771118164,22.684999465942383,17886600
2009-04-06,13.252379417419434,22.4950008392334,22.614999771118164,22.270000457763672,22.350000381469727,16084000
2009-04-07,13.143391609191895,22.309999465942383,22.584999084472656,22.229999542236328,22.420000076293945,15666200
2009-04-08,13.252379417419434,22.4950008392334,22.56999969482422,22.260000228881836,22.344999313354492,13595600
2009-04-09,13.252379417419434,22.4950008392334,22.864999771118164,22.40999984741211,22.854999542236328,16203000
2009-04-13,13.175793647766113,22.364999771118164,22.485000610351562,22.200000762939453,22.475000381469727,13174400
2009-04-14,13.022618293762207,22.104999542236328,22.299999237060547,21.905000686645508,22.299999237060547,16458200
2009-04-15,13.264161109924316,22.514999389648438,22.559999465942383,22.049999237060547,22.100000381469727,16665600
2009-04-16,13.284783363342285,22.549999237060547,22.7549991607666,22.170000076293945,22.684999465942383,17325600
2009-04-17,13.261214256286621,22.510000228881836,22.719999313354492,22.329999923706055,22.625,22426000
2009-04-20,13.057974815368652,22.165000915527344,22.5,21.905000686645508,22.424999237060547,27665400
2009-04-21,12.692708969116211,21.545000076293945,22.475000381469727,21.309999465942383,22.079999923706055,37523000
2009-04-22,12.645581245422363,21.46500015258789,21.610000610351562,21.299999237060547,21.600000381469727,28969200
2009-04-23,12.642637252807617,21.459999084472656,21.575000762939453,21.344999313354492,21.53499984741211,28034600
2009-04-24,12.604339599609375,21.395000457763672,21.545000076293945,21.28499984741211,21.475000381469727,29316200
2009-04-27,12.442329406738281,21.1200008392334,21.485000610351562,21.040000915527344,21.209999084472656,23763600
2009-04-28,12.454115867614746,21.139999389648438,21.274999618530273,21.0,21.05500030517578,18167600
2009-04-29,12.580774307250977,21.354999542236328,21.545000076293945,21.18000030517578,21.184999465942383,20426400
2009-04-30,12.680923461914062,21.524999618530273,22.03499984741211,21.399999618530273,21.565000534057617,35959200
2009-05-01,12.510083198547363,21.235000610351562,21.604999542236328,21.09000015258789,21.56999969482422,21220200
2009-05-04,12.71627140045166,21.584999084472656,21.6200008392334,21.114999771118164,21.299999237060547,26789000
2009-05-05,12.707433700561523,21.56999969482422,21.875,21.510000228881836,21.65999984741211,22393600
2009-05-06,12.648528099060059,21.469999313354492,21.795000076293945,21.375,21.75,19488600
2009-05-07,12.607284545898438,21.399999618530273,21.65999984741211,21.28499984741211,21.65999984741211,27057600
2009-05-08,12.642637252807617,21.459999084472656,21.584999084472656,21.2549991607666,21.475000381469727,24158600
2009-05-11,12.592555046081543,21.375,21.594999313354492,21.270000457763672,21.364999771118164,18437800
2009-05-12,13.078588485717773,22.200000762939453,22.344999313354492,21.43000030517578,21.479999542236328,37052200
2009-05-13,12.851775169372559,21.815000534057617,22.19499969482422,21.719999313354492,22.014999389648438,23717800
2009-05-14,13.22586727142334,22.450000762939453,22.584999084472656,21.954999923706055,21.959999084472656,34590000
2009-05-15,13.243538856506348,22.479999542236328,22.540000915527344,22.315000534057617,22.415000915527344,34102200
2009-05-18,13.57050895690918,23.03499984741211,23.059999465942383,22.34000015258789,22.56999969482422,28462000
2009-05-19,13.738408088684082,23.31999969482422,23.46500015258789,22.90999984741211,23.06999969482422,31889400
2009-05-20,13.844444274902344,23.5,23.645000457763672,23.270000457763672,23.405000686645508,33379200
2009-05-21,13.750192642211914,23.34000015258789,23.40999984741211,23.200000762939453,23.31999969482422,28366400
2009-05-22,13.932822227478027,23.649999618530273,23.854999542236328,23.31999969482422,23.334999084472656,24576400
2009-05-26,13.906307220458984,23.604999542236328,23.739999771118164,23.440000534057617,23.5,28784800
2009-05-27,13.735457420349121,23.315000534057617,23.594999313354492,23.270000457763672,23.565000534057617,19064800
2009-05-28,13.814994812011719,23.450000762939453,23.600000381469727,23.18000030517578,23.325000762939453,18940200
2009-05-29,14.480709075927734,24.579999923706055,24.579999923706055,23.475000381469727,23.5049991607666,45436800
2009-06-01,14.439467430114746,24.510000228881836,24.725000381469727,24.360000610351562,24.625,42668400
2009-06-02,14.6279878616333,24.829999923706055,24.96500015258789,24.440000534057617,24.5049991607666,33442000
2009-06-03,14.460088729858398,24.545000076293945,24.75,24.385000228881836,24.670000076293945,26862800
2009-06-04,14.657439231872559,24.8799991607666,24.895000457763672,24.354999542236328,24.56999969482422,21710200
2009-06-05,14.563179969787598,24.719999313354492,24.969999313354492,24.614999771118164,24.954999923706055,19833400
2009-06-08,14.54550838470459,24.690000534057617,24.815000534057617,24.405000686645508,24.614999771118164,15849400
2009-06-09,14.460088729858398,24.545000076293945,24.799999237060547,24.43000030517578,24.7549991607666,20304400
2009-06-10,14.25977897644043,24.204999923706055,24.68000030517578,24.024999618530273,24.649999618530273,28236200
2009-06-11,14.43209171295166,24.290000915527344,24.604999542236328,24.040000915527344,24.059999465942383,20569000
2009-06-12,14.524186134338379,24.44499969482422,24.520000457763672,24.239999771118164,24.34000015258789,17240800
2009-06-15,14.292462348937988,24.05500030517578,24.329999923706055,24.049999237060547,24.30500030517578,17630000
2009-06-16,14.209280014038086,23.915000915527344,24.165000915527344,23.90999984741211,24.094999313354492,15866200
2009-06-17,14.238988876342773,23.96500015258789,24.31999969482422,23.920000076293945,23.940000534057617,16653800
2009-06-18,14.720252990722656,24.774999618530273,24.81999969482422,23.979999542236328,23.9950008392334,24154600
2009-06-19,14.500420570373535,24.405000686645508,24.94499969482422,24.354999542236328,24.864999771118164,30718400
2009-06-22,14.256808280944824,23.9950008392334,24.405000686645508,23.9950008392334,24.260000228881836,21359600
2009-06-23,14.200364112854004,23.899999618530273,24.264999389648438,23.875,24.094999313354492,18727000
2009-06-24,14.111245155334473,23.75,24.2450008392334,23.68000030517578,24.059999465942383,17777000
2009-06-25,14.215218544006348,23.924999237060547,24.014999389648438,23.59000015258789,23.709999084472656,20630200
2009-06-26,14.298405647277832,24.065000534057617,24.145000457763672,23.815000534057617,23.860000610351562,26200600
2009-06-29,14.345932960510254,24.145000457763672,24.25,24.059999465942383,24.06999969482422,17526600
2009-06-30,14.256808280944824,23.9950008392334,24.125,23.905000686645508,24.104999542236328,31447400
2009-07-01,14.610335350036621,24.59000015258789,24.799999237060547,24.204999923706055,24.239999771118164,24212400
2009-07-02,14.521215438842773,24.440000534057617,24.71500015258789,24.385000228881836,24.385000228881836,22199200
2009-07-06,14.556864738464355,24.5,24.524999618530273,24.190000534057617,24.34000015258789,16671800
2009-07-07,14.449909210205078,24.31999969482422,24.584999084472656,24.274999618530273,24.364999771118164,17109000
2009-07-08,14.411296844482422,24.2549991607666,24.440000534057617,24.084999084472656,24.274999618530273,21321000
2009-07-09,14.47070598602295,24.354999542236328,24.424999237060547,24.2549991607666,24.360000610351562,17427000
2009-07-10,14.351875305175781,24.155000686645508,24.434999465942383,24.010000228881836,24.25,15619200
2009-07-13,14.5717134475708,24.524999618530273,24.59000015258789,24.049999237060547,24.190000534057617,20608400
2009-07-14,14.64301586151123,24.645000457763672,24.674999237060547,24.3700008392334,24.510000228881836,15369200
2009-07-15,15.01138687133789,25.264999389648438,25.290000915527344,24.69499969482422,24.735000610351562,20127200
2009-07-16,15.088635444641113,25.395000457763672,25.440000534057617,25.079999923706055,25.174999237060547,15817800
2009-07-17,14.949002265930176,25.15999984741211,25.274999618530273,25.014999389648438,25.155000686645508,19808400
2009-07-20,15.159928321838379,25.514999389648438,25.514999389648438,25.03499984741211,25.30500030517578,19104800
2009-07-21,14.957918167114258,25.174999237060547,25.415000915527344,24.899999618530273,25.415000915527344,28738600
2009-07-22,14.595478057861328,24.565000534057617,25.170000076293945,24.424999237060547,25.15999984741211,28358800
2009-07-23,14.610335350036621,24.59000015258789,25.010000228881836,24.440000534057617,24.565000534057617,26749000
2009-07-24,14.663813591003418,24.68000030517578,24.81999969482422,24.420000076293945,24.704999923706055,16574000
2009-07-27,14.711341857910156,24.760000228881836,24.795000076293945,24.575000762939453,24.68000030517578,16257600
2009-07-28,14.672722816467285,24.69499969482422,24.875,24.5,24.71500015258789,16079600
2009-07-29,14.640044212341309,24.639999389648438,24.969999313354492,24.545000076293945,24.709999084472656,18125000
2009-07-30,14.755906105041504,24.834999084472656,25.25,24.774999618530273,24.90999984741211,19436600
2009-07-31,14.806407928466797,24.920000076293945,25.100000381469727,24.75,24.81999969482422,16822200
2009-08-03,14.735106468200684,24.799999237060547,25.049999237060547,24.649999618530273,25.014999389648438,18436000
2009-08-04,14.705402374267578,24.75,25.075000762939453,24.674999237060547,24.780000686645508,17580200
2009-08-05,14.607368469238281,24.584999084472656,24.795000076293945,24.5,24.7549991607666,15010000
2009-08-06,14.672722816467285,24.69499969482422,24.774999618530273,24.600000381469727,24.704999923706055,13811600
2009-08-07,14.657870292663574,24.670000076293945,24.875,24.584999084472656,24.829999923706055,13305400
2009-08-10,14.687570571899414,24.719999313354492,24.739999771118164,24.489999771118164,24.6299991607666,13499200
2009-08-11,14.568743705749512,24.520000457763672,24.739999771118164,24.475000381469727,24.709999084472656,12509000
2009-08-12,14.396441459655762,24.229999542236328,24.545000076293945,24.21500015258789,24.479999542236328,24894800
2009-08-13,14.29543399810791,24.059999465942383,24.325000762939453,23.709999084472656,24.21500015258789,26560600
2009-08-14,14.399409294128418,24.235000610351562,24.235000610351562,24.0,24.024999618530273,14806400
2009-08-17,14.46773910522461,24.350000381469727,24.395000457763672,24.059999465942383,24.219999313354492,16211600
2009-08-18,14.440999031066895,24.30500030517578,24.475000381469727,24.239999771118164,24.375,15516200
2009-08-19,14.663813591003418,24.68000030517578,24.739999771118164,24.15999984741211,24.15999984741211,17039600
2009-08-20,14.681632995605469,24.709999084472656,24.790000915527344,24.559999465942383,24.69499969482422,11873200
2009-08-21,14.827199935913086,24.954999923706055,24.989999771118164,24.625,24.799999237060547,17650000
2009-08-24,14.574686050415039,24.530000686645508,24.899999618530273,24.405000686645508,24.899999618530273,21742400
2009-08-25,14.47961711883545,24.3700008392334,24.575000762939453,24.344999313354492,24.559999465942383,21427800
2009-08-26,14.610335350036621,24.59000015258789,24.65999984741211,24.350000381469727,24.40999984741211,13591400
2009-08-27,14.687570571899414,24.719999313354492,24.81999969482422,24.3799991607666,24.59000015258789,13884800
2009-08-28,14.574686050415039,24.530000686645508,24.81999969482422,24.459999084472656,24.809999465942383,13716200
2009-08-31,14.48853588104248,24.385000228881836,24.684999465942383,24.25,24.420000076293945,21321600
2009-09-01,14.417232513427734,24.264999389648438,24.625,24.190000534057617,24.360000610351562,24552800
2009-09-02,14.794528007507324,24.899999618530273,25.149999618530273,24.274999618530273,24.274999618530273,40824000
2009-09-03,14.729166030883789,24.790000915527344,24.924999237060547,24.614999771118164,24.815000534057617,22579800
2009-09-04,14.83908748626709,24.975000381469727,25.040000915527344,24.524999618530273,24.649999618530273,15117600
2009-09-08,14.975736618041992,25.204999923706055,25.395000457763672,24.860000610351562,24.969999313354492,31283600
2009-09-09,15.041098594665527,25.315000534057617,25.405000686645508,25.1200008392334,25.19499969482422,15813000
2009-09-10,15.0262451171875,25.290000915527344,25.399999618530273,25.079999923706055,25.264999389648438,21545000
2009-09-11,15.42758560180664,25.7549991607666,25.8700008392334,25.0,25.065000534057617,34130200
2009-09-14,15.62226676940918,26.079999923706055,26.235000610351562,25.454999923706055,25.540000915527344,33162200
2009-09-15,15.709120750427246,26.225000381469727,26.290000915527344,25.825000762939453,26.040000915527344,27725400
2009-09-16,15.775015830993652,26.334999084472656,26.40999984741211,25.950000762939453,26.219999313354492,26104600
2009-09-17,15.999639511108398,26.709999084472656,26.725000381469727,26.209999084472656,26.25,27358600
2009-09-18,16.101472854614258,26.8799991607666,27.059999465942383,26.649999618530273,26.84000015258789,124169000
2009-09-21,15.873845100402832,26.5,26.8799991607666,26.389999389648438,26.739999771118164,24711600
2009-09-22,15.828922271728516,26.424999237060547,26.655000686645508,26.364999771118164,26.655000686645508,19425600
2009-09-23,15.748059272766113,26.290000915527344,26.575000762939453,26.084999084472656,26.469999313354492,20835200
2009-09-24,15.676182746887207,26.170000076293945,26.56999969482422,26.114999771118164,26.290000915527344,24283000
2009-09-25,15.864860534667969,26.485000610351562,26.639999389648438,26.135000228881836,26.165000915527344,21737000
2009-09-28,15.912792205810547,26.565000534057617,26.815000534057617,26.450000762939453,26.514999389648438,15193400
2009-09-29,15.966691970825195,26.655000686645508,26.770000457763672,26.594999313354492,26.700000762939453,17321200
2009-09-30,16.083513259887695,26.850000381469727,26.975000381469727,26.299999237060547,26.65999984741211,28275800
2009-10-01,15.909791946411133,26.559999465942383,26.850000381469727,26.520000457763672,26.700000762939453,28071000
2009-10-02,16.13442039489746,26.934999465942383,27.040000915527344,26.454999923706055,26.530000686645508,25169000
2009-10-05,16.113454818725586,26.899999618530273,27.0,26.649999618530273,26.905000686645508,15554600
2009-10-06,16.269197463989258,27.15999984741211,27.325000762939453,26.829999923706055,26.905000686645508,19109800
2009-10-07,16.415958404541016,27.405000686645508,27.639999389648438,27.15999984741211,27.43000030517578,20761400
2009-10-08,16.350069046020508,27.295000076293945,27.5049991607666,27.15999984741211,27.5049991607666,18030400
2009-10-09,16.36803436279297,27.325000762939453,27.450000762939453,27.125,27.334999084472656,11828400
2009-10-12,16.40996551513672,27.395000457763672,27.625,27.264999389648438,27.415000915527344,16013800
2009-10-13,16.4129581451416,27.399999618530273,27.479999542236328,27.274999618530273,27.385000228881836,11937400
2009-10-14,16.424938201904297,27.420000076293945,27.514999389648438,27.295000076293945,27.459999084472656,16081000
2009-10-15,16.448904037475586,27.459999084472656,27.604999542236328,27.174999237060547,27.364999771118164,24241800
2009-10-16,16.475860595703125,27.5049991607666,27.600000381469727,27.344999313354492,27.459999084472656,22090800
2009-10-19,16.40996551513672,27.395000457763672,27.75,27.334999084472656,27.56999969482422,20656000
2009-10-20,16.19432258605957,27.03499984741211,27.075000762939453,26.59000015258789,26.795000076293945,26859600
2009-10-21,16.19432258605957,27.03499984741211,27.344999313354492,26.850000381469727,26.90999984741211,16511200
2009-10-22,16.218286514282227,27.075000762939453,27.135000228881836,26.704999923706055,26.790000915527344,16361000
2009-10-23,15.945734024047852,26.6200008392334,27.075000762939453,26.559999465942383,26.954999923706055,21709400
2009-10-26,15.942737579345703,26.614999771118164,27.149999618530273,26.354999542236328,26.540000915527344,21567600
2009-10-27,16.01162338256836,26.729999542236328,26.959999084472656,26.545000076293945,26.6200008392334,14735200
2009-10-28,16.026601791381836,26.7549991607666,27.0,26.614999771118164,26.625,16017200
2009-10-29,16.2003116607666,27.045000076293945,27.05500030517578,26.575000762939453,26.760000228881836,14807000
2009-10-30,15.966691970825195,26.655000686645508,27.135000228881836,26.55500030517578,27.030000686645508,21812200
2009-11-02,16.089502334594727,26.860000610351562,26.959999084472656,26.579999923706055,26.7549991607666,18603600
2009-11-03,15.909791946411133,26.559999465942383,26.84000015258789,26.385000228881836,26.825000762939453,16314800
2009-11-04,16.02060890197754,26.7450008392334,27.0,26.514999389648438,26.709999084472656,14114400
2009-11-05,16.293161392211914,27.200000762939453,27.239999771118164,26.725000381469727,26.7549991607666,16305800
2009-11-06,16.32012367248535,27.2450008392334,27.25,26.905000686645508,26.985000610351562,10680400
2009-11-09,16.61663055419922,27.739999771118164,27.75,27.084999084472656,27.295000076293945,19230400
2009-11-10,16.715463638305664,27.905000686645508,28.094999313354492,27.625,27.674999237060547,16139400
2009-11-11,16.81130599975586,28.065000534057617,28.135000228881836,27.8700008392334,28.030000686645508,14304600
2009-11-12,16.754405975341797,27.969999313354492,28.190000534057617,27.924999237060547,28.05500030517578,15196000
2009-11-13,16.91014289855957,28.229999542236328,28.350000381469727,27.950000762939453,28.030000686645508,23351000
2009-11-16,16.99401092529297,28.3700008392334,28.545000076293945,28.21500015258789,28.325000762939453,16239400
2009-11-17,17.032949447631836,28.434999465942383,28.459999084472656,28.225000381469727,28.31999969482422,11344000
2009-11-18,16.94608497619629,28.290000915527344,28.5,28.145000457763672,28.46500015258789,15253200
2009-11-19,17.035940170288086,28.440000534057617,28.489999771118164,28.020000457763672,28.1200008392334,18154400
2009-11-20,17.21564483642578,28.739999771118164,28.844999313354492,28.344999313354492,28.344999313354492,20697600
2009-11-23,17.44326400756836,29.1200008392334,29.174999237060547,28.854999542236328,28.854999542236328,18542400
2009-11-24,17.428281784057617,29.094999313354492,29.21500015258789,28.93000030517578,29.21500015258789,15581400
2009-11-25,17.404329299926758,29.05500030517578,29.184999465942383,28.9950008392334,29.184999465942383,13380600
2009-11-27,17.247480392456055,28.59000015258789,28.764999389648438,28.200000762939453,28.489999771118164,15675400
2009-11-30,17.253511428833008,28.600000381469727,28.65999984741211,28.399999618530273,28.645000457763672,18884800
2009-12-01,17.518953323364258,29.040000915527344,29.1299991607666,28.690000534057617,28.795000076293945,15359800
2009-12-02,17.482757568359375,28.979999542236328,29.100000381469727,28.84000015258789,28.915000915527344,13599400
2009-12-03,17.274627685546875,28.635000228881836,29.045000076293945,28.579999923706055,29.045000076293945,20241800
2009-12-04,17.340986251831055,28.7450008392334,29.014999389648438,28.405000686645508,28.799999237060547,24927200
2009-12-07,17.455610275268555,28.934999465942383,29.049999237060547,28.350000381469727,28.479999542236328,16705400
2009-12-08,17.398303985595703,28.84000015258789,28.8700008392334,28.53499984741211,28.764999389648438,18290800
2009-12-09,17.44354820251465,28.915000915527344,28.924999237060547,28.514999389648438,28.725000381469727,19494600
2009-12-10,17.669771194458008,29.290000915527344,29.459999084472656,28.959999084472656,28.989999771118164,30755400
2009-12-11,17.829641342163086,29.55500030517578,29.700000762939453,29.299999237060547,29.299999237060547,30435600
2009-12-14,17.808528900146484,29.520000457763672,29.725000381469727,29.459999084472656,29.55500030517578,16670200
2009-12-15,17.814556121826172,29.530000686645508,29.594999313354492,29.424999237060547,29.575000762939453,15299800
2009-12-16,17.621501922607422,29.209999084472656,29.600000381469727,29.190000534057617,29.475000381469727,19605000
2009-12-17,17.187156677246094,28.489999771118164,29.135000228881836,28.469999313354492,29.1299991607666,25472000
2009-12-18,17.16905403137207,28.459999084472656,28.6299991607666,28.155000686645508,28.6299991607666,37737800
2009-12-21,17.247480392456055,28.59000015258789,28.80500030517578,28.450000762939453,28.510000228881836,14616200
2009-12-22,17.274627685546875,28.635000228881836,28.790000915527344,28.545000076293945,28.575000762939453,12111800
2009-12-23,17.280654907226562,28.645000457763672,28.75,28.4950008392334,28.600000381469727,10937600
2009-12-24,17.32590103149414,28.719999313354492,28.7549991607666,28.524999618530273,28.7450008392334,5814200
2009-12-28,17.32590103149414,28.719999313354492,28.790000915527344,28.639999389648438,28.704999923706055,7679600
2009-12-29,17.416391372680664,28.8700008392334,28.985000610351562,28.725000381469727,28.725000381469727,9551000
2009-12-30,17.398303985595703,28.84000015258789,28.950000762939453,28.739999771118164,28.8700008392334,9625200
2009-12-31,17.193185806274414,28.5,28.875,28.46500015258789,28.790000915527344,10848800
2010-01-04,17.205249786376953,28.520000457763672,28.610000610351562,28.450000762939453,28.579999923706055,13870400
2010-01-05,16.99712371826172,28.174999237060547,28.4950008392334,28.06999969482422,28.424999237060547,23172400
2010-01-06,16.99109649658203,28.165000915527344,28.219999313354492,27.989999771118164,28.174999237060547,19264600
2010-01-07,16.948863983154297,28.094999313354492,28.184999465942383,27.875,28.165000915527344,13234600
2010-01-08,16.635164260864258,27.575000762939453,27.81999969482422,27.375,27.729999542236328,28712400
2010-01-11,16.972990036010742,28.135000228881836,28.225000381469727,27.399999618530273,27.575000762939453,28642400
2010-01-12,17.156991958618164,28.440000534057617,28.5,28.030000686645508,28.045000076293945,23269800
2010-01-13,17.202234268188477,28.514999389648438,28.71500015258789,28.344999313354492,28.43000030517578,15157400
2010-01-14,17.232397079467773,28.565000534057617,28.625,28.385000228881836,28.520000457763672,12392600
2010-01-15,16.979022979736328,28.145000457763672,28.674999237060547,28.020000457763672,28.475000381469727,27460800
2010-01-19,17.018234252929688,28.209999084472656,28.2450008392334,27.959999084472656,28.110000610351562,14615400
2010-01-20,16.7407283782959,27.75,28.19499969482422,27.645000457763672,28.079999923706055,18810200
2010-01-21,16.39988136291504,27.184999465942383,27.790000915527344,27.094999313354492,27.774999618530273,27396800
2010-01-22,16.360673904418945,27.1200008392334,27.43000030517578,26.989999771118164,27.174999237060547,23551400
2010-01-25,16.393848419189453,27.174999237060547,27.270000457763672,26.940000534057617,27.2450008392334,16853200
2010-01-26,16.33051300048828,27.06999969482422,27.25,26.934999465942383,27.03499984741211,15515000
2010-01-27,16.442113876342773,27.2549991607666,27.329999923706055,26.850000381469727,27.0,20414800
2010-01-28,16.342573165893555,27.09000015258789,27.420000076293945,27.065000534057617,27.354999542236328,20905200
2010-01-29,16.36369514465332,27.125,27.469999313354492,26.950000762939453,27.219999313354492,22146800
2010-02-01,16.40289878845215,27.190000534057617,27.280000686645508,27.0,27.2549991607666,14517600
2010-02-02,16.60499382019043,27.524999618530273,27.604999542236328,27.075000762939453,27.264999389648438,16888600
2010-02-03,16.550703048706055,27.434999465942383,27.479999542236328,27.264999389648438,27.459999084472656,15899400
2010-02-04,16.116344451904297,26.71500015258789,27.34000015258789,26.700000762939453,27.274999618530273,21342800
2010-02-05,16.013797760009766,26.545000076293945,26.71500015258789,26.264999389648438,26.6200008392334,29285000
2010-02-08,15.881082534790039,26.325000762939453,26.635000228881836,26.28499984741211,26.635000228881836,16721200
2010-02-09,16.291301727294922,27.0049991607666,27.489999771118164,26.684999465942383,26.844999313354492,31495000
2010-02-10,16.224939346313477,26.895000457763672,27.299999237060547,26.584999084472656,27.299999237060547,18717600
2010-02-11,16.35464096069336,27.110000610351562,27.165000915527344,26.635000228881836,26.799999237060547,26327200
2010-02-12,16.28223991394043,26.989999771118164,27.200000762939453,26.809999465942383,26.959999084472656,24640000
2010-02-16,16.53562355041504,27.40999984741211,27.40999984741211,26.96500015258789,27.2549991607666,19339400
2010-02-17,16.689453125,27.665000915527344,27.774999618530273,27.3799991607666,27.405000686645508,17064600
2010-02-18,16.86440658569336,27.954999923706055,27.959999084472656,27.575000762939453,27.575000762939453,17264600
2010-02-19,16.80709457397461,27.860000610351562,27.950000762939453,27.59000015258789,27.899999618530273,18944800
2010-02-22,16.704538345336914,27.690000534057617,27.93000030517578,27.635000228881836,27.899999618530273,13487600
2010-02-23,16.53864097595215,27.415000915527344,27.799999237060547,27.395000457763672,27.704999923706055,14835600
2010-02-24,16.63817596435547,27.579999923706055,27.59000015258789,27.344999313354492,27.5,14470600
2010-02-25,16.022842407226562,26.559999465942383,26.790000915527344,26.30500030517578,26.56999969482422,63648600
2010-02-26,15.902188301086426,26.360000610351562,26.545000076293945,26.114999771118164,26.545000076293945,63095400
2010-03-01,16.06808853149414,26.635000228881836,26.684999465942383,26.395000457763672,26.610000610351562,39449800
2010-03-02,16.0771427154541,26.649999618530273,26.844999313354492,26.575000762939453,26.690000534057617,24506200
2010-03-03,16.26717185974121,26.96500015258789,27.059999465942383,26.59000015258789,26.649999618530273,26574200
2010-03-04,16.430044174194336,27.235000610351562,27.520000457763672,27.15999984741211,27.350000381469727,28983200
2010-03-05,16.499427795410156,27.350000381469727,27.475000381469727,27.18000030517578,27.344999313354492,24238600
2010-03-08,16.427034378051758,27.229999542236328,27.434999465942383,27.15999984741211,27.360000610351562,18915600
2010-03-09,16.342573165893555,27.09000015258789,27.295000076293945,26.975000381469727,27.170000076293945,23070000
2010-03-10,16.348608016967773,27.100000381469727,27.184999465942383,27.020000457763672,27.1299991607666,21574800
2010-03-11,16.29995346069336,26.799999237060547,26.889999389648438,26.5,26.889999389648438,29130600
2010-03-12,16.223920822143555,26.674999237060547,26.885000228881836,26.6299991607666,26.844999313354492,22334400
2010-03-15,16.315153121948242,26.825000762939453,26.920000076293945,26.684999465942383,26.864999771118164,23874000
2010-03-16,16.33035659790039,26.850000381469727,26.934999465942383,26.78499984741211,26.899999618530273,22287800
2010-03-17,16.372934341430664,26.920000076293945,26.9950008392334,26.799999237060547,26.90999984741211,26074400
2010-03-18,16.406396865844727,26.975000381469727,27.020000457763672,26.8700008392334,26.950000762939453,23496200
2010-03-19,16.649673461914062,27.375,27.530000686645508,26.799999237060547,27.375,43610800
2010-03-22,16.585811614990234,27.270000457763672,27.424999237060547,27.200000762939453,27.2450008392334,18127400
2010-03-23,16.816926956176758,27.649999618530273,27.670000076293945,27.204999923706055,27.354999542236328,19081200
2010-03-24,16.610137939453125,27.309999465942383,27.68000030517578,27.30500030517578,27.610000610351562,17052600
2010-03-25,16.66487693786621,27.399999618530273,27.59000015258789,27.325000762939453,27.454999923706055,16638800
2010-03-26,16.6192684173584,27.325000762939453,27.485000610351562,27.25,27.395000457763672,16276800
2010-03-29,16.655750274658203,27.385000228881836,27.479999542236328,27.334999084472656,27.399999618530273,13853600
2010-03-30,16.686159133911133,27.434999465942383,27.524999618530273,27.30500030517578,27.450000762939453,13631600
2010-03-31,16.725698471069336,27.5,27.645000457763672,27.25,27.395000457763672,22922000
2010-04-01,16.816926956176758,27.649999618530273,27.71500015258789,27.565000534057617,27.68000030517578,14346000
2010-04-05,16.68311882019043,27.43000030517578,27.780000686645508,27.325000762939453,27.780000686645508,19191800
2010-04-06,16.50978660583496,27.145000457763672,27.420000076293945,27.110000610351562,27.420000076293945,17604200
2010-04-07,16.366853713989258,26.90999984741211,27.149999618530273,26.780000686645508,27.149999618530273,24060800
2010-04-08,16.34860610961914,26.8799991607666,26.889999389648438,26.719999313354492,26.889999389648438,19466800
2010-04-09,16.601011276245117,27.295000076293945,27.30500030517578,26.924999237060547,26.954999923706055,20640600
2010-04-12,16.652706146240234,27.3799991607666,27.43000030517578,27.2549991607666,27.325000762939453,16930400
2010-04-13,16.731779098510742,27.510000228881836,27.540000915527344,27.325000762939453,27.34000015258789,15055000
2010-04-14,16.71048927307129,27.475000381469727,27.530000686645508,27.325000762939453,27.514999389648438,13865200
2010-04-15,16.500661849975586,27.1299991607666,27.385000228881836,27.065000534057617,27.3799991607666,20351000
2010-04-16,16.716577529907227,27.485000610351562,27.56999969482422,27.084999084472656,27.114999771118164,35075600
2010-04-19,16.823007583618164,27.65999984741211,27.65999984741211,27.459999084472656,27.489999771118164,26468600
2010-04-20,16.56452178955078,27.235000610351562,27.645000457763672,27.15999984741211,27.610000610351562,32508800
2010-04-21,16.4793758392334,27.094999313354492,27.290000915527344,27.0,27.28499984741211,19263200
2010-04-22,16.51586151123047,27.155000686645508,27.2549991607666,27.0,27.06999969482422,20295600
2010-04-23,16.38510513305664,26.940000534057617,27.229999542236328,26.8700008392334,27.229999542236328,21675400
2010-04-26,16.339481353759766,26.864999771118164,27.174999237060547,26.864999771118164,27.0,17890800
2010-04-27,16.077951431274414,26.434999465942383,26.93000030517578,26.420000076293945,26.829999923706055,27600400
2010-04-28,16.226966857910156,26.68000030517578,26.78499984741211,26.280000686645508,26.5049991607666,24754600
2010-04-29,16.342529296875,26.8700008392334,27.094999313354492,26.780000686645508,26.809999465942383,17437600
2010-04-30,16.254329681396484,26.725000381469727,26.979999542236328,26.700000762939453,26.809999465942383,19349600
2010-05-03,16.34860610961914,26.8799991607666,26.975000381469727,26.635000228881836,26.854999542236328,16123400
2010-05-04,16.17222785949707,26.59000015258789,26.899999618530273,26.524999618530273,26.69499969482422,23282800
2010-05-05,16.318193435668945,26.829999923706055,26.950000762939453,26.600000381469727,26.71500015258789,23670400
2010-05-06,15.904610633850098,26.149999618530273,27.100000381469727,25.604999542236328,26.834999084472656,47912000
2010-05-07,16.017135620117188,26.334999084472656,26.420000076293945,25.770000457763672,26.094999313354492,43535600
2010-05-10,16.433761596679688,27.020000457763672,27.045000076293945,26.625,26.924999237060547,35311400
2010-05-11,16.302993774414062,26.80500030517578,27.03499984741211,26.75,26.809999465942383,23165200
2010-05-12,16.42767906188965,27.010000228881836,27.049999237060547,26.709999084472656,26.899999618530273,24005400
2010-05-13,16.266496658325195,26.7450008392334,27.0,26.725000381469727,26.975000381469727,19319800
2010-05-14,16.220882415771484,26.670000076293945,26.825000762939453,26.43000030517578,26.68000030517578,25868200
2010-05-17,16.242168426513672,26.704999923706055,26.774999618530273,26.424999237060547,26.739999771118164,17393400
2010-05-18,16.147899627685547,26.549999237060547,26.860000610351562,26.540000915527344,26.850000381469727,20435600
2010-05-19,16.153982162475586,26.559999465942383,26.674999237060547,26.229999542236328,26.5,21119200
2010-05-20,15.673493385314941,25.770000457763672,26.25,25.764999389648438,26.25,29290400
2010-05-21,15.688706398010254,25.795000076293945,25.860000610351562,25.149999618530273,25.420000076293945,34233400
2010-05-24,15.649168014526367,25.729999542236328,25.934999465942383,25.510000228881836,25.604999542236328,16832600
2010-05-25,15.393723487854004,25.309999465942383,25.364999771118164,24.969999313354492,25.184999465942383,28693800
2010-05-26,15.229508399963379,25.040000915527344,25.440000534057617,24.969999313354492,25.415000915527344,32607800
2010-05-27,15.579230308532715,25.614999771118164,25.625,25.1299991607666,25.30500030517578,22663600
2010-05-28,15.630927085876465,25.700000762939453,25.975000381469727,25.5,25.59000015258789,23577000
2010-06-01,15.597468376159668,25.645000457763672,26.05500030517578,25.364999771118164,25.559999465942383,24274800
2010-06-02,15.938069343566895,26.204999923706055,26.204999923706055,25.584999084472656,25.770000457763672,18742200
2010-06-03,16.041465759277344,26.375,26.5,26.225000381469727,26.334999084472656,23564400
2010-06-04,15.59139347076416,25.635000228881836,26.06999969482422,25.510000228881836,26.06999969482422,23942800
2010-06-07,15.448461532592773,25.399999618530273,25.75,25.385000228881836,25.614999771118164,20177800
2010-06-08,15.679574966430664,25.780000686645508,25.90999984741211,25.260000228881836,25.395000457763672,22429800
2010-06-09,15.615716934204102,25.674999237060547,25.924999237060547,25.584999084472656,25.780000686645508,17645800
2010-06-10,15.950230598449707,26.225000381469727,26.25,25.93000030517578,25.93000030517578,18790000
2010-06-11,15.839832305908203,25.825000762939453,25.864999771118164,25.565000534057617,25.854999542236328,14946000
2010-06-14,15.796894073486328,25.7549991607666,25.985000610351562,25.729999542236328,25.969999313354492,13656400
2010-06-15,16.002368927001953,26.09000015258789,26.100000381469727,25.780000686645508,25.915000915527344,16368600
2010-06-16,16.06983757019043,26.200000762939453,26.219999313354492,25.885000228881836,25.915000915527344,16784800
2010-06-17,16.05757713317871,26.18000030517578,26.350000381469727,26.020000457763672,26.25,20740200
2010-06-18,16.042240142822266,26.155000686645508,26.364999771118164,26.1299991607666,26.19499969482422,28405800
2010-06-21,16.09436798095703,26.239999771118164,26.489999771118164,26.135000228881836,26.40999984741211,18346400
2010-06-22,16.088237762451172,26.229999542236328,26.540000915527344,26.21500015258789,26.229999542236328,20805000
2010-06-23,16.020767211914062,26.1200008392334,26.325000762939453,26.0049991607666,26.280000686645508,20718000
2010-06-24,15.885822296142578,25.899999618530273,26.239999771118164,25.834999084472656,26.05500030517578,17401400
2010-06-25,15.413552284240723,25.1299991607666,25.96500015258789,25.1299991607666,25.895000457763672,57969600
2010-06-28,15.665023803710938,25.540000915527344,25.690000534057617,25.30500030517578,25.364999771118164,23525400
2010-06-29,15.435016632080078,25.165000915527344,25.475000381469727,25.049999237060547,25.290000915527344,23502600
2010-06-30,15.370615005493164,25.059999465942383,25.290000915527344,25.0049991607666,25.190000534057617,21933800
2010-07-01,15.34301471710205,25.014999389648438,25.149999618530273,24.735000610351562,25.149999618530273,26030800
2010-07-02,15.349146842956543,25.024999618530273,25.229999542236328,24.924999237060547,25.110000610351562,16270200
2010-07-06,15.465682983398438,25.21500015258789,25.34000015258789,25.010000228881836,25.295000076293945,18338200
2010-07-07,15.784631729125977,25.735000610351562,25.795000076293945,25.149999618530273,25.270000457763672,23480000
2010-07-08,16.07596778869629,26.209999084472656,26.219999313354492,25.780000686645508,25.84000015258789,21562600
2010-07-09,16.06983757019043,26.200000762939453,26.2450008392334,26.03499984741211,26.18000030517578,12948000
2010-07-12,16.085168838500977,26.225000381469727,26.235000610351562,25.975000381469727,26.079999923706055,10770600
2010-07-13,16.167972564697266,26.360000610351562,26.475000381469727,26.299999237060547,26.3700008392334,13706400
2010-07-14,16.198640823364258,26.40999984741211,26.459999084472656,26.209999084472656,26.280000686645508,12392600
2010-07-15,16.207836151123047,26.424999237060547,26.475000381469727,26.15999984741211,26.360000610351562,14970600
2010-07-16,16.060638427734375,26.184999465942383,26.540000915527344,26.104999542236328,26.385000228881836,19563800
2010-07-19,16.02996253967285,26.135000228881836,26.28499984741211,26.024999618530273,26.270000457763672,11367400
2010-07-20,16.32744789123535,26.6200008392334,26.68000030517578,25.959999084472656,25.985000610351562,19539000
2010-07-21,16.585054397583008,27.040000915527344,27.395000457763672,26.639999389648438,26.75,36364000
2010-07-22,16.640254974365234,27.1299991607666,27.34000015258789,26.985000610351562,27.0049991607666,20692000
2010-07-23,16.79052734375,27.375,27.415000915527344,26.979999542236328,27.100000381469727,16177400
2010-07-26,16.848793029785156,27.469999313354492,27.489999771118164,27.350000381469727,27.415000915527344,13305800
2010-07-27,16.88252830505371,27.524999618530273,27.625,27.40999984741211,27.454999923706055,17905400
2010-07-28,16.83038902282715,27.440000534057617,27.600000381469727,27.385000228881836,27.524999618530273,12954800
2010-07-29,16.86412811279297,27.4950008392334,27.655000686645508,27.329999923706055,27.540000915527344,18292600
2010-07-30,16.900930404663086,27.55500030517578,27.645000457763672,27.21500015258789,27.354999542236328,16672600
2010-08-02,17.299612045288086,28.204999923706055,28.2450008392334,27.825000762939453,27.90999984741211,32091200
2010-08-03,17.290403366088867,28.190000534057617,28.264999389648438,28.030000686645508,28.135000228881836,15427400
2010-08-04,17.34253692626953,28.274999618530273,28.350000381469727,28.104999542236328,28.260000228881836,11974400
2010-08-05,17.287342071533203,28.184999465942383,28.209999084472656,27.899999618530273,28.204999923706055,15099800
2010-08-06,17.403879165649414,28.375,28.395000457763672,27.825000762939453,28.049999237060547,18090600
2010-08-09,17.5142822265625,28.55500030517578,28.700000762939453,28.18000030517578,28.184999465942383,18731000
2010-08-10,17.474414825439453,28.489999771118164,28.700000762939453,28.260000228881836,28.31999969482422,15376000
2010-08-11,17.186140060424805,28.020000457763672,28.375,27.989999771118164,28.1200008392334,24302000
2010-08-12,17.07879638671875,27.844999313354492,27.934999465942383,27.674999237060547,27.764999389648438,18782800
2010-08-13,17.091062545776367,27.864999771118164,27.989999771118164,27.684999465942383,27.81999969482422,14906800
2010-08-16,17.137065887451172,27.940000534057617,27.96500015258789,27.559999465942383,27.7549991607666,13958400
2010-08-17,17.210668563842773,28.059999465942383,28.209999084472656,27.75,28.010000228881836,18060600
2010-08-18,17.12480354309082,27.920000076293945,28.059999465942383,27.80500030517578,28.05500030517578,16616800
2010-08-19,16.953060150146484,27.639999389648438,27.864999771118164,27.485000610351562,27.864999771118164,18781400
2010-08-20,16.959197998046875,27.649999618530273,27.719999313354492,27.459999084472656,27.459999084472656,19263200
2010-08-23,17.051191329956055,27.799999237060547,27.934999465942383,27.704999923706055,27.7549991607666,15240000
2010-08-24,17.069602966308594,27.829999923706055,27.969999313354492,27.575000762939453,27.575000762939453,24366400
2010-08-25,16.986797332763672,27.69499969482422,27.854999542236328,27.530000686645508,27.709999084472656,15853800
2010-08-26,16.916257858276367,27.579999923706055,27.760000228881836,27.485000610351562,27.71500015258789,14817400
2010-08-27,17.22293472290039,28.079999923706055,28.100000381469727,27.514999389648438,27.719999313354492,19665600
2010-08-30,17.035863876342773,27.774999618530273,28.1200008392334,27.7549991607666,28.100000381469727,10220000
2010-08-31,17.137065887451172,27.940000534057617,28.020000457763672,27.5,27.600000381469727,18567800
2010-09-01,17.57561492919922,28.655000686645508,28.65999984741211,28.135000228881836,28.190000534057617,24166000
2010-09-02,17.597078323364258,28.690000534057617,28.709999084472656,28.43000030517578,28.709999084472656,14701200
2010-09-03,17.65228271484375,28.780000686645508,28.799999237060547,28.545000076293945,28.68000030517578,14865400
2010-09-07,17.67375373840332,28.815000534057617,28.905000686645508,28.700000762939453,28.760000228881836,14392200
2010-09-08,17.735095977783203,28.915000915527344,29.104999542236328,28.850000381469727,28.864999771118164,18378800
2010-09-09,17.876157760620117,29.145000457763672,29.2450008392334,28.905000686645508,29.114999771118164,18106600
2010-09-10,17.94669532775879,29.260000228881836,29.31999969482422,29.0,29.139999389648438,18445600
2010-09-13,17.931243896484375,29.014999389648438,29.25,28.875,29.239999771118164,18019600
2010-09-14,17.795284271240234,28.795000076293945,29.059999465942383,28.774999618530273,28.924999237060547,20985200
2010-09-15,17.742755889892578,28.709999084472656,28.799999237060547,28.610000610351562,28.684999465942383,17402400
2010-09-16,17.77056884765625,28.7549991607666,28.84000015258789,28.625,28.700000762939453,16574000
2010-09-17,17.786020278930664,28.780000686645508,28.989999771118164,28.704999923706055,28.825000762939453,19971200
2010-09-20,17.912702560424805,28.985000610351562,29.0,28.774999618530273,28.809999465942383,14062200
2010-09-21,17.955963134765625,29.05500030517578,29.100000381469727,28.825000762939453,28.905000686645508,14754000
2010-09-22,17.993040084838867,29.114999771118164,29.260000228881836,29.049999237060547,29.075000762939453,15176000
2010-09-23,17.881793975830078,28.934999465942383,29.145000457763672,28.860000610351562,29.010000228881836,12696000
2010-09-24,18.11355209350586,29.309999465942383,29.399999618530273,29.114999771118164,29.15999984741211,13812000
2010-09-27,18.10737419128418,29.299999237060547,29.43000030517578,29.274999618530273,29.375,10544400
2010-09-28,18.261878967285156,29.549999237060547,29.614999771118164,29.18000030517578,29.295000076293945,19884000
2010-09-29,18.156808853149414,29.3799991607666,29.5,29.209999084472656,29.5,15742000
2010-09-30,18.08265495300293,29.260000228881836,29.579999923706055,29.125,29.43000030517578,15849600
2010-10-01,18.268051147460938,29.559999465942383,29.6200008392334,29.260000228881836,29.520000457763672,16454400
2010-10-04,18.193893432617188,29.440000534057617,29.520000457763672,29.274999618530273,29.46500015258789,11523800
2010-10-05,18.434917449951172,29.829999923706055,29.860000610351562,29.5049991607666,29.575000762939453,20063000
2010-10-06,18.478168487548828,29.899999618530273,29.905000686645508,29.68000030517578,29.815000534057617,14123400
2010-10-07,18.366931915283203,29.719999313354492,29.84000015258789,29.600000381469727,29.834999084472656,14960800
2010-10-08,18.357662200927734,29.704999923706055,29.850000381469727,29.530000686645508,29.739999771118164,16189400
2010-10-11,18.404010772705078,29.780000686645508,29.809999465942383,29.665000915527344,29.780000686645508,12997000
2010-10-12,18.416379928588867,29.799999237060547,29.899999618530273,29.670000076293945,29.670000076293945,16164400
2010-10-13,18.52143096923828,29.969999313354492,29.985000610351562,29.829999923706055,29.860000610351562,24011000
2010-10-14,18.512165069580078,29.954999923706055,29.989999771118164,29.84000015258789,29.969999313354492,14491600
2010-10-15,18.52143096923828,29.969999313354492,29.989999771118164,29.8700008392334,29.979999542236328,19697600
2010-10-18,18.53997230529785,30.0,30.0,29.899999618530273,29.905000686645508,19661800
2010-10-19,18.645036697387695,30.170000076293945,30.235000610351562,29.915000915527344,29.979999542236328,35052800
2010-10-20,18.89531707763672,30.575000762939453,30.84000015258789,30.184999465942383,30.184999465942383,32398000
2010-10-21,18.994203567504883,30.735000610351562,30.875,30.5049991607666,30.5049991607666,23266400
2010-10-22,19.037466049194336,30.80500030517578,30.8700008392334,30.71500015258789,30.7450008392334,9534600
2010-10-25,18.85205841064453,30.5049991607666,30.875,30.4950008392334,30.645000457763672,21228200
2010-10-26,18.92313003540039,30.6200008392334,30.684999465942383,30.385000228881836,30.395000457763672,15502200
2010-10-27,18.907684326171875,30.594999313354492,30.600000381469727,30.149999618530273,30.510000228881836,19029400
2010-10-28,18.913860321044922,30.604999542236328,30.780000686645508,30.440000534057617,30.639999389648438,16533600
2010-10-29,18.947851181030273,30.65999984741211,30.75,30.514999389648438,30.575000762939453,14239600
2010-11-01,19.068359375,30.854999542236328,30.975000381469727,30.604999542236328,30.684999465942383,17996800
2010-11-02,19.11471176147461,30.93000030517578,30.969999313354492,30.889999389648438,30.899999618530273,13196000
2010-11-03,19.14252281188965,30.975000381469727,30.975000381469727,30.639999389648438,30.915000915527344,15687400
2010-11-04,19.29701805114746,31.225000381469727,31.325000762939453,30.940000534057617,30.969999313354492,27487000
2010-11-05,19.337190628051758,31.290000915527344,31.325000762939453,31.0,31.209999084472656,16013800
2010-11-08,19.30010986328125,31.229999542236328,31.28499984741211,31.149999618530273,31.25,11142200
2010-11-09,19.355735778808594,31.31999969482422,31.354999542236328,31.174999237060547,31.2450008392334,16637600
2010-11-10,19.327922821044922,31.274999618530273,31.31999969482422,31.149999618530273,31.280000686645508,18013800
2010-11-11,19.405174255371094,31.399999618530273,31.399999618530273,31.18000030517578,31.2450008392334,16253600
2010-11-12,19.442251205444336,31.459999084472656,31.479999542236328,31.19499969482422,31.360000610351562,20022800
2010-11-15,19.454612731933594,31.479999542236328,31.665000915527344,31.40999984741211,31.44499969482422,22949400
2010-11-16,19.18269157409668,31.040000915527344,31.489999771118164,30.90999984741211,31.454999923706055,23609000
2010-11-17,19.318653106689453,31.260000228881836,31.360000610351562,31.049999237060547,31.06999969482422,16749200
2010-11-18,19.726530075073242,31.920000076293945,31.975000381469727,31.424999237060547,31.440000534057617,41436000
2010-11-19,19.874855041503906,32.15999984741211,32.165000915527344,31.774999618530273,31.799999237060547,40774800
2010-11-22,19.85940170288086,32.1349983215332,32.154998779296875,31.790000915527344,32.029998779296875,33680600
2010-11-23,19.658550262451172,31.809999465942383,32.0,31.639999389648438,31.96500015258789,17662200
2010-11-24,19.964460372924805,32.30500030517578,32.314998626708984,31.90999984741211,31.920000076293945,16093000
2010-11-26,19.80995750427246,32.05500030517578,32.185001373291016,32.0,32.060001373291016,9016800
2010-11-29,19.72284507751465,31.69499969482422,31.825000762939453,31.434999465942383,31.774999618530273,22397800
2010-11-30,19.654394149780273,31.584999084472656,31.790000915527344,31.459999084472656,31.475000381469727,23550600
2010-12-01,20.130428314208984,32.349998474121094,32.400001525878906,31.915000915527344,31.969999313354492,20951600
2010-12-02,20.192657470703125,32.45000076293945,32.47999954223633,32.255001068115234,32.32500076293945,22773600
2010-12-03,20.068204879760742,32.25,32.470001220703125,32.2400016784668,32.400001525878906,20677800
2010-12-06,19.90952491760254,31.9950008392334,32.244998931884766,31.9950008392334,32.185001373291016,22221600
2010-12-07,19.95619010925293,32.06999969482422,32.28499984741211,32.060001373291016,32.19499969482422,19714600
2010-12-08,20.033979415893555,32.19499969482422,32.220001220703125,32.03499984741211,32.03499984741211,18226600
2010-12-09,20.170875549316406,32.415000915527344,32.45500183105469,32.279998779296875,32.30500030517578,19622400
2010-12-10,20.114871978759766,32.32500076293945,32.45000076293945,32.13999938964844,32.435001373291016,17909400
2010-12-13,20.177093505859375,32.42499923706055,32.48500061035156,32.150001525878906,32.19499969482422,18748400
2010-12-14,19.881526947021484,31.950000762939453,32.439998626708984,31.850000381469727,32.415000915527344,27936800
2010-12-15,20.14287567138672,32.369998931884766,32.474998474121094,31.875,31.950000762939453,26126600
2010-12-16,20.329559326171875,32.66999816894531,32.71500015258789,32.345001220703125,32.42499923706055,28817200
2010-12-17,20.441566467285156,32.849998474121094,32.875,32.42499923706055,32.5099983215332,29294200
2010-12-20,20.320226669311523,32.654998779296875,32.869998931884766,32.595001220703125,32.72999954223633,18271400
2010-12-21,20.376224517822266,32.744998931884766,32.79999923706055,32.58000183105469,32.67499923706055,18720200
2010-12-22,20.40734100341797,32.79499816894531,32.79499816894531,32.51499938964844,32.70500183105469,15419800
2010-12-23,20.40422821044922,32.790000915527344,32.939998626708984,32.73500061035156,32.7599983215332,13063600
2010-12-27,20.245548248291016,32.53499984741211,32.775001525878906,32.529998779296875,32.775001525878906,9923800
2010-12-28,20.335783004760742,32.68000030517578,32.71500015258789,32.529998779296875,32.560001373291016,9861600
2010-12-29,20.363786697387695,32.724998474121094,32.83000183105469,32.67499923706055,32.69499969482422,8747200
2010-12-30,20.37934112548828,32.75,32.79999923706055,32.68000030517578,32.71500015258789,9285800
2010-12-31,20.46334457397461,32.8849983215332,32.900001525878906,32.68000030517578,32.68000030517578,10773400
2011-01-03,20.292219161987305,32.61000061035156,32.939998626708984,32.55500030517578,32.939998626708984,18945600
2011-01-04,19.872188568115234,31.934999465942383,32.595001220703125,31.905000686645508,32.5099983215332,27940400
2011-01-05,19.75396156311035,31.7450008392334,31.975000381469727,31.43000030517578,31.895000457763672,34379000
2011-01-06,19.610837936401367,31.514999389648438,31.829999923706055,31.415000915527344,31.809999465942383,21712400
2011-01-07,19.576602935791016,31.459999084472656,31.5,31.280000686645508,31.389999389648438,16592800
2011-01-10,19.620166778564453,31.530000686645508,31.600000381469727,31.280000686645508,31.350000381469727,14904600
2011-01-11,19.505050659179688,31.344999313354492,31.709999084472656,31.334999084472656,31.670000076293945,15504000
2011-01-12,19.61394691467285,31.520000457763672,31.68000030517578,31.350000381469727,31.604999542236328,14223200
2011-01-13,19.725950241088867,31.700000762939453,31.93000030517578,31.565000534057617,31.625,17947600
2011-01-14,19.641948699951172,31.565000534057617,31.684999465942383,31.489999771118164,31.684999465942383,12631400
2011-01-18,19.750839233398438,31.739999771118164,31.8700008392334,31.584999084472656,31.604999542236328,16344000
2011-01-19,19.732181549072266,31.709999084472656,31.959999084472656,31.594999313354492,31.84000015258789,18326800
2011-01-20,19.5797119140625,31.46500015258789,31.940000534057617,31.375,31.809999465942383,20580000
2011-01-21,19.52994155883789,31.385000228881836,31.600000381469727,31.360000610351562,31.59000015258789,16708200
2011-01-24,19.679285049438477,31.625,31.635000228881836,31.34000015258789,31.434999465942383,15062800
2011-01-25,19.58905029296875,31.479999542236328,31.655000686645508,31.270000457763672,31.610000610351562,18195800
2011-01-26,19.58905029296875,31.479999542236328,31.645000457763672,31.43000030517578,31.584999084472656,13657000
2011-01-27,19.508159637451172,31.350000381469727,31.604999542236328,31.31999969482422,31.594999313354492,13520400
2011-01-28,19.35570526123047,31.104999542236328,31.639999389648438,31.06999969482422,31.424999237060547,23842400
2011-01-31,19.55483055114746,31.424999237060547,31.424999237060547,30.94499969482422,31.15999984741211,15717800
2011-02-01,19.617055892944336,31.524999618530273,31.65999984741211,31.424999237060547,31.440000534057617,16028000
2011-02-02,19.55794334411621,31.43000030517578,31.739999771118164,31.280000686645508,31.575000762939453,15595200
2011-02-03,19.467708587646484,31.28499984741211,31.489999771118164,31.065000534057617,31.350000381469727,12997400
2011-02-04,19.464597702026367,31.280000686645508,31.43000030517578,31.18000030517578,31.325000762939453,9374600
2011-02-07,19.45215606689453,31.260000228881836,31.334999084472656,31.15999984741211,31.334999084472656,12012800
2011-02-08,19.561050415039062,31.434999465942383,31.459999084472656,31.170000076293945,31.21500015258789,13056800
2011-02-09,19.648168563842773,31.575000762939453,32.375,31.434999465942383,32.04999923706055,29979600
2011-02-10,19.769515991210938,31.770000457763672,31.770000457763672,31.40999984741211,31.579999923706055,18352400
2011-02-11,19.778850555419922,31.78499984741211,31.829999923706055,31.559999465942383,31.614999771118164,19098000
2011-02-14,19.645055770874023,31.56999969482422,31.875,31.5,31.834999084472656,12122600
2011-02-15,19.66061019897461,31.594999313354492,31.610000610351562,31.274999618530273,31.454999923706055,16289200
2011-02-16,19.725950241088867,31.700000762939453,31.7450008392334,31.440000534057617,31.540000915527344,12992800
2011-02-17,20.08376693725586,32.275001525878906,32.36000061035156,31.635000228881836,31.690000534057617,18450600
2011-02-18,20.08376693725586,32.275001525878906,32.32500076293945,32.060001373291016,32.29999923706055,24652400
2011-02-22,19.837966918945312,31.8799991607666,32.1349983215332,31.665000915527344,31.68000030517578,17950200
2011-02-23,19.88463592529297,31.954999923706055,32.16999816894531,31.850000381469727,31.889999389648438,18192200
2011-02-24,19.87529945373535,31.940000534057617,32.185001373291016,31.854999542236328,32.099998474121094,17057000
2011-02-25,20.00908660888672,32.154998779296875,32.20000076293945,31.854999542236328,31.885000228881836,11435400
2011-02-28,19.887741088867188,31.959999084472656,32.2400016784668,31.93000030517578,32.084999084472656,19370000
2011-03-01,20.195770263671875,32.45500183105469,32.625,32.099998474121094,32.13999938964844,31084000
2011-03-02,20.046422958374023,32.21500015258789,32.40999984741211,32.064998626708984,32.29499816894531,20776000
2011-03-03,20.401111602783203,32.78499984741211,32.939998626708984,32.38999938964844,32.39500045776367,29005800
2011-03-04,20.289106369018555,32.60499954223633,32.775001525878906,32.3849983215332,32.69499969482422,23050800
2011-03-07,20.292219161987305,32.61000061035156,32.869998931884766,32.2400016784668,32.65999984741211,23630000
2011-03-08,20.422893524169922,32.81999969482422,32.91999816894531,32.61000061035156,32.70000076293945,20717600
2011-03-09,20.416667938232422,32.810001373291016,32.84000015258789,32.630001068115234,32.76499938964844,14819200
2011-03-10,20.31399917602539,32.64500045776367,32.77000045776367,32.48500061035156,32.625,17761800
2011-03-11,20.310867309570312,32.404998779296875,32.55500030517578,32.23500061035156,32.459999084472656,12006400
2011-03-14,20.038211822509766,31.969999313354492,32.30500030517578,31.764999389648438,32.16999816894531,17802600
2011-03-15,19.753032684326172,31.514999389648438,31.635000228881836,31.174999237060547,31.475000381469727,25421200
2011-03-16,19.304880142211914,30.799999237060547,31.434999465942383,30.645000457763672,31.344999313354492,31957200
2011-03-17,19.517982482910156,31.139999389648438,31.395000457763672,30.954999923706055,31.21500015258789,20128800
2011-03-18,19.649606704711914,31.350000381469727,31.649999618530273,31.225000381469727,31.485000610351562,23653000
2011-03-21,19.92226219177246,31.78499984741211,31.93000030517578,31.524999618530273,31.565000534057617,12545600
2011-03-22,19.90345573425293,31.7549991607666,31.885000228881836,31.625,31.84000015258789,8418800
2011-03-23,20.141633987426758,32.1349983215332,32.26499938964844,31.625,31.645000457763672,12962600
2011-03-24,20.27324867248535,32.345001220703125,32.53499984741211,32.279998779296875,32.290000915527344,13312800
2011-03-25,20.439359664916992,32.61000061035156,32.69499969482422,32.40999984741211,32.435001373291016,12419400
2011-03-28,20.379806518554688,32.51499938964844,32.744998931884766,32.51499938964844,32.599998474121094,11600200
2011-03-29,20.59604835510254,32.86000061035156,32.8650016784668,32.540000915527344,32.599998474121094,11569600
2011-03-30,20.696331024169922,33.02000045776367,33.244998931884766,32.80500030517578,32.86000061035156,18826200
2011-03-31,20.79035186767578,33.16999816894531,33.42499923706055,32.97999954223633,32.97999954223633,17723000
2011-04-01,21.066139221191406,33.61000061035156,33.7400016784668,33.29999923706055,33.44499969482422,18720200
2011-04-04,21.20402717590332,33.83000183105469,33.89500045776367,33.58000183105469,33.61000061035156,13485600
2011-04-05,21.14448356628418,33.73500061035156,33.8849983215332,33.654998779296875,33.75,12470200
2011-04-06,21.194618225097656,33.814998626708984,33.90999984741211,33.60499954223633,33.775001525878906,14099800
2011-04-07,21.135080337524414,33.720001220703125,33.875,33.470001220703125,33.71500015258789,12734600
2011-04-08,21.08180046081543,33.6349983215332,33.81999969482422,33.43000030517578,33.69499969482422,11201800
2011-04-11,21.122549057006836,33.70000076293945,33.91999816894531,33.400001525878906,33.630001068115234,14664000
2011-04-12,20.96586036682129,33.45000076293945,33.564998626708984,33.20500183105469,33.4900016784668,16587400
2011-04-13,21.08493995666504,33.63999938964844,33.73500061035156,33.48500061035156,33.6150016784668,8497400
2011-04-14,21.407737731933594,34.154998779296875,34.23500061035156,33.54499816894531,33.66999816894531,23879600
2011-04-15,21.313716888427734,34.005001068115234,34.17499923706055,33.935001373291016,34.165000915527344,17532200
2011-04-18,21.094345092773438,33.654998779296875,33.82500076293945,33.31999969482422,33.78499984741211,16104600
2011-04-19,21.02539825439453,33.54499816894531,33.75,33.474998474121094,33.60499954223633,10701800
2011-04-20,21.26357650756836,33.92499923706055,34.025001525878906,33.80500030517578,33.94499969482422,12817800
2011-04-21,21.27297592163086,33.939998626708984,34.084999084472656,33.73500061035156,33.94499969482422,10948800
2011-04-25,21.229097366333008,33.869998931884766,33.9900016784668,33.65999984741211,33.974998474121094,10709200
2011-04-26,20.97525405883789,33.46500015258789,33.51499938964844,32.904998779296875,33.31999969482422,32800000
2011-04-27,20.997194290161133,33.5,33.709999084472656,33.279998779296875,33.685001373291016,16872600
2011-04-28,21.125675201416016,33.70500183105469,33.724998474121094,33.33000183105469,33.470001220703125,14084400
2011-04-29,21.14134979248047,33.72999954223633,33.8849983215332,33.6349983215332,33.779998779296875,14824200
2011-05-02,21.22283172607422,33.86000061035156,33.93000030517578,33.78499984741211,33.880001068115234,12514200
2011-05-03,21.27297592163086,33.939998626708984,33.95000076293945,33.78499984741211,33.86000061035156,10542400
2011-05-04,21.14134979248047,33.72999954223633,33.96500015258789,33.599998474121094,33.93000030517578,13529000
2011-05-05,20.903169631958008,33.349998474121094,33.869998931884766,33.20000076293945,33.849998474121094,14206200
2011-05-06,20.96586036682129,33.45000076293945,33.790000915527344,33.3650016784668,33.720001220703125,17042600
2011-05-09,20.981523513793945,33.474998474121094,33.63999938964844,33.415000915527344,33.43000030517578,8884200
2011-05-10,21.103744506835938,33.66999816894531,33.72999954223633,33.4900016784668,33.5,11111800
2011-05-11,21.097476959228516,33.65999984741211,33.834999084472656,33.45000076293945,33.64500045776367,11215400
2011-05-12,21.407737731933594,34.154998779296875,34.21500015258789,33.584999084472656,33.68000030517578,17097400
2011-05-13,21.36699676513672,34.09000015258789,34.3849983215332,34.0099983215332,34.1349983215332,16011000
2011-05-16,21.257305145263672,33.915000915527344,34.1150016784668,33.86000061035156,34.04999923706055,12364600
2011-05-17,21.307445526123047,33.994998931884766,34.09000015258789,33.75,33.8650016784668,13276400
2011-05-18,21.40460205078125,34.150001525878906,34.17499923706055,33.82500076293945,34.0,13418000
2011-05-19,21.454736709594727,34.22999954223633,34.349998474121094,34.005001068115234,34.20500183105469,12960200
2011-05-20,21.40460205078125,34.150001525878906,34.2599983215332,33.94499969482422,34.15999984741211,12970600
2011-05-23,21.150758743286133,33.744998931884766,33.95000076293945,33.59000015258789,33.79499816894531,13230200
2011-05-24,21.14448356628418,33.73500061035156,33.88999938964844,33.60499954223633,33.83000183105469,10881000
2011-05-25,20.9689884185791,33.45500183105469,33.75,33.40999984741211,33.63999938964844,13132000
2011-05-26,20.903169631958008,33.349998474121094,33.45500183105469,33.150001525878906,33.369998931884766,14872400
2011-05-27,20.843629837036133,33.255001068115234,33.57500076293945,33.2400016784668,33.435001373291016,9097400
2011-05-31,20.937641143798828,33.404998779296875,33.619998931884766,33.31999969482422,33.470001220703125,20294000
2011-06-01,20.921977996826172,33.380001068115234,33.59000015258789,33.29999923706055,33.29999923706055,14883000
2011-06-02,20.696331024169922,33.02000045776367,33.380001068115234,32.810001373291016,33.32500076293945,14264200
2011-06-03,20.536510467529297,32.76499938964844,32.915000915527344,32.60499954223633,32.6349983215332,12937800
2011-06-06,20.502031326293945,32.709999084472656,32.8849983215332,32.68000030517578,32.755001068115234,10445400
2011-06-07,20.433088302612305,32.599998474121094,32.85499954223633,32.59000015258789,32.7599983215332,11522000
2011-06-08,20.495773315429688,32.70000076293945,32.76499938964844,32.53499984741211,32.6150016784668,11753000
2011-06-09,20.649330139160156,32.94499969482422,33.15999984741211,32.6349983215332,32.720001220703125,13112000
2011-06-10,20.492630004882812,32.69499969482422,32.90999984741211,32.619998931884766,32.84000015258789,14003200
2011-06-13,20.55576515197754,32.560001373291016,32.625,32.39500045776367,32.54999923706055,19081600
2011-06-14,20.7104434967041,32.80500030517578,32.91999816894531,32.650001525878906,32.70000076293945,14045000
2011-06-15,20.508420944213867,32.48500061035156,32.75,32.31999969482422,32.70500183105469,16378400
2011-06-16,20.672561645507812,32.744998931884766,32.880001068115234,32.400001525878906,32.48500061035156,15538800
2011-06-17,20.713592529296875,32.810001373291016,33.1150016784668,32.810001373291016,32.939998626708984,21317400
2011-06-20,20.77988624572754,32.915000915527344,33.06999969482422,32.685001373291016,32.685001373291016,11091800
2011-06-21,20.915620803833008,33.130001068115234,33.14500045776367,32.8849983215332,33.05500030517578,14265000
2011-06-22,20.959815979003906,33.20000076293945,33.40999984741211,33.05500030517578,33.14500045776367,15701200
2011-06-23,20.511581420898438,32.4900016784668,32.98500061035156,32.21500015258789,32.96500015258789,26467800
2011-06-24,20.495792388916016,32.46500015258789,32.689998626708984,32.36000061035156,32.53499984741211,32073800
2011-06-27,20.584169387817383,32.60499954223633,32.72999954223633,32.42499923706055,32.42499923706055,14777600
2011-06-28,20.843013763427734,33.01499938964844,33.04999923706055,32.67499923706055,32.7599983215332,12932400
2011-06-29,21.057666778564453,33.35499954223633,33.415000915527344,33.09000015258789,33.095001220703125,17035400
2011-06-30,21.240739822387695,33.64500045776367,33.744998931884766,33.40999984741211,33.4900016784668,15594600
2011-07-01,21.493270874023438,34.04499816894531,34.04499816894531,33.5099983215332,33.5099983215332,16487000
2011-07-05,21.559566497802734,34.150001525878906,34.39500045776367,34.040000915527344,34.040000915527344,14801200
2011-07-06,21.63217544555664,34.26499938964844,34.375,34.14500045776367,34.154998779296875,11486000
2011-07-07,21.701610565185547,34.375,34.44499969482422,34.290000915527344,34.40999984741211,12423400
2011-07-08,21.679502487182617,34.34000015258789,34.34000015258789,34.060001373291016,34.17499923706055,12671600
2011-07-11,21.496437072753906,34.04999923706055,34.13999938964844,33.85499954223633,33.875,14152400
2011-07-12,21.417518615722656,33.92499923706055,34.220001220703125,33.8650016784668,33.98500061035156,13343400
2011-07-13,21.483806610107422,34.029998779296875,34.21500015258789,33.8849983215332,34.084999084472656,14688000
2011-07-14,21.360698699951172,33.834999084472656,34.165000915527344,33.685001373291016,33.98500061035156,15011200
2011-07-15,21.31650161743164,33.76499938964844,33.935001373291016,33.63999938964844,33.92499923706055,17491600
2011-07-18,21.187076568603516,33.560001373291016,33.71500015258789,33.29499816894531,33.630001068115234,14792000
2011-07-19,21.881540298461914,34.65999984741211,34.88999938964844,33.76499938964844,33.849998474121094,37415400
2011-07-20,21.739490509033203,34.435001373291016,34.66999816894531,34.400001525878906,34.625,15833800
2011-07-21,21.887847900390625,34.66999816894531,34.810001373291016,34.25,34.40999984741211,22086600
2011-07-22,22.01095199584961,34.8650016784668,34.90999984741211,34.7400016784668,34.775001525878906,13323200
2011-07-25,21.862594604492188,34.630001068115234,34.779998779296875,34.505001068115234,34.560001373291016,13154800
2011-07-26,21.840496063232422,34.595001220703125,34.72999954223633,34.54499816894531,34.67499923706055,11830600
2011-07-27,21.682661056518555,34.345001220703125,34.625,34.27000045776367,34.3849983215332,18677600
2011-07-28,21.72055435180664,34.404998779296875,34.63999938964844,34.310001373291016,34.32500076293945,15270200
2011-07-29,21.46802520751953,34.005001068115234,34.42499923706055,33.95000076293945,34.18000030517578,20545600
2011-08-01,21.379636764526367,33.8650016784668,34.255001068115234,33.560001373291016,34.25,17654200
2011-08-02,21.17130470275879,33.53499984741211,33.80500030517578,33.53499984741211,33.70000076293945,18127600
2011-08-03,21.591123580932617,34.20000076293945,34.279998779296875,33.474998474121094,33.5,28086000
2011-08-04,20.77672576904297,32.90999984741211,34.064998626708984,32.869998931884766,33.8849983215332,32324800
2011-08-05,21.076608657836914,33.3849983215332,33.630001068115234,32.52000045776367,33.1349983215332,43916600
2011-08-08,20.55576515197754,32.560001373291016,33.60499954223633,32.474998474121094,33.09000015258789,50096800
2011-08-09,21.04819679260254,33.34000015258789,33.435001373291016,31.795000076293945,32.90999984741211,43128400
2011-08-10,20.189594268798828,31.979999542236328,33.25,31.850000381469727,33.119998931884766,38237200
2011-08-11,20.981904983520508,33.23500061035156,33.654998779296875,31.954999923706055,32.0,38406600
2011-08-12,21.193397521972656,33.56999969482422,33.875,33.20000076293945,33.380001068115234,20310400
2011-08-15,21.527999877929688,34.099998474121094,34.209999084472656,33.630001068115234,33.73500061035156,23081600
2011-08-16,21.51852798461914,34.084999084472656,34.2400016784668,33.78499984741211,33.845001220703125,21413800
2011-08-17,21.868907928466797,34.63999938964844,34.67499923706055,34.08000183105469,34.22999954223633,23176000
2011-08-18,21.389108657836914,33.880001068115234,34.470001220703125,33.529998779296875,34.125,39569000
2011-08-19,21.180776596069336,33.54999923706055,34.13999938964844,33.43000030517578,33.76499938964844,30478200
2011-08-22,21.234432220458984,33.6349983215332,34.029998779296875,33.584999084472656,34.005001068115234,19652800
2011-08-23,21.799463272094727,34.529998779296875,34.529998779296875,33.65999984741211,33.73500061035156,23951200
2011-08-24,21.99517822265625,34.84000015258789,34.85499954223633,34.275001525878906,34.415000915527344,19475400
2011-08-25,21.45539665222168,33.98500061035156,34.79999923706055,33.880001068115234,34.79999923706055,25320000
2011-08-26,21.62269401550293,34.25,34.3849983215332,33.349998474121094,33.96500015258789,19849600
2011-08-29,22.01095199584961,34.8650016784668,34.92499923706055,34.435001373291016,34.47999954223633,17660600
2011-08-30,22.0519962310791,34.93000030517578,35.13999938964844,34.7599983215332,34.88999938964844,31678000
2011-08-31,22.23823356628418,35.224998474121094,35.3849983215332,34.83000183105469,34.935001373291016,22322800
2011-09-01,22.23823356628418,35.224998474121094,35.54999923706055,34.88999938964844,35.04499816894531,23530000
2011-09-02,22.014102935791016,34.869998931884766,34.994998931884766,34.75,34.86000061035156,17530000
2011-09-06,21.91625213623047,34.71500015258789,34.77000045776367,33.69499969482422,33.71500015258789,25784600
2011-09-07,22.34871482849121,35.400001525878906,35.42499923706055,34.95500183105469,35.005001068115234,21287400
2011-09-08,22.465499877929688,35.584999084472656,35.8849983215332,35.275001525878906,35.33000183105469,24867600
2011-09-09,21.897319793701172,34.685001373291016,35.32500076293945,34.3650016784668,35.30500030517578,32891200
2011-09-12,21.900466918945312,34.689998626708984,34.77000045776367,34.099998474121094,34.224998474121094,29144200
2011-09-13,21.960865020751953,34.54999923706055,34.665000915527344,34.290000915527344,34.47999954223633,21421800
2011-09-14,22.173795700073242,34.8849983215332,35.25,34.27000045776367,34.66999816894531,22250000
2011-09-15,22.571056365966797,35.5099983215332,35.5099983215332,34.92499923706055,34.95500183105469,21186000
2011-09-16,22.637792587280273,35.6150016784668,35.84000015258789,35.5099983215332,35.689998626708984,34620600
2011-09-19,22.40262222290039,35.244998931884766,35.345001220703125,34.974998474121094,35.03499984741211,28571200
2011-09-20,22.453472137451172,35.32500076293945,35.7400016784668,35.2599983215332,35.39500045776367,18313400
2011-09-21,22.018064498901367,34.63999938964844,35.53499984741211,34.6349983215332,35.42499923706055,23531000
2011-09-22,21.554054260253906,33.90999984741211,34.07500076293945,33.310001373291016,33.685001373291016,36341000
2011-09-23,21.42693328857422,33.709999084472656,33.85499954223633,33.435001373291016,33.68000030517578,24284400
2011-09-26,21.852802276611328,34.380001068115234,34.44499969482422,33.83000183105469,34.005001068115234,24008200
2011-09-27,22.1102352142334,34.78499984741211,35.20500183105469,34.63999938964844,35.060001373291016,22249200
2011-09-28,21.630332946777344,34.029998779296875,35.08000183105469,33.94499969482422,34.90999984741211,19032600
2011-09-29,21.944971084594727,34.525001525878906,34.81999969482422,34.095001220703125,34.45500183105469,21372600
2011-09-30,21.47142219543457,33.779998779296875,34.54999923706055,33.779998779296875,34.224998474121094,25026200
2011-10-03,20.791311264038086,32.709999084472656,33.459999084472656,32.560001373291016,33.29499816894531,38471200
2011-10-04,20.730926513671875,32.6150016784668,32.71500015258789,31.670000076293945,32.41999816894531,30800000
2011-10-05,20.826269149780273,32.76499938964844,32.79999923706055,32.275001525878906,32.73500061035156,23037800
2011-10-06,20.78177261352539,32.69499969482422,33.0,32.224998474121094,32.98500061035156,25205400
2011-10-07,20.94386100769043,32.95000076293945,33.255001068115234,32.69499969482422,33.255001068115234,18857800
2011-10-10,21.261672973632812,33.45000076293945,33.46500015258789,33.005001068115234,33.279998779296875,12354400
2011-10-11,21.229890823364258,33.400001525878906,33.599998474121094,33.29499816894531,33.3650016784668,11161000
2011-10-12,21.44600486755371,33.7400016784668,33.98500061035156,33.39500045776367,33.625,17549600
2011-10-13,21.420576095581055,33.70000076293945,33.790000915527344,33.44499969482422,33.654998779296875,12909400
2011-10-14,21.563596725463867,33.92499923706055,34.099998474121094,33.67499923706055,34.099998474121094,13503000
2011-10-17,21.29345703125,33.5,33.92499923706055,33.40999984741211,33.90999984741211,20232800
2011-10-18,21.21082305908203,33.369998931884766,33.744998931884766,33.20000076293945,33.619998931884766,23650600
2011-10-19,21.30299186706543,33.51499938964844,33.90999984741211,33.435001373291016,33.494998931884766,15389400
2011-10-20,21.331588745117188,33.560001373291016,33.790000915527344,33.28499984741211,33.744998931884766,13323600
2011-10-21,21.671655654907227,34.095001220703125,34.15999984741211,33.72999954223633,33.970001220703125,23146600
2011-10-24,21.569957733154297,33.935001373291016,34.32500076293945,33.80500030517578,34.20000076293945,13609200
2011-10-25,21.277568817138672,33.474998474121094,33.96500015258789,33.400001525878906,33.95500183105469,14228200
2011-10-26,21.442827224731445,33.73500061035156,33.77000045776367,33.20500183105469,33.64500045776367,16041200
2011-10-27,21.79241943359375,34.28499984741211,34.54499816894531,34.04999923706055,34.46500015258789,26704600
2011-10-28,21.906829833984375,34.46500015258789,34.4900016784668,34.19499969482422,34.2599983215332,17307400
2011-10-31,21.712955474853516,34.15999984741211,34.525001525878906,34.14500045776367,34.32500076293945,18998600
2011-11-01,21.306167602539062,33.52000045776367,33.75,33.38999938964844,33.564998626708984,23682800
2011-11-02,21.538164138793945,33.8849983215332,34.029998779296875,33.67499923706055,33.709999084472656,14538600
2011-11-03,21.81784439086914,34.32500076293945,34.40999984741211,34.005001068115234,34.04999923706055,17363400
2011-11-04,21.541343688964844,33.88999938964844,34.07500076293945,33.64500045776367,33.97999954223633,15177200
2011-11-07,21.678003311157227,34.10499954223633,34.1349983215332,33.63999938964844,33.83000183105469,12513800
2011-11-08,21.81784439086914,34.32500076293945,34.36000061035156,33.900001525878906,34.14500045776367,12063600
2011-11-09,21.30299186706543,33.51499938964844,33.994998931884766,33.43000030517578,33.92499923706055,18243400
2011-11-10,21.417404174804688,33.69499969482422,33.875,33.45500183105469,33.80500030517578,16201600
2011-11-11,21.649404525756836,34.060001373291016,34.30500030517578,33.974998474121094,33.98500061035156,12882400
2011-11-14,21.544525146484375,33.89500045776367,33.98500061035156,33.709999084472656,33.89500045776367,9428600
2011-11-15,21.61125946044922,34.0,34.224998474121094,33.7400016784668,33.88999938964844,12217600
2011-11-16,21.296628952026367,33.505001068115234,33.900001525878906,33.45500183105469,33.834999084472656,17781400
2011-11-17,21.172677993774414,33.310001373291016,33.69499969482422,33.04999923706055,33.470001220703125,17467200
2011-11-18,21.417404174804688,33.69499969482422,33.85499954223633,33.45000076293945,33.60499954223633,18688400
2011-11-21,20.959753036499023,32.974998474121094,33.439998626708984,32.69499969482422,33.345001220703125,18588200
2011-11-22,20.966108322143555,32.98500061035156,33.18000030517578,32.77000045776367,32.80500030517578,11787600
2011-11-23,20.61651039123535,32.435001373291016,32.75,32.400001525878906,32.72999954223633,14089600
2011-11-25,20.575193405151367,32.369998931884766,32.68000030517578,32.369998931884766,32.57500076293945,7572600
2011-11-28,20.711854934692383,32.584999084472656,32.875,32.375,32.630001068115234,21318200
2011-11-29,21.1888370513916,33.095001220703125,33.25,32.505001068115234,32.584999084472656,21656200
2011-11-30,21.52176856994629,33.6150016784668,33.97999954223633,33.36000061035156,33.66999816894531,25300400
2011-12-01,21.393714904785156,33.415000915527344,33.790000915527344,33.34000015258789,33.5,15429000
2011-12-02,21.249664306640625,33.189998626708984,33.775001525878906,33.084999084472656,33.72999954223633,21170400
2011-12-05,21.227245330810547,33.154998779296875,33.595001220703125,32.939998626708984,33.470001220703125,17955200
2011-12-06,21.345699310302734,33.34000015258789,33.5099983215332,33.06999969482422,33.244998931884766,16730800
2011-12-07,21.37770652770996,33.38999938964844,33.53499984741211,33.099998474121094,33.275001525878906,16832800
2011-12-08,21.361705780029297,33.3650016784668,33.619998931884766,33.279998779296875,33.349998474121094,16118200
2011-12-09,21.63060188293457,33.78499984741211,33.875,33.459999084472656,33.55500030517578,18298200
2011-12-12,21.412921905517578,33.44499969482422,33.75,33.15999984741211,33.630001068115234,13380200
2011-12-13,21.28167152404785,33.2400016784668,33.6349983215332,33.14500045776367,33.54499816894531,14276200
2011-12-14,21.211238861083984,33.130001068115234,33.45500183105469,33.03499984741211,33.125,15762200
2011-12-15,21.412921905517578,33.44499969482422,33.69499969482422,33.39500045776367,33.45500183105469,13474600
2011-12-16,21.5889892578125,33.720001220703125,33.86000061035156,33.630001068115234,33.73500061035156,23957200
2011-12-19,21.56658172607422,33.685001373291016,33.935001373291016,33.61000061035156,33.72999954223633,11762000
2011-12-20,21.89630889892578,34.20000076293945,34.31999969482422,33.915000915527344,33.939998626708984,15931000
2011-12-21,22.270845413208008,34.78499984741211,34.900001525878906,34.15999984741211,34.2599983215332,18730400
2011-12-22,22.149198532104492,34.595001220703125,34.79999923706055,34.44499969482422,34.66999816894531,15586800
2011-12-23,22.389297485351562,34.970001220703125,34.98500061035156,34.60499954223633,34.6150016784668,9255200
2011-12-27,22.37008285522461,34.939998626708984,35.099998474121094,34.904998779296875,34.904998779296875,10099800
2011-12-28,22.251636505126953,34.755001068115234,35.025001525878906,34.70000076293945,34.90999984741211,8210000
2011-12-29,22.459720611572266,35.08000183105469,35.095001220703125,34.755001068115234,34.79999923706055,8734000
2011-12-30,22.398895263671875,34.98500061035156,35.14500045776367,34.98500061035156,35.0,7862000
2012-01-03,22.45332145690918,35.06999969482422,35.35499954223633,35.04999923706055,35.07500076293945,15639600
2012-01-04,22.312463760375977,34.849998474121094,35.03499984741211,34.75,34.95500183105469,14239200
2012-01-05,22.206825256347656,34.685001373291016,34.935001373291016,34.67499923706055,34.880001068115234,14287600
2012-01-06,22.06597137451172,34.46500015258789,34.814998626708984,34.310001373291016,34.73500061035156,13646600
2012-01-09,22.06597137451172,34.46500015258789,34.584999084472656,34.400001525878906,34.5,10522600
2012-01-10,22.19721031188965,34.66999816894531,34.7599983215332,34.55500030517578,34.73500061035156,12964400
2012-01-11,21.787464141845703,34.029998779296875,34.3849983215332,33.775001525878906,34.185001373291016,23428800
2012-01-12,21.63060188293457,33.78499984741211,34.25,33.67499923706055,34.209999084472656,15237000
2012-01-13,21.444934844970703,33.494998931884766,33.71500015258789,33.28499984741211,33.66999816894531,19991800
2012-01-17,21.560178756713867,33.67499923706055,33.939998626708984,33.65999984741211,33.869998931884766,15577000
2012-01-18,21.637006759643555,33.79499816894531,33.90999984741211,33.59000015258789,33.72999954223633,13282200
2012-01-19,21.592191696166992,33.724998474121094,33.869998931884766,33.630001068115234,33.82500076293945,13544800
2012-01-20,21.79706382751465,34.04499816894531,34.060001373291016,33.70000076293945,33.77000045776367,19158600
2012-01-23,21.93791961669922,34.26499938964844,34.310001373291016,33.95500183105469,34.0,13803200
2012-01-24,21.736244201660156,33.95000076293945,34.25,33.85499954223633,34.08000183105469,14751200
2012-01-25,21.905914306640625,34.21500015258789,34.25,33.77000045776367,33.95500183105469,14476000
2012-01-26,21.771451950073242,34.005001068115234,34.310001373291016,33.880001068115234,34.310001373291016,14721000
2012-01-27,21.5889892578125,33.720001220703125,34.06999969482422,33.6150016784668,33.95500183105469,16825000
2012-01-30,21.595386505126953,33.72999954223633,33.78499984741211,33.51499938964844,33.64500045776367,10591600
2012-01-31,21.6177978515625,33.76499938964844,33.9900016784668,33.59000015258789,33.9900016784668,13543400
2012-02-01,21.720233917236328,33.92499923706055,34.16999816894531,33.900001525878906,33.939998626708984,14915000
2012-02-02,21.713834762573242,33.915000915527344,34.119998931884766,33.875,34.03499984741211,13150000
2012-02-03,21.79386329650879,34.040000915527344,34.244998931884766,33.91999816894531,34.130001068115234,16555800
2012-02-06,21.77785873413086,34.01499938964844,34.1150016784668,33.849998474121094,33.91999816894531,14586400
2012-02-07,21.944326400756836,34.275001525878906,34.724998474121094,33.814998626708984,34.04499816894531,24269600
2012-02-08,21.87389373779297,34.165000915527344,34.42499923706055,34.099998474121094,34.41999816894531,16428400
2012-02-09,21.758651733398438,33.98500061035156,34.19499969482422,33.8849983215332,34.18000030517578,16311400
2012-02-10,21.749053955078125,33.970001220703125,33.970001220703125,33.709999084472656,33.76499938964844,10994600
2012-02-13,21.90911102294922,34.220001220703125,34.29999923706055,34.04499816894531,34.209999084472656,11091000
2012-02-14,22.056371688842773,34.45000076293945,34.46500015258789,34.04999923706055,34.23500061035156,12596000
2012-02-15,21.89630889892578,34.20000076293945,34.625,34.1150016784668,34.6150016784668,14776800
2012-02-16,22.043560028076172,34.43000030517578,34.494998931884766,34.209999084472656,34.30500030517578,11752000
2012-02-17,22.104379653930664,34.525001525878906,34.584999084472656,34.29999923706055,34.53499984741211,14841800
2012-02-21,22.03075408935547,34.40999984741211,34.525001525878906,34.25,34.439998626708984,13424800
2012-02-22,22.16840934753418,34.625,34.66999816894531,34.29999923706055,34.29999923706055,13766400
2012-02-23,22.145998001098633,34.59000015258789,34.650001525878906,34.459999084472656,34.54499816894531,11120000
2012-02-24,22.088380813598633,34.5,34.75,34.415000915527344,34.67499923706055,12485400
2012-02-27,22.03395652770996,34.415000915527344,34.5,34.2599983215332,34.345001220703125,12086200
2012-02-28,22.04035758972168,34.42499923706055,34.54999923706055,34.400001525878906,34.474998474121094,9049000
2012-02-29,22.36368751525879,34.93000030517578,34.9900016784668,34.45000076293945,34.45000076293945,23464400
2012-03-01,22.280445098876953,34.79999923706055,34.97999954223633,34.69499969482422,34.935001373291016,15294200
2012-03-02,22.145998001098633,34.59000015258789,34.79999923706055,34.48500061035156,34.70500183105469,11995800
2012-03-05,22.162012100219727,34.6150016784668,34.66999816894531,34.5,34.5099983215332,10338600
2012-03-06,22.011547088623047,34.380001068115234,34.54499816894531,34.31999969482422,34.40999984741211,13161200
2012-03-07,22.021148681640625,34.39500045776367,34.470001220703125,34.25,34.375,10933800
2012-03-08,22.17481231689453,34.6349983215332,34.75,34.54999923706055,34.59000015258789,33754800
2012-03-09,22.251636505126953,34.755001068115234,34.869998931884766,34.654998779296875,34.71500015258789,36742600
2012-03-12,22.45651626586914,35.07500076293945,35.16999816894531,34.66999816894531,34.7400016784668,18143600
2012-03-13,22.653226852416992,35.125,35.14500045776367,34.755001068115234,34.755001068115234,18068000
2012-03-14,22.64354705810547,35.11000061035156,35.310001373291016,35.04999923706055,35.130001068115234,12918000
2012-03-15,22.679019927978516,35.165000915527344,35.16999816894531,34.88999938964844,35.1349983215332,17991400
2012-03-16,22.62420654296875,35.08000183105469,35.22999954223633,34.939998626708984,35.189998626708984,22898800
2012-03-19,22.70159339904785,35.20000076293945,35.26499938964844,35.0,35.10499954223633,10652400
2012-03-20,22.76285743713379,35.29499816894531,35.3849983215332,34.96500015258789,35.01499938964844,10180400
2012-03-21,22.93376350402832,35.560001373291016,35.70000076293945,35.17499923706055,35.2400016784668,19870800
2012-03-22,23.030502319335938,35.709999084472656,35.790000915527344,35.470001220703125,35.505001068115234,14252800
2012-03-23,23.053077697753906,35.744998931884766,35.79999923706055,35.64500045776367,35.70000076293945,16206600
2012-03-26,23.185293197631836,35.95000076293945,35.95000076293945,35.79499816894531,35.869998931884766,11536400
2012-03-27,23.175617218017578,35.935001373291016,35.9900016784668,35.82500076293945,35.90999984741211,11430400
2012-03-28,23.430360794067383,36.33000183105469,36.40999984741211,35.95000076293945,35.97999954223633,26260600
2012-03-29,23.80120086669922,36.904998779296875,37.19499969482422,36.1349983215332,36.17499923706055,41063600
2012-03-30,23.865697860717773,37.005001068115234,37.06999969482422,36.654998779296875,36.810001373291016,26555800
2012-04-02,23.907608032226562,37.06999969482422,37.099998474121094,36.81999969482422,36.915000915527344,14579000
2012-04-03,23.785078048706055,36.880001068115234,37.040000915527344,36.72999954223633,36.834999084472656,12989200
2012-04-04,23.6883487701416,36.72999954223633,36.79999923706055,36.60499954223633,36.64500045776367,12487400
2012-04-05,23.691570281982422,36.73500061035156,36.7599983215332,36.53499984741211,36.63999938964844,11531400
2012-04-09,23.498088836669922,36.435001373291016,36.55500030517578,36.369998931884766,36.47999954223633,9806800
2012-04-10,23.223989486694336,36.0099983215332,36.310001373291016,35.974998474121094,36.290000915527344,17290600
2012-04-11,23.256227493286133,36.060001373291016,36.23500061035156,35.91999816894531,36.21500015258789,12026600
2012-04-12,23.288480758666992,36.11000061035156,36.130001068115234,35.90999984741211,36.07500076293945,10640600
2012-04-13,23.19818687438965,35.970001220703125,36.29999923706055,35.970001220703125,36.11000061035156,10525600
2012-04-16,23.35942268371582,36.220001220703125,36.39500045776367,36.06999969482422,36.11000061035156,14147600
2012-04-17,23.846345901489258,36.974998474121094,37.2400016784668,36.59000015258789,36.59000015258789,22614400
2012-04-18,23.91728401184082,37.084999084472656,37.17499923706055,36.8650016784668,36.90999984741211,11779800
2012-04-19,23.80443572998047,36.90999984741211,37.16999816894531,36.709999084472656,37.14500045776367,10731200
2012-04-20,23.904388427734375,37.064998626708984,37.17499923706055,36.869998931884766,36.97999954223633,13461000
2012-04-23,23.76250457763672,36.845001220703125,37.03499984741211,36.665000915527344,36.9900016784668,10472200
2012-04-24,23.901172637939453,37.060001373291016,37.17499923706055,36.85499954223633,36.959999084472656,10288000
2012-04-25,24.162368774414062,37.46500015258789,37.525001525878906,37.154998779296875,37.27000045776367,18596000
2012-04-26,24.41389274597168,37.85499954223633,37.98500061035156,37.40999984741211,37.474998474121094,16782000
2012-04-27,24.710540771484375,38.314998626708984,38.90999984741211,37.959999084472656,37.97999954223633,25103000
2012-04-30,24.610595703125,38.15999984741211,38.45000076293945,37.96500015258789,38.209999084472656,26517600
2012-05-01,24.807294845581055,38.46500015258789,38.5,38.13999938964844,38.27000045776367,13841000
2012-05-02,24.8814640045166,38.58000183105469,38.625,38.31999969482422,38.369998931884766,16558600
2012-05-03,24.971755981445312,38.720001220703125,38.81999969482422,38.599998474121094,38.68000030517578,15612000
2012-05-04,24.829858779907227,38.5,38.79999923706055,38.47999954223633,38.654998779296875,13160800
2012-05-07,24.920164108276367,38.63999938964844,38.724998474121094,38.42499923706055,38.48500061035156,8965400
2012-05-08,24.875011444091797,38.56999969482422,38.63999938964844,38.310001373291016,38.505001068115234,10561600
2012-05-09,24.758926391601562,38.38999938964844,38.595001220703125,38.244998931884766,38.29499816894531,14070800
2012-05-10,24.96207618713379,38.70500183105469,38.849998474121094,38.599998474121094,38.60499954223633,12659200
2012-05-11,24.981426239013672,38.73500061035156,38.869998931884766,38.599998474121094,38.599998474121094,10604000
2012-05-14,24.78795051574707,38.435001373291016,38.625,38.310001373291016,38.560001373291016,15411800
2012-05-15,24.691194534301758,38.28499984741211,38.57500076293945,38.130001068115234,38.279998779296875,16397800
2012-05-16,24.613815307617188,38.165000915527344,38.41999816894531,37.959999084472656,38.33000183105469,17804400
2012-05-17,24.223634719848633,37.560001373291016,38.150001525878906,37.494998931884766,38.084999084472656,22310800
2012-05-18,23.878591537475586,37.025001525878906,37.64500045776367,36.73500061035156,37.625,31913000
2012-05-21,24.026935577392578,37.255001068115234,37.29999923706055,37.064998626708984,37.10499954223633,13488800
2012-05-22,23.923730850219727,37.095001220703125,37.290000915527344,36.95500183105469,37.290000915527344,15260600
2012-05-23,24.039819717407227,37.275001525878906,37.28499984741211,36.90999984741211,37.0,18000000
2012-05-24,24.365522384643555,37.779998779296875,37.92499923706055,37.29999923706055,37.39500045776367,20204600
2012-05-25,24.259098052978516,37.6150016784668,37.845001220703125,37.505001068115234,37.810001373291016,8999600
2012-05-29,24.333271026611328,37.72999954223633,37.8650016784668,37.529998779296875,37.8650016784668,10533800
2012-05-30,24.20427894592285,37.529998779296875,37.625,37.40999984741211,37.53499984741211,13884600
2012-05-31,24.097869873046875,37.3650016784668,37.61000061035156,37.33000183105469,37.47999954223633,15147600
2012-06-01,23.56902503967285,36.54499816894531,37.224998474121094,36.505001068115234,36.994998931884766,20843400
2012-06-04,23.746379852294922,36.81999969482422,36.869998931884766,36.279998779296875,36.51499938964844,13397200
2012-06-05,23.617382049560547,36.619998931884766,36.81999969482422,36.525001525878906,36.665000915527344,12275200
2012-06-06,24.05917739868164,37.30500030517578,37.30500030517578,36.650001525878906,36.69499969482422,12496400
2012-06-07,23.952756881713867,37.13999938964844,37.529998779296875,37.099998474121094,37.494998931884766,14342800
2012-06-08,24.2623291015625,37.619998931884766,37.685001373291016,37.07500076293945,37.08000183105469,11594200
2012-06-11,24.07530975341797,37.33000183105469,37.88999938964844,37.310001373291016,37.86000061035156,10657200
2012-06-12,24.24942970275879,37.599998474121094,37.625,37.16999816894531,37.4900016784668,11911200
2012-06-13,24.249427795410156,37.345001220703125,37.564998626708984,37.23500061035156,37.30500030517578,9376200
2012-06-14,24.590328216552734,37.869998931884766,38.0,37.349998474121094,37.39500045776367,13945400
2012-06-15,24.70396614074707,38.04499816894531,38.099998474121094,37.709999084472656,38.060001373291016,19748800
2012-06-18,24.66824722290039,37.9900016784668,38.209999084472656,37.8849983215332,37.97999954223633,10457200
2012-06-19,24.590328216552734,37.869998931884766,38.125,37.83000183105469,38.125,11115400
2012-06-20,24.53189468383789,37.779998779296875,37.869998931884766,37.41999816894531,37.845001220703125,14706800
2012-06-21,24.242935180664062,37.334999084472656,37.994998931884766,37.310001373291016,37.89500045776367,12804000
2012-06-22,24.330596923828125,37.470001220703125,37.650001525878906,37.43000030517578,37.474998474121094,15252800
2012-06-25,24.27539825439453,37.3849983215332,37.41999816894531,37.084999084472656,37.22999954223633,9734200
2012-06-26,24.37604522705078,37.540000915527344,37.68000030517578,37.099998474121094,37.494998931884766,11859400
2012-06-27,24.78512191772461,38.16999816894531,38.2400016784668,37.619998931884766,37.619998931884766,13644400
2012-06-28,24.859790802001953,38.28499984741211,38.334999084472656,37.845001220703125,38.04999923706055,10891200
2012-06-29,25.385765075683594,39.095001220703125,39.095001220703125,38.540000915527344,38.564998626708984,18519800
2012-07-02,25.62277603149414,39.459999084472656,39.5,39.005001068115234,39.04999923706055,13350200
2012-07-03,25.70069694519043,39.58000183105469,39.68000030517578,39.35499954223633,39.44499969482422,7335000
2012-07-05,25.47017478942871,39.224998474121094,39.56999969482422,39.099998474121094,39.5099983215332,10546400
2012-07-06,25.372777938842773,39.07500076293945,39.14500045776367,38.91999816894531,39.0099983215332,10036000
2012-07-09,25.317583084106445,38.9900016784668,39.10499954223633,38.85499954223633,39.029998779296875,8615600
2012-07-10,25.317583084106445,38.9900016784668,39.27000045776367,38.90999984741211,39.26499938964844,11583400
2012-07-11,25.14875602722168,38.72999954223633,38.974998474121094,38.57500076293945,38.95000076293945,13645600
2012-07-12,24.882526397705078,38.31999969482422,38.6349983215332,38.2599983215332,38.51499938964844,19104000
2012-07-13,25.090322494506836,38.63999938964844,38.79499816894531,38.16999816894531,38.314998626708984,13307400
2012-07-16,24.830583572387695,38.2400016784668,38.70000076293945,38.099998474121094,38.54999923706055,17575600
2012-07-17,25.223432540893555,38.845001220703125,39.33000183105469,38.380001068115234,39.029998779296875,21209600
2012-07-18,25.142263412475586,38.720001220703125,38.84000015258789,38.40999984741211,38.81999969482422,13852000
2012-07-19,25.177974700927734,38.775001525878906,38.79999923706055,38.25,38.7599983215332,18050400
2012-07-20,25.009151458740234,38.51499938964844,38.67499923706055,38.39500045776367,38.6349983215332,16436000
2012-07-23,24.960447311401367,38.439998626708984,38.5,38.185001373291016,38.275001525878906,10655800
2012-07-24,24.889015197753906,38.33000183105469,38.474998474121094,38.04999923706055,38.45000076293945,10445800
2012-07-25,25.005903244018555,38.5099983215332,38.61000061035156,38.3650016784668,38.474998474121094,9020400
2012-07-26,25.60004234313965,39.42499923706055,39.45500183105469,38.849998474121094,38.849998474121094,14144600
2012-07-27,25.976665496826172,40.005001068115234,40.119998931884766,39.45000076293945,39.525001525878906,17825000
2012-07-30,26.3370361328125,40.560001373291016,40.584999084472656,39.78499984741211,39.8849983215332,15947800
2012-07-31,26.233150482177734,40.400001525878906,40.665000915527344,40.19499969482422,40.349998474121094,16333600
2012-08-01,26.301328659057617,40.505001068115234,40.625,40.29499816894531,40.48500061035156,12954600
2012-08-02,25.89224624633789,39.875,40.5,39.7599983215332,40.3650016784668,13393200
2012-08-03,26.24289321899414,40.415000915527344,40.494998931884766,40.005001068115234,40.095001220703125,11834200
2012-08-06,26.18120002746582,40.31999969482422,40.625,40.310001373291016,40.505001068115234,9179400
2012-08-07,25.898746490478516,39.8849983215332,40.4900016784668,39.875,40.41999816894531,12782800
2012-08-08,25.830551147460938,39.779998779296875,40.0,39.68000030517578,39.85499954223633,8790200
2012-08-09,25.726675033569336,39.619998931884766,39.88999938964844,39.415000915527344,39.73500061035156,9583400
2012-08-10,25.580568313598633,39.39500045776367,39.60499954223633,39.30500030517578,39.58000183105469,40577600
2012-08-13,25.518875122070312,39.29999923706055,39.38999938964844,39.04999923706055,39.310001373291016,8898200
2012-08-14,25.570823669433594,39.380001068115234,39.66999816894531,39.25,39.599998474121094,10841200
2012-08-15,25.55134391784668,39.349998474121094,39.54999923706055,39.22999954223633,39.41999816894531,7692500
2012-08-16,25.681209564208984,39.54999923706055,39.630001068115234,39.310001373291016,39.400001525878906,8824100
2012-08-17,25.66823387145996,39.529998779296875,39.72999954223633,39.27000045776367,39.65999984741211,10541000
2012-08-20,25.629268646240234,39.470001220703125,39.59000015258789,39.2599983215332,39.540000915527344,9211800
2012-08-21,25.492900848388672,39.2599983215332,39.689998626708984,39.22999954223633,39.40999984741211,8329000
2012-08-22,25.174732208251953,38.77000045776367,39.25,38.689998626708984,39.13999938964844,13479200
2012-08-23,24.746170043945312,38.11000061035156,38.84000015258789,38.02000045776367,38.810001373291016,14973300
2012-08-24,24.97992706298828,38.470001220703125,38.54999923706055,38.06999969482422,38.06999969482422,9317800
2012-08-27,24.78512191772461,38.16999816894531,38.560001373291016,38.119998931884766,38.560001373291016,9589400
2012-08-28,24.674741744995117,38.0,38.31999969482422,37.77000045776367,38.13999938964844,16148800
2012-08-29,24.324094772338867,37.459999084472656,38.04999923706055,37.380001068115234,38.04999923706055,23435400
2012-08-30,24.116313934326172,37.13999938964844,37.630001068115234,37.130001068115234,37.380001068115234,17041800
2012-08-31,24.285139083862305,37.400001525878906,37.58000183105469,37.150001525878906,37.40999984741211,20710300
2012-09-04,24.20722007751465,37.279998779296875,37.59000015258789,37.220001220703125,37.52000045776367,17293400
2012-09-05,24.3565673828125,37.5099983215332,37.619998931884766,37.11000061035156,37.36000061035156,20839200
2012-09-06,24.77214813232422,38.150001525878906,38.29999923706055,37.70000076293945,37.779998779296875,19851400
2012-09-07,24.60980224609375,37.900001525878906,38.5,37.7400016784668,38.380001068115234,16391700
2012-09-10,24.45397186279297,37.65999984741211,37.97999954223633,37.59000015258789,37.959999084472656,18216900
2012-09-11,24.525390625,37.77000045776367,37.83000183105469,37.560001373291016,37.630001068115234,16505000
2012-09-12,24.548274993896484,37.54999923706055,37.83000183105469,37.5099983215332,37.790000915527344,14632200
2012-09-13,25.071273803710938,38.349998474121094,38.4900016784668,37.61000061035156,37.72999954223633,23803400
2012-09-14,24.92091941833496,38.119998931884766,38.54999923706055,38.0099983215332,38.54999923706055,25087400
2012-09-17,25.071273803710938,38.349998474121094,38.380001068115234,38.029998779296875,38.15999984741211,23594400
2012-09-18,25.247787475585938,38.619998931884766,39.0,38.29999923706055,38.380001068115234,24373700
2012-09-19,25.18240737915039,38.52000045776367,38.810001373291016,38.40999984741211,38.65999984741211,26276800
2012-09-20,25.260866165161133,38.63999938964844,38.869998931884766,38.380001068115234,38.38999938964844,26953000
2012-09-21,24.862079620361328,38.029998779296875,38.7400016784668,37.880001068115234,38.72999954223633,98967500
2012-09-24,24.92091941833496,38.119998931884766,38.2400016784668,37.810001373291016,37.810001373291016,21902000
2012-09-25,24.63326644897461,37.68000030517578,38.27000045776367,37.65999984741211,38.209999084472656,20299200
2012-09-26,24.685569763183594,37.7599983215332,38.189998626708984,37.7400016784668,37.779998779296875,16677400
2012-09-27,25.045120239257812,38.310001373291016,38.349998474121094,37.900001525878906,38.060001373291016,15176100
2012-09-28,24.79670524597168,37.93000030517578,38.220001220703125,37.900001525878906,38.16999816894531,22721200
2012-10-01,25.090892791748047,38.380001068115234,38.599998474121094,38.150001525878906,38.15999984741211,16671400
2012-10-02,25.06473731994629,38.34000015258789,38.689998626708984,38.11000061035156,38.560001373291016,10276000
2012-10-03,24.999366760253906,38.2400016784668,38.52000045776367,38.13999938964844,38.31999969482422,13637100
2012-10-04,25.058197021484375,38.33000183105469,38.54999923706055,38.189998626708984,38.459999084472656,9654500
2012-10-05,25.22163963317871,38.58000183105469,38.599998474121094,38.25,38.4900016784668,12287900
2012-10-08,25.22163963317871,38.58000183105469,38.68000030517578,38.439998626708984,38.540000915527344,9434600
2012-10-09,25.20856475830078,38.560001373291016,38.83000183105469,38.459999084472656,38.5,13078700
2012-10-10,24.901309967041016,38.09000015258789,38.72999954223633,38.04999923706055,38.650001525878906,13754500
2012-10-11,24.914384841918945,38.11000061035156,38.279998779296875,38.02000045776367,38.20000076293945,10843800
2012-10-12,24.99283218383789,38.22999954223633,38.38999938964844,38.11000061035156,38.2599983215332,12059700
2012-10-15,24.927453994750977,38.130001068115234,38.25,38.0099983215332,38.09000015258789,13785100
2012-10-16,24.777088165283203,37.900001525878906,38.220001220703125,37.439998626708984,38.18000030517578,25811800
2012-10-17,24.6724910736084,37.7400016784668,38.150001525878906,37.70000076293945,38.060001373291016,15449600
2012-10-18,24.737869262695312,37.84000015258789,38.06999969482422,37.459999084472656,37.7599983215332,23063300
2012-10-19,24.450212478637695,37.400001525878906,37.939998626708984,37.400001525878906,37.93000030517578,19864500
2012-10-22,24.339078903198242,37.22999954223633,37.47999954223633,36.959999084472656,37.369998931884766,13340500
2012-10-23,23.93375587463379,36.61000061035156,36.97999954223633,36.540000915527344,36.959999084472656,13287300
2012-10-24,24.11026382446289,36.880001068115234,37.040000915527344,36.599998474121094,36.599998474121094,13531400
2012-10-25,24.24754524230957,37.09000015258789,37.189998626708984,36.849998474121094,37.0,10457900
2012-10-26,24.214862823486328,37.040000915527344,37.2599983215332,36.779998779296875,37.119998931884766,11896500
2012-10-31,24.306392669677734,37.18000030517578,37.40999984741211,36.91999816894531,37.15999984741211,11643500
2012-11-01,24.40445899963379,37.33000183105469,37.560001373291016,37.150001525878906,37.150001525878906,10622300
2012-11-02,24.24102020263672,37.08000183105469,37.650001525878906,37.0,37.58000183105469,11237500
2012-11-05,24.038354873657227,36.77000045776367,36.9900016784668,36.630001068115234,36.95000076293945,12139600
2012-11-06,24.463293075561523,37.41999816894531,37.47999954223633,36.86000061035156,36.91999816894531,11448400
2012-11-07,24.00566864013672,36.720001220703125,37.38999938964844,36.400001525878906,37.279998779296875,16745000
2012-11-08,23.77031707763672,36.36000061035156,37.11000061035156,36.36000061035156,36.650001525878906,12921700
2012-11-09,23.72455596923828,36.290000915527344,36.52000045776367,36.04999923706055,36.04999923706055,11520300
2012-11-12,23.58726692199707,36.08000183105469,36.290000915527344,35.9900016784668,36.290000915527344,10169700
2012-11-13,23.639564514160156,36.15999984741211,36.560001373291016,35.97999954223633,36.029998779296875,12105200
2012-11-14,23.541507720947266,36.0099983215332,36.36000061035156,35.869998931884766,36.189998626708984,13508300
2012-11-15,23.816078186035156,36.43000030517578,36.47999954223633,35.86000061035156,35.900001525878906,17643600
2012-11-16,23.90106773376465,36.560001373291016,36.650001525878906,36.27000045776367,36.4900016784668,15624800
2012-11-19,24.345619201660156,37.2400016784668,37.290000915527344,36.810001373291016,36.849998474121094,14076200
2012-11-20,24.352153778076172,37.25,37.27000045776367,36.849998474121094,37.22999954223633,12278600
2012-11-21,24.443675994873047,37.38999938964844,37.470001220703125,37.220001220703125,37.33000183105469,8631300
2012-11-23,24.79670524597168,37.93000030517578,37.95000076293945,37.4900016784668,37.54999923706055,5365500
2012-11-26,24.424068450927734,37.36000061035156,37.779998779296875,37.22999954223633,37.58000183105469,13217000
2012-11-27,24.463293075561523,37.41999816894531,37.790000915527344,37.34000015258789,37.439998626708984,11873700
2012-11-28,24.723299026489258,37.560001373291016,37.56999969482422,36.79999923706055,37.060001373291016,14846300
2012-11-29,24.9931697845459,37.970001220703125,37.970001220703125,37.5,37.68000030517578,12433700
2012-11-30,24.960254669189453,37.91999816894531,37.97999954223633,37.65999984741211,37.939998626708984,13039500
2012-12-03,24.604814529418945,37.380001068115234,37.939998626708984,37.33000183105469,37.900001525878906,12864900
2012-12-04,24.453413009643555,37.150001525878906,37.4900016784668,37.13999938964844,37.310001373291016,11794200
2012-12-05,24.558732986450195,37.310001373291016,37.5,37.08000183105469,37.20000076293945,14561400
2012-12-06,24.604814529418945,37.380001068115234,37.439998626708984,37.29999923706055,37.34000015258789,8974700
2012-12-07,24.8220272064209,37.709999084472656,37.7400016784668,37.38999938964844,37.439998626708984,10654700
2012-12-10,24.775943756103516,37.63999938964844,37.779998779296875,37.5099983215332,37.70000076293945,8603200
2012-12-11,24.920766830444336,37.86000061035156,37.9900016784668,37.58000183105469,37.630001068115234,10671300
2012-12-12,24.775943756103516,37.63999938964844,37.93000030517578,37.5,37.88999938964844,14681700
2012-12-13,24.749624252319336,37.599998474121094,37.790000915527344,37.529998779296875,37.70000076293945,11442100
2012-12-14,24.789108276367188,37.65999984741211,37.77000045776367,37.5,37.52000045776367,11800900
2012-12-17,24.68379783630371,37.5,37.81999969482422,37.380001068115234,37.790000915527344,17588900
2012-12-18,24.538982391357422,37.279998779296875,37.70000076293945,37.130001068115234,37.529998779296875,17952100
2012-12-19,24.209867477416992,36.779998779296875,37.290000915527344,36.77000045776367,37.25,17991900
2012-12-20,24.387592315673828,37.04999923706055,37.099998474121094,36.650001525878906,36.689998626708984,16182700
2012-12-21,24.28227424621582,36.88999938964844,37.189998626708984,36.529998779296875,37.0,27942400
2012-12-24,24.17696189880371,36.72999954223633,36.79999923706055,36.56999969482422,36.720001220703125,4851800
2012-12-26,23.9729061126709,36.41999816894531,36.79999923706055,36.2400016784668,36.70000076293945,9982100
2012-12-27,23.9729061126709,36.41999816894531,36.54999923706055,36.20000076293945,36.349998474121094,11380600
2012-12-28,23.67669677734375,35.970001220703125,36.41999816894531,35.95000076293945,36.220001220703125,14053400
2012-12-31,23.86100959777832,36.25,36.279998779296875,35.58000183105469,35.880001068115234,15651400
2013-01-02,24.749624252319336,37.599998474121094,37.599998474121094,36.65999984741211,36.9900016784668,21872400
2013-01-03,24.749624252319336,37.599998474121094,37.599998474121094,37.11000061035156,37.45000076293945,16357900
2013-01-04,24.789108276367188,37.65999984741211,37.869998931884766,37.52000045776367,37.650001525878906,15311300
2013-01-07,24.552152633666992,37.29999923706055,37.52000045776367,37.099998474121094,37.52000045776367,14610200
2013-01-08,24.381011962890625,37.040000915527344,37.279998779296875,36.90999984741211,37.189998626708984,14324300
2013-01-09,24.374422073364258,37.029998779296875,37.20000076293945,36.83000183105469,37.20000076293945,10563700
2013-01-10,24.32834815979004,36.959999084472656,37.16999816894531,36.7599983215332,37.119998931884766,15603700
2013-01-11,24.295446395874023,36.90999984741211,36.939998626708984,36.52000045776367,36.84000015258789,15644800
2013-01-14,24.348098754882812,36.9900016784668,37.11000061035156,36.79999923706055,36.95000076293945,11001500
2013-01-15,24.565322875976562,37.31999969482422,37.43000030517578,36.79999923706055,36.9900016784668,12721600
2013-01-16,24.565322875976562,37.31999969482422,37.41999816894531,37.119998931884766,37.209999084472656,9168000
2013-01-17,24.690383911132812,37.5099983215332,37.65999984741211,37.33000183105469,37.43000030517578,12121800
2013-01-18,24.815454483032227,37.70000076293945,37.709999084472656,37.310001373291016,37.4900016784668,14056100
2013-01-22,24.44025230407715,37.130001068115234,37.7400016784668,37.04999923706055,37.7400016784668,21249400
2013-01-23,24.44025230407715,37.130001068115234,37.2599983215332,37.040000915527344,37.08000183105469,13570200
2013-01-24,24.427080154418945,37.11000061035156,37.25,37.0,37.20000076293945,13258900
2013-01-25,24.387592315673828,37.04999923706055,37.25,36.90999984741211,37.18000030517578,14040700
2013-01-28,24.36126708984375,37.0099983215332,37.11000061035156,36.86000061035156,37.06999969482422,13386500
2013-01-29,24.631135940551758,37.41999816894531,37.56999969482422,36.86000061035156,36.880001068115234,17705800
2013-01-30,24.68379783630371,37.5,37.61000061035156,37.31999969482422,37.400001525878906,13219400
2013-01-31,24.51266098022461,37.2400016784668,37.529998779296875,37.11000061035156,37.529998779296875,12969100
2013-02-01,24.710128784179688,37.540000915527344,37.709999084472656,37.369998931884766,37.540000915527344,11932600
2013-02-04,24.585060119628906,37.349998474121094,37.58000183105469,37.29999923706055,37.47999954223633,9456300
2013-02-05,25.105072021484375,38.13999938964844,38.15999984741211,37.560001373291016,37.560001373291016,17897300
2013-02-06,25.216964721679688,38.310001373291016,38.43000030517578,38.0,38.130001068115234,16823700
2013-02-07,25.611907958984375,38.90999984741211,39.060001373291016,38.349998474121094,38.41999816894531,18805300
2013-02-08,25.51976203918457,38.77000045776367,38.939998626708984,38.599998474121094,38.849998474121094,12308000
2013-02-11,25.414440155029297,38.61000061035156,38.83000183105469,38.40999984741211,38.709999084472656,12159900
2013-02-12,24.723299026489258,37.560001373291016,38.15999984741211,37.279998779296875,38.11000061035156,30700500
2013-02-13,24.492910385131836,37.209999084472656,37.939998626708984,37.0099983215332,37.66999816894531,19943800
2013-02-14,24.24936866760254,36.84000015258789,37.5099983215332,36.70000076293945,37.2400016784668,22748600
2013-02-15,24.631135940551758,37.41999816894531,37.41999816894531,36.540000915527344,36.939998626708984,25204300
2013-02-19,24.79570198059082,37.66999816894531,37.77000045776367,37.459999084472656,37.5099983215332,14850600
2013-02-20,24.835187911987305,37.72999954223633,37.880001068115234,37.40999984741211,37.70000076293945,12949300
2013-02-21,24.8220272064209,37.709999084472656,37.790000915527344,37.43000030517578,37.619998931884766,14135100
2013-02-22,25.355188369750977,38.52000045776367,38.52000045776367,37.709999084472656,37.7599983215332,20102800
2013-02-25,24.828611373901367,37.720001220703125,38.720001220703125,37.720001220703125,38.560001373291016,15874600
2013-02-26,25.085325241088867,38.11000061035156,38.189998626708984,37.779998779296875,37.95000076293945,15770000
2013-02-27,25.309118270874023,38.45000076293945,38.540000915527344,37.91999816894531,38.029998779296875,14271100
2013-02-28,25.48684310913086,38.720001220703125,38.970001220703125,38.41999816894531,38.470001220703125,19005500
2013-03-01,25.473684310913086,38.70000076293945,38.790000915527344,38.4900016784668,38.4900016784668,13724500
2013-03-04,25.552661895751953,38.81999969482422,38.81999969482422,38.45000076293945,38.599998474121094,9934300
2013-03-05,25.460506439208984,38.68000030517578,39.0,38.560001373291016,38.97999954223633,13240700
2013-03-06,25.684324264526367,39.02000045776367,39.040000915527344,38.70000076293945,38.79999923706055,11653900
2013-03-07,25.750133514404297,39.119998931884766,39.189998626708984,38.84000015258789,39.040000915527344,15094900
2013-03-08,25.815963745117188,39.220001220703125,39.41999816894531,39.029998779296875,39.16999816894531,11183600
2013-03-11,25.875205993652344,39.310001373291016,39.380001068115234,39.18000030517578,39.20000076293945,9200400
2013-03-12,25.644813537597656,38.959999084472656,39.310001373291016,38.79999923706055,39.279998779296875,11375900
2013-03-13,25.585153579711914,38.59000015258789,38.869998931884766,38.54999923706055,38.81999969482422,14358300
2013-03-14,25.870243072509766,39.02000045776367,39.119998931884766,38.65999984741211,38.81999969482422,14572500
2013-03-15,25.7442684173584,38.83000183105469,38.939998626708984,38.65999984741211,38.81999969482422,20781900
2013-03-18,25.697860717773438,38.7599983215332,38.939998626708984,38.56999969482422,38.61000061035156,11479900
2013-03-19,26.075777053833008,39.33000183105469,39.400001525878906,38.81999969482422,38.91999816894531,15192000
2013-03-20,26.433788299560547,39.869998931884766,39.91999816894531,39.36000061035156,39.400001525878906,19271900
2013-03-21,26.566394805908203,40.06999969482422,40.43000030517578,39.7599983215332,39.849998474121094,23063600
2013-03-22,26.5465030670166,40.040000915527344,40.279998779296875,39.88999938964844,39.97999954223633,16128500
2013-03-25,26.599546432495117,40.119998931884766,40.25,39.959999084472656,40.11000061035156,15718400
2013-03-26,26.977453231811523,40.689998626708984,40.70000076293945,40.130001068115234,40.130001068115234,13666500
2013-03-27,26.66584587097168,40.220001220703125,40.540000915527344,40.060001373291016,40.45000076293945,14559900
2013-03-28,26.81170082092285,40.439998626708984,40.599998474121094,40.02000045776367,40.380001068115234,14227200
2013-04-01,26.81833839416504,40.45000076293945,40.4900016784668,40.16999816894531,40.38999938964844,8200500
2013-04-02,26.997343063354492,40.720001220703125,40.900001525878906,40.41999816894531,40.43000030517578,13359200
2013-04-03,26.632688522338867,40.16999816894531,40.81999969482422,40.08000183105469,40.779998779296875,13639200
2013-04-04,26.877994537353516,40.540000915527344,40.59000015258789,40.20000076293945,40.27000045776367,11435900
2013-04-05,26.573026657104492,40.08000183105469,40.36000061035156,40.0099983215332,40.209999084472656,10729500
2013-04-08,27.090164184570312,40.86000061035156,40.869998931884766,39.77000045776367,40.060001373291016,22757900
2013-04-09,26.99070930480957,40.709999084472656,41.130001068115234,40.5099983215332,40.810001373291016,21056100
2013-04-10,27.229389190673828,41.06999969482422,41.16999816894531,40.709999084472656,40.779998779296875,9703700
2013-04-11,27.302318572998047,41.18000030517578,41.40999984741211,41.060001373291016,41.130001068115234,10962500
2013-04-12,27.23602294921875,41.08000183105469,41.11000061035156,40.68000030517578,40.90999984741211,10394700
2013-04-15,26.579652786254883,40.09000015258789,40.9900016784668,40.04999923706055,40.849998474121094,16050600
2013-04-16,28.09128189086914,42.369998931884766,42.47999954223633,41.25,41.400001525878906,32135700
2013-04-17,28.210634231567383,42.54999923706055,42.70000076293945,42.029998779296875,42.13999938964844,24208000
2013-04-18,27.912273406982422,42.099998474121094,42.650001525878906,42.09000015258789,42.47999954223633,16034200
2013-04-19,28.283567428588867,42.65999984741211,42.77000045776367,42.20000076293945,42.279998779296875,13875800
2013-04-22,28.323341369628906,42.720001220703125,42.849998474121094,42.400001525878906,42.52000045776367,10544100
2013-04-23,28.310083389282227,42.70000076293945,42.959999084472656,42.2599983215332,42.779998779296875,11216200
2013-04-24,27.945436477661133,42.150001525878906,42.900001525878906,42.099998474121094,42.63999938964844,11368200
2013-04-25,28.07801628112793,42.349998474121094,42.540000915527344,42.08000183105469,42.2599983215332,10197100
2013-04-26,27.912273406982422,42.099998474121094,42.43000030517578,42.09000015258789,42.18000030517578,15159800
2013-04-29,28.00510025024414,42.2400016784668,42.290000915527344,41.91999816894531,42.2400016784668,11311100
2013-04-30,28.064767837524414,42.33000183105469,42.38999938964844,41.880001068115234,42.150001525878906,13432200
2013-05-01,27.985198974609375,42.209999084472656,42.560001373291016,42.13999938964844,42.150001525878906,8710600
2013-05-02,27.819459915161133,41.959999084472656,42.15999984741211,41.4900016784668,41.65999984741211,18709600
2013-05-03,28.00510025024414,42.2400016784668,42.41999816894531,41.959999084472656,42.16999816894531,11757800
2013-05-06,27.899024963378906,42.08000183105469,42.290000915527344,41.869998931884766,42.290000915527344,9356100
2013-05-07,28.310083389282227,42.70000076293945,42.709999084472656,42.150001525878906,42.209999084472656,13785300
2013-05-08,28.150959014892578,42.459999084472656,42.68000030517578,42.15999984741211,42.540000915527344,12636300
2013-05-09,27.925537109375,42.119998931884766,42.560001373291016,42.0,42.5099983215332,10113700
2013-05-10,27.945436477661133,42.150001525878906,42.2400016784668,41.849998474121094,42.11000061035156,9927000
2013-05-13,27.971946716308594,42.189998626708984,42.439998626708984,42.0,42.13999938964844,9291000
2013-05-14,28.19074821472168,42.52000045776367,42.66999816894531,42.0099983215332,42.18000030517578,13023900
2013-05-15,28.455934524536133,42.91999816894531,43.099998474121094,42.38999938964844,42.5,12306200
2013-05-16,28.568647384643555,43.09000015258789,43.43000030517578,42.790000915527344,42.90999984741211,12330000
2013-05-17,28.489093780517578,42.970001220703125,43.130001068115234,42.560001373291016,43.04999923706055,12611200
2013-05-20,28.097929000854492,42.380001068115234,42.95000076293945,42.29999923706055,42.95000076293945,9966000
2013-05-21,28.071407318115234,42.34000015258789,42.560001373291016,42.06999969482422,42.47999954223633,9148800
2013-05-22,28.011735916137695,42.25,42.86000061035156,42.040000915527344,42.279998779296875,13615600
2013-05-23,27.799570083618164,41.93000030517578,42.06999969482422,41.560001373291016,41.93000030517578,10934200
2013-05-24,28.00510025024414,42.2400016784668,42.369998931884766,41.5,41.540000915527344,11542100
2013-05-28,28.210634231567383,42.54999923706055,43.04999923706055,42.400001525878906,42.599998474121094,14412100
2013-05-29,27.44818687438965,41.400001525878906,42.43000030517578,41.310001373291016,42.34000015258789,16986600
2013-05-30,27.030487060546875,40.77000045776367,41.599998474121094,40.75,41.4900016784668,20874500
2013-05-31,26.51336097717285,39.9900016784668,40.77000045776367,39.9900016784668,40.650001525878906,26184400
2013-06-03,27.0570125579834,40.810001373291016,40.84000015258789,39.630001068115234,39.95000076293945,16577200
2013-06-04,27.461437225341797,41.41999816894531,41.720001220703125,40.95000076293945,41.59000015258789,19241000
2013-06-05,26.950929641723633,40.650001525878906,41.400001525878906,40.599998474121094,41.400001525878906,16429300
2013-06-06,27.043746948242188,40.790000915527344,40.790000915527344,40.310001373291016,40.54999923706055,11171600
2013-06-07,27.454811096191406,41.40999984741211,41.72999954223633,40.97999954223633,41.20000076293945,14459600
2013-06-10,27.302318572998047,41.18000030517578,41.52000045776367,41.040000915527344,41.5,11247400
2013-06-11,27.043746948242188,40.790000915527344,40.97999954223633,40.400001525878906,40.880001068115234,16491600
2013-06-12,26.963634490966797,40.38999938964844,40.939998626708984,40.279998779296875,40.790000915527344,11611100
2013-06-13,26.976993560791016,40.40999984741211,40.47999954223633,39.68000030517578,40.310001373291016,17861200
2013-06-14,26.930252075195312,40.34000015258789,40.790000915527344,40.2599983215332,40.380001068115234,13635100
2013-06-17,27.157236099243164,40.68000030517578,40.90999984741211,40.400001525878906,40.540000915527344,12409200
2013-06-18,27.324127197265625,40.93000030517578,40.9900016784668,40.56999969482422,40.70000076293945,9893100
2013-06-19,26.976993560791016,40.40999984741211,41.439998626708984,40.40999984741211,41.0099983215332,16936100
2013-06-20,26.122478485107422,39.130001068115234,40.349998474121094,38.970001220703125,40.27000045776367,24899700
2013-06-21,26.54305648803711,39.7599983215332,39.970001220703125,39.29999923706055,39.630001068115234,21938300
2013-06-24,26.389514923095703,39.529998779296875,40.0099983215332,39.130001068115234,39.45000076293945,16433700
2013-06-25,26.516357421875,39.720001220703125,39.93000030517578,39.439998626708984,39.81999969482422,12942100
2013-06-26,26.923582077026367,40.33000183105469,40.47999954223633,40.060001373291016,40.08000183105469,13855600
2013-06-27,26.876855850219727,40.2599983215332,40.880001068115234,40.2400016784668,40.650001525878906,11459100
2013-06-28,26.77671241760254,40.11000061035156,40.439998626708984,40.099998474121094,40.25,16316000
2013-07-01,27.01036834716797,40.459999084472656,40.91999816894531,40.36000061035156,40.5,10754300
2013-07-02,26.95028305053711,40.369998931884766,40.7400016784668,40.18000030517578,40.470001220703125,12248300
2013-07-03,27.03040313720703,40.4900016784668,40.560001373291016,40.029998779296875,40.2400016784668,5264800
2013-07-05,27.0504207611084,40.52000045776367,40.79999923706055,40.150001525878906,40.720001220703125,10402200
2013-07-08,27.06377410888672,40.540000915527344,40.7599983215332,40.41999816894531,40.650001525878906,9936300
2013-07-09,27.25737762451172,40.83000183105469,41.06999969482422,40.720001220703125,40.86000061035156,8760500
2013-07-10,27.157236099243164,40.68000030517578,40.959999084472656,40.529998779296875,40.91999816894531,9539300
2013-07-11,27.390901565551758,41.029998779296875,41.150001525878906,40.7400016784668,41.0,13489600
2013-07-12,27.390901565551758,41.029998779296875,41.130001068115234,40.72999954223633,41.029998779296875,10686400
2013-07-15,27.377540588378906,41.0099983215332,41.25,40.93000030517578,41.04999923706055,11418400
2013-07-16,26.85681915283203,40.22999954223633,40.5,39.5,39.779998779296875,33575600
2013-07-17,27.264047622680664,40.84000015258789,40.97999954223633,40.310001373291016,40.54999923706055,18513100
2013-07-18,27.244035720825195,40.810001373291016,41.06999969482422,40.7400016784668,40.86000061035156,9708800
2013-07-19,27.43094825744629,41.09000015258789,41.099998474121094,40.790000915527344,40.880001068115234,11401100
2013-07-22,27.264047622680664,40.84000015258789,41.13999938964844,40.7599983215332,41.08000183105469,9425100
2013-07-23,27.34417152404785,40.959999084472656,41.130001068115234,40.790000915527344,40.95000076293945,9400900
2013-07-24,27.277408599853516,40.86000061035156,41.130001068115234,40.75,41.119998931884766,10511000
2013-07-25,27.264047622680664,40.84000015258789,40.880001068115234,40.47999954223633,40.810001373291016,9147300
2013-07-26,27.13053321838379,40.63999938964844,40.650001525878906,40.0099983215332,40.650001525878906,12279600
2013-07-29,26.89021110534668,40.279998779296875,40.68000030517578,40.2599983215332,40.61000061035156,10132000
2013-07-30,26.916906356811523,40.31999969482422,40.72999954223633,40.25,40.41999816894531,10769400
2013-07-31,26.756690979003906,40.08000183105469,40.58000183105469,40.060001373291016,40.40999984741211,13557100
2013-08-01,27.08380126953125,40.56999969482422,40.75,40.400001525878906,40.400001525878906,12001100
2013-08-02,26.85015106201172,40.220001220703125,40.40999984741211,39.90999984741211,40.029998779296875,25516600
2013-08-05,26.896883010864258,40.290000915527344,40.470001220703125,40.18000030517578,40.18000030517578,9933200
2013-08-06,26.95028305053711,40.369998931884766,40.43000030517578,40.060001373291016,40.22999954223633,8645600
2013-08-07,26.803422927856445,40.150001525878906,40.33000183105469,40.060001373291016,40.310001373291016,9301800
2013-08-08,26.836809158325195,40.20000076293945,40.36000061035156,40.02000045776367,40.29999923706055,9481100
2013-08-09,26.81009292602539,40.15999984741211,40.31999969482422,40.04999923706055,40.25,9021600
2013-08-12,26.58978843688965,39.83000183105469,40.099998474121094,39.709999084472656,40.040000915527344,13970000
2013-08-13,26.46962547302246,39.650001525878906,40.04999923706055,39.5,39.93000030517578,13548700
2013-08-14,26.389514923095703,39.529998779296875,39.68000030517578,39.349998474121094,39.59000015258789,13787100
2013-08-15,26.095781326293945,39.09000015258789,39.400001525878906,39.02000045776367,39.29999923706055,14227800
2013-08-16,26.069082260131836,39.04999923706055,39.18000030517578,38.709999084472656,39.029998779296875,20565200
2013-08-19,25.888830184936523,38.779998779296875,39.09000015258789,38.689998626708984,39.04999923706055,11913000
2013-08-20,25.802045822143555,38.650001525878906,39.13999938964844,38.650001525878906,38.849998474121094,10238200
2013-08-21,25.555042266845703,38.279998779296875,38.70000076293945,38.25,38.630001068115234,15799000
2013-08-22,25.575063705444336,38.310001373291016,38.52000045776367,38.099998474121094,38.31999969482422,10307900
2013-08-23,25.715259552001953,38.52000045776367,38.61000061035156,38.369998931884766,38.61000061035156,11302800
2013-08-26,25.4482364654541,38.119998931884766,38.599998474121094,38.11000061035156,38.599998474121094,12740600
2013-08-27,25.4682559967041,38.150001525878906,38.2400016784668,37.79999923706055,37.97999954223633,16742500
2013-08-28,25.601770401000977,38.349998474121094,38.529998779296875,38.04999923706055,38.060001373291016,19245200
2013-08-29,25.434879302978516,38.099998474121094,38.470001220703125,38.099998474121094,38.470001220703125,14215700
2013-08-30,25.488279342651367,38.18000030517578,38.279998779296875,38.0,38.15999984741211,14296600
2013-09-03,25.301349639892578,37.900001525878906,38.400001525878906,37.79999923706055,38.27000045776367,19068500
2013-09-04,25.728612899780273,38.540000915527344,38.72999954223633,37.810001373291016,37.880001068115234,19138600
2013-09-05,25.528339385986328,38.2400016784668,38.689998626708984,38.060001373291016,38.630001068115234,14290500
2013-09-06,25.601770401000977,38.349998474121094,38.619998931884766,38.099998474121094,38.380001068115234,13976900
2013-09-09,25.715259552001953,38.52000045776367,38.54999923706055,38.27000045776367,38.52000045776367,10605500
2013-09-10,25.78868865966797,38.630001068115234,38.779998779296875,38.5099983215332,38.77000045776367,11757300
2013-09-11,25.888830184936523,38.779998779296875,38.779998779296875,38.529998779296875,38.68000030517578,11996500
2013-09-12,25.848478317260742,38.439998626708984,38.61000061035156,38.279998779296875,38.59000015258789,12114100
2013-09-13,26.01659393310547,38.689998626708984,38.7400016784668,38.41999816894531,38.560001373291016,11623600
2013-09-16,26.13091468811035,38.86000061035156,39.20000076293945,38.7400016784668,39.029998779296875,13351500
2013-09-17,26.083837509155273,38.790000915527344,39.09000015258789,38.790000915527344,38.810001373291016,12881700
2013-09-18,26.621788024902344,39.59000015258789,39.599998474121094,38.58000183105469,38.810001373291016,18030500
2013-09-19,26.433504104614258,39.310001373291016,39.66999816894531,39.150001525878906,39.63999938964844,14251700
2013-09-20,26.494020462036133,39.400001525878906,39.400001525878906,38.779998779296875,39.33000183105469,30675300
2013-09-23,25.97624969482422,38.630001068115234,39.189998626708984,38.439998626708984,39.15999984741211,19016200
2013-09-24,25.909008026123047,38.529998779296875,38.869998931884766,38.52000045776367,38.720001220703125,15083300
2013-09-25,25.774518966674805,38.33000183105469,38.68000030517578,38.29999923706055,38.650001525878906,11446100
2013-09-26,26.05021858215332,38.7400016784668,38.7400016784668,38.38999938964844,38.4900016784668,10941100
2013-09-27,25.821596145629883,38.400001525878906,38.58000183105469,38.150001525878906,38.56999969482422,12609600
2013-09-30,25.471912384033203,37.880001068115234,38.29999923706055,37.75,38.189998626708984,18101500
2013-10-01,25.518999099731445,37.95000076293945,38.09000015258789,37.619998931884766,38.0,13196000
2013-10-02,25.169334411621094,37.43000030517578,37.810001373291016,37.209999084472656,37.810001373291016,25664200
2013-10-03,24.98776626586914,37.15999984741211,37.459999084472656,37.130001068115234,37.459999084472656,14437900
2013-10-04,25.014665603637695,37.20000076293945,37.27000045776367,36.90999984741211,37.25,17217500
2013-10-07,24.91379737854004,37.04999923706055,37.380001068115234,36.83000183105469,37.08000183105469,16708600
2013-10-08,25.068458557128906,37.279998779296875,37.40999984741211,36.900001525878906,37.099998474121094,20471300
2013-10-09,24.93397331237793,37.08000183105469,37.41999816894531,37.0099983215332,37.380001068115234,18998900
2013-10-10,25.404682159423828,37.779998779296875,37.86000061035156,37.45000076293945,37.77000045776367,17174400
2013-10-11,25.397945404052734,37.77000045776367,37.91999816894531,37.52000045776367,37.91999816894531,14266900
2013-10-14,25.492090225219727,37.90999984741211,37.95000076293945,37.5099983215332,37.560001373291016,14202900
2013-10-15,25.323986053466797,37.65999984741211,38.369998931884766,37.599998474121094,38.18000030517578,21676600
2013-10-16,25.552614212036133,38.0,38.2400016784668,37.779998779296875,38.0099983215332,17995100
2013-10-17,25.92245864868164,38.54999923706055,38.560001373291016,38.0099983215332,38.060001373291016,15900200
2013-10-18,26.077119827270508,38.779998779296875,38.779998779296875,38.41999816894531,38.58000183105469,18896600
2013-10-21,26.10401153564453,38.81999969482422,38.95000076293945,38.599998474121094,38.95000076293945,12977500
2013-10-22,26.285573959350586,39.09000015258789,39.25,38.689998626708984,38.86000061035156,17110200
2013-10-23,26.285573959350586,39.09000015258789,39.25,38.79999923706055,39.08000183105469,12591800
2013-10-24,26.090564727783203,38.79999923706055,39.369998931884766,38.7599983215332,39.150001525878906,17143800
2013-10-25,26.245223999023438,39.029998779296875,39.130001068115234,38.630001068115234,38.84000015258789,14383400
2013-10-28,26.635238647460938,39.61000061035156,39.7400016784668,38.9900016784668,39.02000045776367,16552100
2013-10-29,26.763010025024414,39.79999923706055,39.959999084472656,39.349998474121094,39.56999969482422,14199600
2013-10-30,26.641958236694336,39.619998931884766,39.88999938964844,39.5099983215332,39.880001068115234,12360000
2013-10-31,26.608341217041016,39.56999969482422,39.86000061035156,39.5099983215332,39.5099983215332,14853500
2013-11-01,26.635238647460938,39.61000061035156,39.720001220703125,39.33000183105469,39.56999969482422,12430400
2013-11-04,26.5679931640625,39.5099983215332,39.810001373291016,39.29999923706055,39.709999084472656,10252100
2013-11-05,26.5612735748291,39.5,39.63999938964844,39.220001220703125,39.36000061035156,10575000
2013-11-06,26.931106567382812,40.04999923706055,40.220001220703125,39.41999816894531,39.619998931884766,17198000
2013-11-07,26.783172607421875,39.83000183105469,40.25,39.7599983215332,40.08000183105469,16233200
2013-11-08,26.931106567382812,40.04999923706055,40.04999923706055,39.4900016784668,39.7400016784668,11903600
2013-11-11,26.8100643157959,39.869998931884766,40.04999923706055,39.77000045776367,40.0099983215332,9567800
2013-11-12,26.816795349121094,39.880001068115234,39.9900016784668,39.619998931884766,39.90999984741211,10509200
2013-11-13,26.97817611694336,40.119998931884766,40.119998931884766,39.650001525878906,39.81999969482422,11770500
2013-11-14,27.0387020111084,40.209999084472656,40.439998626708984,40.029998779296875,40.09000015258789,10887200
2013-11-15,27.045425415039062,40.220001220703125,40.31999969482422,39.959999084472656,40.15999984741211,12021500
2013-11-18,27.01180648803711,40.16999816894531,40.2400016784668,40.0,40.2400016784668,9553900
2013-11-19,26.99163055419922,40.13999938964844,40.22999954223633,39.91999816894531,40.13999938964844,11014800
2013-11-20,26.937833786010742,40.060001373291016,40.45000076293945,39.939998626708984,40.04999923706055,14422500
2013-11-21,27.186643600463867,40.43000030517578,40.4900016784668,40.099998474121094,40.20000076293945,26364300
2013-11-22,27.186643600463867,40.43000030517578,40.459999084472656,40.09000015258789,40.34000015258789,26396500
2013-11-25,27.14629364013672,40.369998931884766,40.880001068115234,40.33000183105469,40.47999954223633,14059100
2013-11-26,27.06559944152832,40.25,40.599998474121094,40.2400016784668,40.4900016784668,14240400
2013-11-27,27.21457862854004,40.189998626708984,40.380001068115234,39.689998626708984,40.09000015258789,9909100
2013-11-29,27.21457862854004,40.189998626708984,40.47999954223633,40.11000061035156,40.27000045776367,8641100
2013-12-02,27.14009666442871,40.08000183105469,40.20000076293945,39.75,40.099998474121094,16738800
2013-12-03,27.322900772094727,40.349998474121094,40.38999938964844,40.0099983215332,40.04999923706055,16592300
2013-12-04,27.336463928222656,40.369998931884766,40.470001220703125,39.939998626708984,40.20000076293945,13196100
2013-12-05,26.970792770385742,39.83000183105469,40.400001525878906,39.79999923706055,40.279998779296875,18171200
2013-12-06,27.397403717041016,40.459999084472656,40.5,40.04999923706055,40.04999923706055,12557100
2013-12-09,27.356769561767578,40.400001525878906,40.5,40.20000076293945,40.400001525878906,12237100
2013-12-10,26.984336853027344,39.849998474121094,40.290000915527344,39.75,40.2599983215332,15967800
2013-12-11,27.173938751220703,40.130001068115234,40.34000015258789,39.88999938964844,39.95000076293945,14963500
2013-12-12,26.550960540771484,39.209999084472656,40.209999084472656,39.18000030517578,39.9900016784668,19817700
2013-12-13,26.56450843811035,39.22999954223633,39.63999938964844,39.209999084472656,39.470001220703125,14037400
2013-12-16,26.59159278869629,39.27000045776367,39.56999969482422,39.20000076293945,39.459999084472656,14562100
2013-12-17,26.476472854614258,39.099998474121094,39.25,38.869998931884766,39.119998931884766,17655700
2013-12-18,27.099462509155273,40.02000045776367,40.08000183105469,39.0,39.2599983215332,23884500
2013-12-19,26.991104125976562,39.86000061035156,40.099998474121094,39.560001373291016,39.970001220703125,14791800
2013-12-20,27.113000869750977,40.040000915527344,40.189998626708984,39.849998474121094,39.91999816894531,22237200
2013-12-23,27.194252014160156,40.15999984741211,40.2400016784668,39.869998931884766,40.099998474121094,10943200
2013-12-24,27.21457862854004,40.189998626708984,40.310001373291016,40.099998474121094,40.16999816894531,4783800
2013-12-26,27.4177188873291,40.4900016784668,40.540000915527344,40.13999938964844,40.220001220703125,8588300
2013-12-27,27.53282928466797,40.65999984741211,40.790000915527344,40.529998779296875,40.689998626708984,6762200
2013-12-30,27.824010848999023,41.09000015258789,41.13999938964844,40.7599983215332,40.77000045776367,10927500
2013-12-31,27.97296905517578,41.310001373291016,41.38999938964844,40.97999954223633,41.130001068115234,11729200
2014-01-02,27.53282928466797,40.65999984741211,41.22999954223633,40.5099983215332,41.119998931884766,12698600
2014-01-03,27.397403717041016,40.459999084472656,40.72999954223633,40.349998474121094,40.68000030517578,10403400
2014-01-06,27.26873779296875,40.27000045776367,40.59000015258789,40.15999984741211,40.47999954223633,11036300
2014-01-07,27.350000381469727,40.38999938964844,40.720001220703125,40.290000915527344,40.47999954223633,11872300
2014-01-08,27.0452880859375,39.939998626708984,40.439998626708984,39.83000183105469,40.439998626708984,15339600
2014-01-09,26.903076171875,39.72999954223633,40.0,39.52000045776367,39.95000076293945,14070200
2014-01-10,27.173938751220703,40.130001068115234,40.290000915527344,39.900001525878906,39.959999084472656,13290000
2014-01-13,26.767656326293945,39.529998779296875,40.130001068115234,39.5,40.0,14091900
2014-01-14,26.875991821289062,39.689998626708984,39.91999816894531,39.58000183105469,39.63999938964844,12801100
2014-01-15,26.923385620117188,39.7599983215332,39.939998626708984,39.58000183105469,39.83000183105469,12844900
2014-01-16,26.889541625976562,39.709999084472656,39.81999969482422,39.58000183105469,39.779998779296875,11063100
2014-01-17,26.59836769104004,39.279998779296875,39.75,39.279998779296875,39.720001220703125,13992700
2014-01-21,27.03174591064453,39.91999816894531,39.91999816894531,39.529998779296875,39.63999938964844,17579000
2014-01-22,27.018192291259766,39.900001525878906,40.09000015258789,39.75,39.9900016784668,9841700
2014-01-23,26.57127571105957,39.2400016784668,39.63999938964844,39.119998931884766,39.61000061035156,14828100
2014-01-24,26.3004207611084,38.84000015258789,39.25,38.81999969482422,39.08000183105469,16507500
2014-01-27,26.225936889648438,38.72999954223633,38.97999954223633,38.709999084472656,38.81999969482422,14601900
2014-01-28,26.32072639465332,38.869998931884766,39.08000183105469,38.619998931884766,38.77000045776367,8915500
2014-01-29,25.66390609741211,37.900001525878906,38.56999969482422,37.81999969482422,38.56999969482422,23776100
2014-01-30,25.846729278564453,38.16999816894531,38.40999984741211,38.0,38.0,13662000
2014-01-31,25.609725952148438,37.81999969482422,38.15999984741211,37.720001220703125,37.95000076293945,16185000
2014-02-03,25.189895629882812,37.20000076293945,38.02000045776367,37.099998474121094,38.02000045776367,23164900
2014-02-04,25.379499435424805,37.47999954223633,37.54999923706055,37.209999084472656,37.439998626708984,17759700
2014-02-05,25.467519760131836,37.61000061035156,37.720001220703125,37.380001068115234,37.4900016784668,13665200
2014-02-06,25.75193214416504,38.029998779296875,38.939998626708984,37.91999816894531,38.7599983215332,22661500
2014-02-07,25.697765350341797,37.95000076293945,38.349998474121094,37.869998931884766,38.16999816894531,20389000
2014-02-10,26.117595672607422,38.56999969482422,38.619998931884766,37.84000015258789,38.06999969482422,20877200
2014-02-11,26.164989471435547,38.63999938964844,38.779998779296875,38.5099983215332,38.66999816894531,15361300
2014-02-12,26.07695770263672,38.5099983215332,38.91999816894531,38.400001525878906,38.849998474121094,10633400
2014-02-13,26.171768188476562,38.650001525878906,38.7599983215332,38.130001068115234,38.130001068115234,10435600
2014-02-14,26.361364364624023,38.93000030517578,39.02000045776367,38.27000045776367,38.599998474121094,16030100
2014-02-18,25.372722625732422,37.470001220703125,38.11000061035156,37.2599983215332,37.97999954223633,46098500
2014-02-19,25.122190475463867,37.099998474121094,37.599998474121094,37.04999923706055,37.5,26645100
2014-02-20,25.257606506347656,37.29999923706055,37.52000045776367,36.88999938964844,37.060001373291016,22639900
2014-02-21,25.176355361938477,37.18000030517578,37.619998931884766,37.13999938964844,37.59000015258789,19419800
2014-02-24,25.393041610717773,37.5,37.599998474121094,37.220001220703125,37.29999923706055,24223500
2014-02-25,25.575870513916016,37.77000045776367,37.939998626708984,37.5,37.630001068115234,22845500
2014-02-26,25.643596649169922,37.869998931884766,37.939998626708984,37.720001220703125,37.900001525878906,18195100
2014-02-27,25.779020309448242,38.06999969482422,38.11000061035156,37.79999923706055,37.84000015258789,18423400
2014-02-28,25.867048263549805,38.20000076293945,38.38999938964844,38.040000915527344,38.08000183105469,15763200
2014-03-03,25.812877655029297,38.119998931884766,38.15999984741211,37.849998474121094,37.880001068115234,18683400
2014-03-04,25.94154167175293,38.310001373291016,38.38999938964844,38.22999954223633,38.34000015258789,20425200
2014-03-05,25.96861457824707,38.349998474121094,38.45000076293945,38.25,38.41999816894531,14367400
2014-03-06,26.049877166748047,38.470001220703125,38.54999923706055,38.27000045776367,38.400001525878906,14700000
2014-03-07,26.10405158996582,38.54999923706055,38.61000061035156,38.36000061035156,38.560001373291016,17047600
2014-03-10,26.171768188476562,38.650001525878906,38.650001525878906,38.439998626708984,38.54999923706055,14540800
2014-03-11,26.27333641052246,38.79999923706055,38.84000015258789,38.540000915527344,38.84000015258789,13812100
2014-03-12,26.25627326965332,38.470001220703125,38.5,38.209999084472656,38.27000045776367,15673700
2014-03-13,25.915016174316406,37.970001220703125,38.4900016784668,37.91999816894531,38.45000076293945,18302800
2014-03-14,26.051511764526367,38.16999816894531,38.31999969482422,37.880001068115234,37.95000076293945,14687200
2014-03-17,26.11976432800293,38.27000045776367,38.369998931884766,38.04999923706055,38.16999816894531,19203000
2014-03-18,26.208498001098633,38.400001525878906,38.459999084472656,38.13999938964844,38.27000045776367,16880400
2014-03-19,26.031051635742188,38.13999938964844,38.59000015258789,38.099998474121094,38.36000061035156,20882200
2014-03-20,26.24262237548828,38.45000076293945,38.470001220703125,37.95000076293945,38.11000061035156,13228000
2014-03-21,26.235790252685547,38.439998626708984,38.83000183105469,38.279998779296875,38.779998779296875,19189100
2014-03-24,26.208498001098633,38.400001525878906,38.529998779296875,38.209999084472656,38.47999954223633,15693000
2014-03-25,26.35865020751953,38.619998931884766,38.79999923706055,38.459999084472656,38.4900016784668,16898900
2014-03-26,26.35182762145996,38.61000061035156,38.939998626708984,38.61000061035156,38.689998626708984,15835500
2014-03-27,26.495149612426758,38.81999969482422,39.0,38.47999954223633,38.5099983215332,13031500
2014-03-28,26.583871841430664,38.95000076293945,39.029998779296875,38.81999969482422,38.88999938964844,11502100
2014-03-31,26.385955810546875,38.65999984741211,39.029998779296875,38.459999084472656,38.9900016784668,24489800
2014-04-01,26.215320587158203,38.40999984741211,38.88999938964844,38.310001373291016,38.529998779296875,20515700
2014-04-02,26.160720825195312,38.33000183105469,38.540000915527344,38.29999923706055,38.4900016784668,15709100
2014-04-03,25.983272552490234,38.06999969482422,38.4900016784668,38.040000915527344,38.38999938964844,18114000
2014-04-04,26.08563995361328,38.220001220703125,38.47999954223633,38.13999938964844,38.2400016784668,15453600
2014-04-07,26.35865020751953,38.619998931884766,38.88999938964844,38.2599983215332,38.27000045776367,17295700
2014-04-08,26.549760818481445,38.900001525878906,38.900001525878906,38.47999954223633,38.66999816894531,14769900
2014-04-09,26.61117172241211,38.9900016784668,38.9900016784668,38.70000076293945,38.84000015258789,12031400
2014-04-10,26.542919158935547,38.88999938964844,39.400001525878906,38.81999969482422,38.97999954223633,21025700
2014-04-11,26.365478515625,38.630001068115234,39.220001220703125,38.56999969482422,38.83000183105469,18084200
2014-04-14,26.433725357055664,38.72999954223633,38.79999923706055,38.400001525878906,38.709999084472656,19389800
2014-04-15,27.423362731933594,40.18000030517578,40.470001220703125,39.5,39.83000183105469,47529200
2014-04-16,27.70319938659668,40.59000015258789,40.59000015258789,40.119998931884766,40.119998931884766,21919900
2014-04-17,27.791921615600586,40.720001220703125,40.720001220703125,40.25,40.43000030517578,18547100
2014-04-21,27.812395095825195,40.75,40.7599983215332,40.349998474121094,40.470001220703125,12630900
2014-04-22,27.78509521484375,40.709999084472656,40.7599983215332,40.41999816894531,40.58000183105469,17404900
2014-04-23,27.798749923706055,40.72999954223633,40.810001373291016,40.560001373291016,40.70000076293945,12072500
2014-04-24,27.778276443481445,40.70000076293945,40.88999938964844,40.459999084472656,40.70000076293945,11392600
2014-04-25,27.98985481262207,41.0099983215332,41.0099983215332,40.439998626708984,40.459999084472656,16811400
2014-04-28,28.003498077392578,41.029998779296875,41.279998779296875,40.7400016784668,40.81999969482422,20736700
2014-04-29,27.68955421447754,40.56999969482422,41.029998779296875,40.52000045776367,40.970001220703125,18928400
2014-04-30,27.839696884155273,40.790000915527344,40.880001068115234,40.59000015258789,40.689998626708984,12362000
2014-05-01,27.832881927490234,40.779998779296875,40.79999923706055,40.2599983215332,40.790000915527344,15385800
2014-05-02,27.94890022277832,40.95000076293945,40.959999084472656,40.630001068115234,40.790000915527344,14197000
2014-05-05,27.8192195892334,40.7599983215332,40.93000030517578,40.54999923706055,40.650001525878906,10163500
2014-05-06,27.634967803955078,40.4900016784668,40.65999984741211,40.45000076293945,40.52000045776367,9359900
2014-05-07,27.92159652709961,40.90999984741211,40.970001220703125,40.630001068115234,40.70000076293945,11115600
2014-05-08,27.798749923706055,40.72999954223633,40.959999084472656,40.650001525878906,40.849998474121094,8538700
2014-05-09,27.89430046081543,40.869998931884766,40.95000076293945,40.709999084472656,40.779998779296875,8516400
2014-05-12,27.86017608642578,40.81999969482422,40.970001220703125,40.689998626708984,40.880001068115234,8906000
2014-05-13,28.05810546875,41.11000061035156,41.220001220703125,40.81999969482422,40.83000183105469,11579600
2014-05-14,27.9079532623291,40.88999938964844,41.18000030517578,40.83000183105469,41.02000045776367,10036100
2014-05-15,27.655420303344727,40.52000045776367,40.959999084472656,40.439998626708984,40.619998931884766,12379200
2014-05-16,27.9079532623291,40.88999938964844,40.90999984741211,40.45000076293945,40.52000045776367,13823900
2014-05-19,27.78509521484375,40.709999084472656,40.72999954223633,40.41999816894531,40.599998474121094,7559500
2014-05-20,27.69637107849121,40.58000183105469,40.93000030517578,40.56999969482422,40.79999923706055,9639500
2014-05-21,27.89430046081543,40.869998931884766,40.880001068115234,40.5,40.54999923706055,8607300
2014-05-22,27.69637107849121,40.58000183105469,40.84000015258789,40.529998779296875,40.77000045776367,8430400
2014-05-23,27.69637107849121,40.58000183105469,40.70000076293945,40.529998779296875,40.630001068115234,6255200
2014-05-27,27.826053619384766,40.77000045776367,40.81999969482422,40.47999954223633,40.560001373291016,11282900
2014-05-28,27.69637107849121,40.58000183105469,40.88999938964844,40.529998779296875,40.70000076293945,7536700
2014-05-29,27.750972747802734,40.65999984741211,40.869998931884766,40.599998474121094,40.68000030517578,9867100
2014-05-30,27.92159652709961,40.90999984741211,40.91999816894531,40.4900016784668,40.540000915527344,10446100
2014-06-02,27.887475967407227,40.86000061035156,40.88999938964844,40.68000030517578,40.75,7472100
2014-06-03,27.901134490966797,40.880001068115234,41.0,40.709999084472656,40.720001220703125,10493100
2014-06-04,27.839696884155273,40.790000915527344,40.91999816894531,40.709999084472656,40.90999984741211,7864700
2014-06-05,27.9079532623291,40.88999938964844,41.0,40.630001068115234,40.72999954223633,10131700
2014-06-06,27.976211547851562,40.9900016784668,41.060001373291016,40.84000015258789,40.939998626708984,8760600
2014-06-09,27.92159652709961,40.90999984741211,41.09000015258789,40.849998474121094,40.849998474121094,7316400
2014-06-10,28.03080177307129,41.06999969482422,41.150001525878906,40.810001373291016,40.84000015258789,9168600
2014-06-11,27.887475967407227,40.86000061035156,41.060001373291016,40.790000915527344,40.97999954223633,9648600
2014-06-12,27.794647216796875,40.41999816894531,40.68000030517578,40.369998931884766,40.40999984741211,11583600
2014-06-13,27.760271072387695,40.369998931884766,40.529998779296875,40.25,40.38999938964844,9194600
2014-06-16,27.95967674255371,40.65999984741211,40.77000045776367,40.150001525878906,40.189998626708984,12878200
2014-06-17,28.138471603393555,40.91999816894531,41.20000076293945,40.61000061035156,41.18000030517578,26926600
2014-06-18,28.578563690185547,41.560001373291016,41.56999969482422,40.75,40.790000915527344,18518200
2014-06-19,28.736726760864258,41.790000915527344,41.869998931884766,41.529998779296875,41.540000915527344,13275200
2014-06-20,28.667959213256836,41.689998626708984,41.880001068115234,41.529998779296875,41.869998931884766,23402600
2014-06-23,28.69546127319336,41.72999954223633,41.7400016784668,41.33000183105469,41.459999084472656,13099300
2014-06-24,28.77797508239746,41.849998474121094,41.88999938964844,41.470001220703125,41.52000045776367,14962800
2014-06-25,28.853622436523438,41.959999084472656,41.97999954223633,41.459999084472656,41.599998474121094,17621800
2014-06-26,28.90174102783203,42.029998779296875,42.04999923706055,41.779998779296875,41.90999984741211,16903300
2014-06-27,29.01177406311035,42.189998626708984,42.290000915527344,41.90999984741211,41.9900016784668,18674400
2014-06-30,29.12868309020996,42.36000061035156,42.4900016784668,41.81999969482422,41.97999954223633,14058700
2014-07-01,29.08054542541504,42.290000915527344,42.45000076293945,42.150001525878906,42.38999938964844,11497700
2014-07-02,29.08054542541504,42.290000915527344,42.40999984741211,42.150001525878906,42.310001373291016,6707000
2014-07-03,29.039276123046875,42.22999954223633,42.31999969482422,42.0099983215332,42.2599983215332,7537700
2014-07-07,28.97739601135254,42.13999938964844,42.20000076293945,41.93000030517578,41.959999084472656,8991900
2014-07-08,28.839872360229492,41.939998626708984,42.25,41.90999984741211,41.970001220703125,10090500
2014-07-09,28.846742630004883,41.95000076293945,42.15999984741211,41.790000915527344,41.93000030517578,9891600
2014-07-10,29.059911727905273,42.2599983215332,42.290000915527344,41.54999923706055,41.560001373291016,12564500
2014-07-11,28.860502243041992,41.970001220703125,42.25,41.880001068115234,42.119998931884766,9773000
2014-07-14,29.142438888549805,42.380001068115234,42.38999938964844,41.97999954223633,41.9900016784668,11857700
2014-07-15,28.949899673461914,42.099998474121094,42.43000030517578,41.95000076293945,42.40999984741211,10541900
2014-07-16,28.963632583618164,42.119998931884766,42.38999938964844,42.02000045776367,42.2599983215332,10331400
2014-07-17,28.894874572753906,42.02000045776367,42.150001525878906,41.83000183105469,41.93000030517578,9983500
2014-07-18,29.176820755004883,42.43000030517578,42.470001220703125,42.02000045776367,42.13999938964844,19272400
2014-07-21,29.15618133544922,42.400001525878906,42.56999969482422,42.09000015258789,42.119998931884766,17607200
2014-07-22,28.324142456054688,41.189998626708984,41.33000183105469,40.61000061035156,41.099998474121094,24706000
2014-07-23,28.062829971313477,40.810001373291016,41.04999923706055,40.630001068115234,40.97999954223633,17531700
2014-07-24,28.172863006591797,40.970001220703125,41.099998474121094,40.65999984741211,40.970001220703125,14856000
2014-07-25,28.193483352661133,41.0,41.040000915527344,40.810001373291016,40.91999816894531,10809900
2014-07-28,27.973438262939453,40.68000030517578,41.0,40.61000061035156,40.9900016784668,11709100
2014-07-29,27.746503829956055,40.349998474121094,40.779998779296875,40.349998474121094,40.75,10863600
2014-07-30,27.244531631469727,39.619998931884766,40.5,39.61000061035156,40.45000076293945,20346200
2014-07-31,27.01760482788086,39.290000915527344,39.72999954223633,39.25,39.529998779296875,15434700
2014-08-01,27.01760482788086,39.290000915527344,39.4900016784668,39.060001373291016,39.130001068115234,13566700
2014-08-04,27.09324073791504,39.400001525878906,39.459999084472656,39.119998931884766,39.40999984741211,11012900
2014-08-05,26.94196128845215,39.18000030517578,39.529998779296875,39.099998474121094,39.34000015258789,11639200
2014-08-06,27.450834274291992,39.91999816894531,39.959999084472656,39.130001068115234,39.130001068115234,17567500
2014-08-07,27.058866500854492,39.349998474121094,40.0099983215332,39.33000183105469,39.959999084472656,14367400
2014-08-08,27.127628326416016,39.45000076293945,39.58000183105469,39.2599983215332,39.34000015258789,13667000
2014-08-11,27.210142135620117,39.56999969482422,39.869998931884766,39.52000045776367,39.52000045776367,14102600
2014-08-12,27.285789489746094,39.68000030517578,39.84000015258789,39.540000915527344,39.560001373291016,13297500
2014-08-13,27.464580535888672,39.939998626708984,40.099998474121094,39.70000076293945,39.70000076293945,9638900
2014-08-14,27.62960433959961,40.18000030517578,40.189998626708984,39.93000030517578,39.93000030517578,6902000
2014-08-15,28.110971450805664,40.880001068115234,41.150001525878906,40.65999984741211,40.849998474121094,23221600
2014-08-18,28.434154510498047,41.349998474121094,41.41999816894531,40.790000915527344,40.790000915527344,14891500
2014-08-19,28.372270584106445,41.2599983215332,41.47999954223633,41.15999984741211,41.349998474121094,10260400
2014-08-20,28.365388870239258,41.25,41.34000015258789,41.09000015258789,41.150001525878906,6782500
2014-08-21,28.475414276123047,41.40999984741211,41.689998626708984,41.220001220703125,41.290000915527344,11951000
2014-08-22,28.275999069213867,41.119998931884766,41.52000045776367,41.04999923706055,41.290000915527344,11244600
2014-08-25,28.475414276123047,41.40999984741211,41.45000076293945,41.119998931884766,41.31999969482422,10229300
2014-08-26,28.606061935424805,41.599998474121094,41.70000076293945,41.40999984741211,41.40999984741211,8416500
2014-08-27,28.606061935424805,41.599998474121094,41.709999084472656,41.439998626708984,41.529998779296875,7693100
2014-08-28,28.626699447631836,41.630001068115234,41.70000076293945,41.439998626708984,41.5099983215332,9746400
2014-08-29,28.688589096069336,41.720001220703125,41.75,41.470001220703125,41.599998474121094,7666700
2014-09-02,28.633575439453125,41.63999938964844,41.84000015258789,41.310001373291016,41.52000045776367,9798100
2014-09-03,28.729848861694336,41.779998779296875,41.849998474121094,41.65999984741211,41.689998626708984,8635400
2014-09-04,28.791723251342773,41.869998931884766,42.16999816894531,41.72999954223633,41.79999923706055,16785300
2014-09-05,28.7711124420166,41.84000015258789,41.86000061035156,41.61000061035156,41.86000061035156,12768100
2014-09-08,28.729848861694336,41.779998779296875,41.939998626708984,41.630001068115234,41.66999816894531,9097700
2014-09-09,28.839872360229492,41.939998626708984,42.029998779296875,41.75,41.77000045776367,11892500
2014-09-10,28.998027801513672,42.16999816894531,42.189998626708984,41.83000183105469,41.900001525878906,17558000
2014-09-11,29.05690574645996,41.95000076293945,42.060001373291016,41.65999984741211,41.68000030517578,19614000
2014-09-12,28.717510223388672,41.459999084472656,41.91999816894531,41.36000061035156,41.900001525878906,12966800
2014-09-15,28.74521827697754,41.5,41.58000183105469,41.33000183105469,41.45000076293945,12259600
2014-09-16,28.842174530029297,41.63999938964844,41.79999923706055,41.18000030517578,41.290000915527344,15232800
2014-09-17,28.82140350341797,41.61000061035156,41.779998779296875,41.31999969482422,41.77000045776367,16693800
2014-09-18,28.946077346801758,41.790000915527344,41.880001068115234,41.54999923706055,41.75,12586400
2014-09-19,29.12617301940918,42.04999923706055,42.349998474121094,41.75,41.97999954223633,47559700
2014-09-22,29.243915557861328,42.220001220703125,42.25,41.72999954223633,41.849998474121094,11518100
2014-09-23,29.01534080505371,41.88999938964844,42.15999984741211,41.880001068115234,42.0,10251300
2014-09-24,29.278560638427734,42.27000045776367,42.34000015258789,41.849998474121094,41.849998474121094,13540900
2014-09-25,28.93915557861328,41.779998779296875,42.16999816894531,41.77000045776367,42.060001373291016,11076300
2014-09-26,29.230064392089844,42.20000076293945,42.25,41.709999084472656,42.0,9939600
2014-09-29,29.264699935913086,42.25,42.2599983215332,41.880001068115234,41.900001525878906,12441100
2014-09-30,29.54869270324707,42.65999984741211,42.810001373291016,42.08000183105469,42.099998474121094,22613700
2014-10-01,29.604097366333008,42.7400016784668,42.849998474121094,42.369998931884766,42.54999923706055,30409700
2014-10-02,29.54869270324707,42.65999984741211,42.779998779296875,42.41999816894531,42.599998474121094,16643200
2014-10-03,29.784208297729492,43.0,43.06999969482422,42.65999984741211,42.86000061035156,14046300
2014-10-06,30.19978904724121,43.599998474121094,43.68000030517578,42.970001220703125,43.029998779296875,20328100
2014-10-07,30.421419143676758,43.91999816894531,44.13999938964844,43.47999954223633,43.47999954223633,24936600
2014-10-08,30.857812881469727,44.54999923706055,44.560001373291016,43.5099983215332,43.58000183105469,26115600
2014-10-09,30.386802673339844,43.869998931884766,44.75,43.869998931884766,44.439998626708984,25029300
2014-10-10,30.802391052246094,44.470001220703125,44.869998931884766,43.849998474121094,43.880001068115234,25920800
2014-10-13,30.525325775146484,44.06999969482422,44.630001068115234,44.029998779296875,44.279998779296875,20175200
2014-10-14,30.227479934692383,43.63999938964844,44.119998931884766,43.470001220703125,44.040000915527344,21027400
2014-10-15,29.943500518798828,43.22999954223633,43.529998779296875,42.70000076293945,42.70000076293945,22988600
2014-10-16,29.479427337646484,42.560001373291016,42.939998626708984,42.380001068115234,42.650001525878906,22519200
2014-10-17,29.70106315612793,42.880001068115234,43.029998779296875,42.310001373291016,42.689998626708984,23236000
2014-10-20,29.985071182250977,43.290000915527344,43.470001220703125,42.709999084472656,42.75,17647800
2014-10-21,28.17722511291504,40.68000030517578,41.189998626708984,40.2599983215332,40.79999923706055,55953500
2014-10-22,28.135663986206055,40.619998931884766,41.11000061035156,40.099998474121094,40.189998626708984,27728200
2014-10-23,28.301908493041992,40.86000061035156,41.380001068115234,40.7400016784668,40.939998626708984,23346800
2014-10-24,28.41966438293457,41.029998779296875,41.27000045776367,40.91999816894531,40.97999954223633,13396000
2014-10-27,28.232635498046875,40.7599983215332,40.90999984741211,40.560001373291016,40.70000076293945,17222500
2014-10-28,28.094104766845703,40.560001373291016,40.86000061035156,40.5099983215332,40.7599983215332,18658700
2014-10-29,28.371177673339844,40.959999084472656,41.029998779296875,40.52000045776367,40.650001525878906,25761800
2014-10-30,28.675941467285156,41.400001525878906,41.59000015258789,40.83000183105469,41.0,18295600
2014-10-31,29.008413314819336,41.880001068115234,41.88999938964844,41.400001525878906,41.83000183105469,18477700
2014-11-03,28.959938049316406,41.810001373291016,42.279998779296875,41.59000015258789,41.790000915527344,13230600
2014-11-04,28.966867446899414,41.81999969482422,42.04999923706055,41.65999984741211,41.77000045776367,10105300
2014-11-05,29.306259155273438,42.310001373291016,42.540000915527344,41.9900016784668,42.29999923706055,20676800
2014-11-06,29.29240608215332,42.290000915527344,42.619998931884766,42.11000061035156,42.43000030517578,11528800
2014-11-07,29.313182830810547,42.31999969482422,42.459999084472656,42.13999938964844,42.45000076293945,11803800
2014-11-10,29.361661911010742,42.38999938964844,42.56999969482422,42.09000015258789,42.25,9088900
2014-11-11,29.444787979125977,42.5099983215332,42.709999084472656,42.36000061035156,42.380001068115234,8563700
2014-11-12,29.58332633972168,42.709999084472656,42.88999938964844,42.310001373291016,42.5099983215332,12768800
2014-11-13,29.638731002807617,42.790000915527344,43.08000183105469,42.630001068115234,42.650001525878906,12007700
2014-11-14,29.59717559814453,42.72999954223633,42.970001220703125,42.5,42.70000076293945,10939500
2014-11-17,29.72877311706543,42.91999816894531,42.9900016784668,42.72999954223633,42.75,10664000
2014-11-18,30.151296615600586,43.529998779296875,43.86000061035156,42.75,42.95000076293945,26143000
2014-11-19,30.629241943359375,44.220001220703125,44.43000030517578,43.560001373291016,43.66999816894531,25402300
2014-11-20,30.65001678466797,44.25,44.41999816894531,43.849998474121094,43.959999084472656,13465400
2014-11-21,30.823169708251953,44.5,44.7400016784668,44.279998779296875,44.58000183105469,14382700
2014-11-24,30.66386604309082,44.27000045776367,44.779998779296875,44.20000076293945,44.5099983215332,12890800
2014-11-25,30.77469253540039,44.43000030517578,44.59000015258789,44.119998931884766,44.27000045776367,10741700
2014-11-26,30.889774322509766,44.290000915527344,44.369998931884766,43.970001220703125,43.9900016784668,9199200
2014-11-28,31.266389846801758,44.83000183105469,45.0,44.150001525878906,44.150001525878906,10502000
2014-12-01,31.071096420288086,44.54999923706055,44.77000045776367,44.130001068115234,44.18000030517578,10065700
2014-12-02,31.064125061035156,44.540000915527344,44.66999816894531,44.22999954223633,44.369998931884766,9878100
2014-12-03,30.54802131652832,43.79999923706055,44.439998626708984,43.7599983215332,44.41999816894531,15246500
2014-12-04,30.33877944946289,43.5,43.84000015258789,43.369998931884766,43.619998931884766,13779700
2014-12-05,30.359710693359375,43.529998779296875,43.61000061035156,43.20000076293945,43.5,12536900
2014-12-08,30.087709426879883,43.13999938964844,43.630001068115234,43.09000015258789,43.5099983215332,12802300
2014-12-09,29.320528030395508,42.040000915527344,42.529998779296875,41.66999816894531,42.150001525878906,25714600
2014-12-10,29.013652801513672,41.599998474121094,42.2400016784668,41.560001373291016,42.040000915527344,18324100
2014-12-11,28.964828491210938,41.529998779296875,42.0099983215332,41.5,41.619998931884766,16201500
2014-12-12,28.53240394592285,40.90999984741211,41.61000061035156,40.869998931884766,41.38999938964844,18432400
2014-12-15,28.295276641845703,40.56999969482422,41.18000030517578,40.560001373291016,41.130001068115234,23378500
2014-12-16,28.169734954833984,40.38999938964844,41.310001373291016,39.79999923706055,40.20000076293945,23475400
2014-12-17,28.978776931762695,41.54999923706055,41.7599983215332,40.380001068115234,40.439998626708984,20223900
2014-12-18,29.564624786376953,42.38999938964844,42.38999938964844,41.75,41.86000061035156,18030700
2014-12-19,29.257753372192383,41.95000076293945,42.790000915527344,41.88999938964844,42.439998626708984,24009500
2014-12-22,29.53673553466797,42.349998474121094,42.439998626708984,42.09000015258789,42.13999938964844,11190900
2014-12-23,29.969146728515625,42.970001220703125,43.13999938964844,42.470001220703125,42.540000915527344,13411300
2014-12-24,29.948211669921875,42.939998626708984,43.22999954223633,42.91999816894531,43.099998474121094,6405900
2014-12-26,29.96217155456543,42.959999084472656,43.29999923706055,42.93000030517578,42.970001220703125,6466900
2014-12-29,29.89242172241211,42.86000061035156,43.060001373291016,42.4900016784668,42.79999923706055,8694500
2014-12-30,29.822681427001953,42.7599983215332,42.9900016784668,42.650001525878906,42.7400016784668,9222000
2014-12-31,29.4460506439209,42.220001220703125,42.939998626708984,42.220001220703125,42.91999816894531,9369500
2015-01-02,29.390254974365234,42.13999938964844,42.400001525878906,41.79999923706055,42.2599983215332,9921100
2015-01-05,29.390254974365234,42.13999938964844,42.970001220703125,42.08000183105469,42.689998626708984,26292600
2015-01-06,29.61344337463379,42.459999084472656,42.939998626708984,42.2400016784668,42.40999984741211,16897500
2015-01-07,29.98309898376465,42.9900016784668,43.11000061035156,42.58000183105469,42.79999923706055,13412300
2015-01-08,30.345762252807617,43.5099983215332,43.56999969482422,43.099998474121094,43.18000030517578,21743600
2015-01-09,30.010986328125,43.029998779296875,43.560001373291016,42.95000076293945,43.470001220703125,12733500
2015-01-12,29.738983154296875,42.63999938964844,43.20000076293945,42.459999084472656,43.06999969482422,11415800
2015-01-13,29.73200225830078,42.630001068115234,43.2400016784668,42.45000076293945,42.83000183105469,12529500
2015-01-14,29.68319320678711,42.560001373291016,42.599998474121094,42.06999969482422,42.08000183105469,13447600
2015-01-15,29.55765151977539,42.380001068115234,42.86000061035156,42.16999816894531,42.83000183105469,11193100
2015-01-16,29.662261962890625,42.529998779296875,42.59000015258789,42.2400016784668,42.36000061035156,15114900
2015-01-20,30.101654052734375,43.15999984741211,43.33000183105469,42.61000061035156,42.70000076293945,17047300
2015-01-21,30.24114418029785,43.36000061035156,43.43000030517578,42.7599983215332,42.88999938964844,10720600
2015-01-22,30.534082412719727,43.779998779296875,43.83000183105469,43.06999969482422,43.369998931884766,14709100
2015-01-23,30.206270217895508,43.310001373291016,43.75,43.18000030517578,43.599998474121094,12357700
2015-01-26,29.99006462097168,43.0,43.22999954223633,42.83000183105469,43.18000030517578,11151900
2015-01-27,29.564624786376953,42.38999938964844,42.63999938964844,42.150001525878906,42.540000915527344,15274000
2015-01-28,29.2368221282959,41.91999816894531,42.79999923706055,41.900001525878906,42.59000015258789,14278500
2015-01-29,29.362369537353516,42.099998474121094,42.150001525878906,41.470001220703125,41.77000045776367,13657900
2015-01-30,28.7137393951416,41.16999816894531,41.93000030517578,41.11000061035156,41.83000183105469,19193700
2015-02-02,29.006669998168945,41.59000015258789,41.630001068115234,40.900001525878906,41.209999084472656,15197500
2015-02-03,29.034561157226562,41.630001068115234,41.849998474121094,41.369998931884766,41.75,13193100
2015-02-04,29.069438934326172,41.68000030517578,42.09000015258789,41.619998931884766,41.77000045776367,16400000
2015-02-05,29.146163940429688,41.790000915527344,41.81999969482422,41.5099983215332,41.79999923706055,11078500
2015-02-06,28.90902328491211,41.45000076293945,41.7599983215332,41.31999969482422,41.630001068115234,12366400
2015-02-09,28.755592346191406,41.22999954223633,41.45000076293945,41.040000915527344,41.380001068115234,13371100
2015-02-10,29.57159996032715,42.400001525878906,43.029998779296875,42.20000076293945,42.90999984741211,32184200
2015-02-11,29.5506649017334,42.369998931884766,42.4900016784668,41.70000076293945,42.099998474121094,20496300
2015-02-12,29.41119384765625,42.16999816894531,42.65999984741211,42.06999969482422,42.400001525878906,13818200
2015-02-13,29.28565788269043,41.9900016784668,42.22999954223633,41.7599983215332,42.02000045776367,10792100
2015-02-17,29.160112380981445,41.810001373291016,41.880001068115234,41.63999938964844,41.810001373291016,12804200
2015-02-18,29.10430145263672,41.72999954223633,41.79999923706055,41.470001220703125,41.75,9789800
2015-02-19,29.369340896606445,42.11000061035156,42.2400016784668,41.529998779296875,41.68000030517578,16578300
2015-02-20,29.271690368652344,41.970001220703125,42.11000061035156,41.63999938964844,42.040000915527344,15982400
2015-02-23,29.18800163269043,41.849998474121094,42.16999816894531,41.689998626708984,41.709999084472656,11830300
2015-02-24,29.383285522460938,42.130001068115234,42.33000183105469,41.77000045776367,41.849998474121094,12782700
2015-02-25,29.32749366760254,42.04999923706055,42.2400016784668,41.7400016784668,42.16999816894531,10323300
2015-02-26,29.61344337463379,42.459999084472656,42.54999923706055,41.970001220703125,42.040000915527344,14346500
2015-02-27,30.19930076599121,43.29999923706055,43.65999984741211,42.470001220703125,42.52000045776367,28312800
2015-03-02,30.129558563232422,43.20000076293945,43.29999923706055,43.08000183105469,43.29999923706055,13514600
2015-03-03,29.955188751220703,42.95000076293945,43.15999984741211,42.84000015258789,43.11000061035156,10036300
2015-03-04,29.641345977783203,42.5,42.97999954223633,42.470001220703125,42.91999816894531,16263000
2015-03-05,29.57159996032715,42.400001525878906,42.61000061035156,42.25,42.560001373291016,9223000
2015-03-06,28.95784568786621,41.52000045776367,42.20000076293945,41.33000183105469,42.119998931884766,18180500
2015-03-09,28.86717414855957,41.38999938964844,41.54999923706055,41.31999969482422,41.529998779296875,10123300
2015-03-10,28.378969192504883,40.689998626708984,41.150001525878906,40.68000030517578,41.099998474121094,14599100
2015-03-11,27.967472076416016,40.099998474121094,40.72999954223633,40.08000183105469,40.72999954223633,18549700
2015-03-12,28.530065536499023,40.56999969482422,40.56999969482422,40.02000045776367,40.099998474121094,17728700
2015-03-13,28.06592559814453,39.90999984741211,40.56999969482422,39.61000061035156,40.439998626708984,17438400
2015-03-16,28.333154678344727,40.290000915527344,40.349998474121094,39.9900016784668,40.0,15238800
2015-03-17,28.487865447998047,40.5099983215332,40.72999954223633,40.31999969482422,40.66999816894531,21661800
2015-03-18,28.551151275634766,40.599998474121094,40.790000915527344,39.79999923706055,40.47999954223633,26247500
2015-03-19,28.143281936645508,40.02000045776367,40.52000045776367,39.959999084472656,40.47999954223633,16057600
2015-03-20,28.586328506469727,40.650001525878906,40.65999984741211,40.0099983215332,40.06999969482422,31608500
2015-03-23,28.56522560119629,40.619998931884766,40.939998626708984,40.5,40.63999938964844,17060500
2015-03-24,28.459747314453125,40.470001220703125,40.9900016784668,40.470001220703125,40.90999984741211,13485700
2015-03-25,28.445680618286133,40.45000076293945,40.70000076293945,40.2400016784668,40.59000015258789,22811300
2015-03-26,28.375349044799805,40.349998474121094,40.560001373291016,40.22999954223633,40.34000015258789,17359600
2015-03-27,28.18549156188965,40.08000183105469,40.47999954223633,39.970001220703125,40.47999954223633,14384400
2015-03-30,28.487865447998047,40.5099983215332,40.61000061035156,39.939998626708984,40.11000061035156,12561400
2015-03-31,28.515993118286133,40.54999923706055,40.900001525878906,40.349998474121094,40.5099983215332,16604800
2015-04-01,28.607418060302734,40.68000030517578,40.810001373291016,40.22999954223633,40.790000915527344,14300700
2015-04-02,28.607418060302734,40.68000030517578,40.869998931884766,40.47999954223633,40.72999954223633,14343100
2015-04-06,28.95199966430664,41.16999816894531,41.61000061035156,40.59000015258789,40.77000045776367,19843400
2015-04-07,28.839492797851562,41.0099983215332,41.369998931884766,40.970001220703125,41.04999923706055,9773400
2015-04-08,28.75510597229004,40.88999938964844,41.09000015258789,40.7400016784668,40.97999954223633,8954700
2015-04-09,28.86761474609375,41.04999923706055,41.08000183105469,40.630001068115234,40.79999923706055,12710900
2015-04-10,28.748064041137695,40.880001068115234,41.15999984741211,40.849998474121094,41.09000015258789,8720000
2015-04-13,28.62149429321289,40.70000076293945,40.970001220703125,40.70000076293945,40.970001220703125,9616300
2015-04-14,28.487865447998047,40.5099983215332,40.650001525878906,40.31999969482422,40.59000015258789,11209700
2015-04-15,28.41050910949707,40.400001525878906,40.810001373291016,40.31999969482422,40.59000015258789,11189100
2015-04-16,28.551151275634766,40.599998474121094,40.86000061035156,40.29999923706055,40.40999984741211,13121000
2015-04-17,28.340200424194336,40.29999923706055,40.65999984741211,40.099998474121094,40.470001220703125,15330300
2015-04-20,28.593358993530273,40.65999984741211,40.900001525878906,40.40999984741211,40.41999816894531,13023700
2015-04-21,28.677734375,40.779998779296875,40.9900016784668,40.540000915527344,40.66999816894531,19673100
2015-04-22,29.050443649291992,41.310001373291016,41.56999969482422,41.06999969482422,41.560001373291016,26887200
2015-04-23,28.797292709350586,40.95000076293945,41.40999984741211,40.91999816894531,41.22999954223633,17408800
2015-04-24,28.75510597229004,40.88999938964844,41.119998931884766,40.810001373291016,41.040000915527344,11623300
2015-04-27,28.712894439697266,40.83000183105469,41.150001525878906,40.779998779296875,41.0,10044600
2015-04-28,28.670705795288086,40.77000045776367,40.970001220703125,40.599998474121094,40.95000076293945,12174800
2015-04-29,28.47381019592285,40.4900016784668,40.75,40.400001525878906,40.65999984741211,11371400
2015-04-30,28.52303695678711,40.560001373291016,40.58000183105469,40.279998779296875,40.400001525878906,12700800
2015-05-01,28.7691593170166,40.90999984741211,40.93000030517578,40.5,40.58000183105469,10848300
2015-05-04,28.8043270111084,40.959999084472656,41.099998474121094,40.77000045776367,40.880001068115234,10204800
2015-05-05,28.656646728515625,40.75,41.13999938964844,40.68000030517578,41.13999938964844,11721300
2015-05-06,28.593358993530273,40.65999984741211,41.09000015258789,40.38999938964844,41.040000915527344,11906900
2015-05-07,28.62149429321289,40.70000076293945,40.90999984741211,40.5099983215332,40.529998779296875,13834700
2015-05-08,28.818378448486328,40.97999954223633,41.16999816894531,40.849998474121094,41.0,11144400
2015-05-11,28.790258407592773,40.939998626708984,41.38999938964844,40.880001068115234,40.97999954223633,10113500
2015-05-12,28.614444732666016,40.689998626708984,40.959999084472656,40.52000045776367,40.77000045776367,12384500
2015-05-13,28.86761474609375,41.04999923706055,41.36000061035156,40.720001220703125,40.75,13183700
2015-05-14,29.184064865112305,41.5,41.599998474121094,41.2599983215332,41.29999923706055,9961000
2015-05-15,29.1981258392334,41.52000045776367,41.689998626708984,41.43000030517578,41.45000076293945,8479000
2015-05-18,29.0574893951416,41.31999969482422,41.4900016784668,41.25,41.4900016784668,11511700
2015-05-19,29.050443649291992,41.310001373291016,41.38999938964844,41.130001068115234,41.22999954223633,9072000
2015-05-20,29.07858657836914,41.349998474121094,41.59000015258789,41.310001373291016,41.369998931884766,10965200
2015-05-21,28.994190216064453,41.22999954223633,41.31999969482422,41.06999969482422,41.2599983215332,9270900
2015-05-22,28.980133056640625,41.209999084472656,41.2400016784668,41.040000915527344,41.119998931884766,11909500
2015-05-26,28.825424194335938,40.9900016784668,41.18000030517578,40.7400016784668,41.119998931884766,15194300
2015-05-27,28.916837692260742,41.119998931884766,41.20000076293945,40.83000183105469,40.939998626708984,9863100
2015-05-28,28.93090057373047,41.13999938964844,41.29999923706055,40.880001068115234,41.20000076293945,9395200
2015-05-29,28.8043270111084,40.959999084472656,41.18000030517578,40.77000045776367,41.18000030517578,19628600
2015-06-01,28.790258407592773,40.939998626708984,41.40999984741211,40.880001068115234,41.36000061035156,12684100
2015-06-02,28.825424194335938,40.9900016784668,41.15999984741211,40.68000030517578,40.84000015258789,11878600
2015-06-03,28.741031646728516,40.869998931884766,41.209999084472656,40.779998779296875,41.099998474121094,8153800
2015-06-04,28.54412078857422,40.59000015258789,40.97999954223633,40.529998779296875,40.709999084472656,10145800
2015-06-05,28.199546813964844,40.099998474121094,40.52000045776367,40.08000183105469,40.47999954223633,15975600
2015-06-08,28.24173927307129,40.15999984741211,40.2599983215332,40.02000045776367,40.099998474121094,14339300
2015-06-09,28.269868850708008,40.20000076293945,40.41999816894531,40.11000061035156,40.16999816894531,10772700
2015-06-10,28.361282348632812,40.33000183105469,40.540000915527344,40.279998779296875,40.31999969482422,11979900
2015-06-11,28.432191848754883,40.099998474121094,40.25,40.029998779296875,40.11000061035156,11944900
2015-06-12,28.33292579650879,39.959999084472656,40.119998931884766,39.84000015258789,40.040000915527344,15568600
2015-06-15,28.070594787597656,39.59000015258789,39.86000061035156,39.56999969482422,39.83000183105469,11364800
2015-06-16,28.418012619018555,40.08000183105469,40.15999984741211,39.599998474121094,39.630001068115234,12517400
2015-06-17,28.55271339416504,40.27000045776367,40.31999969482422,40.0099983215332,40.08000183105469,13898400
2015-06-18,28.822153091430664,40.650001525878906,40.7400016784668,40.15999984741211,40.15999984741211,16314600
2015-06-19,28.6448974609375,40.400001525878906,40.650001525878906,40.400001525878906,40.59000015258789,23550600
2015-06-22,28.70162582397461,40.47999954223633,40.810001373291016,40.459999084472656,40.5099983215332,8775900
2015-06-23,28.630718231201172,40.380001068115234,40.52000045776367,40.310001373291016,40.43000030517578,11094900
2015-06-24,28.49599838256836,40.189998626708984,40.45000076293945,40.189998626708984,40.369998931884766,10385100
2015-06-25,28.375476837158203,40.02000045776367,40.34000015258789,40.02000045776367,40.279998779296875,10607600
2015-06-26,28.361282348632812,40.0,40.349998474121094,40.0,40.099998474121094,16215600
2015-06-29,27.935867309570312,39.400001525878906,39.97999954223633,39.400001525878906,39.79999923706055,15500800
2015-06-30,27.81532859802246,39.22999954223633,39.61000061035156,39.119998931884766,39.61000061035156,14621300
2015-07-01,28.006765365600586,39.5,39.599998474121094,39.279998779296875,39.380001068115234,11177400
2015-07-02,27.999691009521484,39.4900016784668,39.810001373291016,39.349998474121094,39.630001068115234,8975900
2015-07-06,27.950056076049805,39.41999816894531,39.599998474121094,39.220001220703125,39.31999969482422,10252600
2015-07-07,28.53854751586914,40.25,40.380001068115234,39.400001525878906,39.4900016784668,20335000
2015-07-08,28.26202392578125,39.86000061035156,40.22999954223633,39.84000015258789,39.9900016784668,11383700
2015-07-09,28.304569244384766,39.91999816894531,40.58000183105469,39.900001525878906,40.459999084472656,13392000
2015-07-10,28.637805938720703,40.38999938964844,40.52000045776367,40.15999984741211,40.27000045776367,13360400
2015-07-13,28.829248428344727,40.65999984741211,40.77000045776367,40.4900016784668,40.560001373291016,9854200
2015-07-14,29.19085121154785,41.16999816894531,41.2599983215332,40.84000015258789,40.900001525878906,19531000
2015-07-15,29.162494659423828,41.130001068115234,41.36000061035156,41.099998474121094,41.150001525878906,11252100
2015-07-16,29.410655975341797,41.47999954223633,41.599998474121094,41.349998474121094,41.41999816894531,10483700
2015-07-17,29.24756622314453,41.25,41.31999969482422,41.04999923706055,41.310001373291016,9608300
2015-07-20,29.339746475219727,41.380001068115234,41.540000915527344,41.220001220703125,41.349998474121094,10024200
2015-07-21,29.205041885375977,41.189998626708984,41.52000045776367,41.099998474121094,41.380001068115234,13653800
2015-07-22,28.99941635131836,40.900001525878906,41.59000015258789,40.59000015258789,40.810001373291016,15528600
2015-07-23,28.956867218017578,40.84000015258789,41.02000045776367,40.47999954223633,40.9900016784668,13522200
2015-07-24,28.67327117919922,40.439998626708984,40.83000183105469,40.40999984741211,40.7599983215332,10912500
2015-07-27,28.744163513183594,40.540000915527344,40.58000183105469,40.15999984741211,40.279998779296875,10945700
2015-07-28,28.75125503540039,40.54999923706055,40.72999954223633,40.439998626708984,40.650001525878906,11021800
2015-07-29,28.77960777282715,40.59000015258789,40.709999084472656,40.4900016784668,40.529998779296875,8479900
2015-07-30,28.758344650268555,40.560001373291016,40.75,40.38999938964844,40.54999923706055,9095500
2015-07-31,29.127038955688477,41.08000183105469,41.220001220703125,40.77000045776367,40.880001068115234,15309500
2015-08-03,29.45319366455078,41.540000915527344,41.54999923706055,40.84000015258789,40.849998474121094,14672600
2015-08-04,29.672990798950195,41.849998474121094,41.869998931884766,41.34000015258789,41.5099983215332,17559900
2015-08-05,29.86444091796875,42.119998931884766,42.220001220703125,41.81999969482422,41.91999816894531,15329200
2015-08-06,29.722623825073242,41.91999816894531,42.25,41.86000061035156,42.0,11378900
2015-08-07,29.616268157958984,41.77000045776367,41.970001220703125,41.529998779296875,41.810001373291016,10886700
2015-08-10,29.552461624145508,41.68000030517578,41.9900016784668,41.58000183105469,41.88999938964844,9501900
2015-08-11,29.410655975341797,41.47999954223633,41.56999969482422,41.16999816894531,41.400001525878906,11254900
2015-08-12,29.254661560058594,41.2599983215332,41.2599983215332,40.849998474121094,41.130001068115234,9602200
2015-08-13,29.141223907470703,41.099998474121094,41.380001068115234,41.0099983215332,41.279998779296875,10270900
2015-08-14,29.24756622314453,41.25,41.25,40.959999084472656,41.0099983215332,9904800
2015-08-17,29.318479537963867,41.349998474121094,41.45000076293945,40.970001220703125,41.029998779296875,8272800
2015-08-18,29.28302574157715,41.29999923706055,41.529998779296875,41.189998626708984,41.279998779296875,11199400
2015-08-19,28.914339065551758,40.779998779296875,41.2400016784668,40.779998779296875,41.13999938964844,15796500
2015-08-20,28.75125503540039,40.54999923706055,40.81999969482422,40.41999816894531,40.52000045776367,14218000
2015-08-21,28.028051376342773,39.529998779296875,40.470001220703125,39.5099983215332,40.15999984741211,28036200
2015-08-24,27.21265411376953,38.380001068115234,38.939998626708984,36.560001373291016,37.9900016784668,44065300
2015-08-25,26.936126708984375,37.9900016784668,39.279998779296875,37.93000030517578,39.130001068115234,31363700
2015-08-26,27.460813522338867,38.72999954223633,38.83000183105469,37.88999938964844,38.75,23523300
2015-08-27,27.843690872192383,39.27000045776367,39.380001068115234,38.599998474121094,39.060001373291016,18871600
2015-08-28,27.971311569213867,39.45000076293945,39.470001220703125,39.04999923706055,39.11000061035156,14503900
2015-08-31,27.879140853881836,39.31999969482422,39.45000076293945,39.060001373291016,39.150001525878906,12673300
2015-09-01,27.47499656677246,38.75,39.029998779296875,38.540000915527344,38.66999816894531,23703200
2015-09-02,27.581361770629883,38.900001525878906,39.06999969482422,38.560001373291016,39.029998779296875,14054800
2015-09-03,27.76569175720215,39.15999984741211,39.34000015258789,38.84000015258789,38.900001525878906,13311600
2015-09-04,27.31191062927246,38.52000045776367,38.790000915527344,38.380001068115234,38.68000030517578,15450500
2015-09-08,27.581361770629883,38.900001525878906,39.029998779296875,38.599998474121094,38.869998931884766,15273900
2015-09-09,27.155929565429688,38.29999923706055,39.209999084472656,38.20000076293945,39.119998931884766,13764600
2015-09-10,27.241024017333984,38.41999816894531,38.650001525878906,38.25,38.310001373291016,14952500
2015-09-11,27.26961898803711,38.130001068115234,38.189998626708984,37.84000015258789,38.0099983215332,11802300
2015-09-14,27.2481746673584,38.099998474121094,38.220001220703125,37.849998474121094,38.220001220703125,8950000
2015-09-15,27.534238815307617,38.5,38.630001068115234,37.91999816894531,38.06999969482422,13019800
2015-09-16,27.999101638793945,39.150001525878906,39.189998626708984,38.470001220703125,38.66999816894531,22233400
2015-09-17,28.16358757019043,39.380001068115234,39.61000061035156,39.040000915527344,39.150001525878906,21232500
2015-09-18,27.87751579284668,38.97999954223633,39.29999923706055,38.709999084472656,38.86000061035156,27527300
2015-09-21,28.027711868286133,39.189998626708984,39.310001373291016,38.939998626708984,39.04999923706055,12935800
2015-09-22,27.74164581298828,38.790000915527344,38.9900016784668,38.58000183105469,38.68000030517578,15021300
2015-09-23,27.720186233520508,38.7599983215332,38.880001068115234,38.54999923706055,38.790000915527344,8910800
2015-09-24,27.999101638793945,39.150001525878906,39.20000076293945,38.5099983215332,38.52000045776367,19385700
2015-09-25,28.335229873657227,39.619998931884766,40.08000183105469,39.33000183105469,39.43000030517578,22511300
2015-09-28,28.270872116088867,39.529998779296875,39.81999969482422,39.33000183105469,39.52000045776367,19323100
2015-09-29,28.363834381103516,39.65999984741211,39.709999084472656,39.33000183105469,39.52000045776367,14166900
2015-09-30,28.69281578063965,40.119998931884766,40.22999954223633,39.79999923706055,39.880001068115234,19752600
2015-10-01,28.463966369628906,39.79999923706055,40.470001220703125,39.599998474121094,40.220001220703125,19606600
2015-10-02,28.88591194152832,40.38999938964844,40.38999938964844,39.36000061035156,39.560001373291016,15537300
2015-10-05,29.32932472229004,41.0099983215332,41.04999923706055,40.43000030517578,40.45000076293945,15664000
2015-10-06,29.293563842773438,40.959999084472656,41.34000015258789,40.93000030517578,41.040000915527344,14579400
2015-10-07,29.694055557250977,41.52000045776367,41.61000061035156,41.099998474121094,41.13999938964844,14329700
2015-10-08,30.023046493530273,41.97999954223633,41.9900016784668,41.2599983215332,41.2599983215332,11960200
2015-10-09,30.051658630371094,42.02000045776367,42.119998931884766,41.779998779296875,41.81999969482422,13931200
2015-10-12,30.0373477935791,42.0,42.290000915527344,41.810001373291016,41.83000183105469,12299100
2015-10-13,29.787031173706055,41.650001525878906,41.90999984741211,41.540000915527344,41.79999923706055,12903600
2015-10-14,29.808490753173828,41.68000030517578,41.959999084472656,41.560001373291016,41.560001373291016,14180000
2015-10-15,29.980138778686523,41.91999816894531,42.029998779296875,41.599998474121094,41.869998931884766,11801600
2015-10-16,30.051658630371094,42.02000045776367,42.209999084472656,41.880001068115234,42.15999984741211,20384200
2015-10-19,30.030202865600586,41.9900016784668,42.060001373291016,41.79999923706055,41.900001525878906,15553800
2015-10-20,30.244754791259766,42.290000915527344,42.400001525878906,42.0,42.0,16199300
2015-10-21,30.173229217529297,42.189998626708984,42.52000045776367,41.709999084472656,41.939998626708984,19254900
2015-10-22,30.924165725708008,43.2400016784668,43.849998474121094,42.40999984741211,42.439998626708984,35920200
2015-10-23,30.602338790893555,42.790000915527344,43.310001373291016,42.75,43.310001373291016,18796100
2015-10-26,30.45929527282715,42.59000015258789,42.88999938964844,42.459999084472656,42.7599983215332,14788600
2015-10-27,30.47361946105957,42.61000061035156,42.77000045776367,42.47999954223633,42.5,30166600
2015-10-28,30.55942153930664,42.72999954223633,42.84000015258789,42.209999084472656,42.75,13667300
2015-10-29,30.602338790893555,42.790000915527344,42.900001525878906,42.34000015258789,42.65999984741211,9427400
2015-10-30,30.28766441345215,42.349998474121094,42.86000061035156,42.349998474121094,42.79999923706055,15356200
2015-11-02,30.208993911743164,42.2400016784668,42.36000061035156,41.900001525878906,42.31999969482422,16252200
2015-11-03,30.15177345275879,42.15999984741211,42.31999969482422,41.810001373291016,42.18000030517578,9693100
2015-11-04,30.015899658203125,41.970001220703125,42.38999938964844,41.88999938964844,42.27000045776367,10488500
2015-11-05,30.27335548400879,42.33000183105469,42.349998474121094,41.97999954223633,42.0,9625100
2015-11-06,30.008745193481445,41.959999084472656,42.220001220703125,41.61000061035156,41.970001220703125,11926700
2015-11-09,29.7083683013916,41.540000915527344,41.790000915527344,41.34000015258789,41.70000076293945,10842700
2015-11-10,29.872861862182617,41.77000045776367,41.810001373291016,41.43000030517578,41.439998626708984,8283100
2015-11-11,30.06596565246582,42.040000915527344,42.20000076293945,41.91999816894531,41.939998626708984,9101200
2015-11-12,29.736970901489258,41.58000183105469,42.04999923706055,41.56999969482422,42.0099983215332,10725000
2015-11-13,29.59394645690918,41.380001068115234,41.779998779296875,41.36000061035156,41.459999084472656,11619500
2015-11-16,30.008745193481445,41.959999084472656,42.0,41.38999938964844,41.43000030517578,11244900
2015-11-17,29.80133628845215,41.66999816894531,42.150001525878906,41.5099983215332,41.849998474121094,12739400
2015-11-18,30.237594604492188,42.279998779296875,42.349998474121094,41.68000030517578,41.77000045776367,12966300
2015-11-19,30.831207275390625,43.11000061035156,43.29999923706055,42.31999969482422,42.31999969482422,24090700
2015-11-20,30.344873428344727,42.43000030517578,43.58000183105469,42.400001525878906,43.310001373291016,19780800
2015-11-23,30.723928451538086,42.959999084472656,43.18000030517578,42.529998779296875,42.54999923706055,13338100
2015-11-24,31.009979248046875,43.36000061035156,43.599998474121094,42.65999984741211,42.70000076293945,15767200
2015-11-25,31.009979248046875,43.36000061035156,43.5,43.2400016784668,43.31999969482422,10344900
2015-11-27,31.096467971801758,43.150001525878906,43.2400016784668,42.79999923706055,43.040000915527344,7236700
2015-11-30,30.714513778686523,42.619998931884766,43.150001525878906,42.61000061035156,43.119998931884766,16063000
2015-12-01,30.90909767150879,42.88999938964844,43.099998474121094,42.72999954223633,42.72999954223633,11153000
2015-12-02,30.822620391845703,42.77000045776367,42.93000030517578,42.59000015258789,42.83000183105469,12598500
2015-12-03,30.59920883178711,42.459999084472656,42.88999938964844,42.31999969482422,42.72999954223633,15004400
2015-12-04,31.19735336303711,43.290000915527344,43.47999954223633,42.58000183105469,42.58000183105469,16488000
2015-12-07,31.132505416870117,43.20000076293945,43.439998626708984,43.0,43.310001373291016,12030700
2015-12-08,30.995567321777344,43.0099983215332,43.25,42.79999923706055,43.04999923706055,10736200
2015-12-09,30.743345260620117,42.65999984741211,43.27000045776367,42.5,42.779998779296875,12945500
2015-12-10,30.81540298461914,42.7599983215332,43.06999969482422,42.529998779296875,42.72999954223633,15483300
2015-12-11,30.46228790283203,42.27000045776367,42.83000183105469,42.13999938964844,42.630001068115234,17313400
2015-12-14,30.592008590698242,42.45000076293945,42.7599983215332,41.970001220703125,42.310001373291016,20092900
2015-12-15,31.038818359375,43.06999969482422,43.2400016784668,42.7599983215332,42.84000015258789,17916400
2015-12-16,31.59371566772461,43.84000015258789,43.90999984741211,43.25,43.25,21868600
2015-12-17,31.34149932861328,43.4900016784668,43.88999938964844,43.41999816894531,43.810001373291016,14697000
2015-12-18,30.628034591674805,42.5,43.41999816894531,42.5,43.36000061035156,24583700
2015-12-21,30.82982063293457,42.779998779296875,42.939998626708984,42.459999084472656,42.81999969482422,10444400
2015-12-22,31.19735336303711,43.290000915527344,43.38999938964844,42.709999084472656,42.86000061035156,12280800
2015-12-23,31.471206665039062,43.66999816894531,43.72999954223633,43.349998474121094,43.38999938964844,9092300
2015-12-24,31.377527236938477,43.540000915527344,43.720001220703125,43.41999816894531,43.4900016784668,3036600
2015-12-28,31.34149932861328,43.4900016784668,43.52000045776367,43.310001373291016,43.439998626708984,6326100
2015-12-29,31.500036239624023,43.709999084472656,43.779998779296875,43.5,43.540000915527344,7739800
2015-12-30,31.399145126342773,43.56999969482422,43.77000045776367,43.45000076293945,43.75,5112500
2015-12-31,30.959552764892578,42.959999084472656,43.34000015258789,42.869998931884766,43.29999923706055,9727900
2016-01-04,30.555971145629883,42.400001525878906,42.5,41.970001220703125,42.34000015258789,16084100
2016-01-05,30.664085388183594,42.54999923706055,42.630001068115234,42.16999816894531,42.310001373291016,15781900
2016-01-06,30.498323440551758,42.31999969482422,42.5099983215332,42.040000915527344,42.20000076293945,16245100
2016-01-07,29.993854522705078,41.619998931884766,42.11000061035156,41.45000076293945,41.650001525878906,20563600
2016-01-08,29.91458511352539,41.5099983215332,42.119998931884766,41.40999984741211,41.650001525878906,14645900
2016-01-11,29.965024948120117,41.58000183105469,41.86000061035156,41.290000915527344,41.58000183105469,15815200
2016-01-12,30.354188919067383,42.119998931884766,42.45000076293945,41.869998931884766,42.29999923706055,21814800
2016-01-13,30.15960121154785,41.849998474121094,42.56999969482422,41.790000915527344,42.16999816894531,16854300
2016-01-14,30.181230545043945,41.880001068115234,42.16999816894531,41.63999938964844,41.9900016784668,16028000
2016-01-15,29.907365798950195,41.5,41.59000015258789,40.93000030517578,40.95000076293945,21153600
2016-01-19,30.210058212280273,41.91999816894531,42.119998931884766,41.650001525878906,41.77000045776367,15462200
2016-01-20,29.82090187072754,41.380001068115234,41.619998931884766,40.75,41.45000076293945,19923500
2016-01-21,29.828113555908203,41.38999938964844,41.5099983215332,41.09000015258789,41.45000076293945,15568900
2016-01-22,30.31095314025879,42.060001373291016,42.2400016784668,41.45000076293945,41.63999938964844,15209200
2016-01-25,30.383012771606445,42.15999984741211,42.5,41.93000030517578,42.2400016784668,12505200
2016-01-26,30.32536506652832,42.08000183105469,42.5,41.93000030517578,42.15999984741211,13018500
2016-01-27,30.332557678222656,42.09000015258789,42.459999084472656,41.810001373291016,42.18000030517578,14167000
2016-01-28,30.678485870361328,42.56999969482422,42.720001220703125,42.060001373291016,42.18000030517578,16622800
2016-01-29,30.930709838867188,42.91999816894531,43.2599983215332,42.650001525878906,42.86000061035156,20457000
2016-02-01,30.988361358642578,43.0,43.150001525878906,42.56999969482422,42.599998474121094,17097800
2016-02-02,30.584793090820312,42.439998626708984,42.790000915527344,42.40999984741211,42.70000076293945,12332900
2016-02-03,30.786584854125977,42.720001220703125,42.939998626708984,42.279998779296875,42.79999923706055,15958300
2016-02-04,30.64965057373047,42.529998779296875,42.88999938964844,42.400001525878906,42.52000045776367,14413700
2016-02-05,30.584793090820312,42.439998626708984,42.9900016784668,42.2599983215332,42.93000030517578,17315700
2016-02-08,30.73613166809082,42.650001525878906,42.70000076293945,41.900001525878906,42.16999816894531,17254400
2016-02-09,31.20456886291504,43.29999923706055,43.4900016784668,42.2599983215332,42.2599983215332,24853800
2016-02-10,30.664085388183594,42.54999923706055,43.38999938964844,42.5099983215332,43.34000015258789,16729600
2016-02-11,30.563175201416016,42.40999984741211,42.61000061035156,41.97999954223633,42.029998779296875,16825300
2016-02-12,31.067655563354492,43.11000061035156,43.13999938964844,42.560001373291016,42.720001220703125,15222400
2016-02-16,31.2477970123291,43.36000061035156,43.459999084472656,43.02000045776367,43.31999969482422,12675900
2016-02-17,31.34149932861328,43.4900016784668,43.619998931884766,43.279998779296875,43.41999816894531,12332500
2016-02-18,31.4279727935791,43.61000061035156,43.72999954223633,43.29999923706055,43.630001068115234,11170300
2016-02-19,31.543270111083984,43.77000045776367,43.77000045776367,43.279998779296875,43.58000183105469,12850000
2016-02-22,31.665786743164062,43.939998626708984,44.15999984741211,43.630001068115234,43.77000045776367,20716100
2016-02-23,31.485620498657227,43.689998626708984,44.04999923706055,43.65999984741211,43.7400016784668,11166400
2016-02-24,31.6441707611084,43.90999984741211,43.939998626708984,43.369998931884766,43.560001373291016,10844200
2016-02-25,31.824331283569336,44.15999984741211,44.18000030517578,43.869998931884766,43.959999084472656,10903300
2016-02-26,31.08926010131836,43.13999938964844,44.060001373291016,43.11000061035156,44.040000915527344,18421000
2016-02-29,31.082048416137695,43.130001068115234,43.61000061035156,42.91999816894531,43.16999816894531,15049800
2016-03-01,31.485620498657227,43.689998626708984,43.689998626708984,43.16999816894531,43.380001068115234,12358300
2016-03-02,31.543270111083984,43.77000045776367,43.77000045776367,43.41999816894531,43.470001220703125,12856300
2016-03-03,31.68020248413086,43.959999084472656,43.97999954223633,43.540000915527344,43.61000061035156,13134800
2016-03-04,31.788293838500977,44.11000061035156,44.150001525878906,43.68000030517578,43.779998779296875,13691500
2016-03-07,31.716228485107422,44.0099983215332,44.13999938964844,43.86000061035156,43.90999984741211,10695300
2016-03-08,31.93964385986328,44.31999969482422,44.470001220703125,43.810001373291016,43.91999816894531,18900200
2016-03-09,32.29276657104492,44.810001373291016,44.83000183105469,44.290000915527344,44.38999938964844,18466600
2016-03-10,32.595436096191406,45.22999954223633,45.2599983215332,44.68000030517578,44.84000015258789,28908600
2016-03-11,32.827857971191406,45.20000076293945,45.25,44.93000030517578,45.0,16129300
2016-03-14,32.893218994140625,45.290000915527344,45.41999816894531,45.040000915527344,45.040000915527344,13206700
2016-03-15,32.856903076171875,45.2400016784668,45.560001373291016,45.06999969482422,45.08000183105469,13686300
2016-03-16,32.71890640258789,45.04999923706055,45.16999816894531,44.54999923706055,45.04999923706055,15386100
2016-03-17,33.241825103759766,45.77000045776367,45.90999984741211,44.970001220703125,45.04999923706055,24080000
2016-03-18,33.11835861206055,45.599998474121094,45.869998931884766,45.38999938964844,45.84000015258789,23853400
2016-03-21,33.16920471191406,45.66999816894531,45.869998931884766,45.36000061035156,45.41999816894531,9740400
2016-03-22,33.04572677612305,45.5,45.72999954223633,45.38999938964844,45.54999923706055,13788300
2016-03-23,33.01667785644531,45.459999084472656,45.709999084472656,45.349998474121094,45.400001525878906,9292100
2016-03-24,33.10383224487305,45.58000183105469,45.599998474121094,45.189998626708984,45.45000076293945,10890200
2016-03-28,33.26362228393555,45.79999923706055,45.93000030517578,45.5099983215332,45.560001373291016,13306600
2016-03-29,33.75748825073242,46.47999954223633,46.5099983215332,45.810001373291016,45.86000061035156,25010400
2016-03-30,33.830108642578125,46.58000183105469,46.72999954223633,46.33000183105469,46.630001068115234,14312200
2016-03-31,33.69212341308594,46.38999938964844,46.880001068115234,46.31999969482422,46.54999923706055,15544500
2016-04-01,34.011688232421875,46.83000183105469,46.869998931884766,46.11000061035156,46.13999938964844,14922900
2016-04-04,34.05526351928711,46.88999938964844,46.93000030517578,46.5,46.84000015258789,10629800
2016-04-05,33.79379653930664,46.529998779296875,46.810001373291016,46.439998626708984,46.619998931884766,10696700
2016-04-06,33.92451477050781,46.709999084472656,46.72999954223633,46.380001068115234,46.56999969482422,9122700
2016-04-07,33.67033004760742,46.36000061035156,46.58000183105469,46.15999984741211,46.5,9292000
2016-04-08,34.04073715209961,46.869998931884766,46.97999954223633,46.439998626708984,46.439998626708984,11959300
2016-04-11,33.72843551635742,46.439998626708984,47.130001068115234,46.40999984741211,46.900001525878906,11880100
2016-04-12,33.880958557128906,46.650001525878906,46.7599983215332,46.349998474121094,46.40999984741211,11219100
2016-04-13,33.437923431396484,46.040000915527344,46.779998779296875,45.81999969482422,46.77000045776367,13234100
2016-04-14,33.2854118347168,45.83000183105469,46.220001220703125,45.75,46.060001373291016,12982200
2016-04-15,33.48149490356445,46.099998474121094,46.15999984741211,45.68000030517578,45.81999969482422,13647800
2016-04-18,33.568660736083984,46.220001220703125,46.279998779296875,45.81999969482422,46.099998474121094,11538100
2016-04-19,33.844635009765625,46.599998474121094,46.619998931884766,46.150001525878906,46.310001373291016,14418300
2016-04-20,32.22502899169922,44.369998931884766,45.380001068115234,44.060001373291016,45.34000015258789,40360300
2016-04-21,31.709381103515625,43.65999984741211,44.279998779296875,42.869998931884766,44.2599983215332,37206900
2016-04-22,32.34850311279297,44.540000915527344,44.65999984741211,43.790000915527344,43.790000915527344,25134200
2016-04-25,32.471981048583984,44.709999084472656,44.720001220703125,44.380001068115234,44.5,11173800
2016-04-26,32.341243743896484,44.529998779296875,44.959999084472656,44.43000030517578,44.91999816894531,13935500
2016-04-27,32.45017623901367,44.68000030517578,44.86000061035156,44.25,44.63999938964844,11335500
2016-04-28,32.41387176513672,44.630001068115234,44.900001525878906,44.459999084472656,44.5,10932500
2016-04-29,32.53733825683594,44.79999923706055,44.86000061035156,44.5,44.529998779296875,11716000
2016-05-02,32.668067932128906,44.97999954223633,45.189998626708984,44.56999969482422,44.56999969482422,12577500
2016-05-03,32.56638717651367,44.84000015258789,45.06999969482422,44.650001525878906,44.869998931884766,10420500
2016-05-04,32.668067932128906,44.97999954223633,45.11000061035156,44.5099983215332,44.720001220703125,9350500
2016-05-05,32.726165771484375,45.060001373291016,45.4900016784668,44.869998931884766,44.93000030517578,8801100
2016-05-06,32.91499710083008,45.31999969482422,45.40999984741211,44.91999816894531,45.060001373291016,8564000
2016-05-09,32.856903076171875,45.2400016784668,45.5,45.16999816894531,45.31999969482422,8110600
2016-05-10,33.22731399536133,45.75,45.84000015258789,45.41999816894531,45.439998626708984,8933500
2016-05-11,33.01667785644531,45.459999084472656,45.880001068115234,45.45000076293945,45.72999954223633,8833100
2016-05-12,33.2854118347168,45.83000183105469,45.900001525878906,45.4900016784668,45.54999923706055,10463400
2016-05-13,32.93678283691406,45.349998474121094,45.83000183105469,45.22999954223633,45.75,10341200
2016-05-16,33.13288879394531,45.619998931884766,45.72999954223633,45.13999938964844,45.15999984741211,9413600
2016-05-17,32.501014709472656,44.75,45.560001373291016,44.709999084472656,45.45000076293945,17457000
2016-05-18,32.3049201965332,44.47999954223633,44.83000183105469,44.22999954223633,44.560001373291016,12524300
2016-05-19,32.188720703125,44.31999969482422,44.38999938964844,44.040000915527344,44.25,10659500
2016-05-20,31.919998168945312,43.95000076293945,44.540000915527344,43.939998626708984,44.5099983215332,12914100
2016-05-23,31.93452262878418,43.970001220703125,44.15999984741211,43.939998626708984,44.06999969482422,13554700
2016-05-24,32.22502899169922,44.369998931884766,44.41999816894531,44.0,44.099998474121094,12634200
2016-05-25,32.232303619384766,44.380001068115234,44.630001068115234,44.25,44.5099983215332,9218100
2016-05-26,32.45745086669922,44.689998626708984,44.77000045776367,44.439998626708984,44.529998779296875,8695800
2016-05-27,32.522804260253906,44.779998779296875,44.959999084472656,44.650001525878906,44.709999084472656,7893900
2016-05-31,32.3920783996582,44.599998474121094,44.97999954223633,44.2599983215332,44.97999954223633,18935200
2016-06-01,32.46471405029297,44.70000076293945,44.779998779296875,44.4900016784668,44.599998474121094,8916000
2016-06-02,32.47924041748047,44.720001220703125,44.720001220703125,44.5,44.70000076293945,6693900
2016-06-03,32.71165084838867,45.040000915527344,45.04999923706055,44.68000030517578,44.75,13434900
2016-06-06,32.95131301879883,45.369998931884766,45.47999954223633,45.08000183105469,45.09000015258789,10310600
2016-06-07,32.91499710083008,45.31999969482422,45.47999954223633,45.20000076293945,45.349998474121094,9812600
2016-06-08,33.08203887939453,45.54999923706055,45.65999984741211,45.189998626708984,45.2400016784668,7915400
2016-06-09,33.23456573486328,45.7599983215332,45.79999923706055,45.310001373291016,45.33000183105469,8042900
2016-06-10,33.40160369873047,45.9900016784668,46.0099983215332,45.560001373291016,45.619998931884766,12357000
2016-06-13,33.02104949951172,45.119998931884766,45.66999816894531,45.09000015258789,45.47999954223633,10613500
2016-06-14,32.962501525878906,45.040000915527344,45.130001068115234,44.439998626708984,44.849998474121094,11298200
2016-06-15,32.94054412841797,45.0099983215332,45.34000015258789,44.880001068115234,45.119998931884766,8360400
2016-06-16,33.16010284423828,45.310001373291016,45.34000015258789,44.720001220703125,44.869998931884766,11305400
2016-06-17,32.77952575683594,44.790000915527344,45.220001220703125,44.380001068115234,45.16999816894531,20805400
2016-06-20,32.91859817504883,44.97999954223633,45.310001373291016,44.959999084472656,45.09000015258789,10712400
2016-06-21,33.02836227416992,45.130001068115234,45.279998779296875,45.0,45.15999984741211,7919400
2016-06-22,32.83076477050781,44.86000061035156,45.33000183105469,44.810001373291016,45.25,10738900
2016-06-23,32.99177932739258,45.08000183105469,45.16999816894531,44.84000015258789,45.029998779296875,9655300
2016-06-24,32.150150299072266,43.93000030517578,44.560001373291016,43.81999969482422,44.20000076293945,26003700
2016-06-27,32.040374755859375,43.779998779296875,43.88999938964844,43.31999969482422,43.66999816894531,15779500
2016-06-28,32.33311080932617,44.18000030517578,44.189998626708984,43.66999816894531,44.060001373291016,16509800
2016-06-29,32.52339172363281,44.439998626708984,44.709999084472656,44.2400016784668,44.38999938964844,12250900
2016-06-30,33.17473602294922,45.33000183105469,45.33000183105469,44.4900016784668,44.52000045776367,16056500
2016-07-01,33.02104949951172,45.119998931884766,45.40999984741211,45.06999969482422,45.33000183105469,11799700
2016-07-05,33.24790954589844,45.43000030517578,45.66999816894531,45.150001525878906,45.15999984741211,12339100
2016-07-06,33.13082504272461,45.27000045776367,45.54999923706055,44.91999816894531,45.5,10902600
2016-07-07,32.99909591674805,45.09000015258789,45.52000045776367,44.970001220703125,45.41999816894531,9741100
2016-07-08,33.21132278442383,45.380001068115234,45.52000045776367,45.06999969482422,45.29999923706055,11127100
2016-07-11,33.350372314453125,45.56999969482422,45.77000045776367,45.11000061035156,45.349998474121094,10937800
2016-07-12,33.35769271850586,45.58000183105469,45.709999084472656,45.18000030517578,45.63999938964844,9739000
2016-07-13,33.47480010986328,45.7400016784668,45.7599983215332,45.43000030517578,45.61000061035156,8028400
2016-07-14,33.43819808959961,45.689998626708984,45.939998626708984,45.58000183105469,45.72999954223633,7621200
2016-07-15,33.394287109375,45.630001068115234,45.900001525878906,45.439998626708984,45.880001068115234,10621000
2016-07-18,33.394287109375,45.630001068115234,45.70000076293945,45.47999954223633,45.689998626708984,7958300
2016-07-19,33.394287109375,45.630001068115234,45.709999084472656,45.43000030517578,45.459999084472656,7761100
2016-07-20,33.30646896362305,45.5099983215332,45.77000045776367,45.38999938964844,45.75,8478200
2016-07-21,33.2625617980957,45.45000076293945,45.5099983215332,45.2599983215332,45.34000015258789,8045100
2016-07-22,33.54066467285156,45.83000183105469,45.84000015258789,45.459999084472656,45.5,8836100
2016-07-25,33.350372314453125,45.56999969482422,45.83000183105469,45.470001220703125,45.810001373291016,9134300
2016-07-26,32.84540557861328,44.880001068115234,45.650001525878906,44.83000183105469,45.529998779296875,15819900
2016-07-27,31.762266159057617,43.400001525878906,44.060001373291016,43.099998474121094,43.900001525878906,37461100
2016-07-28,31.94521713256836,43.650001525878906,43.689998626708984,43.220001220703125,43.27000045776367,13077800
2016-07-29,31.930585861206055,43.630001068115234,43.75,43.47999954223633,43.720001220703125,16530500
2016-08-01,31.798860549926758,43.45000076293945,43.83000183105469,43.43000030517578,43.689998626708984,12349700
2016-08-02,31.857402801513672,43.529998779296875,43.58000183105469,43.310001373291016,43.349998474121094,12825200
2016-08-03,31.937891006469727,43.63999938964844,43.70000076293945,43.369998931884766,43.65999984741211,12119100
2016-08-04,31.842769622802734,43.5099983215332,43.79999923706055,43.400001525878906,43.560001373291016,11244100
2016-08-05,31.820812225341797,43.47999954223633,43.75,43.40999984741211,43.650001525878906,10398200
2016-08-08,31.791542053222656,43.439998626708984,43.52000045776367,43.220001220703125,43.43000030517578,8680300
2016-08-09,31.813493728637695,43.470001220703125,43.63999938964844,43.380001068115234,43.5,7281300
2016-08-10,31.91594886779785,43.61000061035156,43.689998626708984,43.5,43.63999938964844,8412100
2016-08-11,32.018409729003906,43.75,43.869998931884766,43.619998931884766,43.720001220703125,11303300
2016-08-12,32.22332763671875,44.029998779296875,44.189998626708984,43.790000915527344,43.90999984741211,10928900
2016-08-15,32.37702178955078,44.2400016784668,44.33000183105469,44.0099983215332,44.099998474121094,10390600
2016-08-16,32.07696533203125,43.83000183105469,44.25,43.83000183105469,44.25,9706100
2016-08-17,32.24527359008789,44.060001373291016,44.06999969482422,43.779998779296875,44.0099983215332,11208500
2016-08-18,32.27455520629883,44.099998474121094,44.2599983215332,44.0,44.0099983215332,9144300
2016-08-19,32.142826080322266,43.91999816894531,44.060001373291016,43.7400016784668,44.04999923706055,9385900
2016-08-22,32.0110969543457,43.7400016784668,43.95000076293945,43.72999954223633,43.939998626708984,8687500
2016-08-23,32.09159851074219,43.849998474121094,43.97999954223633,43.7400016784668,43.849998474121094,8421100
2016-08-24,32.09159851074219,43.849998474121094,43.939998626708984,43.65999984741211,43.81999969482422,11508900
2016-08-25,31.95986557006836,43.66999816894531,43.939998626708984,43.630001068115234,43.849998474121094,9815700
2016-08-26,31.70371437072754,43.31999969482422,43.91999816894531,43.310001373291016,43.720001220703125,11824900
2016-08-29,31.864721298217773,43.540000915527344,43.61000061035156,43.33000183105469,43.34000015258789,9544600
2016-08-30,31.645174026489258,43.2400016784668,43.529998779296875,43.119998931884766,43.459999084472656,9720100
2016-08-31,31.78422737121582,43.43000030517578,43.459999084472656,43.08000183105469,43.43000030517578,10217900
2016-09-01,31.725675582885742,43.349998474121094,43.40999984741211,43.20000076293945,43.209999084472656,8457800
2016-09-02,31.952550888061523,43.65999984741211,43.83000183105469,43.470001220703125,43.52000045776367,9026000
2016-09-06,32.047691345214844,43.790000915527344,43.79999923706055,43.400001525878906,43.7400016784668,8600400
2016-09-07,31.937891006469727,43.63999938964844,43.79999923706055,43.529998779296875,43.720001220703125,8656600
2016-09-08,31.930585861206055,43.630001068115234,43.72999954223633,43.45000076293945,43.66999816894531,10020400
2016-09-09,30.935287475585938,42.27000045776367,43.43000030517578,42.27000045776367,43.43000030517578,23624200
2016-09-12,31.60858154296875,43.189998626708984,43.22999954223633,42.34000015258789,42.36000061035156,15932300
2016-09-13,31.195396423339844,42.279998779296875,42.77000045776367,42.209999084472656,42.77000045776367,12962700
2016-09-14,31.069963455200195,42.11000061035156,42.40999984741211,41.9900016784668,42.27000045776367,9823900
2016-09-15,31.254417419433594,42.36000061035156,42.38999938964844,41.880001068115234,42.0099983215332,10158500
2016-09-16,31.092100143432617,42.13999938964844,42.2599983215332,41.970001220703125,42.16999816894531,16354000
2016-09-19,31.062589645385742,42.099998474121094,42.369998931884766,42.08000183105469,42.15999984741211,7659900
2016-09-20,31.23965835571289,42.34000015258789,42.529998779296875,42.2400016784668,42.310001373291016,8407200
2016-09-21,31.37984275817871,42.529998779296875,42.61000061035156,42.099998474121094,42.279998779296875,13654700
2016-09-22,31.697120666503906,42.959999084472656,43.0099983215332,42.689998626708984,42.709999084472656,9288300
2016-09-23,31.534807205200195,42.7400016784668,42.939998626708984,42.650001525878906,42.810001373291016,8852700
2016-09-26,31.02568817138672,42.04999923706055,42.720001220703125,42.0099983215332,42.709999084472656,15036000
2016-09-27,31.42411994934082,42.59000015258789,42.630001068115234,42.0,42.189998626708984,11920400
2016-09-28,31.09947967529297,42.150001525878906,42.7599983215332,42.029998779296875,42.630001068115234,15523800
2016-09-29,31.010923385620117,42.029998779296875,42.38999938964844,41.849998474121094,42.02000045776367,12671700
2016-09-30,31.22490882873535,42.31999969482422,42.5,42.060001373291016,42.209999084472656,14375700
2016-10-03,31.010923385620117,42.029998779296875,42.310001373291016,41.88999938964844,42.310001373291016,11152800
2016-10-04,30.870759963989258,41.84000015258789,42.34000015258789,41.779998779296875,42.34000015258789,13682700
2016-10-05,30.848609924316406,41.810001373291016,42.06999969482422,41.66999816894531,41.93000030517578,9607300
2016-10-06,30.77483558654785,41.709999084472656,41.939998626708984,41.58000183105469,41.68000030517578,9722900
2016-10-07,30.78959083557129,41.72999954223633,41.939998626708984,41.56999969482422,41.83000183105469,8122800
2016-10-10,30.78959083557129,41.72999954223633,41.9900016784668,41.599998474121094,41.91999816894531,8983600
2016-10-11,30.649404525756836,41.540000915527344,41.70000076293945,41.400001525878906,41.65999984741211,12249100
2016-10-12,30.826478958129883,41.779998779296875,41.84000015258789,41.5,41.630001068115234,12216300
2016-10-13,30.811721801757812,41.7599983215332,41.88999938964844,41.5099983215332,41.650001525878906,17655600
2016-10-14,30.74532127380371,41.66999816894531,41.90999984741211,41.619998931884766,41.849998474121094,9893800
2016-10-17,30.69367218017578,41.599998474121094,41.86000061035156,41.56999969482422,41.72999954223633,10792500
2016-10-18,30.966665267944336,41.970001220703125,42.0,41.72999954223633,41.810001373291016,11297300
2016-10-19,31.02568817138672,42.04999923706055,42.119998931884766,41.810001373291016,41.93000030517578,16367400
2016-10-20,30.937149047851562,41.93000030517578,42.11000061035156,41.88999938964844,41.970001220703125,10620500
2016-10-21,31.084720611572266,42.130001068115234,42.16999816894531,41.68000030517578,41.849998474121094,14401500
2016-10-24,31.401992797851562,42.560001373291016,42.77000045776367,42.25,42.31999969482422,13439200
2016-10-25,31.387224197387695,42.540000915527344,42.880001068115234,42.43000030517578,42.63999938964844,16484700
2016-10-26,31.313444137573242,42.439998626708984,43.029998779296875,42.40999984741211,43.0,16886200
2016-10-27,31.077341079711914,42.119998931884766,42.650001525878906,41.900001525878906,42.630001068115234,14537000
2016-10-28,31.158504486083984,42.22999954223633,42.470001220703125,42.099998474121094,42.2599983215332,13398400
2016-10-31,31.283945083618164,42.400001525878906,42.40999984741211,42.119998931884766,42.119998931884766,13327500
2016-11-01,31.077341079711914,42.119998931884766,42.43000030517578,41.90999984741211,42.400001525878906,12223400
2016-11-02,31.02568817138672,42.04999923706055,42.34000015258789,42.0099983215332,42.099998474121094,12034300
2016-11-03,31.010923385620117,42.029998779296875,42.220001220703125,41.959999084472656,42.220001220703125,11258000
2016-11-04,30.760072708129883,41.689998626708984,42.040000915527344,41.689998626708984,41.849998474121094,14464200
2016-11-07,31.328195571899414,42.459999084472656,42.5,42.040000915527344,42.040000915527344,14038500
2016-11-08,31.638093948364258,42.880001068115234,42.97999954223633,42.369998931884766,42.369998931884766,12036600
2016-11-09,31.18802261352539,42.27000045776367,42.31999969482422,41.70000076293945,41.7599983215332,21351000
2016-11-10,30.206697463989258,40.939998626708984,42.2599983215332,40.849998474121094,41.86000061035156,33245500
2016-11-11,30.273107528686523,41.029998779296875,41.130001068115234,40.630001068115234,40.95000076293945,13421000
2016-11-14,30.376401901245117,41.16999816894531,41.41999816894531,40.849998474121094,41.130001068115234,19514200
2016-11-15,30.575613021850586,41.439998626708984,41.52000045776367,41.16999816894531,41.18000030517578,16554000
2016-11-16,30.44281005859375,41.2599983215332,41.650001525878906,41.15999984741211,41.400001525878906,12681400
2016-11-17,30.339502334594727,41.119998931884766,41.29999923706055,41.0,41.279998779296875,12398800
2016-11-18,30.1845703125,40.90999984741211,41.20000076293945,40.900001525878906,41.029998779296875,16345300
2016-11-21,30.51659393310547,41.36000061035156,41.36000061035156,40.72999954223633,40.90999984741211,12307000
2016-11-22,30.523969650268555,41.369998931884766,41.70000076293945,41.2400016784668,41.45000076293945,12743500
2016-11-23,30.339502334594727,41.119998931884766,41.310001373291016,41.029998779296875,41.220001220703125,9281300
2016-11-25,30.64202308654785,41.529998779296875,41.58000183105469,41.2400016784668,41.38999938964844,7402300
2016-11-28,30.804353713989258,41.75,41.790000915527344,41.27000045776367,41.5099983215332,19424400
2016-11-29,30.61832618713379,41.150001525878906,41.52000045776367,41.13999938964844,41.52000045776367,11421900
2016-11-30,30.023073196411133,40.349998474121094,41.20000076293945,40.349998474121094,41.0,22410400
2016-12-01,29.889135360717773,40.16999816894531,40.38999938964844,39.880001068115234,40.310001373291016,20409900
2016-12-02,30.030506134033203,40.36000061035156,40.4900016784668,40.189998626708984,40.29999923706055,11176300
2016-12-05,30.22397232055664,40.619998931884766,40.689998626708984,40.310001373291016,40.34000015258789,15977800
2016-12-06,30.1867618560791,40.56999969482422,40.77000045776367,40.41999816894531,40.75,11303500
2016-12-07,30.722496032714844,41.290000915527344,41.290000915527344,40.5099983215332,40.540000915527344,13726500
2016-12-08,30.491838455200195,40.97999954223633,41.209999084472656,40.849998474121094,41.06999969482422,13077100
2016-12-09,31.250789642333984,42.0,42.220001220703125,41.290000915527344,41.5,28125800
2016-12-12,31.17637825012207,41.900001525878906,42.0099983215332,41.720001220703125,42.0,17561900
2016-12-13,31.07219886779785,41.7599983215332,41.959999084472656,41.540000915527344,41.720001220703125,18986000
2016-12-14,30.662965774536133,41.209999084472656,41.9900016784668,41.060001373291016,41.88999938964844,17937900
2016-12-15,30.915952682495117,41.54999923706055,41.810001373291016,41.099998474121094,41.099998474121094,14265300
2016-12-16,31.057329177856445,41.7400016784668,41.7599983215332,41.47999954223633,41.61000061035156,19675200
2016-12-19,31.005237579345703,41.66999816894531,41.79999923706055,41.58000183105469,41.689998626708984,8687300
2016-12-20,30.9977970123291,41.65999984741211,41.720001220703125,41.439998626708984,41.70000076293945,10603500
2016-12-21,30.930828094482422,41.56999969482422,41.83000183105469,41.52000045776367,41.599998474121094,9693600
2016-12-22,30.915952682495117,41.54999923706055,41.619998931884766,41.08000183105469,41.56999969482422,11894100
2016-12-23,30.953157424926758,41.599998474121094,41.689998626708984,41.349998474121094,41.619998931884766,6436600
2016-12-27,30.960603713989258,41.61000061035156,41.7599983215332,41.540000915527344,41.560001373291016,6999200
2016-12-28,30.79689598083496,41.38999938964844,41.66999816894531,41.38999938964844,41.4900016784668,8988000
2016-12-29,30.953157424926758,41.599998474121094,41.689998626708984,41.380001068115234,41.380001068115234,6875300
2016-12-30,30.8489933013916,41.459999084472656,41.84000015258789,41.349998474121094,41.689998626708984,11470200
2017-01-03,31.101970672607422,41.79999923706055,41.810001373291016,41.279998779296875,41.5,14711000
2017-01-04,30.9903564453125,41.650001525878906,41.970001220703125,41.59000015258789,41.880001068115234,9959400
2017-01-05,31.06476402282715,41.75,41.86000061035156,41.529998779296875,41.65999984741211,8968300
2017-01-06,31.057329177856445,41.7400016784668,41.810001373291016,41.540000915527344,41.70000076293945,10246600
2017-01-09,30.744823455810547,41.31999969482422,41.58000183105469,41.209999084472656,41.22999954223633,14822500
2017-01-10,30.536479949951172,41.040000915527344,41.439998626708984,40.86000061035156,41.439998626708984,19706800
2017-01-11,30.54391860961914,41.04999923706055,41.119998931884766,40.83000183105469,40.849998474121094,9266200
2017-01-12,30.469520568847656,40.95000076293945,41.040000915527344,40.79999923706055,41.0099983215332,8541200
2017-01-13,30.417430877685547,40.880001068115234,41.040000915527344,40.689998626708984,41.0,8123500
2017-01-17,30.670398712158203,41.220001220703125,41.29999923706055,40.79999923706055,40.84000015258789,12469400
2017-01-18,30.722496032714844,41.290000915527344,41.380001068115234,41.13999938964844,41.25,10390500
2017-01-19,30.610883712768555,41.13999938964844,41.290000915527344,41.029998779296875,41.13999938964844,10987100
2017-01-20,30.744823455810547,41.31999969482422,41.439998626708984,41.130001068115234,41.27000045776367,14695400
2017-01-23,30.826669692993164,41.43000030517578,41.5,41.209999084472656,41.310001373291016,11628900
2017-01-24,31.17637825012207,41.900001525878906,41.970001220703125,41.470001220703125,41.470001220703125,17040100
2017-01-25,31.34006118774414,42.119998931884766,42.25,41.900001525878906,41.939998626708984,12538200
2017-01-26,31.109407424926758,41.810001373291016,42.11000061035156,41.790000915527344,42.029998779296875,8976800
2017-01-27,30.84154510498047,41.45000076293945,41.95000076293945,41.41999816894531,41.90999984741211,12967400
2017-01-30,30.789472579956055,41.380001068115234,41.47999954223633,41.209999084472656,41.29999923706055,11626200
2017-01-31,30.930828094482422,41.56999969482422,41.689998626708984,41.36000061035156,41.38999938964844,12678000
2017-02-01,30.700172424316406,41.2599983215332,41.65999984741211,41.25,41.52000045776367,11136100
2017-02-02,30.804353713989258,41.400001525878906,41.4900016784668,41.25,41.40999984741211,9459700
2017-02-03,30.908525466918945,41.540000915527344,41.790000915527344,41.459999084472656,41.58000183105469,11882400
2017-02-06,30.923398971557617,41.560001373291016,41.66999816894531,41.400001525878906,41.529998779296875,15742800
2017-02-07,31.17637825012207,41.900001525878906,41.97999954223633,41.66999816894531,41.70000076293945,13315200
2017-02-08,31.26565933227539,42.02000045776367,42.150001525878906,41.84000015258789,41.90999984741211,14219700
2017-02-09,30.692737579345703,41.25,42.02000045776367,40.720001220703125,42.02000045776367,27240300
2017-02-10,30.194215774536133,40.58000183105469,41.20000076293945,40.54999923706055,41.02000045776367,28847300
2017-02-13,30.22397232055664,40.619998931884766,40.83000183105469,40.5,40.77000045776367,23617100
2017-02-14,30.15700340270996,40.529998779296875,40.599998474121094,40.220001220703125,40.380001068115234,32177800
2017-02-15,30.090036392211914,40.439998626708984,40.630001068115234,40.400001525878906,40.41999816894531,26600800
2017-02-16,30.655534744262695,41.20000076293945,41.279998779296875,40.5,40.54999923706055,22214800
2017-02-17,30.677852630615234,41.22999954223633,41.36000061035156,41.04999923706055,41.130001068115234,15065100
2017-02-21,30.8489933013916,41.459999084472656,41.5,41.20000076293945,41.20000076293945,17072600
2017-02-22,30.953157424926758,41.599998474121094,41.68000030517578,41.400001525878906,41.5099983215332,11186800
2017-02-23,30.9977970123291,41.65999984741211,42.0,41.619998931884766,41.66999816894531,12856800
2017-02-24,31.087093353271484,41.779998779296875,41.90999984741211,41.599998474121094,41.70000076293945,13215300
2017-02-27,31.005237579345703,41.66999816894531,41.75,41.59000015258789,41.75,12186400
2017-02-28,31.221027374267578,41.959999084472656,42.06999969482422,41.63999938964844,41.68000030517578,15946800
2017-03-01,31.369834899902344,42.15999984741211,42.349998474121094,41.880001068115234,42.0099983215332,14662000
2017-03-02,31.600494384765625,42.470001220703125,42.560001373291016,42.06999969482422,42.08000183105469,15507600
2017-03-03,31.607933044433594,42.47999954223633,42.4900016784668,42.25,42.470001220703125,11740000
2017-03-06,31.38471221923828,42.18000030517578,42.43000030517578,42.119998931884766,42.34000015258789,16307800
2017-03-07,31.243337631225586,41.9900016784668,42.2400016784668,41.95000076293945,42.0,11273700
2017-03-08,31.243337631225586,41.9900016784668,42.029998779296875,41.7400016784668,42.0,14636000
2017-03-09,31.273099899291992,42.029998779296875,42.11000061035156,41.91999816894531,42.09000015258789,14496400
2017-03-10,31.46656036376953,42.290000915527344,42.400001525878906,42.150001525878906,42.22999954223633,16369700
2017-03-13,31.54912757873535,42.029998779296875,42.119998931884766,41.84000015258789,41.91999816894531,12831500
2017-03-14,31.50409698486328,41.970001220703125,42.099998474121094,41.83000183105469,41.97999954223633,9844500
2017-03-15,31.616680145263672,42.119998931884766,42.279998779296875,41.970001220703125,41.97999954223633,22757800
2017-03-16,31.714275360107422,42.25,42.38999938964844,41.900001525878906,42.029998779296875,16004200
2017-03-17,31.54912757873535,42.029998779296875,42.349998474121094,42.0099983215332,42.279998779296875,37526500
2017-03-20,31.661731719970703,42.18000030517578,42.34000015258789,42.06999969482422,42.099998474121094,11484200
2017-03-21,31.901931762695312,42.5,42.630001068115234,42.209999084472656,42.310001373291016,17187300
2017-03-22,31.811857223510742,42.380001068115234,42.70000076293945,42.25,42.560001373291016,11605500
2017-03-23,31.654220581054688,42.16999816894531,42.38999938964844,42.060001373291016,42.209999084472656,11503300
2017-03-24,31.616680145263672,42.119998931884766,42.25,41.90999984741211,42.22999954223633,13804400
2017-03-27,31.766817092895508,42.31999969482422,42.34000015258789,42.04999923706055,42.11000061035156,12387400
2017-03-28,31.849388122558594,42.43000030517578,42.560001373291016,42.2400016784668,42.2400016784668,14123800
2017-03-29,31.84188461303711,42.41999816894531,42.529998779296875,42.290000915527344,42.5099983215332,9580100
2017-03-30,31.97698211669922,42.599998474121094,42.619998931884766,42.2599983215332,42.349998474121094,11999900
2017-03-31,31.856887817382812,42.439998626708984,42.650001525878906,42.43000030517578,42.54999923706055,11551800
2017-04-03,31.834369659423828,42.40999984741211,42.630001068115234,42.27000045776367,42.58000183105469,11240000
2017-04-04,32.03704071044922,42.68000030517578,42.689998626708984,42.369998931884766,42.5099983215332,10946200
2017-04-05,31.95447540283203,42.56999969482422,42.86000061035156,42.529998779296875,42.650001525878906,10142800
2017-04-06,32.0295295715332,42.66999816894531,42.7599983215332,42.470001220703125,42.58000183105469,14597800
2017-04-07,31.9845027923584,42.61000061035156,42.7400016784668,42.5099983215332,42.63999938964844,11028800
2017-04-10,32.04454803466797,42.689998626708984,42.79999923706055,42.560001373291016,42.72999954223633,9426900
2017-04-11,32.02203369140625,42.65999984741211,42.75,42.52000045776367,42.68000030517578,8909400
2017-04-12,32.23221206665039,42.939998626708984,42.9900016784668,42.5099983215332,42.540000915527344,13417200
2017-04-13,32.1196174621582,42.790000915527344,43.08000183105469,42.779998779296875,42.869998931884766,9891900
2017-04-17,32.32978820800781,43.06999969482422,43.06999969482422,42.779998779296875,42.790000915527344,11318100
2017-04-18,32.63754653930664,43.47999954223633,43.59000015258789,43.09000015258789,43.11000061035156,13181600
2017-04-19,32.44988250732422,43.22999954223633,43.790000915527344,43.189998626708984,43.7400016784668,13893100
2017-04-20,32.34479904174805,43.09000015258789,43.29999923706055,43.04999923706055,43.20000076293945,10838300
2017-04-21,32.32978820800781,43.06999969482422,43.099998474121094,42.88999938964844,42.97999954223633,13833800
2017-04-24,32.487430572509766,43.279998779296875,43.43000030517578,43.150001525878906,43.2400016784668,16703800
2017-04-25,32.359806060791016,43.11000061035156,43.43000030517578,42.81999969482422,42.849998474121094,18745100
2017-04-26,32.4573974609375,43.2400016784668,43.43000030517578,42.97999954223633,43.060001373291016,13626600
2017-04-27,32.284751892089844,43.0099983215332,43.279998779296875,42.91999816894531,43.16999816894531,10386200
2017-04-28,32.38984298706055,43.150001525878906,43.20000076293945,42.849998474121094,42.959999084472656,10337800
2017-05-01,32.44239044189453,43.220001220703125,43.5,43.099998474121094,43.150001525878906,13208200
2017-05-02,32.56998825073242,43.38999938964844,43.439998626708984,43.15999984741211,43.220001220703125,11823900
2017-05-03,32.5174560546875,43.31999969482422,43.4900016784668,43.150001525878906,43.33000183105469,10389000
2017-05-04,32.77266311645508,43.65999984741211,43.810001373291016,43.400001525878906,43.41999816894531,10193100
2017-05-05,32.795188903808594,43.689998626708984,43.84000015258789,43.560001373291016,43.790000915527344,8133000
2017-05-08,32.9453125,43.88999938964844,43.90999984741211,43.540000915527344,43.59000015258789,14284300
2017-05-09,32.660072326660156,43.5099983215332,43.88999938964844,43.380001068115234,43.88999938964844,8694400
2017-05-10,32.70510482788086,43.56999969482422,43.619998931884766,43.36000061035156,43.47999954223633,7597700
2017-05-11,32.78017044067383,43.66999816894531,43.68000030517578,43.43000030517578,43.4900016784668,6860100
2017-05-12,32.72012710571289,43.59000015258789,43.68000030517578,43.459999084472656,43.63999938964844,7275800
2017-05-15,32.8252067565918,43.72999954223633,43.7599983215332,43.459999084472656,43.459999084472656,8493000
2017-05-16,32.915287017822266,43.849998474121094,44.11000061035156,43.77000045776367,43.869998931884766,10454100
2017-05-17,32.975341796875,43.93000030517578,44.16999816894531,43.709999084472656,43.849998474121094,14538800
2017-05-18,32.87775802612305,43.79999923706055,43.959999084472656,43.63999938964844,43.869998931884766,13832200
2017-05-19,32.95282745361328,43.900001525878906,44.0,43.7599983215332,43.849998474121094,11796800
2017-05-22,33.162994384765625,44.18000030517578,44.220001220703125,43.810001373291016,43.88999938964844,12857900
2017-05-23,33.32062530517578,44.38999938964844,44.599998474121094,44.209999084472656,44.25,11996100
2017-05-24,33.801029205322266,45.029998779296875,45.09000015258789,44.5099983215332,44.5099983215332,12738300
2017-05-25,34.086280822753906,45.40999984741211,45.47999954223633,44.970001220703125,45.0,16704200
2017-05-26,34.07125473022461,45.38999938964844,45.560001373291016,45.33000183105469,45.349998474121094,11341400
2017-05-30,34.10127258300781,45.43000030517578,45.459999084472656,45.11000061035156,45.15999984741211,13093500
2017-05-31,34.131317138671875,45.470001220703125,45.70000076293945,45.369998931884766,45.43000030517578,14148000
2017-06-01,34.37151336669922,45.790000915527344,45.790000915527344,45.22999954223633,45.45000076293945,11049300
2017-06-02,34.44657897949219,45.88999938964844,45.88999938964844,45.61000061035156,45.83000183105469,9923700
2017-06-05,34.521644592285156,45.9900016784668,45.9900016784668,45.689998626708984,45.779998779296875,10015200
2017-06-06,34.51413345336914,45.97999954223633,46.060001373291016,45.779998779296875,45.900001525878906,9836700
2017-06-07,34.16133499145508,45.5099983215332,45.70000076293945,45.349998474121094,45.5,12776300
2017-06-08,33.876094818115234,45.130001068115234,45.5099983215332,45.029998779296875,45.5099983215332,12879000
2017-06-09,34.018714904785156,45.31999969482422,45.349998474121094,44.970001220703125,45.060001373291016,9358800
2017-06-12,34.02621841430664,45.33000183105469,45.47999954223633,45.20000076293945,45.31999969482422,11228500
2017-06-13,34.07919692993164,45.029998779296875,45.11000061035156,44.79999923706055,45.0,10023400
2017-06-14,34.283538818359375,45.29999923706055,45.470001220703125,45.15999984741211,45.18000030517578,11497500
2017-06-15,34.24569320678711,45.25,45.34000015258789,45.040000915527344,45.18000030517578,9908700
2017-06-16,34.291099548339844,45.310001373291016,45.349998474121094,45.0099983215332,45.310001373291016,27025300
2017-06-19,34.344085693359375,45.380001068115234,45.380001068115234,45.099998474121094,45.349998474121094,7624700
2017-06-20,34.51815414428711,45.61000061035156,45.869998931884766,45.31999969482422,45.349998474121094,14920900
2017-06-21,34.2230110168457,45.220001220703125,45.68000030517578,45.16999816894531,45.619998931884766,9515800
2017-06-22,34.10947799682617,45.06999969482422,45.279998779296875,45.029998779296875,45.16999816894531,7446300
2017-06-23,34.24569320678711,45.25,45.380001068115234,45.029998779296875,45.04999923706055,9544800
2017-06-26,34.38192367553711,45.43000030517578,45.5099983215332,45.29999923706055,45.31999969482422,7747100
2017-06-27,34.094337463378906,45.04999923706055,45.400001525878906,45.0,45.34000015258789,11432200
2017-06-28,34.29867172241211,45.31999969482422,45.5,45.22999954223633,45.25,9218800
2017-06-29,33.92784118652344,44.83000183105469,45.2400016784668,44.650001525878906,45.130001068115234,9283500
2017-06-30,33.942970275878906,44.849998474121094,45.119998931884766,44.849998474121094,44.88999938964844,9352800
2017-07-03,33.87487030029297,44.7599983215332,45.27000045776367,44.7599983215332,45.11000061035156,6434500
2017-07-05,33.9202766418457,44.81999969482422,44.9900016784668,44.72999954223633,44.790000915527344,6853600
2017-07-06,33.60240936279297,44.400001525878906,44.849998474121094,44.290000915527344,44.720001220703125,13113000
2017-07-07,33.594844818115234,44.38999938964844,44.52000045776367,44.2400016784668,44.470001220703125,9566000
2017-07-10,33.58727264404297,44.380001068115234,44.58000183105469,44.22999954223633,44.45000076293945,9672000
2017-07-11,33.549434661865234,44.33000183105469,44.47999954223633,44.150001525878906,44.31999969482422,10300700
2017-07-12,33.68565368652344,44.5099983215332,44.77000045776367,44.439998626708984,44.59000015258789,7737400
2017-07-13,33.625118255615234,44.43000030517578,44.529998779296875,44.369998931884766,44.4900016784668,6371900
2017-07-14,33.814327239990234,44.68000030517578,44.720001220703125,44.5,44.52000045776367,8558700
2017-07-17,33.85215759277344,44.72999954223633,44.790000915527344,44.61000061035156,44.65999984741211,7189200
2017-07-18,33.80674743652344,44.66999816894531,44.849998474121094,44.619998931884766,44.779998779296875,9037200
2017-07-19,33.92784118652344,44.83000183105469,44.84000015258789,44.54999923706055,44.66999816894531,6986900
2017-07-20,33.9202766418457,44.81999969482422,44.97999954223633,44.75,44.900001525878906,7430300
2017-07-21,34.07919692993164,45.029998779296875,45.06999969482422,44.66999816894531,44.779998779296875,8545600
2017-07-24,33.93539810180664,44.84000015258789,45.04999923706055,44.83000183105469,45.040000915527344,9103600
2017-07-25,34.23813247680664,45.2400016784668,45.290000915527344,44.939998626708984,45.02000045776367,14096300
2017-07-26,34.61653518676758,45.7400016784668,45.790000915527344,44.310001373291016,44.54999923706055,13608900
2017-07-27,34.90413284301758,46.119998931884766,46.43000030517578,45.70000076293945,45.79999923706055,15195200
2017-07-28,34.820865631103516,46.0099983215332,46.119998931884766,45.72999954223633,46.0,11945300
2017-07-31,34.69221496582031,45.84000015258789,46.08000183105469,45.790000915527344,46.0,13622900
2017-08-01,34.58625793457031,45.70000076293945,46.060001373291016,45.650001525878906,45.970001220703125,10306800
2017-08-02,34.50301742553711,45.59000015258789,46.0,45.380001068115234,45.599998474121094,10187900
2017-08-03,34.56355285644531,45.66999816894531,45.95000076293945,45.630001068115234,45.650001525878906,14261400
2017-08-04,34.434906005859375,45.5,45.7599983215332,45.470001220703125,45.66999816894531,9523600
2017-08-07,34.54084396362305,45.63999938964844,45.7599983215332,45.5,45.52000045776367,6226300
2017-08-08,34.51057815551758,45.599998474121094,45.81999969482422,45.54999923706055,45.63999938964844,5747900
2017-08-09,34.50301742553711,45.59000015258789,45.65999984741211,45.33000183105469,45.560001373291016,9635300
2017-08-10,34.61653518676758,45.7400016784668,45.84000015258789,45.459999084472656,45.560001373291016,8901600
2017-08-11,34.50301742553711,45.59000015258789,45.900001525878906,45.56999969482422,45.86000061035156,8357600
2017-08-14,34.66193771362305,45.79999923706055,45.939998626708984,45.619998931884766,45.66999816894531,8421200
2017-08-15,34.95710372924805,46.189998626708984,46.25,45.79999923706055,45.79999923706055,9638100
2017-08-16,34.96466827392578,46.20000076293945,46.34000015258789,46.119998931884766,46.150001525878906,8087300
2017-08-17,34.70735549926758,45.86000061035156,46.33000183105469,45.849998474121094,46.119998931884766,8477000
2017-08-18,34.56355285644531,45.66999816894531,45.900001525878906,45.630001068115234,45.79999923706055,10879800
2017-08-21,34.571128845214844,45.68000030517578,45.79999923706055,45.560001373291016,45.66999816894531,9429700
2017-08-22,34.51057815551758,45.599998474121094,45.75,45.540000915527344,45.70000076293945,10536700
2017-08-23,34.465179443359375,45.540000915527344,45.65999984741211,45.439998626708984,45.630001068115234,6528400
2017-08-24,34.36678695678711,45.40999984741211,45.61000061035156,45.310001373291016,45.540000915527344,7534400
2017-08-25,34.487876892089844,45.56999969482422,45.7599983215332,45.560001373291016,45.599998474121094,8807100
2017-08-28,34.374359130859375,45.41999816894531,45.689998626708984,45.380001068115234,45.630001068115234,8024000
2017-08-29,34.39707565307617,45.45000076293945,45.56999969482422,45.25,45.400001525878906,7762200
2017-08-30,34.351654052734375,45.38999938964844,45.540000915527344,45.290000915527344,45.36000061035156,7134900
2017-08-31,34.47273635864258,45.54999923706055,45.650001525878906,45.34000015258789,45.400001525878906,14264600
2017-09-01,34.64680099487305,45.779998779296875,45.79999923706055,45.540000915527344,45.63999938964844,7391200
2017-09-05,34.752769470214844,45.91999816894531,45.93000030517578,45.650001525878906,45.75,9916700
2017-09-06,34.78302764892578,45.959999084472656,46.040000915527344,45.790000915527344,45.97999954223633,9238900
2017-09-07,35.02521896362305,46.279998779296875,46.31999969482422,45.959999084472656,46.0099983215332,9418400
2017-09-08,35.040348052978516,46.29999923706055,46.369998931884766,46.02000045776367,46.189998626708984,10534900
2017-09-11,35.206851959228516,46.52000045776367,46.59000015258789,46.220001220703125,46.349998474121094,10430300
2017-09-12,35.35820770263672,46.720001220703125,46.75,46.45000076293945,46.5,8567600
2017-09-13,35.47172927856445,46.869998931884766,46.97999954223633,46.650001525878906,46.68000030517578,10218000
2017-09-14,35.174224853515625,46.11000061035156,46.470001220703125,45.939998626708984,46.400001525878906,13768800
2017-09-15,35.22762680053711,46.18000030517578,46.36000061035156,46.0,46.29999923706055,16141400
2017-09-18,35.174224853515625,46.11000061035156,46.2400016784668,45.90999984741211,46.150001525878906,8535300
2017-09-19,35.0750617980957,45.97999954223633,46.189998626708984,45.88999938964844,46.13999938964844,7297900
2017-09-20,34.92249298095703,45.779998779296875,46.150001525878906,45.54999923706055,45.7599983215332,11026600
2017-09-21,34.63261413574219,45.400001525878906,45.790000915527344,45.36000061035156,45.709999084472656,7555300
2017-09-22,34.70127487182617,45.4900016784668,45.630001068115234,45.369998931884766,45.45000076293945,8024800
2017-09-25,34.85382843017578,45.689998626708984,45.7599983215332,45.349998474121094,45.5,9215300
2017-09-26,34.762298583984375,45.56999969482422,45.869998931884766,45.560001373291016,45.689998626708984,6480100
2017-09-27,34.052860260009766,44.63999938964844,45.5,44.380001068115234,45.470001220703125,14816200
2017-09-28,34.25882339477539,44.90999984741211,45.0,44.650001525878906,44.66999816894531,8789500
2017-09-29,34.33511734008789,45.0099983215332,45.11000061035156,44.790000915527344,44.86000061035156,10082200
2017-10-02,34.1749267578125,44.79999923706055,45.27000045776367,44.75,45.04999923706055,10707800
2017-10-03,34.4724235534668,45.189998626708984,45.2599983215332,44.7599983215332,44.86000061035156,12038100
2017-10-04,34.708900451660156,45.5,45.560001373291016,44.939998626708984,45.11000061035156,14060300
2017-10-05,34.724159240722656,45.52000045776367,45.75,45.5,45.5099983215332,10215300
2017-10-06,34.70127487182617,45.4900016784668,45.52000045776367,45.279998779296875,45.38999938964844,5437900
2017-10-09,34.64024353027344,45.40999984741211,45.650001525878906,45.34000015258789,45.54999923706055,5268300
2017-10-10,34.991153717041016,45.869998931884766,45.900001525878906,45.529998779296875,45.599998474121094,6310400
2017-10-11,35.166595458984375,46.099998474121094,46.099998474121094,45.869998931884766,45.880001068115234,6638200
2017-10-12,35.174224853515625,46.11000061035156,46.13999938964844,45.939998626708984,45.97999954223633,7710200
2017-10-13,35.22762680053711,46.18000030517578,46.380001068115234,46.150001525878906,46.25,7126000
2017-10-16,35.56327438354492,46.619998931884766,46.75,46.099998474121094,46.119998931884766,12708600
2017-10-17,35.48699188232422,46.52000045776367,46.630001068115234,46.310001373291016,46.529998779296875,7699400
2017-10-18,35.39545440673828,46.400001525878906,46.540000915527344,46.2400016784668,46.40999984741211,6272200
2017-10-19,35.5403938293457,46.59000015258789,46.790000915527344,46.31999969482422,46.369998931884766,7515500
2017-10-20,35.38019561767578,46.380001068115234,46.59000015258789,46.279998779296875,46.58000183105469,9646800
2017-10-23,35.33441925048828,46.31999969482422,46.650001525878906,46.22999954223633,46.380001068115234,7153600
2017-10-24,35.22762680053711,46.18000030517578,46.290000915527344,45.95000076293945,46.2599983215332,9539500
2017-10-25,35.12845993041992,46.04999923706055,46.7599983215332,45.93000030517578,46.369998931884766,11994200
2017-10-26,35.265777587890625,46.22999954223633,46.75,46.220001220703125,46.31999969482422,10569100
2017-10-27,35.14371871948242,46.06999969482422,46.33000183105469,45.90999984741211,46.130001068115234,9988000
2017-10-30,34.9835090637207,45.86000061035156,46.06999969482422,45.81999969482422,46.0,7201900
2017-10-31,35.0750617980957,45.97999954223633,46.16999816894531,45.84000015258789,45.91999816894531,6560500
2017-11-01,34.93775177001953,45.79999923706055,46.09000015258789,45.630001068115234,45.75,7067600
2017-11-02,34.998779296875,45.880001068115234,45.95000076293945,45.75,45.810001373291016,8317800
2017-11-03,35.06742858886719,45.970001220703125,46.15999984741211,45.91999816894531,45.970001220703125,4730400
2017-11-06,34.68601608276367,45.470001220703125,45.91999816894531,45.41999816894531,45.90999984741211,7451300
2017-11-07,35.044551849365234,45.939998626708984,45.95000076293945,45.310001373291016,45.40999984741211,9868000
2017-11-08,35.22762680053711,46.18000030517578,46.189998626708984,45.869998931884766,45.97999954223633,7586900
2017-11-09,35.265777587890625,46.22999954223633,46.38999938964844,46.02000045776367,46.119998931884766,6532400
2017-11-10,35.50224304199219,46.540000915527344,46.63999938964844,46.13999938964844,46.20000076293945,8022900
2017-11-13,35.639564514160156,46.720001220703125,46.81999969482422,46.540000915527344,46.599998474121094,7653600
2017-11-14,36.18117141723633,47.43000030517578,47.47999954223633,46.619998931884766,46.709999084472656,17200700
2017-11-15,35.70820236206055,46.810001373291016,47.459999084472656,46.779998779296875,47.31999969482422,12419100
2017-11-16,35.50986862182617,46.54999923706055,46.97999954223633,46.5099983215332,46.95000076293945,12506400
2017-11-17,34.86909103393555,45.709999084472656,46.380001068115234,45.25,46.34000015258789,19720700
2017-11-20,34.67839050292969,45.459999084472656,45.880001068115234,45.41999816894531,45.650001525878906,19160900
2017-11-21,34.92249298095703,45.779998779296875,45.95000076293945,45.540000915527344,45.560001373291016,10280800
2017-11-22,34.96826171875,45.84000015258789,45.93000030517578,45.540000915527344,45.88999938964844,8434400
2017-11-24,34.998779296875,45.880001068115234,46.04999923706055,45.86000061035156,45.88999938964844,2996300
2017-11-27,35.0140266418457,45.900001525878906,45.9900016784668,45.810001373291016,45.880001068115234,5649200
2017-11-28,34.96064376831055,45.83000183105469,46.150001525878906,45.779998779296875,45.9900016784668,8432800
2017-11-29,34.708900451660156,45.5,45.81999969482422,45.209999084472656,45.77000045776367,16502100
2017-11-30,35.201114654541016,45.77000045776367,45.84000015258789,45.029998779296875,45.13999938964844,17147600
2017-12-01,35.35491943359375,45.970001220703125,46.02000045776367,45.209999084472656,45.79999923706055,12468800
2017-12-04,35.55490493774414,46.22999954223633,46.380001068115234,45.77000045776367,45.9900016784668,17523600
2017-12-05,35.57796859741211,46.2599983215332,46.439998626708984,46.060001373291016,46.25,13670800
2017-12-06,35.724098205566406,46.45000076293945,46.47999954223633,46.2599983215332,46.36000061035156,8154000
2017-12-07,35.208805084228516,45.779998779296875,46.31999969482422,45.720001220703125,46.290000915527344,9106500
2017-12-08,34.84733581542969,45.310001373291016,45.72999954223633,45.04999923706055,45.70000076293945,13238600
2017-12-11,34.86271286010742,45.33000183105469,45.40999984741211,44.91999816894531,45.310001373291016,9698700
2017-12-12,34.83195495605469,45.290000915527344,45.52000045776367,45.060001373291016,45.25,13999300
2017-12-13,35.30109786987305,45.900001525878906,46.04999923706055,45.400001525878906,45.45000076293945,12418700
2017-12-14,35.40106964111328,46.029998779296875,46.16999816894531,45.79999923706055,45.810001373291016,9029000
2017-12-15,35.524131774902344,46.189998626708984,46.41999816894531,46.040000915527344,46.290000915527344,21181600
2017-12-18,35.32417678833008,45.93000030517578,46.380001068115234,45.90999984741211,46.20000076293945,10156800
2017-12-19,35.47798156738281,46.130001068115234,46.380001068115234,45.90999984741211,46.040000915527344,8253200
2017-12-20,35.439537048339844,46.08000183105469,46.29999923706055,45.959999084472656,46.209999084472656,7311000
2017-12-21,35.07035827636719,45.599998474121094,46.220001220703125,45.560001373291016,46.13999938964844,9657100
2017-12-22,35.06267547607422,45.59000015258789,45.72999954223633,45.54999923706055,45.689998626708984,5406300
2017-12-26,35.23188018798828,45.810001373291016,45.86000061035156,45.61000061035156,45.70000076293945,6100400
2017-12-27,35.32417678833008,45.93000030517578,45.939998626708984,45.720001220703125,45.900001525878906,5660600
2017-12-28,35.162654876708984,45.720001220703125,45.9900016784668,45.63999938964844,45.90999984741211,6538900
2017-12-29,35.28571701049805,45.880001068115234,46.18000030517578,45.689998626708984,45.70000076293945,8371500
2018-01-02,35.02422332763672,45.540000915527344,45.939998626708984,45.5099983215332,45.90999984741211,10872200
2018-01-03,34.94731521606445,45.439998626708984,45.689998626708984,45.34000015258789,45.4900016784668,12635600
2018-01-04,35.439537048339844,46.08000183105469,46.220001220703125,45.45000076293945,45.560001373291016,12709400
2018-01-05,35.43185043334961,46.06999969482422,46.20000076293945,45.790000915527344,46.02000045776367,13113100
2018-01-08,35.37800216674805,46.0,46.099998474121094,45.880001068115234,45.95000076293945,7068600
2018-01-09,35.55490493774414,46.22999954223633,46.36000061035156,45.939998626708984,46.0,9962400
2018-01-10,35.43185043334961,46.06999969482422,46.2599983215332,45.93000030517578,46.22999954223633,10700700
2018-01-11,35.408775329589844,46.040000915527344,46.22999954223633,45.86000061035156,46.22999954223633,7583200
2018-01-12,35.493370056152344,46.150001525878906,46.38999938964844,46.029998779296875,46.279998779296875,14570100
2018-01-16,35.78564453125,46.529998779296875,46.619998931884766,46.13999938964844,46.150001525878906,16459300
2018-01-17,36.008663177490234,46.81999969482422,47.0,46.54999923706055,46.58000183105469,12143100
2018-01-18,36.054813385009766,46.880001068115234,47.06999969482422,46.61000061035156,46.75,11952900
2018-01-19,36.27014923095703,47.15999984741211,47.25,46.869998931884766,46.9900016784668,16187400
2018-01-22,36.43934631347656,47.380001068115234,47.5,47.09000015258789,47.13999938964844,9577400
2018-01-23,36.49317932128906,47.45000076293945,47.70000076293945,47.130001068115234,47.209999084472656,11463700
2018-01-24,36.785423278808594,47.83000183105469,47.95000076293945,47.47999954223633,47.529998779296875,15964500
2018-01-25,36.793121337890625,47.84000015258789,48.0,47.70000076293945,47.70000076293945,11755000
2018-01-26,37.32379150390625,48.529998779296875,48.619998931884766,47.7400016784668,47.779998779296875,16671200
2018-01-29,36.685462951660156,47.70000076293945,48.459999084472656,47.58000183105469,48.209999084472656,11662600
2018-01-30,36.462432861328125,47.40999984741211,48.15999984741211,47.400001525878906,47.72999954223633,12404800
2018-01-31,36.600852966308594,47.59000015258789,47.900001525878906,47.369998931884766,47.45000076293945,10960100
2018-02-01,36.49317932128906,47.45000076293945,47.72999954223633,47.11000061035156,47.40999984741211,10279400
2018-02-02,35.9394416809082,46.72999954223633,47.40999984741211,46.630001068115234,47.349998474121094,12912300
2018-02-05,34.524314880371094,44.88999938964844,46.91999816894531,44.40999984741211,46.650001525878906,23261500
2018-02-06,34.3551139831543,44.66999816894531,44.7400016784668,43.439998626708984,43.869998931884766,25184300
2018-02-07,34.270530700683594,44.560001373291016,45.5,44.279998779296875,44.58000183105469,18041600
2018-02-08,33.14766311645508,43.099998474121094,44.619998931884766,43.06999969482422,44.619998931884766,23295300
2018-02-09,33.17072296142578,43.130001068115234,43.459999084472656,42.189998626708984,43.36000061035156,22853100
2018-02-12,33.81675338745117,43.970001220703125,44.22999954223633,43.369998931884766,43.560001373291016,14689000
2018-02-13,33.985958099365234,44.189998626708984,44.40999984741211,43.689998626708984,43.91999816894531,13163200
2018-02-14,33.91674041748047,44.099998474121094,44.189998626708984,43.630001068115234,44.02000045776367,13457900
2018-02-15,34.439720153808594,44.779998779296875,44.83000183105469,44.119998931884766,44.25,13467300
2018-02-16,34.593536376953125,44.97999954223633,45.63999938964844,44.720001220703125,45.56999969482422,17202300
2018-02-20,33.8321418762207,43.9900016784668,44.83000183105469,43.939998626708984,44.75,14137300
2018-02-21,33.33224105834961,43.34000015258789,44.2599983215332,43.33000183105469,44.11000061035156,12792900
2018-02-22,33.470672607421875,43.52000045776367,43.81999969482422,43.220001220703125,43.43000030517578,12377800
2018-02-23,33.87060546875,44.040000915527344,44.060001373291016,43.41999816894531,43.58000183105469,8277200
2018-02-26,33.8629035949707,44.029998779296875,44.38999938964844,43.810001373291016,44.22999954223633,12713300
2018-02-27,33.547576904296875,43.619998931884766,44.310001373291016,43.619998931884766,44.150001525878906,12774400
2018-02-28,33.23994064331055,43.220001220703125,43.90999984741211,43.220001220703125,43.83000183105469,11929400
2018-03-01,33.40145492553711,43.43000030517578,43.63999938964844,42.81999969482422,43.099998474121094,17746800
2018-03-02,33.62448501586914,43.720001220703125,43.79999923706055,43.2400016784668,43.25,14050100
2018-03-05,33.75522994995117,43.88999938964844,43.939998626708984,43.5,43.56999969482422,11992700
2018-03-06,33.785987854003906,43.93000030517578,44.04999923706055,43.59000015258789,43.95000076293945,10010500
2018-03-07,33.701393127441406,43.81999969482422,43.91999816894531,43.470001220703125,43.59000015258789,10881700
2018-03-08,34.185916900634766,44.45000076293945,44.459999084472656,43.79999923706055,43.900001525878906,12361100
2018-03-09,34.47048568725586,44.81999969482422,44.81999969482422,44.38999938964844,44.56999969482422,9778600
2018-03-12,34.247440338134766,44.529998779296875,45.09000015258789,44.33000183105469,44.95000076293945,11857700
2018-03-13,34.27821350097656,44.56999969482422,44.83000183105469,44.400001525878906,44.66999816894531,11342100
2018-03-14,33.96786880493164,43.779998779296875,44.43000030517578,43.72999954223633,44.380001068115234,15321200
2018-03-15,33.882503509521484,43.66999816894531,44.0,43.54999923706055,43.880001068115234,12456700
2018-03-16,33.719573974609375,43.459999084472656,44.02000045776367,43.45000076293945,43.70000076293945,26603300
2018-03-19,33.56440353393555,43.2599983215332,43.709999084472656,43.18000030517578,43.459999084472656,12380300
2018-03-20,33.486812591552734,43.15999984741211,43.47999954223633,43.0099983215332,43.31999969482422,13559800
2018-03-21,33.3626708984375,43.0,43.45000076293945,42.790000915527344,43.130001068115234,13054000
2018-03-22,33.17646408081055,42.7599983215332,43.369998931884766,42.70000076293945,42.880001068115234,12274100
2018-03-23,32.842838287353516,42.33000183105469,43.15999984741211,42.290000915527344,42.81999969482422,13475200
2018-03-26,33.12215805053711,42.689998626708984,42.810001373291016,42.25,42.61000061035156,11276100
2018-03-27,33.2773323059082,42.88999938964844,43.310001373291016,42.529998779296875,42.70000076293945,11627000
2018-03-28,33.6109504699707,43.31999969482422,43.70000076293945,43.0,43.0,16277400
2018-03-29,33.69630432128906,43.43000030517578,43.91999816894531,43.290000915527344,43.540000915527344,10450500
2018-04-02,33.10662841796875,42.66999816894531,43.5,42.470001220703125,43.439998626708984,14207900
2018-04-03,33.65751266479492,43.380001068115234,43.540000915527344,42.84000015258789,42.97999954223633,15484600
2018-04-04,34.32476806640625,44.2400016784668,44.400001525878906,43.11000061035156,43.13999938964844,13563300
2018-04-05,34.44890213012695,44.400001525878906,44.61000061035156,43.939998626708984,44.279998779296875,11707800
2018-04-06,34.076480865478516,43.91999816894531,44.52000045776367,43.709999084472656,44.279998779296875,11495100
2018-04-09,34.00665283203125,43.83000183105469,44.310001373291016,43.779998779296875,44.029998779296875,11913400
2018-04-10,34.13079071044922,43.9900016784668,44.18000030517578,43.720001220703125,44.06999969482422,10379500
2018-04-11,34.13079071044922,43.9900016784668,44.13999938964844,43.7599983215332,43.810001373291016,8424300
2018-04-12,34.16182327270508,44.029998779296875,44.40999984741211,43.95000076293945,44.08000183105469,8476400
2018-04-13,34.53425216674805,44.5099983215332,44.689998626708984,44.13999938964844,44.189998626708984,10774200
2018-04-16,34.66614532470703,44.68000030517578,44.88999938964844,44.400001525878906,44.650001525878906,8962100
2018-04-17,34.82132339477539,44.880001068115234,45.029998779296875,44.650001525878906,44.95000076293945,8406400
2018-04-18,34.53425216674805,44.5099983215332,44.970001220703125,44.33000183105469,44.900001525878906,7429000
2018-04-19,34.37907409667969,44.310001373291016,44.470001220703125,44.02000045776367,44.34000015258789,10370400
2018-04-20,33.93682861328125,43.7400016784668,44.40999984741211,43.58000183105469,44.310001373291016,14690700
2018-04-23,34.1230354309082,43.97999954223633,43.9900016784668,43.560001373291016,43.7400016784668,11878500
2018-04-24,33.4169807434082,43.06999969482422,44.099998474121094,42.72999954223633,43.97999954223633,18523900
2018-04-25,32.92042922973633,42.43000030517578,42.88999938964844,41.90999984741211,42.7400016784668,20774700
2018-04-26,33.168701171875,42.75,43.099998474121094,42.2599983215332,42.400001525878906,13561000
2018-04-27,33.60319519042969,43.310001373291016,43.34000015258789,42.709999084472656,42.72999954223633,9777900
2018-04-30,33.52560806274414,43.209999084472656,43.689998626708984,42.970001220703125,43.5,16037700
2018-05-01,33.04457092285156,42.59000015258789,42.9900016784668,42.18000030517578,42.959999084472656,11514200
2018-05-02,32.63334655761719,42.060001373291016,42.59000015258789,41.939998626708984,42.400001525878906,13736400
2018-05-03,32.50144577026367,41.88999938964844,42.400001525878906,41.52000045776367,42.220001220703125,18352200
2018-05-04,32.866119384765625,42.36000061035156,42.5,41.77000045776367,41.790000915527344,10946200
2018-05-07,32.69542694091797,42.13999938964844,42.4900016784668,41.959999084472656,42.34000015258789,9336000
2018-05-08,32.439369201660156,41.810001373291016,42.09000015258789,41.689998626708984,41.970001220703125,15062200
2018-05-09,32.41611099243164,41.779998779296875,42.22999954223633,41.66999816894531,41.970001220703125,9295200
2018-05-10,32.7264518737793,42.18000030517578,42.36000061035156,41.939998626708984,41.9900016784668,7924200
2018-05-11,32.69542694091797,42.13999938964844,42.470001220703125,42.040000915527344,42.2400016784668,6331900
2018-05-14,32.61782455444336,42.040000915527344,42.31999969482422,41.900001525878906,42.25,10715500
2018-05-15,32.36955261230469,41.720001220703125,41.91999816894531,41.45000076293945,41.779998779296875,16449700
2018-05-16,32.23765563964844,41.54999923706055,41.939998626708984,41.540000915527344,41.7400016784668,11590500
2018-05-17,32.819557189941406,42.29999923706055,42.349998474121094,41.869998931884766,42.0099983215332,14857400
2018-05-18,32.7264518737793,42.18000030517578,42.380001068115234,42.08000183105469,42.29999923706055,11950200
2018-05-21,32.904903411865234,42.40999984741211,42.52000045776367,42.27000045776367,42.310001373291016,9110200
2018-05-22,32.780765533447266,42.25,42.599998474121094,42.209999084472656,42.5,8222900
2018-05-23,32.89715576171875,42.400001525878906,42.45000076293945,41.93000030517578,42.25,8971400
2018-05-24,32.83507537841797,42.31999969482422,42.470001220703125,42.189998626708984,42.400001525878906,9269600
2018-05-25,32.89715576171875,42.400001525878906,42.58000183105469,42.20000076293945,42.34000015258789,8806500
2018-05-29,33.1143913269043,42.68000030517578,42.849998474121094,42.099998474121094,42.119998931884766,14826900
2018-05-30,33.463539123535156,43.130001068115234,43.279998779296875,42.70000076293945,42.77000045776367,10114200
2018-05-31,33.3626708984375,43.0,43.209999084472656,42.68000030517578,43.20000076293945,15571300
2018-06-01,33.45577621459961,43.119998931884766,43.31999969482422,43.040000915527344,43.099998474121094,10664700
2018-06-04,33.742862701416016,43.4900016784668,43.59000015258789,43.290000915527344,43.36000061035156,11727600
2018-06-05,33.44802474975586,43.11000061035156,43.540000915527344,43.099998474121094,43.5,9975900
2018-06-06,33.719573974609375,43.459999084472656,43.459999084472656,43.040000915527344,43.060001373291016,9202900
2018-06-07,33.70405960083008,43.439998626708984,43.72999954223633,43.33000183105469,43.33000183105469,11948100
2018-06-08,34.09975814819336,43.95000076293945,44.0,43.560001373291016,43.56999969482422,12078800
2018-06-11,34.23941421508789,44.130001068115234,44.25,43.88999938964844,43.95000076293945,7526100
2018-06-12,34.456661224365234,44.40999984741211,44.41999816894531,44.08000183105469,44.130001068115234,8243300
2018-06-13,34.27821350097656,44.18000030517578,44.52000045776367,44.150001525878906,44.349998474121094,16745000
2018-06-14,34.11383056640625,43.58000183105469,43.849998474121094,43.52000045776367,43.75,12696200
2018-06-15,34.53652572631836,44.119998931884766,44.150001525878906,43.45000076293945,43.560001373291016,21562500
2018-06-18,34.09032440185547,43.54999923706055,43.959999084472656,43.400001525878906,43.880001068115234,12161900
2018-06-19,34.129486083984375,43.599998474121094,43.75,43.20000076293945,43.29999923706055,12936400
2018-06-20,33.86333084106445,43.2599983215332,43.779998779296875,43.22999954223633,43.619998931884766,10893700
2018-06-21,33.730255126953125,43.09000015258789,43.29999923706055,42.959999084472656,43.27000045776367,10465200
2018-06-22,33.85550308227539,43.25,43.40999984741211,43.08000183105469,43.150001525878906,14924400
2018-06-25,34.11383056640625,43.58000183105469,43.75,43.15999984741211,43.15999984741211,12092400
2018-06-26,33.91812515258789,43.33000183105469,43.84000015258789,43.279998779296875,43.560001373291016,13974700
2018-06-27,33.714599609375,43.06999969482422,43.61000061035156,42.9900016784668,43.33000183105469,15332600
2018-06-28,34.0277214050293,43.470001220703125,43.68000030517578,43.16999816894531,43.2400016784668,12668900
2018-06-29,34.33299255371094,43.86000061035156,44.099998474121094,43.310001373291016,43.56999969482422,11485600
2018-07-02,34.24689483642578,43.75,44.15999984741211,43.58000183105469,43.779998779296875,9232500
2018-07-03,34.43476867675781,43.9900016784668,44.33000183105469,43.9900016784668,44.060001373291016,8214300
2018-07-05,34.959228515625,44.65999984741211,44.66999816894531,44.130001068115234,44.15999984741211,11653000
2018-07-06,34.943572998046875,44.63999938964844,44.939998626708984,44.58000183105469,44.66999816894531,8733900
2018-07-09,34.75571060180664,44.400001525878906,44.72999954223633,44.34000015258789,44.540000915527344,7373100
2018-07-10,35.201900482177734,44.970001220703125,45.0,44.5,44.5099983215332,10606100
2018-07-11,35.060997009277344,44.790000915527344,45.0,44.63999938964844,44.9900016784668,7715600
2018-07-12,34.96705627441406,44.66999816894531,44.959999084472656,44.4900016784668,44.83000183105469,6331600
2018-07-13,35.0218620300293,44.7400016784668,44.779998779296875,44.470001220703125,44.70000076293945,5585900
2018-07-16,35.014015197753906,44.72999954223633,44.79999923706055,44.529998779296875,44.72999954223633,5831400
2018-07-17,35.42107391357422,45.25,45.38999938964844,44.68000030517578,44.75,11592200
2018-07-18,35.31930923461914,45.119998931884766,45.290000915527344,44.84000015258789,45.189998626708984,7351600
2018-07-19,35.31148910522461,45.11000061035156,45.43000030517578,44.91999816894531,44.9900016784668,10097500
2018-07-20,35.444557189941406,45.279998779296875,45.279998779296875,44.900001525878906,45.02000045776367,8588400
2018-07-23,35.186241149902344,44.95000076293945,45.36000061035156,44.77000045776367,45.279998779296875,9055700
2018-07-24,35.42889404296875,45.2599983215332,45.27000045776367,44.61000061035156,44.779998779296875,13786100
2018-07-25,36.07861328125,46.09000015258789,46.58000183105469,45.75,46.0,21330600
2018-07-26,36.196041107177734,46.2400016784668,46.59000015258789,46.20000076293945,46.36000061035156,12673100
2018-07-27,36.17255783081055,46.209999084472656,46.5,46.060001373291016,46.31999969482422,10516900
2018-07-30,36.18821716308594,46.22999954223633,46.439998626708984,46.04999923706055,46.099998474121094,8967900
2018-07-31,36.50131607055664,46.630001068115234,46.66999816894531,46.310001373291016,46.400001525878906,12438800
2018-08-01,36.313446044921875,46.38999938964844,46.4900016784668,46.16999816894531,46.45000076293945,9904100
2018-08-02,36.149078369140625,46.18000030517578,46.630001068115234,46.18000030517578,46.47999954223633,12009700
2018-08-03,36.49349594116211,46.619998931884766,46.7599983215332,46.13999938964844,46.22999954223633,11462800
2018-08-06,36.51697540283203,46.650001525878906,46.869998931884766,46.54999923706055,46.599998474121094,10056100
2018-08-07,36.399566650390625,46.5,46.61000061035156,46.130001068115234,46.52000045776367,8632900
2018-08-08,36.125587463378906,46.150001525878906,46.560001373291016,46.119998931884766,46.4900016784668,6810000
2018-08-09,36.282142639160156,46.349998474121094,46.41999816894531,46.08000183105469,46.25,8924100
2018-08-10,36.07079315185547,46.08000183105469,46.41999816894531,45.970001220703125,46.209999084472656,7535400
2018-08-13,35.87510299682617,45.83000183105469,46.130001068115234,45.70000076293945,46.04999923706055,8143400
2018-08-14,35.922054290771484,45.88999938964844,46.099998474121094,45.869998931884766,45.90999984741211,6846100
2018-08-15,36.07079315185547,46.08000183105469,46.150001525878906,45.650001525878906,45.77000045776367,9686400
2018-08-16,36.180381774902344,46.220001220703125,46.380001068115234,45.970001220703125,46.11000061035156,10600700
2018-08-17,36.477840423583984,46.599998474121094,46.72999954223633,46.2400016784668,46.290000915527344,8885700
2018-08-20,36.57960891723633,46.72999954223633,46.869998931884766,46.59000015258789,46.68000030517578,6392000
2018-08-21,36.180381774902344,46.220001220703125,46.75,46.209999084472656,46.72999954223633,13986300
2018-08-22,35.953372955322266,45.93000030517578,46.380001068115234,45.91999816894531,46.34000015258789,7159100
2018-08-23,35.77333450317383,45.70000076293945,46.08000183105469,45.689998626708984,45.88999938964844,13144900
2018-08-24,35.71853256225586,45.630001068115234,45.79999923706055,45.58000183105469,45.650001525878906,10952900
2018-08-27,35.76548767089844,45.689998626708984,46.04999923706055,45.560001373291016,46.04999923706055,9581200
2018-08-28,35.5150032043457,45.369998931884766,45.72999954223633,45.279998779296875,45.650001525878906,8476800
2018-08-29,35.48369598388672,45.33000183105469,45.41999816894531,45.220001220703125,45.25,12410900
2018-08-30,35.186241149902344,44.95000076293945,45.31999969482422,44.88999938964844,45.279998779296875,9716500
2018-08-31,34.88878631591797,44.56999969482422,45.06999969482422,44.38999938964844,45.0,19834100
2018-09-04,35.037513732910156,44.7599983215332,44.900001525878906,44.5099983215332,44.599998474121094,11138500
2018-09-05,35.52284240722656,45.380001068115234,45.41999816894531,44.65999984741211,44.65999984741211,10554900
2018-09-06,35.828125,45.77000045776367,46.0,45.29999923706055,45.400001525878906,11439400
2018-09-07,35.78897476196289,45.720001220703125,45.81999969482422,45.279998779296875,45.599998474121094,10208100
2018-09-10,36.05513000488281,46.060001373291016,46.310001373291016,45.79999923706055,45.90999984741211,8568900
2018-09-11,36.023826599121094,46.02000045776367,46.150001525878906,45.880001068115234,46.099998474121094,9278300
2018-09-12,36.196041107177734,46.2400016784668,46.29999923706055,46.02000045776367,46.15999984741211,13216400
2018-09-13,36.18025588989258,45.83000183105469,46.119998931884766,45.709999084472656,46.0099983215332,8294800
2018-09-14,36.306549072265625,45.9900016784668,46.029998779296875,45.61000061035156,45.91999816894531,7612900
2018-09-17,36.567073822021484,46.31999969482422,46.33000183105469,45.90999984741211,46.0,8527300
2018-09-18,36.25919723510742,45.93000030517578,46.529998779296875,45.93000030517578,46.38999938964844,9847400
2018-09-19,36.28287124633789,45.959999084472656,46.11000061035156,45.869998931884766,46.0,7119000
2018-09-20,36.819698333740234,46.63999938964844,46.68000030517578,46.150001525878906,46.220001220703125,9736700
2018-09-21,36.772335052490234,46.58000183105469,46.689998626708984,46.380001068115234,46.63999938964844,19240300
2018-09-24,36.369720458984375,46.06999969482422,46.529998779296875,45.84000015258789,46.4900016784668,10778900
2018-09-25,36.06182861328125,45.68000030517578,46.18000030517578,45.61000061035156,46.060001373291016,7919100
2018-09-26,36.196041107177734,45.849998474121094,46.06999969482422,45.56999969482422,45.77000045776367,10162600
2018-09-27,36.32233810424805,46.0099983215332,46.18000030517578,45.68000030517578,45.72999954223633,10826900
2018-09-28,36.46444320678711,46.189998626708984,46.189998626708984,45.970001220703125,46.0,9071900
2018-10-01,36.496036529541016,46.22999954223633,46.349998474121094,46.04999923706055,46.16999816894531,9364700
2018-10-02,36.717071533203125,46.5099983215332,46.560001373291016,46.060001373291016,46.279998779296875,7462700
2018-10-03,36.211830139160156,45.869998931884766,46.54999923706055,45.79999923706055,46.459999084472656,10542300
2018-10-04,36.196041107177734,45.849998474121094,45.900001525878906,45.43000030517578,45.65999984741211,9582300
2018-10-05,36.2197151184082,45.880001068115234,46.15999984741211,45.689998626708984,45.939998626708984,8734100
2018-10-08,36.693382263183594,46.47999954223633,46.58000183105469,45.970001220703125,45.9900016784668,9808100
2018-10-09,36.6223258972168,46.38999938964844,46.54999923706055,46.220001220703125,46.380001068115234,10824500
2018-10-10,36.06182861328125,45.68000030517578,46.70000076293945,45.66999816894531,46.29999923706055,13917000
2018-10-11,35.24080276489258,44.63999938964844,45.970001220703125,44.5,45.79999923706055,17677900
2018-10-12,35.27238464355469,44.68000030517578,44.880001068115234,44.25,44.47999954223633,12420100
2018-10-15,35.45396041870117,44.90999984741211,45.27000045776367,44.59000015258789,44.63999938964844,11608500
2018-10-16,35.91183090209961,45.4900016784668,45.599998474121094,44.86000061035156,45.02000045776367,10442500
2018-10-17,36.20392990112305,45.86000061035156,45.9900016784668,45.36000061035156,45.40999984741211,11055800
2018-10-18,36.00657272338867,45.61000061035156,46.08000183105469,45.459999084472656,45.900001525878906,12716900
2018-10-19,36.57497024536133,46.33000183105469,46.4900016784668,45.83000183105469,45.83000183105469,13989200
2018-10-22,36.29076385498047,45.970001220703125,46.459999084472656,45.810001373291016,46.369998931884766,14283600
2018-10-23,36.59865188598633,46.36000061035156,46.459999084472656,45.45000076293945,45.619998931884766,17483900
2018-10-24,36.89075469970703,46.72999954223633,47.38999938964844,46.2400016784668,46.33000183105469,21626000
2018-10-25,36.717071533203125,46.5099983215332,46.7400016784668,46.119998931884766,46.650001525878906,14220200
2018-10-26,36.251304626464844,45.91999816894531,46.47999954223633,45.43000030517578,46.369998931884766,21458000
2018-10-29,36.67759323120117,46.459999084472656,46.560001373291016,46.04999923706055,46.150001525878906,20932200
2018-10-30,37.60124206542969,47.630001068115234,47.7400016784668,46.040000915527344,46.619998931884766,20895400
2018-10-31,37.798606872558594,47.880001068115234,48.08000183105469,47.220001220703125,47.5,25309400
2018-11-01,37.688079833984375,47.7400016784668,48.150001525878906,47.29999923706055,47.810001373291016,16494500
2018-11-02,37.893341064453125,48.0,48.0,47.439998626708984,47.81999969482422,17584900
2018-11-05,38.43806076049805,48.689998626708984,48.779998779296875,47.91999816894531,48.0,16543500
2018-11-06,38.76961898803711,49.11000061035156,49.130001068115234,48.599998474121094,48.650001525878906,14373400
2018-11-07,38.97487258911133,49.369998931884766,49.54999923706055,49.029998779296875,49.38999938964844,12239700
2018-11-08,38.94330596923828,49.33000183105469,49.369998931884766,49.099998474121094,49.119998931884766,9762800
2018-11-09,39.219600677490234,49.68000030517578,49.88999938964844,49.36000061035156,49.38999938964844,12398100
2018-11-12,39.36959457397461,49.869998931884766,50.2400016784668,49.540000915527344,49.61000061035156,13918300
2018-11-13,39.36170959472656,49.86000061035156,50.0,49.58000183105469,49.810001373291016,13872900
2018-11-14,39.28274917602539,49.7599983215332,49.939998626708984,49.59000015258789,49.849998474121094,12106800
2018-11-15,39.26698684692383,49.7400016784668,49.75,49.27000045776367,49.65999984741211,12080100
2018-11-16,39.60643005371094,50.16999816894531,50.25,49.630001068115234,49.65999984741211,13405800
2018-11-19,39.87484359741211,50.5099983215332,50.7599983215332,50.25,50.310001373291016,13575800
2018-11-20,38.982784271240234,49.380001068115234,50.84000015258789,49.209999084472656,50.81999969482422,16255300
2018-11-21,38.469642639160156,48.72999954223633,49.439998626708984,48.59000015258789,49.22999954223633,13559200
2018-11-23,38.698570251464844,49.02000045776367,49.22999954223633,48.54999923706055,48.75,4792500
2018-11-26,38.580162048339844,48.869998931884766,49.22999954223633,48.66999816894531,49.0099983215332,9341900
2018-11-27,38.97487258911133,49.369998931884766,49.40999984741211,48.72999954223633,48.880001068115234,9180700
2018-11-28,39.24329376220703,49.709999084472656,49.720001220703125,49.209999084472656,49.209999084472656,11368700
2018-11-29,38.97275924682617,48.97999954223633,49.43000030517578,48.970001220703125,49.279998779296875,11564300
2018-11-30,40.102638244628906,50.400001525878906,50.4900016784668,48.9900016784668,49.0,25538200
2018-12-03,39.53769302368164,49.689998626708984,49.959999084472656,48.88999938964844,49.869998931884766,14877200
2018-12-04,39.45016860961914,49.58000183105469,50.5099983215332,49.5,49.970001220703125,19059900
2018-12-06,39.29104232788086,49.380001068115234,49.630001068115234,48.65999984741211,49.5099983215332,17674900
2018-12-07,39.06028366088867,49.09000015258789,49.68000030517578,48.880001068115234,49.56999969482422,15565700
2018-12-10,39.17964172363281,49.2400016784668,49.45000076293945,48.470001220703125,49.45000076293945,12331100
2018-12-11,39.418338775634766,49.540000915527344,50.0099983215332,49.18000030517578,49.59000015258789,18083600
2018-12-12,39.163726806640625,49.220001220703125,50.02000045776367,49.189998626708984,49.95000076293945,12316900
2018-12-13,39.36264419555664,49.470001220703125,49.61000061035156,48.56999969482422,48.720001220703125,13766200
2018-12-14,39.25920867919922,49.34000015258789,49.52000045776367,49.02000045776367,49.22999954223633,13835900
2018-12-17,38.45555877685547,48.33000183105469,49.529998779296875,48.02000045776367,49.34000015258789,18482700
2018-12-18,38.447608947753906,48.31999969482422,48.83000183105469,47.849998474121094,48.61000061035156,14765700
2018-12-19,38.1134147644043,47.900001525878906,48.7599983215332,47.619998931884766,48.2400016784668,17903800
2018-12-20,37.826961517333984,47.540000915527344,48.130001068115234,47.099998474121094,47.810001373291016,21130000
2018-12-21,37.850830078125,47.56999969482422,48.75,47.22999954223633,47.2599983215332,32477700
2018-12-24,36.56977462768555,45.959999084472656,47.869998931884766,45.83000183105469,47.619998931884766,10733700
2018-12-26,37.34955596923828,46.939998626708984,46.959999084472656,45.65999984741211,45.880001068115234,14342600
2018-12-27,37.81900405883789,47.529998779296875,47.54999923706055,46.029998779296875,46.7400016784668,16966500
2018-12-28,37.55643081665039,47.20000076293945,48.0099983215332,47.029998779296875,47.88999938964844,13218200
2018-12-31,37.67578887939453,47.349998474121094,47.540000915527344,46.959999084472656,47.4900016784668,10576300
2019-01-02,37.34160614013672,46.93000030517578,47.220001220703125,46.560001373291016,46.939998626708984,11603700
2019-01-03,37.11084747314453,46.63999938964844,47.369998931884766,46.529998779296875,46.81999969482422,14714400
2019-01-04,37.850830078125,47.56999969482422,47.56999969482422,46.63999938964844,46.75,13013700
2019-01-07,37.35750961303711,46.95000076293945,47.75,46.900001525878906,47.56999969482422,13135500
2019-01-08,37.779232025146484,47.47999954223633,47.56999969482422,47.040000915527344,47.25,15420700
2019-01-09,37.055145263671875,46.56999969482422,47.279998779296875,46.43000030517578,47.08000183105469,18032500
2019-01-10,37.452999114990234,47.06999969482422,47.09000015258789,46.34000015258789,46.65999984741211,15976600
2019-01-11,37.66783142089844,47.34000015258789,47.36000061035156,46.970001220703125,47.290000915527344,11088600
2019-01-14,37.516658782958984,47.150001525878906,47.400001525878906,46.9900016784668,47.25,11514300
2019-01-15,37.850830078125,47.56999969482422,47.599998474121094,46.810001373291016,46.88999938964844,11342900
2019-01-16,37.33363342285156,46.91999816894531,47.470001220703125,46.86000061035156,47.400001525878906,16907800
2019-01-17,37.445045471191406,47.060001373291016,47.13999938964844,46.880001068115234,46.91999816894531,12044600
2019-01-18,37.882667541503906,47.61000061035156,47.689998626708984,47.119998931884766,47.25,12760700
2019-01-22,37.970191955566406,47.720001220703125,47.790000915527344,47.209999084472656,47.70000076293945,11700400
2019-01-23,38.4078254699707,48.27000045776367,48.290000915527344,47.650001525878906,47.81999969482422,12058300
2019-01-24,37.94631576538086,47.689998626708984,48.11000061035156,47.380001068115234,48.11000061035156,10272000
2019-01-25,37.69169235229492,47.369998931884766,48.029998779296875,47.2400016784668,47.880001068115234,12066500
2019-01-28,37.53255844116211,47.16999816894531,47.29999923706055,46.939998626708984,47.220001220703125,9966900
2019-01-29,37.715572357177734,47.400001525878906,47.630001068115234,47.130001068115234,47.20000076293945,11998600
2019-01-30,38.08158874511719,47.86000061035156,47.88999938964844,47.189998626708984,47.25,12952500
2019-01-31,38.296424865722656,48.130001068115234,48.779998779296875,47.470001220703125,47.849998474121094,32181500
2019-02-01,38.749969482421875,48.70000076293945,48.779998779296875,48.400001525878906,48.47999954223633,19130100
2019-02-04,39.187591552734375,49.25,49.45000076293945,48.540000915527344,48.70000076293945,15105700
2019-02-05,39.19554901123047,49.2599983215332,49.470001220703125,49.099998474121094,49.33000183105469,12651900
2019-02-06,39.19554901123047,49.2599983215332,49.36000061035156,49.02000045776367,49.209999084472656,8689100
2019-02-07,39.3228645324707,49.41999816894531,49.459999084472656,49.0,49.16999816894531,10047800
2019-02-08,39.38650894165039,49.5,49.5,49.11000061035156,49.369998931884766,9813300
2019-02-11,39.47404479980469,49.61000061035156,49.880001068115234,49.47999954223633,49.56999969482422,9369300
2019-02-12,39.51382064819336,49.65999984741211,49.79999923706055,49.459999084472656,49.689998626708984,10983300
2019-02-13,39.61726379394531,49.790000915527344,49.939998626708984,49.560001373291016,49.61000061035156,12748800
2019-02-14,36.2753791809082,45.59000015258789,46.959999084472656,45.5,46.70000076293945,58905400
2019-02-15,35.99689483642578,45.2400016784668,46.2599983215332,45.20000076293945,45.900001525878906,35701600
2019-02-19,35.67066192626953,44.83000183105469,45.59000015258789,44.77000045776367,45.31999969482422,25511300
2019-02-20,35.88549041748047,45.099998474121094,45.2400016784668,44.79999923706055,44.90999984741211,27464000
2019-02-21,36.490211486816406,45.86000061035156,45.90999984741211,44.959999084472656,45.0,23121200
2019-02-22,36.028709411621094,45.279998779296875,45.95000076293945,45.20000076293945,45.7599983215332,24728400
2019-02-25,35.758182525634766,44.939998626708984,45.56999969482422,44.84000015258789,45.439998626708984,23774400
2019-02-26,35.55925750732422,44.689998626708984,45.13999938964844,44.65999984741211,45.099998474121094,20463200
2019-02-27,35.758182525634766,44.939998626708984,45.02000045776367,44.41999816894531,44.599998474121094,17827500
2019-02-28,36.076454162597656,45.34000015258789,45.61000061035156,45.11000061035156,45.119998931884766,22533900
2019-03-01,36.108280181884766,45.380001068115234,45.63999938964844,45.20000076293945,45.470001220703125,16291600
2019-03-04,36.323116302490234,45.650001525878906,45.66999816894531,45.29999923706055,45.529998779296875,15973800
2019-03-05,36.283329010009766,45.599998474121094,45.70000076293945,45.400001525878906,45.650001525878906,13062300
2019-03-06,36.16398620605469,45.45000076293945,45.790000915527344,45.439998626708984,45.66999816894531,14232100
2019-03-07,36.028709411621094,45.279998779296875,45.529998779296875,45.130001068115234,45.4900016784668,12084000
2019-03-08,35.67861557006836,44.84000015258789,45.25,44.61000061035156,45.150001525878906,15579100
2019-03-11,36.744834899902344,46.18000030517578,46.2400016784668,45.099998474121094,45.13999938964844,22126900
2019-03-12,36.64139175415039,46.04999923706055,46.25,45.900001525878906,45.95000076293945,19348500
2019-03-13,36.77666091918945,46.220001220703125,46.34000015258789,45.90999984741211,46.130001068115234,16222500
2019-03-14,36.68034362792969,45.70000076293945,46.11000061035156,45.630001068115234,45.84000015258789,18504100
2019-03-15,36.359291076660156,45.29999923706055,45.900001525878906,45.13999938964844,45.720001220703125,47254500
2019-03-18,36.44757080078125,45.40999984741211,45.68000030517578,45.36000061035156,45.43000030517578,24006400
2019-03-19,36.56797790527344,45.560001373291016,45.689998626708984,45.34000015258789,45.54999923706055,14987000
2019-03-20,36.54389190673828,45.529998779296875,45.900001525878906,45.18000030517578,45.400001525878906,13376100
2019-03-21,36.527835845947266,45.5099983215332,45.7599983215332,45.439998626708984,45.529998779296875,20043000
2019-03-22,36.864952087402344,45.93000030517578,46.11000061035156,45.459999084472656,45.459999084472656,19055900
2019-03-25,36.94521713256836,46.029998779296875,46.20000076293945,45.790000915527344,45.86000061035156,11668200
2019-03-26,37.43482208251953,46.63999938964844,46.790000915527344,46.16999816894531,46.16999816894531,11434900
2019-03-27,37.410743713378906,46.61000061035156,46.90999984741211,46.33000183105469,46.650001525878906,11543600
2019-03-28,37.38665771484375,46.58000183105469,46.91999816894531,46.47999954223633,46.68000030517578,11121100
2019-03-29,37.61140441894531,46.86000061035156,46.90999984741211,46.47999954223633,46.66999816894531,16045600
2019-04-01,37.49903106689453,46.720001220703125,47.16999816894531,46.59000015258789,46.9900016784668,11522700
2019-04-02,37.37863540649414,46.56999969482422,46.93000030517578,46.56999969482422,46.75,8495000
2019-04-03,37.06559753417969,46.18000030517578,46.59000015258789,46.040000915527344,46.41999816894531,12854500
2019-04-04,37.30640411376953,46.47999954223633,46.540000915527344,46.11000061035156,46.34000015258789,7814900
2019-04-05,37.29837417602539,46.470001220703125,46.58000183105469,46.20000076293945,46.4900016784668,7677600
2019-04-08,37.36258316040039,46.54999923706055,46.56999969482422,46.27000045776367,46.540000915527344,9421300
2019-04-09,37.458892822265625,46.66999816894531,46.720001220703125,46.27000045776367,46.45000076293945,8641800
2019-04-10,37.43482208251953,46.63999938964844,47.0,46.560001373291016,46.84000015258789,8059900
2019-04-11,37.49100875854492,46.709999084472656,46.75,46.540000915527344,46.720001220703125,7352400
2019-04-12,37.515079498291016,46.7400016784668,46.93000030517578,46.56999969482422,46.66999816894531,10690000
2019-04-15,37.7237548828125,47.0,47.040000915527344,46.70000076293945,46.880001068115234,10261300
2019-04-16,37.68363571166992,46.95000076293945,47.099998474121094,46.70000076293945,47.04999923706055,10804600
2019-04-17,37.94851303100586,47.279998779296875,47.54999923706055,47.150001525878906,47.20000076293945,11849300
2019-04-18,38.10903549194336,47.47999954223633,47.58000183105469,47.27000045776367,47.33000183105469,12167000
2019-04-22,38.044822692871094,47.400001525878906,47.61000061035156,47.02000045776367,47.400001525878906,9834700
2019-04-23,38.69495391845703,48.209999084472656,48.720001220703125,47.54999923706055,48.09000015258789,25327800
2019-04-24,38.510353088378906,47.97999954223633,48.22999954223633,47.91999816894531,48.029998779296875,15997300
2019-04-25,38.397979736328125,47.84000015258789,47.88999938964844,47.470001220703125,47.7400016784668,11444400
2019-04-26,38.73508071899414,48.2599983215332,48.45000076293945,47.97999954223633,47.9900016784668,10154300
2019-04-29,38.86349868774414,48.41999816894531,48.45000076293945,48.11000061035156,48.16999816894531,9731500
2019-04-30,39.37718963623047,49.060001373291016,49.18000030517578,48.38999938964844,48.529998779296875,17912900
2019-05-01,38.99995040893555,48.59000015258789,49.08000183105469,48.54999923706055,48.95000076293945,10551200
2019-05-02,38.83943176269531,48.38999938964844,48.77000045776367,48.27000045776367,48.529998779296875,8724600
2019-05-03,39.10429763793945,48.720001220703125,48.959999084472656,48.52000045776367,48.599998474121094,7076900
2019-05-06,38.90363693237305,48.470001220703125,48.61000061035156,48.2599983215332,48.33000183105469,8657800
2019-05-07,38.52640151977539,48.0,48.290000915527344,47.77000045776367,48.22999954223633,12487500
2019-05-08,38.406002044677734,47.849998474121094,48.22999954223633,47.81999969482422,48.04999923706055,9281400
2019-05-09,38.044822692871094,47.400001525878906,47.97999954223633,47.06999969482422,47.79999923706055,11450500
2019-05-10,38.67889404296875,48.189998626708984,48.29999923706055,47.400001525878906,47.40999984741211,9653800
2019-05-13,38.566532135009766,48.04999923706055,48.130001068115234,47.72999954223633,47.90999984741211,11911500
2019-05-14,39.08021545410156,48.689998626708984,49.31999969482422,48.349998474121094,48.529998779296875,16844200
2019-05-15,39.47350311279297,49.18000030517578,49.380001068115234,48.599998474121094,48.66999816894531,11422500
2019-05-16,39.79456329345703,49.58000183105469,49.65999984741211,49.209999084472656,49.27000045776367,17771300
2019-05-17,39.48956298828125,49.20000076293945,49.54999923706055,49.16999816894531,49.27000045776367,11257000
2019-05-20,39.208641052246094,48.849998474121094,49.13999938964844,48.7599983215332,49.040000915527344,13850500
2019-05-21,39.00798416137695,48.599998474121094,49.029998779296875,48.45000076293945,49.0,10587400
2019-05-22,39.85075378417969,49.650001525878906,49.709999084472656,48.720001220703125,48.779998779296875,16050400
2019-05-23,40.011260986328125,49.849998474121094,49.900001525878906,49.459999084472656,49.5,12199400
2019-05-24,39.81864929199219,49.61000061035156,49.88999938964844,49.529998779296875,49.81999969482422,6887600
2019-05-28,39.40928649902344,49.099998474121094,49.66999816894531,49.029998779296875,49.599998474121094,18614000
2019-05-29,39.01601028442383,48.61000061035156,49.029998779296875,48.40999984741211,48.7400016784668,12534600
2019-05-30,39.529693603515625,49.25,49.310001373291016,48.66999816894531,48.720001220703125,9087200
2019-05-31,39.43337631225586,49.130001068115234,49.310001373291016,48.779998779296875,49.0,11368600
2019-06-03,40.1156120300293,49.97999954223633,49.97999954223633,49.02000045776367,49.15999984741211,14167200
2019-06-04,40.13166809082031,50.0,50.279998779296875,49.619998931884766,50.0,12010600
2019-06-05,40.757720947265625,50.779998779296875,51.13999938964844,49.689998626708984,50.0099983215332,15837600
2019-06-06,41.255348205566406,51.400001525878906,51.540000915527344,50.59000015258789,50.90999984741211,15190400
2019-06-07,41.32759094238281,51.4900016784668,52.189998626708984,51.45000076293945,51.470001220703125,15293600
2019-06-10,41.23930740356445,51.380001068115234,51.540000915527344,51.09000015258789,51.540000915527344,9737400
2019-06-11,41.19916534423828,51.33000183105469,51.59000015258789,51.18000030517578,51.45000076293945,9915600
2019-06-12,41.44798278808594,51.63999938964844,52.13999938964844,51.470001220703125,51.5,11088100
2019-06-13,41.359012603759766,51.130001068115234,51.70000076293945,50.779998779296875,51.459999084472656,10353600
2019-06-14,41.50461196899414,51.310001373291016,51.529998779296875,51.04999923706055,51.04999923706055,8694300
2019-06-17,41.1486930847168,50.869998931884766,51.47999954223633,50.61000061035156,51.25,12322400
2019-06-18,40.962646484375,50.63999938964844,51.29999923706055,50.529998779296875,51.25,9221100
2019-06-19,41.350921630859375,51.119998931884766,51.2400016784668,50.470001220703125,50.540000915527344,9414100
2019-06-20,41.787723541259766,51.65999984741211,51.790000915527344,51.349998474121094,51.5,10656600
2019-06-21,41.69873809814453,51.54999923706055,51.88999938964844,51.40999984741211,51.529998779296875,21264400
2019-06-24,41.9980354309082,51.91999816894531,52.20000076293945,51.70000076293945,51.7400016784668,10780000
2019-06-25,41.86860656738281,51.7599983215332,52.099998474121094,51.63999938964844,52.0,11519900
2019-06-26,41.350921630859375,51.119998931884766,51.63999938964844,51.09000015258789,51.52000045776367,12405100
2019-06-27,41.31856155395508,51.08000183105469,51.400001525878906,50.970001220703125,51.290000915527344,12374900
2019-06-28,41.18914794921875,50.91999816894531,51.400001525878906,50.52000045776367,51.27000045776367,16339900
2019-07-01,41.73917770385742,51.599998474121094,51.630001068115234,50.779998779296875,51.06999969482422,14976400
2019-07-02,42.046566009521484,51.97999954223633,52.04999923706055,51.54999923706055,51.779998779296875,8569200
2019-07-03,42.14363479614258,52.099998474121094,52.33000183105469,52.0,52.0,7253700
2019-07-05,42.151737213134766,52.11000061035156,52.119998931884766,51.47999954223633,51.88999938964844,8916300
2019-07-08,42.062747955322266,52.0,52.33000183105469,51.88999938964844,52.20000076293945,9495100
2019-07-09,41.73109817504883,51.59000015258789,51.970001220703125,51.43000030517578,51.720001220703125,10584900
2019-07-10,41.91714859008789,51.81999969482422,51.970001220703125,51.65999984741211,51.79999923706055,7620900
2019-07-11,42.09511184692383,52.040000915527344,52.060001373291016,51.65999984741211,51.9900016784668,10376500
2019-07-12,42.15980529785156,52.119998931884766,52.290000915527344,51.90999984741211,52.25,7347400
2019-07-15,42.16790771484375,52.130001068115234,52.290000915527344,51.869998931884766,52.279998779296875,5876100
2019-07-16,42.17599868774414,52.13999938964844,52.470001220703125,51.810001373291016,51.959999084472656,7132500
2019-07-17,42.20835494995117,52.18000030517578,52.2599983215332,52.0099983215332,52.220001220703125,8264200
2019-07-18,42.08701705932617,52.029998779296875,52.16999816894531,51.66999816894531,52.040000915527344,11911800
2019-07-19,41.56932067871094,51.38999938964844,52.150001525878906,51.369998931884766,52.13999938964844,10355500
2019-07-22,41.43181228637695,51.220001220703125,51.52000045776367,51.130001068115234,51.52000045776367,12090700
2019-07-23,43.947486877441406,54.33000183105469,54.63999938964844,52.7599983215332,53.25,33417900
2019-07-24,43.502593994140625,53.779998779296875,54.81999969482422,53.619998931884766,54.119998931884766,15633400
2019-07-25,42.92827606201172,53.06999969482422,53.79999923706055,52.720001220703125,53.630001068115234,19135000
2019-07-26,43.818058013916016,54.16999816894531,54.310001373291016,53.189998626708984,53.34000015258789,11451900
2019-07-29,43.672462463378906,53.9900016784668,54.29999923706055,53.900001525878906,54.16999816894531,12283900
2019-07-30,43.454063415527344,53.720001220703125,54.29999923706055,53.56999969482422,53.959999084472656,8127100
2019-07-31,42.572364807128906,52.630001068115234,53.5099983215332,52.040000915527344,53.5099983215332,16865500
2019-08-01,42.08701705932617,52.029998779296875,53.20000076293945,52.0099983215332,52.779998779296875,19527200
2019-08-02,42.329681396484375,52.33000183105469,52.72999954223633,51.90999984741211,51.90999984741211,13102300
2019-08-05,41.779640197753906,51.650001525878906,52.65999984741211,51.400001525878906,52.38999938964844,19986500
2019-08-06,42.281150817871094,52.27000045776367,52.7599983215332,51.61000061035156,51.869998931884766,19903100
2019-08-07,43.01725769042969,53.18000030517578,53.38999938964844,51.77000045776367,52.27000045776367,17937000
2019-08-08,43.42978286743164,53.689998626708984,53.779998779296875,52.849998474121094,53.209999084472656,10799000
2019-08-09,43.21138381958008,53.41999816894531,53.900001525878906,53.08000183105469,53.790000915527344,9260900
2019-08-12,43.03343200683594,53.20000076293945,53.439998626708984,52.9900016784668,53.279998779296875,6588600
2019-08-13,43.27609634399414,53.5,53.61000061035156,52.869998931884766,52.900001525878906,8581200
2019-08-14,42.86355972290039,52.9900016784668,53.970001220703125,52.970001220703125,53.34000015258789,17088900
2019-08-15,43.57539367675781,53.869998931884766,54.0,53.22999954223633,53.43000030517578,12393200
2019-08-16,44.01220703125,54.40999984741211,54.4900016784668,53.95000076293945,53.97999954223633,14288700
2019-08-19,44.23868179321289,54.689998626708984,54.779998779296875,54.310001373291016,54.439998626708984,10936200
2019-08-20,43.58348846435547,53.880001068115234,54.68000030517578,53.84000015258789,54.619998931884766,8176700
2019-08-21,43.761444091796875,54.099998474121094,54.40999984741211,53.849998474121094,54.25,10886500
2019-08-22,44.0769157409668,54.4900016784668,54.63999938964844,54.099998474121094,54.119998931884766,7467900
2019-08-23,43.4702262878418,53.7400016784668,54.709999084472656,53.38999938964844,54.41999816894531,14160400
2019-08-26,44.11735534667969,54.540000915527344,54.540000915527344,53.72999954223633,54.0,9226900
2019-08-27,44.26295852661133,54.720001220703125,54.95000076293945,54.40999984741211,54.70000076293945,13537000
2019-08-28,44.57841873168945,55.11000061035156,55.150001525878906,54.41999816894531,54.65999984741211,10046400
2019-08-29,44.52989196777344,55.04999923706055,55.34000015258789,54.599998474121094,55.2599983215332,9262800
2019-08-30,44.52180099487305,55.040000915527344,55.220001220703125,54.810001373291016,55.15999984741211,8746700
2019-09-03,44.73211669921875,55.29999923706055,55.33000183105469,54.869998931884766,54.97999954223633,12991400
2019-09-04,45.11229705810547,55.77000045776367,55.91999816894531,55.29999923706055,55.349998474121094,10718100
2019-09-05,44.58651351928711,55.119998931884766,55.77000045776367,55.029998779296875,55.75,13677000
2019-09-06,44.67549133300781,55.22999954223633,55.439998626708984,54.7599983215332,55.439998626708984,9093500
2019-09-09,44.10117721557617,54.52000045776367,55.08000183105469,54.36000061035156,55.029998779296875,10814900
2019-09-10,44.004119873046875,54.400001525878906,54.439998626708984,53.849998474121094,54.22999954223633,12038200
2019-09-11,44.30339813232422,54.77000045776367,54.79999923706055,53.970001220703125,54.290000915527344,9740400
2019-09-12,44.57841873168945,55.11000061035156,55.310001373291016,54.97999954223633,55.099998474121094,12357900
2019-09-13,44.21175765991211,54.2599983215332,54.790000915527344,54.06999969482422,54.47999954223633,11486100
2019-09-16,43.967308044433594,53.959999084472656,54.34000015258789,53.630001068115234,54.099998474121094,11172000
2019-09-17,44.19546127319336,54.2400016784668,54.70000076293945,53.959999084472656,54.099998474121094,11347400
2019-09-18,44.18732452392578,54.22999954223633,54.290000915527344,53.81999969482422,54.20000076293945,9700400
2019-09-19,44.42361831665039,54.52000045776367,54.599998474121094,54.130001068115234,54.22999954223633,7560300
2019-09-20,43.92658233642578,53.90999984741211,54.689998626708984,53.900001525878906,54.689998626708984,19211500
2019-09-23,44.113990783691406,54.13999938964844,54.36000061035156,53.880001068115234,53.90999984741211,6485300
2019-09-24,44.244354248046875,54.29999923706055,54.61000061035156,54.040000915527344,54.25,10093000
2019-09-25,44.13842010498047,54.16999816894531,54.47999954223633,54.0,54.439998626708984,10248400
2019-09-26,44.317691802978516,54.38999938964844,54.58000183105469,54.130001068115234,54.470001220703125,10031200
2019-09-27,44.252498626708984,54.310001373291016,54.63999938964844,54.0,54.560001373291016,7939900
2019-09-30,44.35841751098633,54.439998626708984,54.68000030517578,54.150001525878906,54.150001525878906,9808700
2019-10-01,44.529537200927734,54.650001525878906,54.779998779296875,54.0099983215332,54.529998779296875,14261500
2019-10-02,43.25027847290039,53.08000183105469,54.439998626708984,52.900001525878906,54.209999084472656,14343600
2019-10-03,43.869529724121094,53.84000015258789,53.97999954223633,52.81999969482422,53.5,13817500
2019-10-04,44.43990707397461,54.540000915527344,54.540000915527344,53.88999938964844,54.0,9295400
2019-10-07,43.89398193359375,53.869998931884766,54.36000061035156,53.77000045776367,54.33000183105469,5964900
2019-10-08,43.65768814086914,53.58000183105469,54.06999969482422,53.45000076293945,53.880001068115234,13301900
2019-10-09,43.86138916015625,53.83000183105469,54.06999969482422,53.540000915527344,54.060001373291016,7135000
2019-10-10,43.722869873046875,53.65999984741211,53.880001068115234,53.36000061035156,53.54999923706055,8942900
2019-10-11,43.429542541503906,53.29999923706055,53.70000076293945,53.20000076293945,53.650001525878906,8981700
2019-10-14,43.429542541503906,53.29999923706055,53.68000030517578,53.220001220703125,53.4900016784668,7306300
2019-10-15,43.60065460205078,53.5099983215332,53.68000030517578,53.27000045776367,53.43000030517578,9564300
2019-10-16,43.58436965942383,53.4900016784668,53.56999969482422,53.130001068115234,53.459999084472656,10454800
2019-10-17,43.82879638671875,53.790000915527344,54.119998931884766,53.58000183105469,53.689998626708984,13190300
2019-10-18,44.63546371459961,54.779998779296875,55.38999938964844,54.45000076293945,55.0,18122400
2019-10-21,44.18732452392578,54.22999954223633,54.560001373291016,53.68000030517578,54.45000076293945,12778900
2019-10-22,43.87767791748047,53.849998474121094,54.41999816894531,53.7400016784668,54.22999954223633,9533400
2019-10-23,44.521385192871094,54.63999938964844,54.65999984741211,54.0099983215332,54.060001373291016,8556600
2019-10-24,44.4969482421875,54.61000061035156,54.81999969482422,54.4900016784668,54.56999969482422,11051400
2019-10-25,43.79620361328125,53.75,54.560001373291016,53.66999816894531,54.54999923706055,9782400
2019-10-28,43.64954376220703,53.56999969482422,53.95000076293945,53.369998931884766,53.7400016784668,8866100
2019-10-29,43.5191764831543,53.40999984741211,53.65999984741211,53.2599983215332,53.38999938964844,7999700
2019-10-30,43.951019287109375,53.939998626708984,54.04999923706055,53.15999984741211,53.52000045776367,8620900
2019-10-31,44.350284576416016,54.43000030517578,54.470001220703125,53.849998474121094,53.959999084472656,13982000
2019-11-01,43.91843795776367,53.900001525878906,54.7400016784668,53.849998474121094,54.630001068115234,9889500
2019-11-04,43.299163818359375,53.13999938964844,54.0,52.970001220703125,53.959999084472656,17515100
2019-11-05,42.71249771118164,52.41999816894531,52.88999938964844,52.119998931884766,52.88999938964844,19284000
2019-11-06,43.022132873535156,52.79999923706055,52.79999923706055,52.40999984741211,52.529998779296875,13288900
2019-11-07,42.606571197509766,52.290000915527344,53.0,51.959999084472656,52.880001068115234,11725500
2019-11-08,42.5413932800293,52.209999084472656,52.599998474121094,52.09000015258789,52.459999084472656,7141800
2019-11-11,42.23991394042969,51.84000015258789,52.369998931884766,51.779998779296875,52.33000183105469,8198300
2019-11-12,42.13398361206055,51.709999084472656,51.90999984741211,51.58000183105469,51.90999984741211,12656900
2019-11-13,42.7043571472168,52.40999984741211,52.45000076293945,51.959999084472656,52.18000030517578,12257900
2019-11-14,42.88361740112305,52.630001068115234,52.66999816894531,52.349998474121094,52.529998779296875,8660300
2019-11-15,42.91621398925781,52.66999816894531,52.68000030517578,52.380001068115234,52.63999938964844,8982400
2019-11-18,43.20954132080078,53.029998779296875,53.439998626708984,52.66999816894531,52.68000030517578,13782000
2019-11-19,43.25027847290039,53.08000183105469,53.310001373291016,52.869998931884766,53.150001525878906,12679500
2019-11-20,43.364356994628906,53.220001220703125,53.400001525878906,53.0099983215332,53.099998474121094,11970300
2019-11-21,43.15250015258789,52.959999084472656,53.34000015258789,52.779998779296875,53.11000061035156,7856100
2019-11-22,43.20954132080078,53.029998779296875,53.189998626708984,52.75,52.959999084472656,9113300
2019-11-25,43.364356994628906,53.220001220703125,53.38999938964844,52.77000045776367,53.279998779296875,10963500
2019-11-26,43.91843795776367,53.900001525878906,53.939998626708984,53.220001220703125,53.310001373291016,13219800
2019-11-27,43.959171295166016,53.95000076293945,54.099998474121094,53.599998474121094,53.93000030517578,9595200
2019-11-29,43.836036682128906,53.400001525878906,53.72999954223633,53.220001220703125,53.70000076293945,7222300
2019-12-02,44.123348236083984,53.75,53.75,52.849998474121094,53.31999969482422,13173800
2019-12-03,44.164398193359375,53.79999923706055,53.84000015258789,53.400001525878906,53.709999084472656,14498300
2019-12-04,44.5666389465332,54.290000915527344,54.310001373291016,53.720001220703125,53.79999923706055,13624000
2019-12-05,44.48454284667969,54.189998626708984,54.290000915527344,53.83000183105469,54.209999084472656,14068100
2019-12-06,44.67335510253906,54.41999816894531,54.5,54.16999816894531,54.310001373291016,7843500
2019-12-09,44.38603210449219,54.06999969482422,54.5099983215332,54.02000045776367,54.29999923706055,13887200
2019-12-10,44.139766693115234,53.77000045776367,54.06999969482422,53.72999954223633,54.040000915527344,8993900
2019-12-11,44.287532806396484,53.95000076293945,54.150001525878906,53.65999984741211,53.939998626708984,8879100
2019-12-12,44.443511962890625,54.13999938964844,54.45000076293945,53.939998626708984,54.0099983215332,11233300
2019-12-13,44.67335510253906,54.41999816894531,54.54999923706055,53.84000015258789,53.939998626708984,13072200
2019-12-16,44.67335510253906,54.41999816894531,54.83000183105469,54.369998931884766,54.689998626708984,9538100
2019-12-17,44.67335510253906,54.41999816894531,54.58000183105469,54.290000915527344,54.400001525878906,9230000
2019-12-18,44.254695892333984,53.90999984741211,54.75,53.88999938964844,54.529998779296875,15132100
2019-12-19,44.59126281738281,54.31999969482422,54.34000015258789,53.91999816894531,54.040000915527344,13385900
2019-12-20,45.124847412109375,54.970001220703125,55.20000076293945,54.470001220703125,54.939998626708984,23832800
2019-12-23,45.07559585571289,54.90999984741211,55.2400016784668,54.84000015258789,55.0,9300800
2019-12-24,44.911407470703125,54.709999084472656,55.0,54.63999938964844,54.79999923706055,3359300
2019-12-26,45.165897369384766,55.02000045776367,55.02000045776367,54.790000915527344,54.91999816894531,6228500
2019-12-27,45.43678283691406,55.349998474121094,55.45000076293945,55.0,55.0099983215332,6895500
2019-12-30,45.37111282348633,55.27000045776367,55.38999938964844,55.060001373291016,55.18000030517578,6431700
2019-12-31,45.43678283691406,55.349998474121094,55.380001068115234,54.97999954223633,55.20000076293945,7982600
2020-01-02,45.14126205444336,54.9900016784668,55.43000030517578,54.7599983215332,55.31999969482422,11867700
2020-01-03,44.89499282836914,54.689998626708984,54.9900016784668,54.09000015258789,54.31999969482422,11354500
2020-01-06,44.87856674194336,54.66999816894531,54.90999984741211,54.52000045776367,54.650001525878906,14698300
2020-01-07,44.53379821777344,54.25,54.599998474121094,54.150001525878906,54.45000076293945,9973900
2020-01-08,44.615882873535156,54.349998474121094,54.63999938964844,54.150001525878906,54.27000045776367,10676000
2020-01-09,45.4285774230957,55.34000015258789,55.400001525878906,54.84000015258789,55.0,15398000
2020-01-10,45.58454513549805,55.529998779296875,55.93000030517578,55.45000076293945,55.47999954223633,13040100
2020-01-13,46.077091217041016,56.130001068115234,56.22999954223633,55.41999816894531,55.529998779296875,14302900
2020-01-14,45.970375061035156,56.0,56.290000915527344,55.83000183105469,56.2400016784668,16345300
2020-01-15,46.54500198364258,56.70000076293945,56.97999954223633,56.0,56.0,17735400
2020-01-16,46.643516540527344,56.81999969482422,56.95000076293945,56.61000061035156,56.849998474121094,10234100
2020-01-17,46.74201583862305,56.939998626708984,57.150001525878906,56.79999923706055,56.869998931884766,14264300
2020-01-21,46.93083572387695,57.16999816894531,57.25,56.56999969482422,56.849998474121094,11968900
2020-01-22,47.292022705078125,57.61000061035156,57.63999938964844,57.18000030517578,57.25,12869600
2020-01-23,47.47261428833008,57.83000183105469,57.849998474121094,57.2400016784668,57.380001068115234,12858900
2020-01-24,47.3494873046875,57.68000030517578,57.869998931884766,57.459999084472656,57.849998474121094,8594300
2020-01-27,47.185306549072266,57.47999954223633,57.849998474121094,57.130001068115234,57.209999084472656,14359900
2020-01-28,46.79948425292969,57.0099983215332,57.75,56.970001220703125,57.45000076293945,15240200
2020-01-29,46.79948425292969,57.0099983215332,57.2599983215332,56.65999984741211,57.0,13163600
2020-01-30,48.31814193725586,58.86000061035156,58.97999954223633,57.7599983215332,57.93000030517578,20225600
2020-01-31,47.940528869628906,58.400001525878906,59.08000183105469,58.150001525878906,58.970001220703125,17685200
2020-02-03,48.08829116821289,58.58000183105469,58.970001220703125,58.52000045776367,58.75,12333600
2020-02-04,48.301727294921875,58.84000015258789,59.45000076293945,58.619998931884766,58.75,15417900
2020-02-05,48.309932708740234,58.849998474121094,59.08000183105469,58.540000915527344,58.900001525878906,11414900
2020-02-06,48.424869537353516,58.9900016784668,59.34000015258789,58.84000015258789,58.97999954223633,9347000
2020-02-07,48.58904266357422,59.189998626708984,59.31999969482422,58.849998474121094,58.880001068115234,8757800
2020-02-10,49.04875183105469,59.75,59.84000015258789,59.290000915527344,59.31999969482422,7984900
2020-02-11,48.91740036010742,59.59000015258789,59.79999923706055,59.31999969482422,59.720001220703125,7431200
2020-02-12,48.76964569091797,59.40999984741211,59.77000045776367,59.31999969482422,59.47999954223633,9179100
2020-02-13,48.93382263183594,59.61000061035156,59.84000015258789,59.209999084472656,59.380001068115234,8173200
2020-02-14,49.212921142578125,59.95000076293945,60.06999969482422,59.619998931884766,59.630001068115234,9965500
2020-02-18,48.86814880371094,59.529998779296875,59.93000030517578,59.45000076293945,59.810001373291016,10075700
2020-02-19,49.065155029296875,59.77000045776367,60.0,59.470001220703125,59.5099983215332,6265700
2020-02-20,49.02412796020508,59.720001220703125,59.86000061035156,59.11000061035156,59.68000030517578,7597200
2020-02-21,49.36069107055664,60.130001068115234,60.130001068115234,59.43000030517578,59.5099983215332,10842400
2020-02-24,48.145755767822266,58.650001525878906,59.79999923706055,58.56999969482422,59.11000061035156,14415500
2020-02-25,47.46440505981445,57.81999969482422,59.20000076293945,57.619998931884766,58.70000076293945,15915100
2020-02-26,47.2838134765625,57.599998474121094,58.470001220703125,57.47999954223633,57.97999954223633,15837800
2020-02-27,45.092010498046875,54.93000030517578,57.88999938964844,54.880001068115234,57.150001525878906,23754000
2020-02-28,43.90992736816406,53.4900016784668,53.88999938964844,51.58000183105469,53.83000183105469,40890600
2020-03-02,45.90470504760742,55.91999816894531,55.959999084472656,53.70000076293945,53.93000030517578,25698600
2020-03-03,46.019630432128906,56.060001373291016,57.4900016784668,55.63999938964844,56.7599983215332,27099200
2020-03-04,48.36740493774414,58.91999816894531,59.0,56.40999984741211,56.40999984741211,20526100
2020-03-05,46.577842712402344,56.7400016784668,58.16999816894531,56.189998626708984,57.79999923706055,17948500
2020-03-06,45.36290740966797,55.2599983215332,55.90999984741211,53.97999954223633,54.939998626708984,22353900
2020-03-09,42.57184982299805,51.86000061035156,53.58000183105469,51.47999954223633,52.04999923706055,27898300
2020-03-10,44.04946517944336,53.65999984741211,53.79999923706055,51.16999816894531,53.220001220703125,27457400
2020-03-11,42.85916519165039,52.209999084472656,52.650001525878906,51.13999938964844,52.349998474121094,22653900
2020-03-12,38.713619232177734,47.15999984741211,49.93000030517578,46.689998626708984,48.540000915527344,31913100
2020-03-13,40.13795471191406,48.470001220703125,49.560001373291016,46.61000061035156,49.5099983215332,33697200
2020-03-16,37.4797477722168,45.2599983215332,47.880001068115234,41.16999816894531,42.2400016784668,28682300
2020-03-17,39.06969451904297,47.18000030517578,47.5,45.369998931884766,45.880001068115234,32106700
2020-03-18,37.14023208618164,44.849998474121094,45.150001525878906,41.59000015258789,44.7400016784668,35408300
2020-03-19,34.639381408691406,41.83000183105469,44.65999984741211,41.040000915527344,44.36000061035156,41956900
2020-03-20,31.716184616088867,38.29999923706055,42.06999969482422,37.5099983215332,41.95000076293945,51513500
2020-03-23,31.1033992767334,37.560001373291016,38.88999938964844,36.27000045776367,38.7599983215332,44978500
2020-03-24,32.66850280761719,39.45000076293945,41.400001525878906,38.83000183105469,41.220001220703125,49096200
2020-03-25,34.457183837890625,41.61000061035156,43.45000076293945,39.90999984741211,40.630001068115234,42511700
2020-03-26,36.67650604248047,44.290000915527344,45.27000045776367,42.45000076293945,42.84000015258789,37821700
2020-03-27,35.45090866088867,42.810001373291016,44.029998779296875,42.400001525878906,43.65999984741211,23297900
2020-03-30,37.26445388793945,45.0,45.560001373291016,43.040000915527344,43.040000915527344,23446000
2020-03-31,36.64337921142578,44.25,45.5099983215332,44.060001373291016,45.06999969482422,25373900
2020-04-01,34.87952423095703,42.119998931884766,43.650001525878906,41.79999923706055,42.47999954223633,21936400
2020-04-02,36.39494323730469,43.95000076293945,44.189998626708984,41.86000061035156,42.220001220703125,17621900
2020-04-03,36.295570373535156,43.83000183105469,44.34000015258789,43.310001373291016,43.58000183105469,14207100
2020-04-06,38.64737319946289,46.66999816894531,47.0099983215332,44.689998626708984,45.38999938964844,22850000
2020-04-07,38.51487350463867,46.5099983215332,48.599998474121094,46.47999954223633,48.5,21279600
2020-04-08,39.59968566894531,47.81999969482422,48.09000015258789,46.33000183105469,46.63999938964844,18937100
2020-04-09,40.576839447021484,49.0,49.72999954223633,48.349998474121094,48.439998626708984,19165300
2020-04-13,38.86267852783203,46.93000030517578,48.63999938964844,46.5,48.349998474121094,19586000
2020-04-14,40.510589599609375,48.91999816894531,49.25,46.93000030517578,47.939998626708984,21801900
2020-04-15,39.425785064697266,47.61000061035156,48.400001525878906,47.40999984741211,47.709999084472656,12893200
2020-04-16,39.003456115722656,47.099998474121094,47.849998474121094,46.7599983215332,47.400001525878906,17606800
2020-04-17,39.79843521118164,48.060001373291016,48.29999923706055,47.369998931884766,48.29999923706055,19844600
2020-04-20,38.53144073486328,46.529998779296875,48.0,46.310001373291016,47.790000915527344,18957900
2020-04-21,37.5791130065918,45.380001068115234,46.900001525878906,44.2599983215332,45.880001068115234,26863700
2020-04-22,37.827552795410156,45.68000030517578,46.150001525878906,45.5,46.04999923706055,15811600
2020-04-23,37.322418212890625,45.06999969482422,46.099998474121094,44.970001220703125,45.95000076293945,17668200
2020-04-24,37.62053298950195,45.43000030517578,45.75,45.119998931884766,45.5,15175000
2020-04-27,38.73845672607422,46.779998779296875,46.97999954223633,45.709999084472656,46.0,19175500
2020-04-28,38.705345153808594,46.7400016784668,48.0,46.56999969482422,47.900001525878906,17246700
2020-04-29,39.020015716552734,47.119998931884766,47.86000061035156,46.880001068115234,47.27000045776367,15780000
2020-04-30,38.001461029052734,45.88999938964844,47.0,45.70000076293945,47.0,20801100
2020-05-01,37.76130294799805,45.599998474121094,46.38999938964844,45.209999084472656,45.619998931884766,14290400
2020-05-04,37.38037872314453,45.13999938964844,45.47999954223633,44.599998474121094,45.31999969482422,22544200
2020-05-05,37.59568405151367,45.400001525878906,46.099998474121094,45.150001525878906,45.36000061035156,13370500
2020-05-06,37.05743408203125,44.75,45.630001068115234,44.720001220703125,45.400001525878906,11892900
2020-05-07,36.93320846557617,44.599998474121094,45.2400016784668,44.5,45.150001525878906,16466000
2020-05-08,38.18363952636719,46.11000061035156,46.220001220703125,44.880001068115234,45.08000183105469,13985100
2020-05-11,37.71162033081055,45.540000915527344,46.11000061035156,45.52000045776367,45.689998626708984,10874600
2020-05-12,37.115386962890625,44.81999969482422,45.849998474121094,44.79999923706055,45.599998474121094,13424400
2020-05-13,36.386661529541016,43.939998626708984,44.779998779296875,43.52000045776367,44.709999084472656,15854800
2020-05-14,36.18791580200195,43.70000076293945,44.060001373291016,43.22999954223633,43.380001068115234,18000800
2020-05-15,35.82354736328125,43.2599983215332,44.689998626708984,43.20000076293945,43.959999084472656,31579400
2020-05-18,37.23960876464844,44.970001220703125,45.38999938964844,44.130001068115234,44.81999969482422,26118500
2020-05-19,36.88352966308594,44.540000915527344,45.33000183105469,44.25,45.0099983215332,17839900
2020-05-20,38.001461029052734,45.88999938964844,46.16999816894531,45.02000045776367,45.20000076293945,22295900
2020-05-21,37.40522003173828,45.16999816894531,46.09000015258789,45.029998779296875,46.08000183105469,13193500
2020-05-22,37.28929138183594,45.029998779296875,45.310001373291016,44.650001525878906,45.220001220703125,13008400
2020-05-26,38.16707992553711,46.09000015258789,46.93000030517578,45.93000030517578,46.91999816894531,22223100
2020-05-27,38.697059631347656,46.72999954223633,47.09000015258789,46.16999816894531,47.0,18447600
2020-05-28,38.99517822265625,47.09000015258789,47.459999084472656,46.81999969482422,47.29999923706055,16230600
2020-05-29,38.65565490722656,46.68000030517578,47.189998626708984,46.13999938964844,46.68000030517578,51125000
2020-06-01,38.9123649597168,46.9900016784668,47.22999954223633,46.59000015258789,46.65999984741211,17010700
2020-06-02,38.83784103393555,46.900001525878906,47.279998779296875,46.560001373291016,47.15999984741211,15255100
2020-06-03,39.66593933105469,47.900001525878906,48.119998931884766,47.119998931884766,47.27000045776367,15508300
2020-06-04,39.682491302490234,47.91999816894531,48.27000045776367,47.380001068115234,47.939998626708984,13604700
2020-06-05,40.65137481689453,49.09000015258789,49.4900016784668,48.459999084472656,48.540000915527344,20504800
2020-06-08,41.280731201171875,49.849998474121094,49.970001220703125,49.470001220703125,49.540000915527344,19896700
2020-06-09,40.576839447021484,49.0,49.59000015258789,48.68000030517578,49.59000015258789,16713700
2020-06-10,40.26216506958008,48.619998931884766,49.27000045776367,48.56999969482422,49.15999984741211,15716600
2020-06-11,37.71162033081055,45.540000915527344,47.91999816894531,45.459999084472656,47.810001373291016,26070400
2020-06-12,38.1043586730957,45.599998474121094,46.25,45.0099983215332,46.209999084472656,21822700
2020-06-15,38.689292907714844,46.29999923706055,46.45000076293945,44.470001220703125,44.56999969482422,15622300
2020-06-16,39.0820426940918,46.77000045776367,47.689998626708984,46.189998626708984,47.560001373291016,18803500
2020-06-17,38.923274993896484,46.58000183105469,47.060001373291016,46.439998626708984,46.779998779296875,12602800
2020-06-18,39.2658805847168,46.9900016784668,47.040000915527344,46.06999969482422,46.29999923706055,9380800
2020-06-19,38.455326080322266,46.02000045776367,47.790000915527344,46.02000045776367,47.77000045776367,30464600
2020-06-22,38.22135543823242,45.7400016784668,46.150001525878906,45.380001068115234,46.029998779296875,20876200
2020-06-23,38.13779067993164,45.63999938964844,46.290000915527344,45.58000183105469,46.0,14675300
2020-06-24,37.310523986816406,44.650001525878906,45.439998626708984,44.5,45.369998931884766,17631800
2020-06-25,37.544498443603516,44.93000030517578,44.97999954223633,44.029998779296875,44.470001220703125,13829700
2020-06-26,36.408058166503906,43.56999969482422,45.0099983215332,43.5099983215332,44.91999816894531,21955100
2020-06-29,37.06820297241211,44.36000061035156,44.56999969482422,43.54999923706055,44.0,17603900
2020-06-30,37.33558654785156,44.68000030517578,44.83000183105469,44.040000915527344,44.25,23679800
2020-07-01,37.45257568359375,44.81999969482422,45.529998779296875,44.709999084472656,44.93000030517578,14316500
2020-07-02,37.502716064453125,44.880001068115234,45.43000030517578,44.79999923706055,45.290000915527344,15111900
2020-07-06,37.795188903808594,45.22999954223633,45.27000045776367,44.61000061035156,45.13999938964844,15146000
2020-07-07,37.778480529785156,45.209999084472656,45.5,44.79999923706055,45.0,13043600
2020-07-08,37.6614875793457,45.06999969482422,45.18000030517578,44.470001220703125,45.13999938964844,13851200
2020-07-09,36.69215393066406,43.90999984741211,45.04999923706055,43.83000183105469,45.04999923706055,16087100
2020-07-10,37.72834014892578,45.150001525878906,45.25,43.86000061035156,43.880001068115234,15627800
2020-07-13,37.81190490722656,45.25,45.68000030517578,44.959999084472656,45.529998779296875,16705300
2020-07-14,38.329978942871094,45.869998931884766,45.939998626708984,44.66999816894531,44.90999984741211,17080100
2020-07-15,38.77286148071289,46.400001525878906,47.189998626708984,46.20000076293945,46.29999923706055,23738000
2020-07-16,38.56396484375,46.150001525878906,46.689998626708984,45.939998626708984,46.2599983215332,13306100
2020-07-17,39.123836517333984,46.81999969482422,46.90999984741211,46.130001068115234,46.470001220703125,13899800
2020-07-20,38.53889083862305,46.119998931884766,46.83000183105469,45.849998474121094,46.720001220703125,16633200
2020-07-21,39.44136047363281,47.20000076293945,47.9900016784668,46.93000030517578,47.52000045776367,25681500
2020-07-22,40.510955810546875,48.47999954223633,48.52000045776367,47.029998779296875,47.93000030517578,29831200
2020-07-23,40.34382629394531,48.279998779296875,48.56999969482422,48.029998779296875,48.470001220703125,15935000
2020-07-24,40.519309997558594,48.4900016784668,48.79999923706055,48.06999969482422,48.400001525878906,16196800
2020-07-27,40.510955810546875,48.47999954223633,48.5099983215332,48.18000030517578,48.18000030517578,17346500
2020-07-28,40.26026153564453,48.18000030517578,49.279998779296875,48.099998474121094,48.34000015258789,13872700
2020-07-29,40.12656784057617,48.02000045776367,48.5,47.81999969482422,48.13999938964844,13758100
2020-07-30,39.85081481933594,47.689998626708984,48.22999954223633,47.20000076293945,47.66999816894531,17276500
2020-07-31,39.474788665771484,47.2400016784668,47.77000045776367,46.72999954223633,47.439998626708984,14849200
2020-08-03,38.689292907714844,46.29999923706055,47.36000061035156,46.22999954223633,47.13999938964844,14137500
2020-08-04,39.015201568603516,46.689998626708984,46.86000061035156,46.220001220703125,46.290000915527344,11717200
2020-08-05,39.458072662353516,47.220001220703125,47.27000045776367,46.810001373291016,46.900001525878906,10498700
2020-08-06,39.67533493041992,47.47999954223633,47.529998779296875,46.599998474121094,46.65999984741211,10745000
2020-08-07,39.94272994995117,47.79999923706055,48.08000183105469,47.209999084472656,47.470001220703125,11669700
2020-08-10,39.87588882446289,47.720001220703125,48.279998779296875,47.65999984741211,48.060001373291016,11888000
2020-08-11,40.05137252807617,47.93000030517578,48.650001525878906,47.70000076293945,48.459999084472656,16531600
2020-08-12,40.469181060791016,48.43000030517578,48.689998626708984,48.119998931884766,48.29999923706055,9562200
2020-08-13,40.427391052246094,48.380001068115234,48.72999954223633,48.060001373291016,48.2599983215332,9882900
2020-08-14,40.48588943481445,48.45000076293945,48.689998626708984,48.029998779296875,48.34000015258789,10075800
2020-08-17,40.28533172607422,48.209999084472656,48.75,48.20000076293945,48.31999969482422,9102400
2020-08-18,40.460811614990234,48.41999816894531,48.5,47.959999084472656,48.20000076293945,9829000
2020-08-19,39.58341979980469,47.369998931884766,48.380001068115234,47.220001220703125,48.119998931884766,17371000
2020-08-20,39.56670379638672,47.349998474121094,47.599998474121094,47.09000015258789,47.27000045776367,11308700
2020-08-21,39.50820541381836,47.279998779296875,47.5,46.970001220703125,47.34000015258789,14734100
2020-08-24,40.08478546142578,47.970001220703125,47.97999954223633,47.18000030517578,47.43000030517578,9257700
2020-08-25,40.03464889526367,47.90999984741211,48.04999923706055,47.650001525878906,48.0,7827800
2020-08-26,40.243560791015625,48.15999984741211,48.18000030517578,47.470001220703125,47.7599983215332,10124200
2020-08-27,40.30205154418945,48.22999954223633,48.81999969482422,48.20000076293945,48.25,10931600
2020-08-28,41.63904571533203,49.83000183105469,49.849998474121094,48.529998779296875,48.75,16420300
2020-08-31,41.388362884521484,49.529998779296875,50.06999969482422,49.349998474121094,49.79999923706055,18510800
2020-09-01,41.045772552490234,49.119998931884766,49.349998474121094,48.83000183105469,49.310001373291016,12588400
2020-09-02,42.77548599243164,51.189998626708984,51.36000061035156,49.36000061035156,49.36000061035156,26332600
2020-09-03,42.18220138549805,50.47999954223633,52.13999938964844,50.099998474121094,51.400001525878906,22289400
2020-09-04,42.65016174316406,51.040000915527344,51.470001220703125,50.279998779296875,50.939998626708984,21019500
2020-09-08,41.62234115600586,49.810001373291016,51.040000915527344,49.36000061035156,50.93000030517578,17776700
2020-09-09,41.93987274169922,50.189998626708984,50.7599983215332,49.54999923706055,49.599998474121094,15252300
2020-09-10,41.781105041503906,50.0,50.68000030517578,49.95000076293945,50.349998474121094,15439500
2020-09-11,42.666866302490234,51.060001373291016,51.20000076293945,50.099998474121094,50.400001525878906,18272300
2020-09-14,42.717411041259766,50.709999084472656,51.22999954223633,50.56999969482422,50.970001220703125,10911700
2020-09-15,43.003807067871094,51.04999923706055,51.380001068115234,50.84000015258789,51.0,12838400
2020-09-16,42.78480529785156,50.790000915527344,51.45000076293945,50.7400016784668,50.95000076293945,15353900
2020-09-17,42.582618713378906,50.54999923706055,50.630001068115234,49.939998626708984,50.220001220703125,13287100
2020-09-18,42.498382568359375,50.45000076293945,51.15999984741211,50.209999084472656,50.75,23816600
2020-09-21,41.35273742675781,49.09000015258789,50.02000045776367,48.61000061035156,49.75,17514800
2020-09-22,41.83289337158203,49.65999984741211,50.040000915527344,49.06999969482422,49.11000061035156,13034600
2020-09-23,40.61144256591797,48.209999084472656,49.91999816894531,48.16999816894531,49.72999954223633,17121200
2020-09-24,41.02421569824219,48.70000076293945,49.099998474121094,47.560001373291016,48.209999084472656,16788100
2020-09-25,41.04105758666992,48.720001220703125,48.7599983215332,47.97999954223633,48.20000076293945,12603400
2020-09-28,41.512786865234375,49.279998779296875,49.709999084472656,49.13999938964844,49.310001373291016,11215700
2020-09-29,41.20952606201172,48.91999816894531,49.560001373291016,48.90999984741211,49.38999938964844,12426600
2020-09-30,41.58860397338867,49.369998931884766,49.619998931884766,48.88999938964844,49.27000045776367,15755900
2020-10-01,41.42856216430664,49.18000030517578,49.65999984741211,48.59000015258789,49.439998626708984,17577300
2020-10-02,41.58017349243164,49.36000061035156,49.58000183105469,48.54999923706055,48.7599983215332,13610100
2020-10-05,41.5970458984375,49.380001068115234,49.54999923706055,49.119998931884766,49.43000030517578,10628700
2020-10-06,41.226383209228516,48.939998626708984,49.72999954223633,48.83000183105469,49.54999923706055,10077400
2020-10-07,41.7486572265625,49.560001373291016,49.7599983215332,48.95000076293945,49.02000045776367,10135600
2020-10-08,42.50680923461914,50.459999084472656,50.540000915527344,49.540000915527344,49.709999084472656,12143900
2020-10-09,42.801639556884766,50.810001373291016,51.22999954223633,50.599998474121094,50.66999816894531,11407800
2020-10-12,43.03750991821289,51.09000015258789,51.529998779296875,50.83000183105469,50.84000015258789,11386500
2020-10-13,42.30463790893555,50.220001220703125,50.9900016784668,49.900001525878906,50.9900016784668,14365300
2020-10-14,42.22039794921875,50.119998931884766,50.4900016784668,49.650001525878906,50.04999923706055,10582100
2020-10-15,42.11088562011719,49.9900016784668,50.130001068115234,49.29999923706055,49.400001525878906,9961700
2020-10-16,42.14458084106445,50.029998779296875,50.349998474121094,49.869998931884766,49.9900016784668,13569800
2020-10-19,41.799190521240234,49.619998931884766,50.47999954223633,49.459999084472656,50.029998779296875,9930400
2020-10-20,42.32990646362305,50.25,50.619998931884766,49.790000915527344,49.88999938964844,10970700
2020-10-21,42.11088562011719,49.9900016784668,50.43000030517578,49.77000045776367,49.959999084472656,12517400
2020-10-22,42.6921272277832,50.68000030517578,51.20000076293945,50.380001068115234,51.16999816894531,20189200
2020-10-23,42.557350158691406,50.52000045776367,51.18000030517578,50.470001220703125,51.0,13491300
2020-10-26,41.950836181640625,49.79999923706055,50.5099983215332,49.20000076293945,50.34000015258789,14696400
2020-10-27,42.035072326660156,49.900001525878906,50.290000915527344,49.54999923706055,49.810001373291016,13892100
2020-10-28,40.400848388671875,47.959999084472656,49.150001525878906,47.779998779296875,49.0,19886200
2020-10-29,40.45138168334961,48.02000045776367,48.47999954223633,47.29999923706055,47.72999954223633,15369900
2020-10-30,40.485084533691406,48.060001373291016,48.119998931884766,47.369998931884766,47.810001373291016,15804000
2020-11-02,40.95681381225586,48.619998931884766,48.95000076293945,48.2400016784668,48.75,15156100
2020-11-03,41.57175827026367,49.349998474121094,49.959999084472656,49.0,49.220001220703125,15285100
2020-11-04,41.42012405395508,49.16999816894531,50.209999084472656,49.08000183105469,49.43000030517578,12930800
2020-11-05,41.6475830078125,49.439998626708984,50.209999084472656,49.34000015258789,49.7599983215332,12452400
2020-11-06,41.6559944152832,49.45000076293945,49.9900016784668,49.25,49.650001525878906,9294900
2020-11-09,44.284244537353516,52.56999969482422,53.2599983215332,52.06999969482422,52.5,33442000
2020-11-10,45.47201156616211,53.97999954223633,54.279998779296875,52.45000076293945,52.56999969482422,29706700
2020-11-11,45.13505554199219,53.58000183105469,54.29999923706055,53.33000183105469,53.93000030517578,17399900
2020-11-12,44.65488815307617,53.0099983215332,53.209999084472656,52.61000061035156,53.04999923706055,15024400
2020-11-13,45.02553939819336,53.45000076293945,53.5,52.88999938964844,53.25,12447900
2020-11-16,45.362483978271484,53.849998474121094,54.619998931884766,53.279998779296875,54.5,14908200
2020-11-17,45.21929931640625,53.68000030517578,53.75,53.029998779296875,53.65999984741211,14248400
2020-11-18,44.31794738769531,52.61000061035156,54.02000045776367,52.560001373291016,53.75,15278200
2020-11-19,44.7559814453125,53.130001068115234,53.22999954223633,51.95000076293945,52.4900016784668,17189500
2020-11-20,44.36848831176758,52.66999816894531,53.25,52.59000015258789,53.189998626708984,15645600
2020-11-23,44.37691116333008,52.68000030517578,53.16999816894531,52.20000076293945,52.95000076293945,13191900
2020-11-24,44.83180236816406,53.220001220703125,53.59000015258789,53.02000045776367,53.13999938964844,13827600
2020-11-25,44.587493896484375,52.93000030517578,53.279998779296875,52.790000915527344,53.06999969482422,10194800
2020-11-27,44.393760681152344,52.70000076293945,53.189998626708984,52.61000061035156,53.11000061035156,8499300
2020-11-30,43.807945251464844,51.599998474121094,52.189998626708984,51.08000183105469,52.09000015258789,43203600
2020-12-01,44.181514739990234,52.040000915527344,52.33000183105469,51.790000915527344,52.13999938964844,18968800
2020-12-02,44.240936279296875,52.11000061035156,52.130001068115234,51.63999938964844,51.900001525878906,14913100
2020-12-03,44.80976104736328,52.779998779296875,52.939998626708984,51.900001525878906,51.900001525878906,17318900
2020-12-04,45.718177795410156,53.849998474121094,53.869998931884766,52.7599983215332,52.779998779296875,18122400
2020-12-07,44.98805236816406,52.9900016784668,53.779998779296875,52.70000076293945,53.7599983215332,16210900
2020-12-08,45.14935302734375,53.18000030517578,53.47999954223633,52.790000915527344,52.939998626708984,12485800
2020-12-09,45.27670669555664,53.33000183105469,53.599998474121094,53.0,53.369998931884766,11508400
2020-12-10,45.03899383544922,53.04999923706055,53.5099983215332,52.97999954223633,53.400001525878906,12097300
2020-12-11,45.29368209838867,53.349998474121094,53.540000915527344,52.779998779296875,52.79999923706055,10638100
2020-12-14,45.225772857666016,53.27000045776367,53.84000015258789,53.18000030517578,53.650001525878906,22292000
2020-12-15,45.70969009399414,53.84000015258789,54.220001220703125,53.599998474121094,53.790000915527344,16193700
2020-12-16,45.04747772216797,53.060001373291016,53.79999923706055,52.939998626708984,53.599998474121094,15679600
2020-12-17,45.225772857666016,53.27000045776367,53.709999084472656,53.150001525878906,53.29999923706055,12677300
2020-12-18,45.62479019165039,53.7400016784668,53.84000015258789,52.619998931884766,53.08000183105469,35480100
2020-12-21,44.83523178100586,52.810001373291016,53.0,51.97999954223633,52.68000030517578,14926600
2020-12-22,44.792781829833984,52.7599983215332,53.18000030517578,52.38999938964844,52.810001373291016,9689500
2020-12-23,45.06446075439453,53.08000183105469,53.38999938964844,52.939998626708984,52.95000076293945,7040300
2020-12-24,45.370094299316406,53.439998626708984,53.54999923706055,53.02000045776367,53.02000045776367,3265500
2020-12-28,45.98137283325195,54.15999984741211,54.439998626708984,53.72999954223633,53.849998474121094,9020500
2020-12-29,45.955902099609375,54.130001068115234,54.4900016784668,54.02000045776367,54.45000076293945,8320600
2020-12-30,46.219085693359375,54.439998626708984,54.630001068115234,54.029998779296875,54.04999923706055,8142700
2020-12-31,46.55868148803711,54.84000015258789,54.93000030517578,54.27000045776367,54.45000076293945,8495000
2021-01-04,44.792781829833984,52.7599983215332,54.630001068115234,52.029998779296875,54.27000045776367,25611100
2021-01-05,44.30036544799805,52.18000030517578,52.619998931884766,52.029998779296875,52.33000183105469,20323800
2021-01-06,42.89104080200195,50.52000045776367,52.02000045776367,50.189998626708984,51.970001220703125,38724500
2021-01-07,42.41560363769531,49.959999084472656,50.2599983215332,49.52000045776367,50.09000015258789,53225700
2021-01-08,43.36647415161133,51.08000183105469,51.130001068115234,49.84000015258789,50.029998779296875,29674000
2021-01-11,42.61936950683594,50.20000076293945,50.86000061035156,49.95000076293945,50.619998931884766,19304400
2021-01-12,42.54294967651367,50.11000061035156,50.369998931884766,49.7599983215332,50.040000915527344,18538700
2021-01-13,42.585391998291016,50.15999984741211,50.36000061035156,49.95000076293945,49.97999954223633,18864100
2021-01-14,41.795841217041016,49.22999954223633,50.18000030517578,49.220001220703125,50.15999984741211,34303600
2021-01-15,41.34587860107422,48.70000076293945,49.18000030517578,48.529998779296875,49.15999984741211,24366800
2021-01-19,41.184574127197266,48.5099983215332,49.040000915527344,48.2400016784668,48.7400016784668,29114500
2021-01-20,41.328895568847656,48.68000030517578,48.81999969482422,48.310001373291016,48.540000915527344,23115800
2021-01-21,41.55812454223633,48.95000076293945,49.09000015258789,48.459999084472656,48.779998779296875,19702500
2021-01-22,41.16758728027344,48.4900016784668,48.939998626708984,48.4900016784668,48.810001373291016,15400300
2021-01-25,41.41379165649414,48.779998779296875,48.84000015258789,48.2400016784668,48.41999816894531,16604200
2021-01-26,41.84678649902344,49.290000915527344,49.400001525878906,48.61000061035156,48.90999984741211,12922600
2021-01-27,41.20154571533203,48.529998779296875,49.31999969482422,48.22999954223633,48.88999938964844,21242400
2021-01-28,41.727928161621094,49.150001525878906,49.5,48.61000061035156,48.689998626708984,17498900
2021-01-29,40.878929138183594,48.150001525878906,49.119998931884766,48.11000061035156,49.029998779296875,18670300
2021-02-01,41.159095764160156,48.47999954223633,48.689998626708984,48.18000030517578,48.27000045776367,12183600
2021-02-02,41.566619873046875,48.959999084472656,49.349998474121094,48.630001068115234,48.79999923706055,13319800
2021-02-03,41.405311584472656,48.77000045776367,49.09000015258789,48.66999816894531,48.95000076293945,12274100
2021-02-04,41.609066009521484,49.0099983215332,49.06999969482422,48.650001525878906,48.959999084472656,20597400
2021-02-05,42.15242004394531,49.650001525878906,49.779998779296875,49.27000045776367,49.5,12742000
2021-02-08,42.38163757324219,49.91999816894531,50.16999816894531,49.4900016784668,49.959999084472656,17833200
2021-02-09,42.19486618041992,49.70000076293945,50.02000045776367,49.630001068115234,49.849998474121094,14592900
2021-02-10,42.10997009277344,49.599998474121094,50.58000183105469,49.529998779296875,50.40999984741211,22965400
2021-02-11,42.70425796508789,50.29999923706055,50.59000015258789,49.79999923706055,49.810001373291016,21928600
2021-02-12,43.03535842895508,50.689998626708984,50.849998474121094,50.38999938964844,50.56999969482422,13137100
2021-02-16,42.67879867553711,50.27000045776367,50.720001220703125,50.15999984741211,50.619998931884766,15093400
2021-02-17,42.559932708740234,50.130001068115234,50.4900016784668,49.88999938964844,50.0,12794300
2021-02-18,43.1032829284668,50.77000045776367,50.849998474121094,50.029998779296875,50.15999984741211,12747100
2021-02-19,42.54294967651367,50.11000061035156,50.83000183105469,49.970001220703125,50.790000915527344,15968800
2021-02-22,42.98442840576172,50.630001068115234,50.880001068115234,49.66999816894531,49.849998474121094,14370900
2021-02-23,42.90802001953125,50.540000915527344,51.5099983215332,50.41999816894531,51.0,16222300
2021-02-24,43.05234146118164,50.709999084472656,50.900001525878906,50.130001068115234,50.38999938964844,14442000
2021-02-25,42.593902587890625,50.16999816894531,50.75,49.97999954223633,50.470001220703125,14211100
2021-02-26,41.59209060668945,48.9900016784668,50.209999084472656,48.970001220703125,50.20000076293945,23638400
2021-03-01,42.36466979980469,49.900001525878906,50.439998626708984,49.400001525878906,49.439998626708984,13901200
2021-03-02,42.53446578979492,50.099998474121094,50.560001373291016,49.70000076293945,49.84000015258789,11755100
2021-03-03,42.43258285522461,49.97999954223633,50.560001373291016,49.709999084472656,49.720001220703125,15410700
2021-03-04,42.39862060546875,49.939998626708984,51.09000015258789,49.619998931884766,50.310001373291016,22036400
2021-03-05,43.120269775390625,50.790000915527344,50.95000076293945,49.900001525878906,50.04999923706055,21310800
2021-03-08,43.84191131591797,51.63999938964844,52.4900016784668,51.15999984741211,51.470001220703125,25084900
2021-03-09,43.1796989440918,50.86000061035156,51.880001068115234,50.81999969482422,51.720001220703125,23082700
2021-03-10,43.672115325927734,51.439998626708984,51.630001068115234,50.720001220703125,51.18000030517578,21331600
2021-03-11,43.19667434692383,50.880001068115234,51.43000030517578,50.810001373291016,51.40999984741211,17417700
2021-03-12,43.11107635498047,50.36000061035156,50.68000030517578,50.20000076293945,50.59000015258789,17598600
2021-03-15,43.68462371826172,51.029998779296875,51.119998931884766,50.470001220703125,50.5,13411900
2021-03-16,43.8472785949707,51.220001220703125,51.52000045776367,51.040000915527344,51.20000076293945,14214200
2021-03-17,43.864402770996094,51.2400016784668,51.619998931884766,51.150001525878906,51.25,17502700
2021-03-18,43.29084014892578,50.56999969482422,51.189998626708984,50.4900016784668,51.060001373291016,18007300
2021-03-19,43.49629211425781,50.810001373291016,51.08000183105469,50.16999816894531,50.459999084472656,67845700
2021-03-22,43.658939361572266,51.0,51.08000183105469,50.31999969482422,50.31999969482422,17911400
2021-03-23,43.99280548095703,51.38999938964844,51.650001525878906,50.83000183105469,50.9900016784668,16936700
2021-03-24,44.10409927368164,51.52000045776367,51.88999938964844,51.150001525878906,51.16999816894531,14997400
2021-03-25,44.53212356567383,52.02000045776367,52.060001373291016,51.16999816894531,51.70000076293945,17091900
2021-03-26,45.40530014038086,53.040000915527344,53.11000061035156,51.7599983215332,52.13999938964844,17126700
2021-03-29,46.09870910644531,53.849998474121094,53.939998626708984,52.709999084472656,52.72999954223633,17514100
2021-03-30,45.49946594238281,53.150001525878906,53.790000915527344,52.93000030517578,53.75,14871800
2021-03-31,45.122806549072266,52.709999084472656,53.16999816894531,52.5,53.029998779296875,15826500
2021-04-01,44.95159149169922,52.5099983215332,53.150001525878906,52.459999084472656,52.959999084472656,15834700
2021-04-05,45.20841598510742,52.810001373291016,53.220001220703125,52.290000915527344,52.349998474121094,16368700
2021-04-06,45.533714294433594,53.189998626708984,53.650001525878906,52.900001525878906,53.040000915527344,15614300
2021-04-07,45.61075210571289,53.279998779296875,53.5,53.119998931884766,53.279998779296875,10062700
2021-04-08,45.47378158569336,53.119998931884766,53.380001068115234,52.970001220703125,53.16999816894531,9695600
2021-04-09,45.525150299072266,53.18000030517578,53.279998779296875,52.810001373291016,53.16999816894531,10828200
2021-04-12,45.670677185058594,53.349998474121094,53.54999923706055,53.099998474121094,53.33000183105469,8565300
2021-04-13,45.44810104370117,53.09000015258789,53.290000915527344,52.810001373291016,53.040000915527344,11071700
2021-04-14,45.439552307128906,53.08000183105469,53.189998626708984,52.650001525878906,52.97999954223633,9787600
2021-04-15,45.653564453125,53.33000183105469,53.65999984741211,53.119998931884766,53.130001068115234,13078100
2021-04-16,45.95317459106445,53.68000030517578,53.79999923706055,53.380001068115234,53.7400016784668,17974100
2021-04-19,46.22712326049805,54.0,54.36000061035156,53.29999923706055,54.0,19352900
2021-04-20,46.372642517089844,54.16999816894531,54.59000015258789,53.810001373291016,53.84000015258789,14419200
2021-04-21,46.74932098388672,54.61000061035156,54.7400016784668,54.2400016784668,54.2400016784668,13866500
2021-04-22,46.603790283203125,54.439998626708984,54.869998931884766,54.31999969482422,54.470001220703125,12558900
2021-04-23,46.62947082519531,54.470001220703125,54.59000015258789,54.16999816894531,54.400001525878906,9020500
2021-04-26,45.93606185913086,53.65999984741211,54.5099983215332,53.58000183105469,54.470001220703125,11684600
2021-04-27,45.86757278442383,53.58000183105469,53.70000076293945,53.31999969482422,53.560001373291016,9852400
2021-04-28,45.87613296508789,53.59000015258789,54.04999923706055,53.439998626708984,53.97999954223633,10868100
2021-04-29,46.44969940185547,54.2599983215332,54.36000061035156,53.43000030517578,53.540000915527344,15391000
2021-04-30,46.20999526977539,53.97999954223633,54.27000045776367,53.689998626708984,54.25,14912600
2021-05-03,46.63802719116211,54.47999954223633,54.79999923706055,54.15999984741211,54.27000045776367,10417900
2021-05-04,46.346961975097656,54.13999938964844,54.619998931884766,53.939998626708984,54.56999969482422,14151000
2021-05-05,46.22712326049805,54.0,54.2400016784668,53.709999084472656,54.13999938964844,9665900
2021-05-06,46.689388275146484,54.540000915527344,54.61000061035156,54.04999923706055,54.119998931884766,11572700
2021-05-07,46.66372299194336,54.5099983215332,54.77000045776367,54.15999984741211,54.439998626708984,10637500
2021-05-10,47.00613784790039,54.90999984741211,55.5,54.83000183105469,54.880001068115234,15545800
2021-05-11,46.501060485839844,54.31999969482422,55.13999938964844,54.04999923706055,55.029998779296875,12986700
2021-05-12,46.2613639831543,54.040000915527344,54.560001373291016,53.880001068115234,54.36000061035156,15836500
2021-05-13,46.66372299194336,54.5099983215332,54.779998779296875,53.83000183105469,53.970001220703125,15475800
2021-05-14,46.85204315185547,54.72999954223633,55.099998474121094,54.689998626708984,54.900001525878906,11725300
2021-05-17,46.77500534057617,54.63999938964844,55.02000045776367,54.5,54.84000015258789,12119800
2021-05-18,46.51817321777344,54.34000015258789,54.560001373291016,54.099998474121094,54.38999938964844,13232500
2021-05-19,46.372642517089844,54.16999816894531,54.18000030517578,53.61000061035156,54.119998931884766,15126100
2021-05-20,46.7835693359375,54.650001525878906,54.79999923706055,54.119998931884766,54.119998931884766,10948400
2021-05-21,46.757877349853516,54.619998931884766,55.119998931884766,54.220001220703125,54.79999923706055,16033200
2021-05-24,46.911964416503906,54.79999923706055,54.93000030517578,54.4900016784668,54.630001068115234,10326100
2021-05-25,46.90339660644531,54.790000915527344,54.81999969482422,54.349998474121094,54.81999969482422,11916500
2021-05-26,47.108856201171875,55.029998779296875,55.04999923706055,54.59000015258789,54.97999954223633,16064300
2021-05-27,47.502647399902344,55.4900016784668,55.56999969482422,54.779998779296875,55.209999084472656,59109600
2021-05-28,47.33143615722656,55.290000915527344,55.709999084472656,55.20000076293945,55.349998474121094,17011600
2021-06-01,47.322872161865234,55.279998779296875,55.650001525878906,55.099998474121094,55.34000015258789,13304000
2021-06-02,47.511207580566406,55.5,55.560001373291016,55.2599983215332,55.5,11328500
2021-06-03,47.63105392456055,55.63999938964844,55.7400016784668,55.099998474121094,55.18000030517578,17364300
2021-06-04,48.144683837890625,56.2400016784668,56.47999954223633,55.779998779296875,55.900001525878906,18935100
2021-06-07,47.97347640991211,56.040000915527344,56.34000015258789,55.810001373291016,56.310001373291016,14010800
2021-06-08,47.63962173461914,55.650001525878906,56.25,55.54999923706055,56.25,10968300
2021-06-09,47.49408721923828,55.47999954223633,55.91999816894531,55.47999954223633,55.75,9838800
2021-06-10,47.8621826171875,55.90999984741211,56.119998931884766,55.7599983215332,55.90999984741211,12444400
2021-06-11,48.07619857788086,56.15999984741211,56.209999084472656,55.65999984741211,55.9900016784668,11825800
2021-06-14,47.912330627441406,55.54999923706055,55.709999084472656,55.20000076293945,55.689998626708984,9710800
2021-06-15,47.79158020019531,55.40999984741211,55.790000915527344,55.189998626708984,55.779998779296875,11154200
2021-06-16,47.15331268310547,54.66999816894531,55.459999084472656,54.63999938964844,55.439998626708984,15211700
2021-06-17,47.39482498168945,54.95000076293945,55.150001525878906,54.650001525878906,54.66999816894531,10658400
2021-06-18,46.37705612182617,53.77000045776367,54.619998931884766,53.720001220703125,54.5099983215332,31445600
2021-06-21,46.88594436645508,54.36000061035156,54.43000030517578,54.0,54.220001220703125,14404300
2021-06-22,47.058441162109375,54.560001373291016,54.849998474121094,54.2599983215332,54.34000015258789,13072800
2021-06-23,46.67893981933594,54.119998931884766,54.599998474121094,54.11000061035156,54.560001373291016,12339200
2021-06-24,46.91181564331055,54.38999938964844,54.41999816894531,54.0,54.2599983215332,11488400
2021-06-25,46.851444244384766,54.31999969482422,54.470001220703125,54.0099983215332,54.2400016784668,18880300
2021-06-28,46.79969787597656,54.2599983215332,54.369998931884766,54.0,54.25,10556900
2021-06-29,46.45469284057617,53.86000061035156,54.34000015258789,53.720001220703125,54.130001068115234,12300900
2021-06-30,46.67032241821289,54.11000061035156,54.18000030517578,53.75,53.79999923706055,14614200
2021-07-01,46.54093933105469,53.959999084472656,54.47999954223633,53.86000061035156,54.34000015258789,13214700
2021-07-02,46.73069763183594,54.18000030517578,54.45000076293945,54.0,54.0,10604600
2021-07-06,46.47194290161133,53.880001068115234,54.09000015258789,53.54999923706055,53.9900016784668,15278200
2021-07-07,46.851444244384766,54.31999969482422,54.380001068115234,53.720001220703125,53.720001220703125,14377700
2021-07-08,46.68757247924805,54.130001068115234,54.16999816894531,53.7400016784668,54.0099983215332,11943900
2021-07-09,46.972190856933594,54.459999084472656,54.52000045776367,54.18000030517578,54.25,10847000
2021-07-12,46.98944854736328,54.47999954223633,54.599998474121094,54.27000045776367,54.31999969482422,15107600
2021-07-13,47.4552001953125,55.02000045776367,55.29999923706055,54.75,54.95000076293945,15170800
2021-07-14,48.52470779418945,56.2599983215332,56.349998474121094,54.959999084472656,55.02000045776367,22002700
2021-07-15,48.679954528808594,56.439998626708984,56.470001220703125,55.90999984741211,56.2400016784668,15068200
2021-07-16,48.64546585083008,56.400001525878906,56.68000030517578,56.2599983215332,56.459999084472656,14860500
2021-07-19,48.06758117675781,55.72999954223633,56.349998474121094,55.15999984741211,56.08000183105469,19527000
2021-07-20,48.15383529663086,55.83000183105469,56.33000183105469,55.52000045776367,55.72999954223633,16257900
2021-07-21,48.77483367919922,56.54999923706055,57.560001373291016,56.43000030517578,57.33000183105469,20918200
2021-07-22,48.70583724975586,56.470001220703125,56.7400016784668,56.04999923706055,56.619998931884766,13402700
2021-07-23,49.17158889770508,57.0099983215332,57.33000183105469,56.45000076293945,56.59000015258789,12144000
2021-07-26,49.21472930908203,57.060001373291016,57.119998931884766,56.560001373291016,56.88999938964844,8681100
2021-07-27,49.38722229003906,57.2599983215332,57.540000915527344,56.91999816894531,57.11000061035156,12794400
2021-07-28,48.938720703125,56.7400016784668,57.15999984741211,56.630001068115234,56.9900016784668,9858000
2021-07-29,49.206092834472656,57.04999923706055,57.25,56.86000061035156,57.06999969482422,9599100
2021-07-30,49.18883514404297,57.029998779296875,57.25,56.900001525878906,57.150001525878906,11727000
2021-08-02,49.059471130371094,56.880001068115234,57.2400016784668,56.709999084472656,57.20000076293945,9778000
2021-08-03,49.09396743774414,56.91999816894531,57.0,56.75,57.0,8825500
2021-08-04,48.38669967651367,56.099998474121094,56.95000076293945,56.0099983215332,56.75,11888400
2021-08-05,48.73171615600586,56.5,56.59000015258789,56.290000915527344,56.439998626708984,9806800
2021-08-06,48.85245895385742,56.63999938964844,56.7400016784668,56.439998626708984,56.599998474121094,10409300
2021-08-09,48.861080169677734,56.650001525878906,56.880001068115234,56.43000030517578,56.79999923706055,8859900
2021-08-10,48.99045944213867,56.79999923706055,57.16999816894531,56.65999984741211,56.84000015258789,10906900
2021-08-11,48.93008041381836,56.72999954223633,57.18000030517578,56.709999084472656,56.88999938964844,8370700
2021-08-12,49.024967193603516,56.84000015258789,56.97999954223633,56.72999954223633,56.72999954223633,6169200
2021-08-13,49.36134719848633,57.22999954223633,57.29999923706055,56.77000045776367,56.810001373291016,7714200
2021-08-16,49.57696533203125,57.47999954223633,57.4900016784668,57.029998779296875,57.20000076293945,7972000
2021-08-17,49.40446472167969,57.279998779296875,57.560001373291016,57.0099983215332,57.459999084472656,10346400
2021-08-18,48.73171615600586,56.5,57.22999954223633,56.41999816894531,57.189998626708984,13873700
2021-08-19,49.04221725463867,56.86000061035156,56.97999954223633,55.95000076293945,56.060001373291016,9223700
2021-08-20,48.85245895385742,56.63999938964844,57.029998779296875,56.58000183105469,56.84000015258789,10543600
2021-08-23,48.679954528808594,56.439998626708984,56.75,56.380001068115234,56.66999816894531,8912800
2021-08-24,48.30908966064453,56.0099983215332,56.63999938964844,55.900001525878906,56.63999938964844,12067200
2021-08-25,48.36082458496094,56.06999969482422,56.16999816894531,55.72999954223633,56.060001373291016,11270700
2021-08-26,47.90370559692383,55.540000915527344,55.97999954223633,55.5099983215332,55.95000076293945,10331500
2021-08-27,47.99858093261719,55.650001525878906,55.790000915527344,55.45000076293945,55.65999984741211,8844100
2021-08-30,48.45570755004883,56.18000030517578,56.20000076293945,55.63999938964844,55.689998626708984,10034700
2021-08-31,48.567840576171875,56.310001373291016,56.52000045776367,56.0,56.15999984741211,14185700
2021-09-01,48.89558029174805,56.689998626708984,56.79999923706055,56.279998779296875,56.380001068115234,9518900
2021-09-02,48.96458435058594,56.77000045776367,57.029998779296875,56.40999984741211,56.77000045776367,11653200
2021-09-03,48.93008041381836,56.72999954223633,56.77000045776367,56.25,56.459999084472656,13220400
2021-09-07,48.01583480834961,55.66999816894531,56.689998626708984,55.5099983215332,56.599998474121094,20035300
2021-09-08,48.6627082824707,56.41999816894531,56.47999954223633,55.61000061035156,55.61000061035156,12040100
2021-09-09,48.17970275878906,55.86000061035156,56.41999816894531,55.79999923706055,56.18000030517578,12545400
2021-09-10,47.96408462524414,55.61000061035156,56.130001068115234,55.52000045776367,56.0099983215332,10573700
2021-09-13,48.36082458496094,56.06999969482422,56.400001525878906,55.7400016784668,55.7400016784668,20274300
2021-09-14,48.39559555053711,55.689998626708984,55.97999954223633,55.54999923706055,55.91999816894531,13918900
2021-09-15,48.560707092285156,55.880001068115234,56.0,55.41999816894531,55.68000030517578,15746000
2021-09-16,48.10013198852539,55.349998474121094,55.9900016784668,54.81999969482422,55.720001220703125,17430400
2021-09-17,47.30931854248047,54.439998626708984,55.189998626708984,54.369998931884766,55.02000045776367,33370200
2021-09-20,46.979095458984375,54.060001373291016,54.400001525878906,53.72999954223633,54.11000061035156,27542500
2021-09-21,46.970401763916016,54.04999923706055,54.81999969482422,53.939998626708984,54.38999938964844,16418200
2021-09-22,47.0399284362793,54.130001068115234,54.560001373291016,54.060001373291016,54.5099983215332,12719700
2021-09-23,46.96171569824219,54.040000915527344,54.619998931884766,54.0,54.2599983215332,13836200
2021-09-24,46.831363677978516,53.88999938964844,54.2400016784668,53.86000061035156,54.0,9682200
2021-09-27,46.588043212890625,53.61000061035156,54.25,53.56999969482422,53.849998474121094,12429500
2021-09-28,45.745094299316406,52.63999938964844,53.459999084472656,52.43000030517578,53.459999084472656,19926100
2021-09-29,46.02317428588867,52.959999084472656,53.15999984741211,52.560001373291016,52.63999938964844,13941500
2021-09-30,45.597354888916016,52.470001220703125,53.33000183105469,52.43000030517578,53.16999816894531,17672000
2021-10-01,46.0753173828125,53.02000045776367,53.20000076293945,52.56999969482422,52.779998779296875,16277400
2021-10-04,46.04924011230469,52.9900016784668,53.529998779296875,52.400001525878906,53.060001373291016,18973400
2021-10-05,46.1274528503418,53.08000183105469,53.470001220703125,52.93000030517578,53.02000045776367,17173100
2021-10-06,46.6749382019043,53.709999084472656,53.77000045776367,52.5099983215332,52.77000045776367,21284500
2021-10-07,46.82268142700195,53.880001068115234,54.279998779296875,53.810001373291016,53.9900016784668,13774400
2021-10-08,47.0312385559082,54.119998931884766,54.38999938964844,53.900001525878906,54.0,13786800
2021-10-11,47.126827239990234,54.22999954223633,54.38999938964844,54.0099983215332,54.209999084472656,12378500
2021-10-12,47.126827239990234,54.22999954223633,54.83000183105469,54.220001220703125,54.41999816894531,19474400
2021-10-13,47.135520935058594,54.2400016784668,54.43000030517578,53.790000915527344,54.16999816894531,12143300
2021-10-14,47.457061767578125,54.61000061035156,54.810001373291016,54.310001373291016,54.38999938964844,13704000
2021-10-15,47.344085693359375,54.47999954223633,54.880001068115234,54.290000915527344,54.63999938964844,17867000
2021-10-18,46.87480545043945,53.939998626708984,54.38999938964844,53.86000061035156,54.349998474121094,15861800
2021-10-19,47.057315826416016,54.150001525878906,54.20000076293945,53.77000045776367,54.040000915527344,11068500
2021-10-20,47.47443771362305,54.630001068115234,54.7599983215332,54.11000061035156,54.18000030517578,12474800
2021-10-21,47.231101989746094,54.349998474121094,54.66999816894531,54.209999084472656,54.599998474121094,14388300
2021-10-22,47.318016052246094,54.45000076293945,54.529998779296875,54.06999969482422,54.38999938964844,12828600
2021-10-25,47.126827239990234,54.22999954223633,54.470001220703125,54.02000045776367,54.380001068115234,11855000
2021-10-26,47.33539581298828,54.470001220703125,54.58000183105469,54.22999954223633,54.31999969482422,12086700
2021-10-27,48.247859954833984,55.52000045776367,56.08000183105469,55.27000045776367,55.970001220703125,24019800
2021-10-28,48.69974899291992,56.040000915527344,56.11000061035156,55.619998931884766,55.75,15928000
2021-10-29,48.98652648925781,56.369998931884766,56.470001220703125,55.779998779296875,55.869998931884766,24463700
2021-11-01,48.81271743774414,56.16999816894531,56.400001525878906,55.900001525878906,56.38999938964844,11651100
2021-11-02,48.751895904541016,56.099998474121094,56.5,55.970001220703125,56.470001220703125,11498900
2021-11-03,48.91700744628906,56.290000915527344,56.33000183105469,55.779998779296875,56.0,10788300
2021-11-04,49.18639373779297,56.599998474121094,56.630001068115234,56.029998779296875,56.11000061035156,10820200
2021-11-05,49.39496994018555,56.84000015258789,57.15999984741211,56.59000015258789,56.84000015258789,12886700
2021-11-08,48.95176315307617,56.33000183105469,56.88999938964844,56.130001068115234,56.75,12828000
2021-11-09,49.0908088684082,56.4900016784668,56.52000045776367,56.09000015258789,56.40999984741211,10155800
2021-11-10,49.29069137573242,56.720001220703125,56.91999816894531,56.290000915527344,56.540000915527344,8813600
2021-11-11,49.30805587768555,56.7400016784668,56.880001068115234,56.56999969482422,56.83000183105469,7257700
2021-11-12,49.195091247558594,56.61000061035156,56.9900016784668,56.54999923706055,56.75,10162500
2021-11-15,49.203773498535156,56.619998931884766,56.68000030517578,56.27000045776367,56.529998779296875,10289200
2021-11-16,48.856178283691406,56.220001220703125,56.939998626708984,56.189998626708984,56.619998931884766,13756500
2021-11-17,48.58677673339844,55.90999984741211,56.04999923706055,55.650001525878906,56.040000915527344,13288700
2021-11-18,48.15226745605469,55.40999984741211,55.93000030517578,55.13999938964844,55.83000183105469,15380100
2021-11-19,47.9089469909668,55.130001068115234,55.4900016784668,54.900001525878906,55.439998626708984,15813700
2021-11-22,48.20441436767578,55.470001220703125,56.02000045776367,55.08000183105469,55.099998474121094,16905600
2021-11-23,48.560707092285156,55.880001068115234,56.11000061035156,55.5,55.65999984741211,13835900
2021-11-24,48.16964340209961,55.43000030517578,55.84000015258789,55.029998779296875,55.709999084472656,12598900
2021-11-26,46.692317962646484,53.72999954223633,54.75,53.58000183105469,54.59000015258789,14754300
2021-11-29,47.43098831176758,54.58000183105469,54.72999954223633,53.93000030517578,54.04999923706055,22712500
2021-11-30,45.93344497680664,52.45000076293945,53.630001068115234,52.439998626708984,53.599998474121094,30485200
2021-12-01,45.80207824707031,52.29999923706055,53.52000045776367,52.279998779296875,52.97999954223633,18719600
2021-12-02,46.476409912109375,53.06999969482422,53.34000015258789,52.5099983215332,52.599998474121094,17074200
2021-12-03,46.888023376464844,53.540000915527344,53.61000061035156,52.97999954223633,53.33000183105469,21064400
2021-12-06,48.08780288696289,54.90999984741211,55.25,54.13999938964844,54.310001373291016,26624100
2021-12-07,48.35053253173828,55.209999084472656,55.41999816894531,54.849998474121094,55.02000045776367,23832700
2021-12-08,48.1666259765625,55.0,55.349998474121094,54.36000061035156,55.119998931884766,18026300
2021-12-09,48.04402160644531,54.86000061035156,55.130001068115234,54.59000015258789,54.75,13846400
2021-12-10,49.28758239746094,56.279998779296875,56.31999969482422,55.06999969482422,55.25,23153600
2021-12-13,50.58370590209961,57.7599983215332,57.93000030517578,56.959999084472656,56.97999954223633,31362800
2021-12-14,50.618736267089844,57.79999923706055,58.16999816894531,57.400001525878906,57.400001525878906,24806600
2021-12-15,50.846435546875,58.060001373291016,58.25,57.650001525878906,57.93000030517578,24923800
2021-12-16,51.36313247680664,58.650001525878906,58.880001068115234,57.900001525878906,57.97999954223633,24696900
2021-12-17,50.55744552612305,57.72999954223633,58.91999816894531,57.70000076293945,58.4900016784668,51874400
2021-12-20,50.39105224609375,57.540000915527344,57.779998779296875,57.0,57.20000076293945,20879500
2021-12-21,50.59246826171875,57.77000045776367,57.970001220703125,57.529998779296875,57.61000061035156,15864900
2021-12-22,50.9515266418457,58.18000030517578,58.189998626708984,57.4900016784668,57.709999084472656,12447400
2021-12-23,50.98656463623047,58.220001220703125,58.61000061035156,57.939998626708984,58.52000045776367,11027300
2021-12-27,51.36313247680664,58.650001525878906,58.689998626708984,58.0,58.0,9860000
2021-12-28,51.56455993652344,58.880001068115234,58.939998626708984,58.29999923706055,58.400001525878906,8979900
2021-12-29,51.625858306884766,58.95000076293945,59.099998474121094,58.65999984741211,58.95000076293945,9996000
2021-12-30,51.47698974609375,58.779998779296875,59.22999954223633,58.7599983215332,59.060001373291016,7703900
2021-12-31,51.85354995727539,59.209999084472656,59.349998474121094,58.70000076293945,58.75,10021300
2022-01-03,51.93238067626953,59.29999923706055,59.310001373291016,58.380001068115234,58.81999969482422,20187300
2022-01-04,52.799373626708984,60.290000915527344,60.540000915527344,59.59000015258789,59.72999954223633,26141600
2022-01-05,53.23725509643555,60.790000915527344,61.20000076293945,60.04999923706055,60.09000015258789,22507300
2022-01-06,52.95701599121094,60.470001220703125,61.119998931884766,60.439998626708984,60.470001220703125,17902300
2022-01-07,52.83440017700195,60.33000183105469,60.720001220703125,60.060001373291016,60.279998779296875,12307900
2022-01-10,52.92198181152344,60.43000030517578,60.81999969482422,60.18000030517578,60.54999923706055,20954300
2022-01-11,52.93949508666992,60.45000076293945,60.4900016784668,59.84000015258789,60.43000030517578,19369600
2022-01-12,53.018314361572266,60.540000915527344,60.689998626708984,60.189998626708984,60.529998779296875,15753800
2022-01-13,53.333595275878906,60.900001525878906,61.040000915527344,60.38999938964844,60.540000915527344,14318000
2022-01-14,53.76271057128906,61.38999938964844,61.45000076293945,60.36000061035156,60.939998626708984,19729600
2022-01-18,53.333595275878906,60.900001525878906,61.189998626708984,60.45000076293945,61.060001373291016,21976700
2022-01-19,53.42115783691406,61.0,61.18000030517578,60.560001373291016,60.65999984741211,18654700
2022-01-20,53.20222854614258,60.75,61.439998626708984,60.720001220703125,61.0,23002400
2022-01-21,52.93949508666992,60.45000076293945,61.29999923706055,60.400001525878906,61.08000183105469,26643200
2022-01-24,52.51036834716797,59.959999084472656,60.349998474121094,58.56999969482422,59.900001525878906,30185100
2022-01-25,52.38777160644531,59.81999969482422,60.04999923706055,58.689998626708984,59.36000061035156,19027100
2022-01-26,52.19510269165039,59.599998474121094,60.349998474121094,59.209999084472656,59.790000915527344,19190200
2022-01-27,52.238895416259766,59.650001525878906,60.93000030517578,59.5,59.880001068115234,18893800
2022-01-28,53.281044006347656,60.84000015258789,60.88999938964844,58.939998626708984,59.38999938964844,19101500
2022-01-31,53.42991638183594,61.0099983215332,61.13999938964844,60.150001525878906,60.29999923706055,22045300
2022-02-01,53.03583526611328,60.560001373291016,61.13999938964844,60.15999984741211,60.90999984741211,20841700
2022-02-02,53.578792572021484,61.18000030517578,61.27000045776367,60.560001373291016,60.619998931884766,20225600
2022-02-03,53.95537185668945,61.61000061035156,61.779998779296875,60.59000015258789,60.939998626708984,19440500
2022-02-04,53.38612365722656,60.959999084472656,61.68000030517578,60.56999969482422,61.4900016784668,17403700
2022-02-07,53.94660949707031,61.599998474121094,61.720001220703125,60.86000061035156,61.380001068115234,17846400
2022-02-08,54.296913146972656,62.0,62.33000183105469,61.7400016784668,61.83000183105469,18771700
2022-02-09,53.45619201660156,61.040000915527344,62.31999969482422,60.900001525878906,62.16999816894531,23595600
2022-02-10,53.75395202636719,61.380001068115234,62.29999923706055,60.20000076293945,60.36000061035156,23561500
2022-02-11,52.799373626708984,60.290000915527344,61.97999954223633,60.150001525878906,61.77000045776367,22781400
2022-02-14,53.14091491699219,60.68000030517578,60.790000915527344,59.279998779296875,60.15999984741211,23641300
2022-02-15,53.342342376708984,60.90999984741211,61.779998779296875,60.630001068115234,60.959999084472656,13408700
2022-02-16,53.333595275878906,60.900001525878906,61.400001525878906,60.560001373291016,60.86000061035156,15484700
2022-02-17,54.402008056640625,62.119998931884766,62.279998779296875,60.40999984741211,60.54999923706055,21468700
2022-02-18,54.769832611083984,62.540000915527344,62.81999969482422,61.9900016784668,62.119998931884766,21975000
2022-02-22,54.54212951660156,62.279998779296875,62.63999938964844,61.720001220703125,62.43000030517578,21731400
2022-02-23,53.93785858154297,61.59000015258789,62.33000183105469,61.34000015258789,62.2400016784668,19248500
2022-02-24,52.992042541503906,60.5099983215332,60.619998931884766,59.220001220703125,59.970001220703125,27207400
2022-02-25,55.04130935668945,62.849998474121094,62.900001525878906,60.91999816894531,60.939998626708984,21487800
2022-02-28,54.50709915161133,62.2400016784668,62.34000015258789,61.40999984741211,61.650001525878906,25879100
2022-03-01,54.27064895629883,61.970001220703125,62.75,61.5099983215332,62.13999938964844,15871100
2022-03-02,54.673492431640625,62.43000030517578,62.880001068115234,61.779998779296875,62.22999954223633,17319100
2022-03-03,54.708526611328125,62.470001220703125,63.02000045776367,62.290000915527344,62.61000061035156,21262800
2022-03-04,54.79610061645508,62.56999969482422,62.59000015258789,61.20000076293945,61.459999084472656,17163000
2022-03-07,53.491214752197266,61.08000183105469,62.06999969482422,60.720001220703125,62.0099983215332,29151400
2022-03-08,51.37189483642578,58.65999984741211,61.540000915527344,58.59000015258789,61.45000076293945,30242100
2022-03-09,51.63462448120117,58.959999084472656,59.84000015258789,58.65999984741211,59.81999969482422,23022700
2022-03-10,50.688804626464844,57.880001068115234,58.65999984741211,57.5,58.47999954223633,20887300
2022-03-11,50.72382736206055,57.91999816894531,58.849998474121094,57.86000061035156,57.959999084472656,19855600
2022-03-14,51.659236907958984,58.540000915527344,59.040000915527344,57.970001220703125,57.970001220703125,17799400
2022-03-15,52.61228942871094,59.619998931884766,59.88999938964844,58.97999954223633,59.08000183105469,18607200
2022-03-16,52.471099853515625,59.459999084472656,59.939998626708984,58.61000061035156,59.779998779296875,17347300
2022-03-17,53.02705383300781,60.09000015258789,60.13999938964844,59.22999954223633,59.459999084472656,15586200
2022-03-18,53.03588104248047,60.099998474121094,60.29999923706055,59.709999084472656,60.29999923706055,30197800
2022-03-21,53.4594612121582,60.58000183105469,61.099998474121094,60.25,60.5,17440100
2022-03-22,53.65359878540039,60.79999923706055,60.95000076293945,60.060001373291016,60.93000030517578,17559500
2022-03-23,53.300621032714844,60.400001525878906,60.97999954223633,60.0,60.75,15529200
2022-03-24,53.812435150146484,60.97999954223633,61.02000045776367,60.459999084472656,60.63999938964844,13151300
2022-03-25,54.29779815673828,61.529998779296875,61.61000061035156,61.04999923706055,61.119998931884766,12259800
2022-03-28,54.64196014404297,61.91999816894531,61.939998626708984,61.209999084472656,61.529998779296875,11485200
2022-03-29,54.85374450683594,62.15999984741211,62.529998779296875,61.7400016784668,62.209999084472656,14720600
2022-03-30,54.89786911010742,62.209999084472656,62.209999084472656,61.560001373291016,62.0099983215332,13641000
2022-03-31,54.71254348754883,62.0,62.63999938964844,62.0,62.220001220703125,16822900
2022-04-01,55.480289459228516,62.869998931884766,62.95000076293945,62.09000015258789,62.33000183105469,12644900
2022-04-04,55.1890869140625,62.540000915527344,62.790000915527344,61.720001220703125,62.599998474121094,11505800
2022-04-05,55.1273078918457,62.470001220703125,63.2400016784668,62.369998931884766,62.400001525878906,15721200
2022-04-06,55.68326187133789,63.099998474121094,63.2599983215332,62.29999923706055,62.77000045776367,19267400
2022-04-07,55.983299255371094,63.439998626708984,63.66999816894531,62.709999084472656,63.130001068115234,13960800
2022-04-08,56.32745361328125,63.83000183105469,64.04000091552734,63.15999984741211,63.47999954223633,12703500
2022-04-11,56.309810638427734,63.810001373291016,64.30000305175781,63.63999938964844,63.90999984741211,12720100
2022-04-12,56.971649169921875,64.55999755859375,64.80999755859375,63.88999938964844,64.37999725341797,18089900
2022-04-13,57.121681213378906,64.7300033569336,64.87000274658203,64.2300033569336,64.44000244140625,11883000
2022-04-14,57.3775749206543,65.0199966430664,65.56999969482422,64.81999969482422,64.95999908447266,16388400
2022-04-18,56.865753173828125,64.44000244140625,65.18000030517578,64.18000030517578,64.7699966430664,11679400
2022-04-19,57.42169952392578,65.06999969482422,65.25,64.44000244140625,64.5,11993800
2022-04-20,58.20708465576172,65.95999908447266,66.23999786376953,65.4000015258789,65.44000244140625,14827100
2022-04-21,58.427696228027344,66.20999908447266,67.0,65.72000122070312,65.9800033569336,15120400
2022-04-22,57.58054733276367,65.25,66.33999633789062,65.18000030517578,66.08000183105469,14902200
2022-04-25,58.18946075439453,65.94000244140625,67.19999694824219,64.77999877929688,67.0,25082000
2022-04-26,57.40406036376953,65.05000305175781,66.37000274658203,65.04000091552734,65.5199966430664,21982600
2022-04-27,57.8541145324707,65.55999755859375,66.27999877929688,65.0,65.0,16971000
2022-04-28,58.410072326660156,66.19000244140625,66.27999877929688,64.5,64.66000366210938,22010600
2022-04-29,57.01577377319336,64.61000061035156,66.02999877929688,64.48999786376953,65.87000274658203,20137100
2022-05-02,55.983299255371094,63.439998626708984,65.30999755859375,62.58000183105469,65.27999877929688,24970300
2022-05-03,55.665611267089844,63.08000183105469,63.939998626708984,62.66999816894531,63.720001220703125,21686300
2022-05-04,57.38639450073242,65.02999877929688,65.12000274658203,62.939998626708984,63.0,19780200
2022-05-05,56.92753219604492,64.51000213623047,65.02999877929688,64.01000213623047,64.69000244140625,20155200
2022-05-06,57.130489349365234,64.73999786376953,65.30999755859375,64.06999969482422,64.19999694824219,18984000
2022-05-09,57.01577377319336,64.61000061035156,65.36000061035156,64.04000091552734,64.47000122070312,20055300
2022-05-10,56.48629379272461,64.01000213623047,65.31999969482422,63.849998474121094,64.5,21322200
2022-05-11,56.751033782958984,64.30999755859375,65.19999694824219,63.959999084472656,64.33000183105469,19648400
2022-05-12,56.92753219604492,64.51000213623047,64.52999877929688,63.209999084472656,64.16000366210938,22574700
2022-05-13,57.995304107666016,65.72000122070312,65.80000305175781,64.12000274658203,64.80999755859375,16167000
2022-05-16,58.20708465576172,65.95999908447266,66.37999725341797,65.44000244140625,65.44000244140625,13223200
2022-05-17,58.048248291015625,65.77999877929688,66.0999984741211,65.01000213623047,66.0999984741211,21300600
2022-05-18,54.00658416748047,61.20000076293945,65.5199966430664,60.959999084472656,65.41999816894531,31437300
2022-05-19,52.9476432800293,60.0,60.959999084472656,59.65999984741211,60.959999084472656,31493900
2022-05-20,53.812435150146484,60.97999954223633,61.2400016784668,59.65999984741211,60.4900016784668,29133800
2022-05-23,55.471466064453125,62.86000061035156,63.099998474121094,61.59000015258789,61.650001525878906,19406900
2022-05-24,56.495113372802734,64.0199966430664,64.19000244140625,62.75,62.880001068115234,16154200
2022-05-25,56.539241790771484,64.06999969482422,64.47000122070312,63.599998474121094,64.0,15360500
2022-05-26,56.74221420288086,64.30000305175781,65.0999984741211,63.959999084472656,64.06999969482422,16159800
2022-05-27,57.07754135131836,64.68000030517578,64.83000183105469,64.13999938964844,64.26000213623047,17709000
2022-05-31,55.930355072021484,63.380001068115234,64.31999969482422,63.04999923706055,64.08000183105469,43159000
2022-06-01,55.65678024291992,63.06999969482422,63.68000030517578,62.130001068115234,63.41999816894531,15408300
2022-06-02,56.23921203613281,63.72999954223633,63.7400016784668,62.11000061035156,63.18000030517578,14586000
2022-06-03,55.56854248046875,62.970001220703125,63.630001068115234,62.810001373291016,63.56999969482422,13539900
2022-06-06,55.480289459228516,62.869998931884766,63.77000045776367,62.65999984741211,63.33000183105469,15112800
2022-06-07,55.81562423706055,63.25,63.369998931884766,62.220001220703125,62.380001068115234,17886300
2022-06-08,55.49794006347656,62.88999938964844,63.209999084472656,62.560001373291016,62.9900016784668,10211500
2022-06-09,54.53606033325195,61.79999923706055,63.349998474121094,61.779998779296875,62.869998931884766,13382200
2022-06-10,54.19189453125,61.40999984741211,61.88999938964844,60.459999084472656,61.0099983215332,14967600
2022-06-13,54.130130767822266,61.34000015258789,62.290000915527344,60.66999816894531,60.75,23064200
2022-06-14,52.64577102661133,59.22999954223633,60.88999938964844,58.65999984741211,60.72999954223633,24620000
2022-06-15,53.03685760498047,59.66999816894531,60.63999938964844,58.970001220703125,60.0,19684700
2022-06-16,52.50355911254883,59.06999969482422,59.52000045776367,58.25,58.63999938964844,15053800
2022-06-17,52.82353591918945,59.43000030517578,60.130001068115234,59.130001068115234,59.70000076293945,34781900
2022-06-21,53.952362060546875,60.70000076293945,60.880001068115234,59.0099983215332,59.4900016784668,17705000
2022-06-22,54.35232925415039,61.150001525878906,61.45000076293945,60.31999969482422,60.599998474121094,15207100
2022-06-23,55.00117874145508,61.880001068115234,61.90999984741211,61.22999954223633,61.29999923706055,17190900
2022-06-24,56.0322380065918,63.040000915527344,63.060001373291016,62.11000061035156,62.11000061035156,18147100
2022-06-27,55.916690826416016,62.90999984741211,63.290000915527344,62.630001068115234,62.97999954223633,12142100
2022-06-28,55.35671615600586,62.279998779296875,63.7599983215332,62.11000061035156,63.08000183105469,13150100
2022-06-29,55.75669479370117,62.72999954223633,63.11000061035156,62.43000030517578,62.540000915527344,11795500
2022-06-30,55.916690826416016,62.90999984741211,63.11000061035156,62.15999984741211,62.31999969482422,15514200
2022-07-01,57.2232780456543,64.37999725341797,64.44999694824219,62.81999969482422,63.119998931884766,15143200
2022-07-05,56.24555587768555,63.279998779296875,64.18000030517578,62.41999816894531,64.18000030517578,15921200
2022-07-06,56.361106872558594,63.40999984741211,64.08999633789062,63.189998626708984,63.599998474121094,13450500
2022-07-07,55.916690826416016,62.90999984741211,63.58000183105469,62.70000076293945,63.2599983215332,14828400
2022-07-08,56.12112045288086,63.13999938964844,63.41999816894531,62.880001068115234,63.029998779296875,11311500
2022-07-11,55.943355560302734,62.939998626708984,63.459999084472656,62.59000015258789,62.9900016784668,12702100
2022-07-12,55.703369140625,62.66999816894531,63.45000076293945,62.470001220703125,63.0,14731100
2022-07-13,55.44560623168945,62.380001068115234,63.0,61.97999954223633,62.33000183105469,13145300
2022-07-14,55.2678337097168,62.18000030517578,62.25,61.29999923706055,61.33000183105469,14433000
2022-07-15,55.55226516723633,62.5,62.970001220703125,62.06999969482422,62.75,21968400
2022-07-18,54.796756744384766,61.650001525878906,62.560001373291016,61.5099983215332,62.52000045776367,10780800
2022-07-19,55.57893371582031,62.529998779296875,62.650001525878906,61.93000030517578,62.09000015258789,10998200
2022-07-20,54.66342544555664,61.5,62.58000183105469,61.150001525878906,62.400001525878906,11010500
2022-07-21,54.53899383544922,61.36000061035156,61.880001068115234,60.790000915527344,61.2599983215332,11959600
2022-07-22,54.74342727661133,61.59000015258789,61.869998931884766,61.31999969482422,61.380001068115234,11644700
2022-07-25,55.27671813964844,62.189998626708984,62.29999923706055,61.310001373291016,61.54999923706055,14941700
2022-07-26,56.18333053588867,63.209999084472656,63.79999923706055,62.529998779296875,62.75,20118000
2022-07-27,56.00556564331055,63.0099983215332,63.189998626708984,61.790000915527344,62.880001068115234,12142900
2022-07-28,56.9388427734375,64.05999755859375,64.25,62.88999938964844,62.91999816894531,10837000
2022-07-29,57.03661346435547,64.16999816894531,64.29000091552734,63.630001068115234,63.709999084472656,13734200
2022-08-01,57.34771728515625,64.5199966430664,65.04000091552734,64.02999877929688,64.08999633789062,12831500
2022-08-02,56.565547943115234,63.63999938964844,64.5999984741211,63.43000030517578,64.58999633789062,15241900
2022-08-03,56.81440353393555,63.91999816894531,64.0999984741211,63.310001373291016,63.54999923706055,11317000
2022-08-04,56.592201232910156,63.66999816894531,63.72999954223633,62.91999816894531,63.63999938964844,11795600
2022-08-05,56.334449768066406,63.380001068115234,63.630001068115234,62.66999816894531,63.630001068115234,10445400
2022-08-08,55.97001647949219,62.970001220703125,63.810001373291016,62.75,63.5,9165200
2022-08-09,56.04111862182617,63.04999923706055,63.310001373291016,62.849998474121094,63.18000030517578,7910900
2022-08-10,56.57442855834961,63.650001525878906,63.790000915527344,63.099998474121094,63.630001068115234,8857300
2022-08-11,56.19222640991211,63.220001220703125,63.9900016784668,63.08000183105469,63.689998626708984,8507800
2022-08-12,56.61886978149414,63.70000076293945,63.7599983215332,63.09000015258789,63.43000030517578,9489300
2022-08-15,57.32994079589844,64.5,64.69000244140625,63.56999969482422,63.63999938964844,9863300
2022-08-16,57.80101013183594,65.02999877929688,65.2300033569336,64.33000183105469,64.56999969482422,9569600
2022-08-17,57.667686462402344,64.87999725341797,65.22000122070312,64.76000213623047,64.83000183105469,8144000
2022-08-18,57.96989440917969,65.22000122070312,65.3499984741211,64.70999908447266,64.95999908447266,6532000
2022-08-19,57.92545700073242,65.16999816894531,65.47000122070312,64.95999908447266,65.20999908447266,8921100
2022-08-22,57.06327438354492,64.19999694824219,64.91999816894531,63.9900016784668,64.83999633789062,9087900
2022-08-23,57.12549591064453,64.2699966430664,64.37000274658203,63.68000030517578,63.81999969482422,8443800
2022-08-24,57.205501556396484,64.36000061035156,64.58000183105469,64.05000305175781,64.23999786376953,6844700
2022-08-25,57.48103713989258,64.66999816894531,64.70999908447266,63.900001525878906,64.36000061035156,7913900
2022-08-26,56.094459533691406,63.11000061035156,64.80000305175781,62.97999954223633,64.7300033569336,10089500
2022-08-29,55.75669479370117,62.72999954223633,63.029998779296875,62.40999984741211,62.689998626708984,9115900
2022-08-30,55.241172790527344,62.150001525878906,62.90999984741211,61.9900016784668,62.90999984741211,8456800
2022-08-31,54.85007858276367,61.709999084472656,62.529998779296875,61.70000076293945,62.380001068115234,14633600
2022-09-01,55.10784149169922,62.0,62.040000915527344,61.290000915527344,61.58000183105469,14939700
2022-09-02,54.35232925415039,61.150001525878906,62.77000045776367,60.900001525878906,62.38999938964844,11809800
2022-09-06,54.378997802734375,61.18000030517578,61.970001220703125,60.9900016784668,61.290000915527344,12181800
2022-09-07,55.38338851928711,62.310001373291016,62.4900016784668,61.31999969482422,61.31999969482422,13290700
2022-09-08,55.21451187133789,62.119998931884766,62.29999923706055,61.34000015258789,62.08000183105469,17193500
2022-09-09,55.39228057861328,62.31999969482422,62.880001068115234,61.86000061035156,62.16999816894531,11855900
2022-09-12,55.55226516723633,62.5,62.810001373291016,62.27000045776367,62.43000030517578,13026900
2022-09-13,53.74793243408203,60.470001220703125,62.220001220703125,60.279998779296875,62.20000076293945,18532800
2022-09-14,54.0323600769043,60.790000915527344,61.08000183105469,60.439998626708984,60.63999938964844,12881600
2022-09-15,53.298194885253906,59.529998779296875,60.400001525878906,59.36000061035156,60.400001525878906,11451900
2022-09-16,53.30714797973633,59.540000915527344,59.79999923706055,59.11000061035156,59.65999984741211,20493500
2022-09-19,53.71003723144531,59.9900016784668,60.099998474121094,59.22999954223633,59.38999938964844,12596200
2022-09-20,53.62946319580078,59.900001525878906,60.029998779296875,59.31999969482422,59.68000030517578,11984600
2022-09-21,53.18180847167969,59.400001525878906,60.70000076293945,59.38999938964844,60.13999938964844,14165300
2022-09-22,53.05645751953125,59.2599983215332,59.72999954223633,59.20000076293945,59.54999923706055,11657600
2022-09-23,52.46554946899414,58.599998474121094,59.099998474121094,58.0,58.959999084472656,14824000
2022-09-26,51.81196975708008,57.869998931884766,58.56999969482422,57.689998626708984,58.4900016784668,18670100
2022-09-27,50.477943420410156,56.380001068115234,58.369998931884766,56.310001373291016,58.08000183105469,23829300
2022-09-28,51.015140533447266,56.97999954223633,57.25,55.90999984741211,56.65999984741211,21480100
2022-09-29,50.64805603027344,56.56999969482422,57.290000915527344,56.0,57.09000015258789,14570700
2022-09-30,50.1556396484375,56.02000045776367,57.130001068115234,56.0,56.869998931884766,16124600
2022-10-03,50.71967697143555,56.650001525878906,56.849998474121094,56.060001373291016,56.36000061035156,16277600
2022-10-04,50.83606719970703,56.779998779296875,57.810001373291016,56.459999084472656,56.95000076293945,18861400
2022-10-05,50.35260009765625,56.2400016784668,56.650001525878906,55.5099983215332,56.5,14324900
2022-10-06,49.26927185058594,55.029998779296875,56.099998474121094,54.869998931884766,56.0,17192800
2022-10-07,48.803707122802734,54.5099983215332,55.09000015258789,54.25,54.9900016784668,11479800
2022-10-10,48.69626235961914,54.38999938964844,54.959999084472656,54.02000045776367,54.599998474121094,10239100
2022-10-11,48.776851654052734,54.47999954223633,55.220001220703125,54.2400016784668,54.459999084472656,14303900
2022-10-12,49.36775207519531,55.13999938964844,56.040000915527344,55.040000915527344,55.22999954223633,18377400
2022-10-13,50.021331787109375,55.869998931884766,56.08000183105469,54.2599983215332,54.47999954223633,16220700
2022-10-14,49.22450256347656,54.97999954223633,56.470001220703125,54.939998626708984,56.290000915527344,15997900
2022-10-17,49.86017990112305,55.689998626708984,56.220001220703125,55.56999969482422,55.630001068115234,13721400
2022-10-18,50.53166580200195,56.439998626708984,56.779998779296875,56.099998474121094,56.310001373291016,11823100
2022-10-19,50.10191345214844,55.959999084472656,56.540000915527344,55.72999954223633,56.310001373291016,10182300
2022-10-20,49.31403350830078,55.08000183105469,55.91999816894531,54.959999084472656,55.77000045776367,16905100
2022-10-21,50.10191345214844,55.959999084472656,56.11000061035156,54.9900016784668,55.0,15034100
2022-10-24,51.54337692260742,57.56999969482422,57.72999954223633,56.56999969482422,56.63999938964844,17416700
2022-10-25,52.77891159057617,58.95000076293945,59.11000061035156,57.75,59.040000915527344,28829900
2022-10-26,53.1728515625,59.38999938964844,59.779998779296875,58.86000061035156,59.0099983215332,15831400
2022-10-27,53.298194885253906,59.529998779296875,59.84000015258789,59.380001068115234,59.77000045776367,16026100
2022-10-28,54.39942932128906,60.7599983215332,60.90999984741211,59.470001220703125,59.56999969482422,12888900
2022-10-31,53.58469772338867,59.849998474121094,60.56999969482422,59.66999816894531,60.5099983215332,14016400
2022-11-01,53.39667510986328,59.63999938964844,60.290000915527344,59.369998931884766,60.029998779296875,10659500
2022-11-02,52.653564453125,58.810001373291016,60.22999954223633,58.77000045776367,59.63999938964844,14549200
2022-11-03,52.626708984375,58.779998779296875,59.0,58.099998474121094,58.11000061035156,9194000
2022-11-04,53.05645751953125,59.2599983215332,59.59000015258789,58.560001373291016,59.29999923706055,9725900
2022-11-07,53.262386322021484,59.4900016784668,59.77000045776367,59.2400016784668,59.2599983215332,8849700
2022-11-08,53.360870361328125,59.599998474121094,59.790000915527344,58.939998626708984,59.75,10081600
2022-11-09,52.61775588989258,58.77000045776367,59.63999938964844,58.75,59.59000015258789,10115200
2022-11-10,54.50687026977539,60.880001068115234,61.040000915527344,59.68000030517578,60.25,16804800
2022-11-11,54.90081024169922,61.31999969482422,61.45000076293945,60.209999084472656,61.369998931884766,18972100
2022-11-14,54.37257385253906,60.72999954223633,61.720001220703125,60.709999084472656,61.31999969482422,16361000
2022-11-15,54.28304672241211,60.630001068115234,61.45000076293945,60.0,61.130001068115234,13295800
2022-11-16,54.18456268310547,60.52000045776367,61.029998779296875,60.290000915527344,60.790000915527344,14199500
2022-11-17,54.35466766357422,60.709999084472656,60.7400016784668,60.130001068115234,60.189998626708984,11212600
2022-11-18,54.739654541015625,61.13999938964844,61.369998931884766,60.79999923706055,60.9900016784668,10415600
2022-11-21,55.581241607666016,62.08000183105469,62.209999084472656,61.20000076293945,61.40999984741211,15399400
2022-11-22,55.82298278808594,62.349998474121094,62.5,62.04999923706055,62.470001220703125,12319600
2022-11-23,56.07368087768555,62.630001068115234,62.790000915527344,62.29999923706055,62.4900016784668,8990400
2022-11-25,56.12739562988281,62.689998626708984,62.810001373291016,62.380001068115234,62.72999954223633,5165500
2022-11-28,56.136348724365234,62.70000076293945,63.099998474121094,62.560001373291016,62.689998626708984,12267500
2022-11-29,55.93937683105469,62.47999954223633,62.56999969482422,61.97999954223633,62.52000045776367,10969600
2022-11-30,57.35499954223633,63.61000061035156,63.68000030517578,61.75,62.0099983215332,30433900
2022-12-01,57.51729202270508,63.790000915527344,64.11000061035156,63.43000030517578,63.61000061035156,12001400
2022-12-02,58.022220611572266,64.3499984741211,64.5199966430664,63.400001525878906,63.61000061035156,13643500
2022-12-05,57.228763580322266,63.470001220703125,63.79999923706055,63.2599983215332,63.40999984741211,9185100
2022-12-06,57.20170974731445,63.439998626708984,63.880001068115234,63.22999954223633,63.52000045776367,10099500
2022-12-07,57.29187774658203,63.540000915527344,63.720001220703125,63.25,63.45000076293945,12307600
2022-12-08,57.53532409667969,63.810001373291016,63.849998474121094,63.349998474121094,63.599998474121094,9946200
2022-12-09,56.931209564208984,63.13999938964844,63.84000015258789,63.09000015258789,63.61000061035156,13914900
2022-12-12,57.679588317871094,63.970001220703125,64.01000213623047,63.0099983215332,63.29999923706055,11647900
2022-12-13,57.697628021240234,63.9900016784668,64.69999694824219,63.79999923706055,64.58999633789062,17521600
2022-12-14,57.697628021240234,63.9900016784668,64.6500015258789,63.56999969482422,64.19000244140625,12826700
2022-12-15,56.9041633605957,63.11000061035156,63.88999938964844,62.4900016784668,63.59000015258789,12212300
2022-12-16,56.579559326171875,62.75,63.13999938964844,62.33000183105469,62.75,33631500
2022-12-19,56.660709381103516,62.84000015258789,63.40999984741211,62.470001220703125,62.83000183105469,10919700
2022-12-20,56.61563491821289,62.790000915527344,63.150001525878906,62.75,62.81999969482422,10286500
2022-12-21,57.52630615234375,63.79999923706055,64.05000305175781,63.06999969482422,63.06999969482422,10411300
2022-12-22,57.111549377441406,63.34000015258789,63.59000015258789,62.650001525878906,63.41999816894531,9666700
2022-12-23,57.54433822631836,63.81999969482422,63.869998931884766,63.20000076293945,63.5,6463300
2022-12-27,57.895992279052734,64.20999908447266,64.29000091552734,63.709999084472656,63.93000030517578,7320700
2022-12-28,57.31892395019531,63.56999969482422,64.6500015258789,63.4900016784668,64.45999908447266,7159400
2022-12-29,57.66156005859375,63.95000076293945,64.1500015258789,63.70000076293945,63.79999923706055,7169300
2022-12-30,57.35499954223633,63.61000061035156,63.91999816894531,63.16999816894531,63.91999816894531,7650200
2023-01-03,56.75989532470703,62.95000076293945,63.560001373291016,62.18000030517578,63.560001373291016,12180500
2023-01-04,56.73283767700195,62.91999816894531,63.33000183105469,62.5099983215332,63.150001525878906,13387900
2023-01-05,56.083641052246094,62.20000076293945,62.79999923706055,62.08000183105469,62.599998474121094,9814700
2023-01-06,57.16564178466797,63.400001525878906,63.66999816894531,62.58000183105469,62.90999984741211,9990000
2023-01-09,56.453330993652344,62.61000061035156,63.720001220703125,62.58000183105469,63.29999923706055,9442600
2023-01-10,56.02053451538086,62.130001068115234,62.72999954223633,61.91999816894531,62.599998474121094,10134600
2023-01-11,55.912322998046875,62.0099983215332,62.560001373291016,61.40999984741211,62.380001068115234,10823000
2023-01-12,55.19099807739258,61.209999084472656,62.18000030517578,60.970001220703125,62.11000061035156,13907300
2023-01-13,55.38936233520508,61.43000030517578,61.459999084472656,60.59000015258789,60.70000076293945,13986400
2023-01-17,55.61478042602539,61.68000030517578,62.380001068115234,61.560001373291016,61.72999954223633,18327800
2023-01-18,53.92866134643555,59.810001373291016,61.59000015258789,59.68000030517578,61.5099983215332,19679400
2023-01-19,53.847503662109375,59.720001220703125,60.63999938964844,59.709999084472656,59.72999954223633,14894500
2023-01-20,54.17211151123047,60.08000183105469,60.09000015258789,59.400001525878906,59.720001220703125,14237700
2023-01-23,54.3073616027832,60.22999954223633,60.56999969482422,60.04999923706055,60.279998779296875,12613400
2023-01-24,54.59589385986328,60.54999923706055,61.849998474121094,59.79999923706055,60.08000183105469,10103300
2023-01-25,54.93852615356445,60.93000030517578,60.939998626708984,59.88999938964844,60.20000076293945,11265800
2023-01-26,54.83032989501953,60.810001373291016,61.099998474121094,60.56999969482422,60.810001373291016,11884800
2023-01-27,54.54179763793945,60.4900016784668,60.959999084472656,60.369998931884766,60.84000015258789,14087000
2023-01-30,54.67705154418945,60.63999938964844,61.16999816894531,60.459999084472656,60.540000915527344,15632000
2023-01-31,55.29017639160156,61.31999969482422,61.34000015258789,60.5099983215332,60.97999954223633,14344400
2023-02-01,55.2991943359375,61.33000183105469,61.58000183105469,60.619998931884766,61.13999938964844,12535400
2023-02-02,54.35243606567383,60.279998779296875,61.02000045776367,59.90999984741211,60.79999923706055,16947200
2023-02-03,53.946693420410156,59.83000183105469,60.41999816894531,59.22999954223633,60.349998474121094,15404400
2023-02-06,54.253265380859375,60.16999816894531,60.34000015258789,59.720001220703125,59.790000915527344,11330900
2023-02-07,54.163089752197266,60.06999969482422,60.2400016784668,59.540000915527344,59.66999816894531,14922700
2023-02-08,53.847503662109375,59.720001220703125,59.91999816894531,59.59000015258789,59.91999816894531,11012000
2023-02-09,53.7573356628418,59.619998931884766,60.31999969482422,59.599998474121094,60.150001525878906,12515300
2023-02-10,53.7573356628418,59.619998931884766,59.900001525878906,58.880001068115234,59.720001220703125,14420700
2023-02-13,54.6409797668457,60.599998474121094,60.7599983215332,59.72999954223633,59.900001525878906,16191800
2023-02-14,53.73029708862305,59.59000015258789,60.900001525878906,59.560001373291016,60.209999084472656,20505700
2023-02-15,53.73029708862305,59.59000015258789,59.93000030517578,59.22999954223633,59.900001525878906,13171400
2023-02-16,53.39668273925781,59.220001220703125,59.81999969482422,58.95000076293945,59.22999954223633,16538300
2023-02-17,54.20817947387695,60.119998931884766,60.22999954223633,59.380001068115234,59.5,16814700
2023-02-21,53.91965103149414,59.79999923706055,60.22999954223633,59.720001220703125,59.9900016784668,14278300
2023-02-22,54.081939697265625,59.97999954223633,60.36000061035156,59.75,59.849998474121094,12409600
2023-02-23,54.18111801147461,60.09000015258789,60.41999816894531,59.810001373291016,60.0099983215332,12222800
2023-02-24,53.95570755004883,59.84000015258789,59.90999984741211,59.38999938964844,59.68000030517578,9736200
2023-02-27,53.93767547607422,59.81999969482422,60.29999923706055,59.7400016784668,60.18000030517578,8849800
2023-02-28,53.658164978027344,59.5099983215332,59.70000076293945,59.13999938964844,59.70000076293945,16082200
2023-03-01,53.07207489013672,58.86000061035156,59.18000030517578,58.369998931884766,59.130001068115234,13275800
2023-03-02,53.847503662109375,59.720001220703125,59.779998779296875,58.79999923706055,58.84000015258789,11758300
2023-03-03,53.59504318237305,59.439998626708984,59.68000030517578,59.209999084472656,59.54999923706055,13101800
2023-03-06,54.4245719909668,60.36000061035156,60.380001068115234,59.220001220703125,59.2599983215332,16282700
2023-03-07,54.10898971557617,60.0099983215332,60.56999969482422,59.75,60.4900016784668,13961200
2023-03-08,54.136043548583984,60.040000915527344,60.33000183105469,59.72999954223633,60.040000915527344,10851600
2023-03-09,53.613075256347656,59.459999084472656,60.540000915527344,59.279998779296875,60.540000915527344,13900900
2023-03-10,53.387664794921875,59.209999084472656,60.13999938964844,58.9900016784668,59.70000076293945,13745800
2023-03-13,53.92866134643555,59.810001373291016,60.869998931884766,59.25,59.290000915527344,21956000
2023-03-14,54.12702560424805,60.029998779296875,60.459999084472656,59.349998474121094,60.0,19496900
2023-03-15,54.48769760131836,60.43000030517578,60.47999954223633,59.2400016784668,59.43000030517578,21089900
2023-03-16,54.78752517700195,60.29999923706055,60.34000015258789,59.70000076293945,60.09000015258789,15658300
2023-03-17,54.53312683105469,60.02000045776367,60.349998474121094,59.63999938964844,60.310001373291016,27351200
2023-03-20,55.06010055541992,60.599998474121094,60.599998474121094,59.970001220703125,60.15999984741211,12904100
2023-03-21,54.805702209472656,60.31999969482422,60.75,59.880001068115234,60.56999969482422,13716500
2023-03-22,54.56037521362305,60.04999923706055,60.869998931884766,60.029998779296875,60.400001525878906,10494200
2023-03-23,54.442264556884766,59.91999816894531,60.38999938964844,59.720001220703125,60.09000015258789,15479000
2023-03-24,55.332679748535156,60.900001525878906,61.02000045776367,59.90999984741211,60.25,12975600
2023-03-27,55.741539001464844,61.349998474121094,61.47999954223633,60.95000076293945,61.13999938964844,12777400
2023-03-28,55.805137634277344,61.41999816894531,61.7400016784668,61.27000045776367,61.38999938964844,10925700
2023-03-29,56.204917907714844,61.86000061035156,61.95000076293945,61.59000015258789,61.720001220703125,9441000
2023-03-30,56.195823669433594,61.849998474121094,62.09000015258789,61.65999984741211,61.880001068115234,9870700
2023-03-31,56.359371185302734,62.029998779296875,62.25,61.869998931884766,62.060001373291016,14440900
2023-04-03,56.69554901123047,62.400001525878906,62.52000045776367,61.86000061035156,62.29999923706055,12300700
2023-04-04,56.52292251586914,62.209999084472656,62.7400016784668,62.08000183105469,62.38999938964844,11433400
2023-04-05,57.05897903442383,62.79999923706055,63.02000045776367,62.5,62.529998779296875,12789600
2023-04-06,57.0953254699707,62.84000015258789,63.040000915527344,62.380001068115234,62.86000061035156,9644200
2023-04-10,56.959041595458984,62.689998626708984,62.689998626708984,62.02000045776367,62.4900016784668,7952600
2023-04-11,56.85909652709961,62.58000183105469,62.709999084472656,62.400001525878906,62.650001525878906,9913000
2023-04-12,56.959041595458984,62.689998626708984,63.029998779296875,62.310001373291016,62.47999954223633,9593700
2023-04-13,57.37697982788086,63.150001525878906,63.15999984741211,62.47999954223633,62.7599983215332,9871400
2023-04-14,57.28612518310547,63.04999923706055,63.150001525878906,62.779998779296875,63.04999923706055,8946000
2023-04-17,57.658653259277344,63.459999084472656,63.529998779296875,63.13999938964844,63.31999969482422,9452400
2023-04-18,57.74951171875,63.560001373291016,63.599998474121094,63.189998626708984,63.5099983215332,9035700
2023-04-19,57.85853576660156,63.68000030517578,63.83000183105469,63.43000030517578,63.72999954223633,9769500
2023-04-20,58.112937927246094,63.959999084472656,64.0,63.439998626708984,63.630001068115234,10706400
2023-04-21,58.194705963134766,64.05000305175781,64.2699966430664,63.79999923706055,64.0,12931100
2023-04-24,58.10384750366211,63.95000076293945,64.98999786376953,63.619998931884766,64.75,15532300
2023-04-25,58.012996673583984,63.849998474121094,64.16999816894531,63.630001068115234,64.16999816894531,12818900
2023-04-26,57.74042510986328,63.54999923706055,63.77000045776367,63.38999938964844,63.560001373291016,13179600
2023-04-27,57.85853576660156,63.68000030517578,63.7599983215332,63.11000061035156,63.529998779296875,13795800
2023-04-28,58.28556823730469,64.1500015258789,64.16000366210938,63.47999954223633,63.61000061035156,13687600
2023-05-01,58.42185592651367,64.30000305175781,64.69000244140625,64.05999755859375,64.1500015258789,9091500
2023-05-02,58.15837097167969,64.01000213623047,64.13999938964844,63.27000045776367,64.13999938964844,10948400
2023-05-03,57.83128356933594,63.650001525878906,64.18000030517578,63.58000183105469,64.0199966430664,11084600
2023-05-04,57.894874572753906,63.720001220703125,63.93000030517578,63.5099983215332,63.7400016784668,11938300
2023-05-05,58.167449951171875,64.0199966430664,64.20999908447266,63.630001068115234,63.63999938964844,9039000
2023-05-08,58.07658767700195,63.91999816894531,64.05999755859375,63.61000061035156,63.810001373291016,7240700
2023-05-09,57.59504699707031,63.38999938964844,63.75,63.279998779296875,63.63999938964844,9067700
2023-05-10,57.69498825073242,63.5,63.63999938964844,62.9900016784668,63.31999969482422,10134000
2023-05-11,58.0220832824707,63.86000061035156,63.93000030517578,63.0099983215332,63.58000183105469,9581500
2023-05-12,58.24921798706055,64.11000061035156,64.19000244140625,63.70000076293945,63.86000061035156,8740800
2023-05-15,58.09476852416992,63.939998626708984,64.25,63.709999084472656,64.22000122070312,8150000
2023-05-16,57.44057846069336,63.220001220703125,63.900001525878906,63.15999984741211,63.900001525878906,9129600
2023-05-17,57.37697982788086,63.150001525878906,63.41999816894531,62.72999954223633,63.400001525878906,11583000
2023-05-18,57.05897903442383,62.79999923706055,63.040000915527344,62.56999969482422,63.0099983215332,13595100
2023-05-19,57.086238861083984,62.83000183105469,63.099998474121094,62.61000061035156,63.040000915527344,14251400
2023-05-22,55.88690948486328,61.5099983215332,62.869998931884766,61.439998626708984,62.790000915527344,15055400
2023-05-23,55.78696823120117,61.400001525878906,61.66999816894531,61.16999816894531,61.5099983215332,13932700
2023-05-24,55.31450271606445,60.880001068115234,61.43000030517578,60.720001220703125,61.380001068115234,11090100
2023-05-25,54.88747024536133,60.40999984741211,60.72999954223633,60.150001525878906,60.470001220703125,14463600
2023-05-26,54.75118637084961,60.2599983215332,60.63999938964844,60.11000061035156,60.45000076293945,12570300
2023-05-30,54.315067291259766,59.779998779296875,60.20000076293945,59.52000045776367,60.09000015258789,15634200
2023-05-31,54.20602798461914,59.65999984741211,60.279998779296875,59.369998931884766,59.91999816894531,59432200
2023-06-01,54.51494598388672,60.0,60.16999816894531,59.77000045776367,59.939998626708984,13402700
2023-06-02,55.568904876708984,61.15999984741211,61.31999969482422,60.08000183105469,60.27000045776367,15259800
2023-06-05,55.19638442993164,60.75,61.439998626708984,60.54999923706055,61.0,12915600
2023-06-06,54.79661560058594,60.310001373291016,60.9900016784668,60.119998931884766,60.95000076293945,10943500
2023-06-07,54.71484375,60.220001220703125,60.36000061035156,59.81999969482422,60.0099983215332,16817900
2023-06-08,54.85112762451172,60.369998931884766,60.40999984741211,59.97999954223633,60.130001068115234,15585900
2023-06-09,54.941986083984375,60.470001220703125,60.66999816894531,60.16999816894531,60.27000045776367,12581500
2023-06-12,54.70575714111328,60.209999084472656,60.650001525878906,60.02000045776367,60.59000015258789,14208900
2023-06-13,54.92381286621094,60.45000076293945,60.66999816894531,60.040000915527344,60.209999084472656,13397800
2023-06-14,55.296329498291016,60.86000061035156,61.08000183105469,60.599998474121094,60.72999954223633,14099700
2023-06-15,56.05619812011719,61.22999954223633,61.29999923706055,60.34000015258789,60.61000061035156,15271400
2023-06-16,56.45901870727539,61.66999816894531,62.16999816894531,61.47999954223633,61.599998474121094,26738000
2023-06-20,56.08366775512695,61.2599983215332,61.959999084472656,61.2400016784668,61.59000015258789,13971800
2023-06-21,56.23930358886719,61.43000030517578,61.720001220703125,60.97999954223633,61.310001373291016,13948700
2023-06-22,56.623809814453125,61.849998474121094,62.099998474121094,61.59000015258789,61.810001373291016,15193400
2023-06-23,56.02873229980469,61.20000076293945,61.970001220703125,61.18000030517578,61.939998626708984,25112100
2023-06-26,56.047054290771484,61.220001220703125,61.290000915527344,60.38999938964844,61.209999084472656,12856100
2023-06-27,55.928035736083984,61.09000015258789,61.36000061035156,60.97999954223633,61.220001220703125,9068500
2023-06-28,55.40620040893555,60.52000045776367,61.040000915527344,60.400001525878906,60.880001068115234,11173200
2023-06-29,54.948448181152344,60.02000045776367,60.349998474121094,59.77000045776367,60.220001220703125,17142300
2023-06-30,55.131553649902344,60.220001220703125,60.349998474121094,59.869998931884766,60.0,19739200
2023-07-03,55.461124420166016,60.58000183105469,60.630001068115234,60.029998779296875,60.20000076293945,9694500
2023-07-05,55.87309646606445,61.029998779296875,61.099998474121094,60.15999984741211,60.279998779296875,14716600
2023-07-06,55.44281768798828,60.560001373291016,61.02000045776367,60.5,60.72999954223633,12603900
2023-07-07,54.71040725708008,59.7599983215332,60.5,59.72999954223633,60.310001373291016,14574000
2023-07-10,54.298431396484375,59.310001373291016,60.150001525878906,59.13999938964844,59.970001220703125,15480600
2023-07-11,54.490684509277344,59.52000045776367,59.560001373291016,58.84000015258789,59.459999084472656,15967700
2023-07-12,54.783653259277344,59.84000015258789,60.04999923706055,59.45000076293945,59.75,14241300
2023-07-13,55.25055694580078,60.349998474121094,60.459999084472656,59.97999954223633,60.119998931884766,11269800
2023-07-14,55.75407791137695,60.900001525878906,61.040000915527344,60.09000015258789,60.13999938964844,11634200
2023-07-17,55.671695709228516,60.810001373291016,61.099998474121094,60.4900016784668,60.7599983215332,10014300
2023-07-18,55.45196533203125,60.56999969482422,61.25,60.40999984741211,60.959999084472656,11152900
2023-07-19,56.431556701660156,61.63999938964844,61.790000915527344,60.68000030517578,60.77000045776367,12936000
2023-07-20,57.11817932128906,62.38999938964844,62.40999984741211,61.66999816894531,61.68000030517578,11563000
2023-07-21,57.163963317871094,62.439998626708984,62.68000030517578,62.2400016784668,62.459999084472656,12815100
2023-07-24,57.182273864746094,62.459999084472656,62.810001373291016,62.400001525878906,62.41999816894531,10251100
2023-07-25,56.990013122558594,62.25,62.38999938964844,62.04999923706055,62.29999923706055,13422700
2023-07-26,57.722415924072266,63.04999923706055,63.16999816894531,61.38999938964844,61.86000061035156,17145500
2023-07-27,57.163963317871094,62.439998626708984,63.27000045776367,62.380001068115234,63.04999923706055,11517100
2023-07-28,57.2005729675293,62.47999954223633,62.77000045776367,62.220001220703125,62.59000015258789,9721800
2023-07-31,56.697044372558594,61.93000030517578,62.45000076293945,61.72999954223633,62.45000076293945,15577900
2023-08-01,56.55057144165039,61.77000045776367,62.36000061035156,61.619998931884766,62.09000015258789,9281600
2023-08-02,56.724510192871094,61.959999084472656,62.59000015258789,61.560001373291016,61.560001373291016,11059400
2023-08-03,56.431556701660156,61.63999938964844,62.119998931884766,61.529998779296875,61.869998931884766,8037400
2023-08-04,55.58013916015625,60.709999084472656,61.88999938964844,60.619998931884766,61.68000030517578,9359300
2023-08-07,56.01958084106445,61.189998626708984,61.33000183105469,60.7400016784668,60.790000915527344,6982600
2023-08-08,55.77239227294922,60.91999816894531,61.349998474121094,60.619998931884766,61.189998626708984,7956100
2023-08-09,55.90056610107422,61.060001373291016,61.630001068115234,60.75,60.90999984741211,7904100
2023-08-10,55.77239227294922,60.91999816894531,61.72999954223633,60.790000915527344,61.349998474121094,7870300
2023-08-11,56.00127029418945,61.16999816894531,61.20000076293945,60.689998626708984,60.84000015258789,8483900
2023-08-14,55.735774993896484,60.880001068115234,61.47999954223633,60.75,61.31999969482422,7176300
2023-08-15,55.36042022705078,60.470001220703125,60.900001525878906,60.369998931884766,60.689998626708984,7187400
2023-08-16,55.369571685791016,60.47999954223633,60.81999969482422,60.400001525878906,60.540000915527344,8372300
2023-08-17,55.48858642578125,60.61000061035156,61.02000045776367,60.45000076293945,60.58000183105469,12873500
2023-08-18,55.79985809326172,60.95000076293945,61.09000015258789,60.369998931884766,60.540000915527344,11083800
2023-08-21,55.32380294799805,60.43000030517578,60.93000030517578,60.31999969482422,60.86000061035156,8648500
2023-08-22,54.98506546020508,60.060001373291016,60.58000183105469,59.97999954223633,60.34000015258789,9411500
2023-08-23,55.17731857299805,60.27000045776367,60.439998626708984,60.15999984741211,60.20000076293945,7749500
2023-08-24,55.030845642089844,60.11000061035156,60.880001068115234,60.09000015258789,60.27000045776367,8955100
2023-08-25,55.28717803955078,60.38999938964844,60.56999969482422,60.0099983215332,60.40999984741211,7629200
2023-08-28,55.44281768798828,60.560001373291016,60.72999954223633,60.369998931884766,60.54999923706055,6254300
2023-08-29,55.38788986206055,60.5,60.630001068115234,60.150001525878906,60.560001373291016,8189600
2023-08-30,55.36042022705078,60.470001220703125,60.7400016784668,60.290000915527344,60.63999938964844,9447900
2023-08-31,54.774497985839844,59.83000183105469,60.470001220703125,59.810001373291016,60.29999923706055,14663500
2023-09-01,54.298431396484375,59.310001373291016,60.130001068115234,59.119998931884766,60.0,11262300
2023-09-05,53.8498420715332,58.81999969482422,59.31999969482422,58.66999816894531,59.25,12474600
2023-09-06,53.81322479248047,58.779998779296875,58.83000183105469,58.41999816894531,58.619998931884766,13923500
2023-09-07,53.4012451171875,58.33000183105469,59.15999984741211,58.29999923706055,58.95000076293945,17628600
2023-09-08,53.4012451171875,58.33000183105469,58.40999984741211,58.0099983215332,58.29999923706055,14312300
2023-09-11,53.9047737121582,58.880001068115234,58.9900016784668,58.22999954223633,58.400001525878906,14767400
2023-09-12,53.373775482177734,58.29999923706055,59.0,58.189998626708984,58.9900016784668,12292700
2023-09-13,53.501949310302734,58.439998626708984,58.68000030517578,58.34000015258789,58.400001525878906,12641400
2023-09-14,53.94487762451172,58.459999084472656,58.59000015258789,58.189998626708984,58.2400016784668,12311600
2023-09-15,53.46504211425781,57.939998626708984,58.63999938964844,57.75,58.40999984741211,55727500
2023-09-18,53.79723358154297,58.29999923706055,58.349998474121094,57.630001068115234,57.97999954223633,13617400
2023-09-19,53.68650436401367,58.18000030517578,58.38999938964844,57.91999816894531,58.2599983215332,11998900
2023-09-20,53.926422119140625,58.439998626708984,58.83000183105469,58.08000183105469,58.29999923706055,14766600
2023-09-21,53.0959358215332,57.540000915527344,58.41999816894531,57.41999816894531,58.369998931884766,15941800
2023-09-22,53.15129470825195,57.599998474121094,57.970001220703125,57.5,57.849998474121094,14644100
2023-09-25,52.59763717651367,57.0,57.4900016784668,56.7400016784668,57.400001525878906,12358800
2023-09-26,52.163936614990234,56.529998779296875,56.900001525878906,56.400001525878906,56.72999954223633,11194700
2023-09-27,51.62873458862305,55.95000076293945,56.529998779296875,55.68000030517578,56.41999816894531,13766300
2023-09-28,51.499549865722656,55.810001373291016,56.31999969482422,55.70000076293945,56.22999954223633,12484800
2023-09-29,51.65641784667969,55.97999954223633,56.27000045776367,55.619998931884766,56.13999938964844,12271600
2023-10-02,51.19503402709961,55.47999954223633,56.0099983215332,55.08000183105469,55.90999984741211,11792500
2023-10-03,50.641380310058594,54.880001068115234,55.43000030517578,54.779998779296875,55.15999984741211,13604200
2023-10-04,50.78901290893555,55.040000915527344,55.279998779296875,54.709999084472656,54.88999938964844,12100500
2023-10-05,48.33447265625,52.380001068115234,54.95000076293945,52.2400016784668,54.7400016784668,29878100
2023-10-06,49.035762786865234,53.13999938964844,53.290000915527344,51.54999923706055,52.040000915527344,30298900
2023-10-09,48.79584884643555,52.880001068115234,53.150001525878906,52.11000061035156,52.959999084472656,15704700
2023-10-10,49.85702133178711,54.029998779296875,54.33000183105469,53.560001373291016,54.130001068115234,20909700
2023-10-11,49.56174087524414,53.709999084472656,54.279998779296875,53.02000045776367,54.220001220703125,21138900
2023-10-12,48.73125076293945,52.810001373291016,53.83000183105469,52.43000030517578,53.7599983215332,19330400
2023-10-13,48.80506896972656,52.88999938964844,53.41999816894531,52.63999938964844,52.7400016784668,14494600
2023-10-16,49.30336380004883,53.43000030517578,53.560001373291016,52.84000015258789,53.02000045776367,12816800
2023-10-17,49.89393997192383,54.06999969482422,54.099998474121094,53.209999084472656,53.310001373291016,16457200
2023-10-18,49.87548065185547,54.04999923706055,54.529998779296875,53.91999816894531,54.099998474121094,12809500
2023-10-19,50.15230941772461,54.349998474121094,54.7599983215332,53.86000061035156,54.15999984741211,16202200
2023-10-20,50.35531997680664,54.56999969482422,55.02000045776367,54.439998626708984,54.529998779296875,15686400
2023-10-23,49.90317153930664,54.08000183105469,54.88999938964844,54.04999923706055,54.380001068115234,21212700
2023-10-24,51.342681884765625,55.63999938964844,56.16999816894531,55.29999923706055,55.650001525878906,25290800
2023-10-25,51.785606384277344,56.119998931884766,56.220001220703125,55.560001373291016,55.7599983215332,16701000
2023-10-26,51.471858978271484,55.779998779296875,56.630001068115234,55.720001220703125,56.369998931884766,16228400
2023-10-27,50.97357177734375,55.2400016784668,56.13999938964844,55.099998474121094,55.54999923706055,13626500
2023-10-30,51.813289642333984,56.150001525878906,56.279998779296875,55.41999816894531,55.43000030517578,15014300
2023-10-31,52.12702941894531,56.4900016784668,56.720001220703125,56.150001525878906,56.56999969482422,16639400
2023-11-01,52.08089065551758,56.439998626708984,56.880001068115234,56.2599983215332,56.79999923706055,14110800
2023-11-02,52.680694580078125,57.09000015258789,57.150001525878906,56.36000061035156,56.5,13087200
2023-11-03,52.35772705078125,56.7400016784668,57.59000015258789,56.70000076293945,57.400001525878906,13958700
2023-11-06,52.56996536254883,56.970001220703125,57.279998779296875,56.7400016784668,56.779998779296875,12673200
2023-11-07,52.763736724853516,57.18000030517578,57.400001525878906,56.72999954223633,56.91999816894531,10449300
2023-11-08,52.680694580078125,57.09000015258789,57.470001220703125,56.91999816894531,57.31999969482422,13744000
2023-11-09,52.283905029296875,56.65999984741211,57.13999938964844,56.369998931884766,57.029998779296875,12021100
2023-11-10,52.33926773071289,56.720001220703125,56.93000030517578,56.060001373291016,56.869998931884766,11678900
2023-11-13,52.533042907714844,56.93000030517578,57.099998474121094,56.599998474121094,56.619998931884766,12798200
2023-11-14,52.68990707397461,57.099998474121094,57.2400016784668,56.810001373291016,57.02000045776367,12697100
2023-11-15,52.791419982910156,57.209999084472656,57.34000015258789,56.75,57.29999923706055,10201900
2023-11-16,52.736053466796875,57.150001525878906,57.529998779296875,56.810001373291016,57.25,16010400
2023-11-17,52.83756637573242,57.2599983215332,57.34000015258789,56.70000076293945,57.189998626708984,14475800
2023-11-20,52.96674346923828,57.400001525878906,57.58000183105469,56.959999084472656,57.04999923706055,13051000
2023-11-21,53.5480842590332,58.029998779296875,58.040000915527344,57.33000183105469,57.459999084472656,13891600
2023-11-22,53.907958984375,58.41999816894531,58.540000915527344,58.130001068115234,58.2599983215332,11320600
2023-11-24,54.046382904052734,58.56999969482422,58.75,58.34000015258789,58.459999084472656,4816000
2023-11-27,53.94487762451172,58.459999084472656,58.689998626708984,58.27000045776367,58.540000915527344,16246500
2023-11-28,54.05561447143555,58.58000183105469,58.83000183105469,58.36000061035156,58.400001525878906,13739600
2023-11-29,53.73264694213867,58.22999954223633,58.66999816894531,58.099998474121094,58.58000183105469,11263600
2023-11-30,54.355812072753906,58.439998626708984,58.459999084472656,57.599998474121094,57.959999084472656,22727500
2023-12-01,54.541839599609375,58.63999938964844,58.689998626708984,58.2400016784668,58.27000045776367,15371200
2023-12-04,54.47673416137695,58.56999969482422,58.959999084472656,58.439998626708984,58.59000015258789,14942200
2023-12-05,54.56044387817383,58.65999984741211,58.83000183105469,58.41999816894531,58.54999923706055,11891500
2023-12-06,54.504634857177734,58.599998474121094,58.72999954223633,58.209999084472656,58.560001373291016,14868500
2023-12-07,54.63485336303711,58.7400016784668,58.88999938964844,58.38999938964844,58.66999816894531,11587900
2023-12-08,54.513938903808594,58.61000061035156,58.75,58.369998931884766,58.7400016784668,11178700
2023-12-11,54.913883209228516,59.040000915527344,59.09000015258789,58.5,58.83000183105469,14524800
2023-12-12,55.26731872558594,59.41999816894531,59.41999816894531,58.900001525878906,59.20000076293945,12899000
2023-12-13,55.7416877746582,59.93000030517578,60.02000045776367,59.2599983215332,59.45000076293945,16196800
2023-12-14,54.913883209228516,59.040000915527344,60.040000915527344,58.77000045776367,59.970001220703125,22478300
2023-12-15,54.504634857177734,58.599998474121094,59.16999816894531,57.79999923706055,58.83000183105469,65177400
2023-12-18,54.89527893066406,59.02000045776367,59.4900016784668,58.619998931884766,58.79999923706055,16717700
2023-12-19,54.71855926513672,58.83000183105469,59.20000076293945,58.63999938964844,59.0,14612200
2023-12-20,53.58382034301758,57.61000061035156,58.66999816894531,57.56999969482422,58.5,17701000
2023-12-21,53.9372673034668,57.9900016784668,58.06999969482422,57.470001220703125,57.849998474121094,11725100
2023-12-22,54.24420166015625,58.31999969482422,58.459999084472656,58.02000045776367,58.119998931884766,9029400
2023-12-26,54.467430114746094,58.560001373291016,58.709999084472656,58.060001373291016,58.060001373291016,6422500
2023-12-27,54.6069450378418,58.709999084472656,58.77000045776367,58.400001525878906,58.63999938964844,8560100
2023-12-28,54.64414978027344,58.75,58.869998931884766,58.529998779296875,58.650001525878906,8400100
2023-12-29,54.81157684326172,58.93000030517578,58.97999954223633,58.630001068115234,58.7400016784668,9244300
2024-01-02,55.639373779296875,59.81999969482422,59.880001068115234,58.66999816894531,58.79999923706055,16322600
2024-01-03,55.769588470458984,59.959999084472656,60.20000076293945,59.7599983215332,59.93000030517578,14830600
2024-01-04,55.58356475830078,59.7599983215332,60.2599983215332,59.65999984741211,60.04999923706055,12912900
2024-01-05,55.499855041503906,59.66999816894531,59.95000076293945,59.09000015258789,59.79999923706055,10412800
2024-01-08,55.90910720825195,60.11000061035156,60.18000030517578,59.41999816894531,59.68000030517578,11554600
2024-01-09,55.80679702758789,60.0,60.13999938964844,59.619998931884766,59.9900016784668,10493700
2024-01-10,55.99281692504883,60.20000076293945,60.40999984741211,59.97999954223633,60.220001220703125,12258000
2024-01-11,55.630069732666016,59.810001373291016,60.2599983215332,59.689998626708984,60.25,13754200
2024-01-12,56.169532775878906,60.38999938964844,60.459999084472656,59.869998931884766,60.08000183105469,13218000
2024-01-16,55.797489166259766,59.9900016784668,60.43000030517578,59.849998474121094,60.38999938964844,11826900
2024-01-17,55.797489166259766,59.9900016784668,60.209999084472656,59.81999969482422,59.86000061035156,8982100
2024-01-18,55.955604553222656,60.15999984741211,60.22999954223633,59.529998779296875,59.689998626708984,10397700
2024-01-19,55.648677825927734,59.83000183105469,60.279998779296875,59.63999938964844,60.2599983215332,14392600
2024-01-22,55.40684509277344,59.56999969482422,60.06999969482422,59.439998626708984,59.7599983215332,14314300
2024-01-23,55.667274475097656,59.849998474121094,60.0,59.459999084472656,59.529998779296875,14481600
2024-01-24,54.792972564697266,58.90999984741211,59.810001373291016,58.88999938964844,59.79999923706055,16370500
2024-01-25,55.02550506591797,59.15999984741211,59.16999816894531,58.65999984741211,59.0099983215332,14899700
2024-01-26,55.22081756591797,59.369998931884766,59.4900016784668,59.130001068115234,59.25,13025100
2024-01-29,55.555660247802734,59.72999954223633,59.790000915527344,59.16999816894531,59.34000015258789,14547100
2024-01-30,55.71378707885742,59.900001525878906,60.02000045776367,59.45000076293945,59.849998474121094,22061500
2024-01-31,55.332435607910156,59.4900016784668,60.45000076293945,59.290000915527344,60.099998474121094,22837000
2024-02-01,56.718299865722656,60.97999954223633,61.0099983215332,59.36000061035156,59.56999969482422,15870900
2024-02-02,56.309051513671875,60.540000915527344,60.869998931884766,60.22999954223633,60.81999969482422,17544900
2024-02-05,55.843997955322266,60.040000915527344,60.380001068115234,59.880001068115234,60.380001068115234,12759600
2024-02-06,55.7509880065918,59.939998626708984,60.04999923706055,59.68000030517578,59.959999084472656,12775200
2024-02-07,55.797489166259766,59.9900016784668,60.209999084472656,59.939998626708984,60.06999969482422,10259900
2024-02-08,55.648677825927734,59.83000183105469,59.970001220703125,59.40999984741211,59.88999938964844,12874800
2024-02-09,55.397544860839844,59.560001373291016,59.58000183105469,59.029998779296875,59.470001220703125,15235300
2024-02-12,55.52775955200195,59.70000076293945,59.7599983215332,58.959999084472656,59.65999984741211,13516800
2024-02-13,55.20221710205078,59.349998474121094,60.65999984741211,58.790000915527344,59.5,24195700
2024-02-14,55.14641189575195,59.290000915527344,59.59000015258789,59.040000915527344,59.16999816894531,15872500
2024-02-15,55.24872970581055,59.400001525878906,59.59000015258789,59.130001068115234,59.41999816894531,13695800
2024-02-16,55.23942565917969,59.38999938964844,59.619998931884766,58.959999084472656,59.349998474121094,13947100
2024-02-20,56.4578742980957,60.70000076293945,60.84000015258789,59.5099983215332,59.599998474121094,18339300
2024-02-21,56.96012878417969,61.2400016784668,61.279998779296875,60.83000183105469,60.9900016784668,14373000
2024-02-22,56.87642288208008,61.150001525878906,61.25,60.5,60.9900016784668,12982800
2024-02-23,56.92292785644531,61.20000076293945,61.619998931884766,61.0,61.09000015258789,13612900
2024-02-26,56.46717071533203,60.709999084472656,61.27000045776367,60.65999984741211,61.2400016784668,10336100
2024-02-27,56.12303161621094,60.34000015258789,60.779998779296875,60.119998931884766,60.540000915527344,9931100
2024-02-28,56.1788444519043,60.400001525878906,60.4900016784668,60.060001373291016,60.369998931884766,8076500
2024-02-29,55.82539749145508,60.02000045776367,60.63999938964844,59.900001525878906,60.349998474121094,18152700
2024-03-01,55.3696403503418,59.529998779296875,59.900001525878906,59.34000015258789,59.900001525878906,10927600
2024-03-04,55.630069732666016,59.810001373291016,59.95000076293945,59.220001220703125,59.22999954223633,10150200
2024-03-05,55.36033630371094,59.52000045776367,60.11000061035156,59.41999816894531,59.90999984741211,12310000
2024-03-06,55.38823699951172,59.54999923706055,60.0,59.380001068115234,59.52000045776367,12378800
2024-03-07,55.285926818847656,59.439998626708984,59.77000045776367,59.2400016784668,59.689998626708984,13686900
2024-03-08,55.36033630371094,59.52000045776367,59.790000915527344,58.970001220703125,59.29999923706055,13239000
2024-03-11,56.03002166748047,60.2400016784668,60.290000915527344,59.58000183105469,59.779998779296875,14114300
2024-03-12,56.27185821533203,60.5,60.75,60.209999084472656,60.31999969482422,12684600
2024-03-13,56.848514556884766,61.119998931884766,61.209999084472656,60.79999923706055,60.880001068115234,13909500
2024-03-14,56.72195816040039,60.5,60.79999923706055,60.400001525878906,60.58000183105469,13996600
2024-03-15,56.14067077636719,59.880001068115234,60.45000076293945,59.63999938964844,60.02000045776367,36849900
2024-03-18,56.375057220458984,60.130001068115234,60.400001525878906,59.79999923706055,59.88999938964844,15856700
2024-03-19,56.468814849853516,60.22999954223633,60.349998474121094,60.060001373291016,60.2400016784668,15030600
2024-03-20,56.956336975097656,60.75,60.810001373291016,60.15999984741211,60.18000030517578,15258800
2024-03-21,56.69382858276367,60.470001220703125,60.9900016784668,60.31999969482422,60.560001373291016,13067100
2024-03-22,56.71257781982422,60.4900016784668,60.790000915527344,60.43000030517578,60.52000045776367,11502800
2024-03-25,56.62820053100586,60.400001525878906,60.709999084472656,60.119998931884766,60.47999954223633,13144700
2024-03-26,56.75944900512695,60.540000915527344,60.709999084472656,60.380001068115234,60.5,13277400
2024-03-27,57.218849182128906,61.029998779296875,61.43000030517578,60.70000076293945,60.790000915527344,12551200
2024-03-28,57.35948944091797,61.18000030517578,61.2599983215332,61.0,61.13999938964844,13683500
2024-04-01,56.89070510864258,60.68000030517578,61.29999923706055,60.630001068115234,61.18000030517578,11668700
2024-04-02,56.39381408691406,60.150001525878906,60.72999954223633,60.11000061035156,60.45000076293945,13017300
2024-04-03,56.09379577636719,59.83000183105469,60.38999938964844,59.779998779296875,60.04999923706055,13672900
2024-04-04,55.596885681152344,59.29999923706055,60.150001525878906,59.16999816894531,60.09000015258789,14320700
2024-04-05,55.79377365112305,59.5099983215332,59.68000030517578,58.90999984741211,59.25,10157800
2024-04-08,55.56875991821289,59.27000045776367,59.470001220703125,59.06999969482422,59.400001525878906,10284500
2024-04-09,55.99065399169922,59.720001220703125,59.7400016784668,59.130001068115234,59.47999954223633,10779100
2024-04-10,55.2406120300293,58.91999816894531,59.38999938964844,58.689998626708984,59.31999969482422,11861900
2024-04-11,55.362491607666016,59.04999923706055,59.369998931884766,58.790000915527344,59.150001525878906,11109000
2024-04-12,54.64058303833008,58.279998779296875,59.0099983215332,58.130001068115234,58.95000076293945,12250900
2024-04-15,54.50932693481445,58.13999938964844,58.810001373291016,58.040000915527344,58.61000061035156,12425000
2024-04-16,54.434326171875,58.060001373291016,58.380001068115234,57.93000030517578,58.25,11236800
2024-04-17,54.85622024536133,58.5099983215332,58.560001373291016,58.099998474121094,58.279998779296875,13805100
2024-04-18,55.23124313354492,58.90999984741211,58.97999954223633,58.540000915527344,58.619998931884766,11125900
2024-04-19,56.41255569458008,60.16999816894531,60.36000061035156,59.0,59.099998474121094,21207900
2024-04-22,56.768829345703125,60.54999923706055,60.630001068115234,59.720001220703125,60.13999938964844,15624500
2024-04-23,56.85321044921875,60.63999938964844,60.68000030517578,60.130001068115234,60.529998779296875,13689100
2024-04-24,57.706382751464844,61.54999923706055,61.650001525878906,59.84000015258789,60.31999969482422,19548300
2024-04-25,57.884525299072266,61.7400016784668,62.59000015258789,61.369998931884766,61.869998931884766,19048500
2024-04-26,57.884525299072266,61.7400016784668,61.93000030517578,61.349998474121094,61.54999923706055,10994300
2024-04-29,58.16578674316406,62.040000915527344,62.04999923706055,61.529998779296875,61.91999816894531,13409300
2024-04-30,57.91264724731445,61.77000045776367,62.83000183105469,61.470001220703125,62.13999938964844,19349200
2024-05-01,58.06264877319336,61.93000030517578,62.56999969482422,61.209999084472656,61.79999923706055,16729800
2024-05-02,58.1189079284668,61.9900016784668,62.400001525878906,61.720001220703125,62.18000030517578,10991300
2024-05-03,58.287662506103516,62.16999816894531,62.33000183105469,61.63999938964844,61.9900016784668,11628700
2024-05-06,58.456424713134766,62.349998474121094,62.380001068115234,61.900001525878906,62.29999923706055,9310700
2024-05-07,58.709564208984375,62.619998931884766,62.81999969482422,62.25,62.7599983215332,9807000
2024-05-08,58.92519760131836,62.849998474121094,62.970001220703125,62.47999954223633,62.849998474121094,10484400
2024-05-09,58.953330993652344,62.880001068115234,63.150001525878906,62.75,62.810001373291016,9113700
2024-05-10,59.30959701538086,63.2599983215332,63.36000061035156,62.790000915527344,62.91999816894531,8371700
2024-05-13,59.609619140625,63.58000183105469,63.619998931884766,63.18000030517578,63.2400016784668,10137600
2024-05-14,59.159584045410156,63.099998474121094,63.7599983215332,62.79999923706055,63.58000183105469,10852200
2024-05-15,59.18770980834961,63.130001068115234,63.38999938964844,63.0,63.060001373291016,9838900
2024-05-16,59.36585235595703,63.31999969482422,63.72999954223633,63.06999969482422,63.2400016784668,10228000
2024-05-17,59.09395980834961,63.029998779296875,63.369998931884766,62.939998626708984,63.34000015258789,11539000
2024-05-20,58.66268539428711,62.56999969482422,63.0099983215332,62.459999084472656,62.93000030517578,11000900
2024-05-21,58.9814567565918,62.90999984741211,62.97999954223633,62.439998626708984,62.81999969482422,9796200
2024-05-22,59.06583786010742,63.0,63.02000045776367,62.65999984741211,62.709999084472656,7419400
2024-05-23,58.21266174316406,62.09000015258789,62.880001068115234,62.04999923706055,62.4900016784668,9834300
2024-05-24,58.12827682495117,62.0,62.41999816894531,61.970001220703125,62.220001220703125,8203100
2024-05-28,57.95951843261719,61.81999969482422,62.130001068115234,61.400001525878906,61.790000915527344,12347000
2024-05-29,57.847015380859375,61.70000076293945,61.880001068115234,61.06999969482422,61.470001220703125,11861800
2024-05-30,58.100154876708984,61.970001220703125,62.08000183105469,61.599998474121094,61.849998474121094,9433800
2024-05-31,59.000205993652344,62.93000030517578,63.029998779296875,61.689998626708984,61.9900016784668,19816600
2024-06-03,59.000205993652344,62.93000030517578,63.09000015258789,62.45000076293945,62.709999084472656,9369000
2024-06-04,59.94712829589844,63.939998626708984,63.970001220703125,62.939998626708984,63.20000076293945,11895600
2024-06-05,59.92837905883789,63.91999816894531,64.06999969482422,63.349998474121094,63.9900016784668,9632500
2024-06-06,60.144020080566406,64.1500015258789,64.36000061035156,63.84000015258789,63.91999816894531,8658500
2024-06-07,59.91900634765625,63.90999984741211,64.22000122070312,63.810001373291016,64.08999633789062,9523100
2024-06-10,59.618988037109375,63.59000015258789,63.9900016784668,63.369998931884766,63.939998626708984,15685300
2024-06-11,59.58148956298828,63.54999923706055,63.650001525878906,63.06999969482422,63.59000015258789,8396000
2024-06-12,58.953330993652344,62.880001068115234,63.689998626708984,62.689998626708984,63.689998626708984,9569600
2024-06-13,59.056461334228516,62.9900016784668,63.040000915527344,62.45000076293945,62.86000061035156,9668900
2024-06-14,59.098968505859375,62.54999923706055,62.689998626708984,62.09000015258789,62.380001068115234,8179200
2024-06-17,59.16511154174805,62.619998931884766,62.900001525878906,62.18000030517578,62.369998931884766,10532700
2024-06-18,59.174564361572266,62.630001068115234,62.81999969482422,62.439998626708984,62.529998779296875,10651700
2024-06-20,58.74938201904297,62.18000030517578,62.7400016784668,61.95000076293945,62.400001525878906,13306300
2024-06-21,59.30683517456055,62.77000045776367,63.099998474121094,62.18000030517578,62.18000030517578,28278100
2024-06-24,60.44063186645508,63.970001220703125,64.05999755859375,62.90999984741211,62.9900016784668,13212500
2024-06-25,60.31780242919922,63.84000015258789,64.06999969482422,63.5099983215332,63.939998626708984,10235300
2024-06-26,60.516212463378906,64.05000305175781,64.11000061035156,63.22999954223633,63.400001525878906,9402500
2024-06-27,60.38393783569336,63.90999984741211,64.2699966430664,63.619998931884766,64.05000305175781,8494100
2024-06-28,60.13828659057617,63.650001525878906,64.05999755859375,63.52000045776367,63.900001525878906,17358800
2024-07-01,59.788700103759766,63.279998779296875,64.30000305175781,63.119998931884766,64.02999877929688,10033400
2024-07-02,59.66586685180664,63.150001525878906,63.380001068115234,62.86000061035156,63.2599983215332,8878200
2024-07-03,59.835941314697266,63.33000183105469,63.66999816894531,62.93000030517578,63.189998626708984,9154200
2024-07-05,60.24221420288086,63.7599983215332,63.790000915527344,63.0,63.33000183105469,11735500
2024-07-08,59.486358642578125,62.959999084472656,63.59000015258789,62.84000015258789,63.59000015258789,11235100
2024-07-09,59.23124694824219,62.689998626708984,63.22999954223633,62.59000015258789,63.060001373291016,11657500
2024-07-10,59.363525390625,62.83000183105469,62.86000061035156,62.290000915527344,62.720001220703125,11930400
2024-07-11,59.61862564086914,63.099998474121094,63.459999084472656,62.400001525878906,62.63999938964844,11431600
2024-07-12,60.18552780151367,63.70000076293945,64.11000061035156,63.38999938964844,63.459999084472656,9201500
2024-07-15,59.911521911621094,63.40999984741211,63.939998626708984,63.349998474121094,63.790000915527344,8207500
2024-07-16,60.72407531738281,64.2699966430664,64.30999755859375,63.38999938964844,63.43000030517578,9025100
2024-07-17,61.61221694946289,65.20999908447266,65.38999938964844,64.41000366210938,64.47000122070312,12508200
2024-07-18,61.593326568603516,65.19000244140625,65.80999755859375,64.72000122070312,64.80000305175781,11128200
2024-07-19,61.68780517578125,65.29000091552734,65.63999938964844,64.81999969482422,65.63999938964844,13775700
2024-07-22,61.19648742675781,64.7699966430664,65.29000091552734,64.31999969482422,65.25,11794200
2024-07-23,61.376007080078125,64.95999908447266,66.04000091552734,64.8499984741211,65.43000030517578,11810300
2024-07-24,62.179107666015625,65.80999755859375,65.97000122070312,64.83000183105469,65.08999633789062,13244600
2024-07-25,62.42476272583008,66.06999969482422,66.88999938964844,65.86000061035156,66.04000091552734,16328600
2024-07-26,63.35069274902344,67.05000305175781,67.11000061035156,66.01000213623047,66.06999969482422,13530100
2024-07-29,63.14284133911133,66.83000183105469,67.02999877929688,66.38999938964844,66.87999725341797,12140200
2024-07-30,63.94594192504883,67.68000030517578,67.83000183105469,66.36000061035156,66.4800033569336,13258000
2024-07-31,63.05780029296875,66.73999786376953,67.61000061035156,66.61000061035156,67.5,15576800
2024-08-01,64.21047973632812,67.95999908447266,68.11000061035156,66.69999694824219,67.0,16495900
2024-08-02,65.50491333007812,69.33000183105469,69.66999816894531,67.69000244140625,68.52999877929688,22514800
2024-08-05,64.3427734375,68.0999984741211,69.55000305175781,67.7300033569336,68.98999786376953,25484300
2024-08-06,64.29552459716797,68.05000305175781,68.83999633789062,67.7699966430664,68.1500015258789,12969100
2024-08-07,64.68289184570312,68.45999908447266,69.18000030517578,67.83000183105469,68.05000305175781,13365300
2024-08-08,64.93801879882812,68.7300033569336,68.86000061035156,67.8499984741211,68.0,15240900
2024-08-09,64.89077758789062,68.68000030517578,68.79000091552734,68.25,68.69999694824219,12080400
2024-08-12,64.4089126586914,68.16999816894531,68.54000091552734,67.83000183105469,68.44999694824219,11012300
2024-08-13,64.68289184570312,68.45999908447266,68.61000061035156,68.01000213623047,68.08000183105469,9877600
2024-08-14,64.7962875366211,68.58000183105469,68.88999938964844,68.12999725341797,68.2300033569336,14328000
2024-08-15,64.8624267578125,68.6500015258789,68.91999816894531,68.5,68.62000274658203,11285100
2024-08-16,65.36317443847656,69.18000030517578,69.30000305175781,68.63999938964844,68.83999633789062,12651200
2024-08-19,65.1742172241211,68.9800033569336,69.41999816894531,68.8499984741211,69.3499984741211,9843900
2024-08-20,65.55213928222656,69.37999725341797,69.38999938964844,68.7699966430664,68.98999786376953,11957400
2024-08-21,65.7316665649414,69.56999969482422,70.12999725341797,69.33000183105469,69.4800033569336,8792400
2024-08-22,65.50491333007812,69.33000183105469,69.91999816894531,68.79000091552734,69.91999816894531,12509200
2024-08-23,65.93952178955078,69.79000091552734,69.8499984741211,68.94000244140625,69.4000015258789,11834700
2024-08-26,66.93158721923828,70.83999633789062,70.91999816894531,69.7300033569336,69.83000183105469,12912200
2024-08-27,67.55517578125,71.5,71.52999877929688,71.05000305175781,71.31999969482422,16988400
2024-08-28,67.7913818359375,71.75,71.80999755859375,71.30000305175781,71.61000061035156,13272600
2024-08-29,68.0748291015625,72.05000305175781,72.22000122070312,71.2300033569336,71.9000015258789,17201700
2024-08-30,68.47166442871094,72.47000122070312,72.56999969482422,71.77999877929688,72.19999694824219,18624200
2024-09-03,68.98187255859375,73.01000213623047,73.29000091552734,72.25,72.44000244140625,14755800
2024-09-04,68.55670166015625,72.55999755859375,73.52999877929688,71.91000366210938,73.30000305175781,18140800
2024-09-05,67.2433853149414,71.16999816894531,72.68000030517578,70.9800033569336,72.62000274658203,23866100
2024-09-06,67.21504974365234,71.13999938964844,71.66999816894531,70.88999938964844,70.98999786376953,17485700
2024-09-09,67.88587188720703,71.8499984741211,72.30999755859375,70.9800033569336,71.2300033569336,12939300
2024-09-10,67.60243225097656,71.55000305175781,72.41999816894531,71.5199966430664,71.97000122070312,10277600
2024-09-11,67.1583480834961,71.08000183105469,71.37000274658203,70.56999969482422,71.36000061035156,11418200
2024-09-12,67.30007934570312,71.2300033569336,71.37999725341797,70.66000366210938,71.0,12337800
2024-09-13,67.93269348144531,71.41000366210938,71.47000122070312,70.4800033569336,70.83999633789062,11073800
2024-09-16,68.58909606933594,72.0999984741211,72.23999786376953,71.62000274658203,71.7699966430664,10786500
2024-09-17,68.30370330810547,71.80000305175781,72.3499984741211,71.72000122070312,71.9000015258789,12974400
2024-09-18,68.25613403320312,71.75,72.37999725341797,71.2699966430664,71.88999938964844,10719700
2024-09-19,67.18116760253906,70.62000274658203,71.94000244140625,70.5999984741211,71.55999755859375,13635600
2024-09-20,68.1514892578125,71.63999938964844,71.80000305175781,70.37999725341797,70.41000366210938,48578500
2024-09-23,68.23712921142578,71.7300033569336,72.19999694824219,71.18000030517578,71.55000305175781,11613000
2024-09-24,67.85659790039062,71.33000183105469,71.81999969482422,70.5999984741211,71.22000122070312,13330600
2024-09-25,67.97074890136719,71.44999694824219,71.91999816894531,71.30999755859375,71.70999908447266,12329100
2024-09-26,67.92317962646484,71.4000015258789,71.61000061035156,70.83999633789062,70.86000061035156,10815200
2024-09-27,68.294189453125,71.79000091552734,72.19999694824219,71.45999908447266,71.54000091552734,11175700
2024-09-30,68.36078643798828,71.86000061035156,72.19999694824219,71.69000244140625,72.0,18015300
2024-10-01,68.21809387207031,71.70999908447266,72.75,71.62999725341797,72.0999984741211,13294500
2024-10-02,67.55217742919922,71.01000213623047,71.43000030517578,70.41000366210938,71.38999938964844,11155500
2024-10-03,67.0860366821289,70.5199966430664,70.98999786376953,70.19999694824219,70.86000061035156,9374800
2024-10-04,66.7530746459961,70.16999816894531,70.27999877929688,69.72000122070312,69.95999908447266,12684800
2024-10-07,65.6495590209961,69.01000213623047,70.0999984741211,68.87000274658203,70.05000305175781,14512000
2024-10-08,65.811279296875,69.18000030517578,69.44000244140625,68.86000061035156,69.04000091552734,13549700
2024-10-09,66.18229675292969,69.56999969482422,69.73999786376953,69.06999969482422,69.19000244140625,9037700
2024-10-10,65.87788391113281,69.25,69.91000366210938,68.98999786376953,69.83000183105469,8635200
2024-10-11,66.18229675292969,69.56999969482422,69.58999633789062,69.0,69.45999908447266,8786300
2024-10-14,66.914794921875,70.33999633789062,70.47000122070312,69.47000122070312,69.56999969482422,7659300
2024-10-15,66.914794921875,70.33999633789062,71.20999908447266,70.16000366210938,70.45999908447266,10358700
2024-10-16,67.13360595703125,70.56999969482422,70.69999694824219,69.97000122070312,70.08999633789062,7937300
2024-10-17,66.49623107910156,69.9000015258789,70.69000244140625,69.58000183105469,70.62999725341797,14674600
2024-10-18,67.00994110107422,70.44000244140625,70.55000305175781,69.61000061035156,69.87000274658203,15087500
2024-10-21,66.0681381225586,69.44999694824219,70.33000183105469,69.30999755859375,70.0,11981200
2024-10-22,66.0681381225586,69.44999694824219,69.75,68.68000030517578,69.0,18603300
2024-10-23,64.69827270507812,68.01000213623047,68.69999694824219,66.58000183105469,66.98999786376953,24655200
2024-10-24,64.0228271484375,67.30000305175781,68.04000091552734,66.94999694824219,67.6500015258789,17568800
2024-10-25,63.66132736206055,66.91999816894531,67.69999694824219,66.79000091552734,67.06999969482422,11138100
2024-10-28,63.42350769042969,66.66999816894531,67.4000015258789,66.5999984741211,66.95999908447266,10761400
2024-10-29,62.36756134033203,65.55999755859375,66.33999633789062,65.5199966430664,66.29000091552734,16525900
2024-10-30,62.710025787353516,65.91999816894531,66.54000091552734,65.31999969482422,65.51000213623047,14177800
2024-10-31,62.129730224609375,65.30999755859375,65.98999786376953,65.26000213623047,65.80999755859375,13383700
2024-11-01,61.84434509277344,65.01000213623047,65.66000366210938,64.88999938964844,65.47000122070312,12163100
2024-11-04,61.93946838378906,65.11000061035156,65.41999816894531,64.6500015258789,65.08000183105469,10984500
2024-11-05,62.18681716918945,65.37000274658203,65.47000122070312,64.63999938964844,64.63999938964844,8780200
2024-11-06,60.59813690185547,63.70000076293945,64.86000061035156,63.18000030517578,64.41999816894531,22899300
2024-11-07,60.560089111328125,63.65999984741211,64.38999938964844,63.599998474121094,64.29000091552734,14856100
2024-11-08,60.80741500854492,63.91999816894531,64.23999786376953,63.7400016784668,63.90999984741211,14719300
2024-11-11,60.274696350097656,63.36000061035156,64.12000274658203,63.25,63.9900016784668,13980900
2024-11-12,60.12248229980469,63.20000076293945,63.75,63.119998931884766,63.68000030517578,15021000
2024-11-13,59.93222427368164,63.0,63.2599983215332,62.4900016784668,63.04999923706055,13177600
2024-11-14,59.50413131713867,62.54999923706055,63.11000061035156,62.43000030517578,63.11000061035156,15910800
2024-11-15,58.73358154296875,61.7400016784668,62.630001068115234,61.38999938964844,62.4900016784668,26284300
2024-11-18,58.84773254394531,61.86000061035156,62.13999938964844,61.560001373291016,61.849998474121094,16062100
2024-11-19,59.54218673706055,62.59000015258789,62.619998931884766,61.630001068115234,61.900001525878906,16254800
2024-11-20,59.92271423339844,62.9900016784668,63.0099983215332,62.02000045776367,62.70000076293945,18904900
2024-11-21,60.65521240234375,63.7599983215332,63.810001373291016,62.95000076293945,63.150001525878906,17292300
2024-11-22,60.80741500854492,63.91999816894531,64.4800033569336,63.650001525878906,64.23999786376953,19562200
2024-11-25,61.24502182006836,64.37999725341797,64.70999908447266,63.84000015258789,64.31999969482422,36805300
2024-11-26,61.4067497253418,64.55000305175781,64.63999938964844,64.05999755859375,64.30999755859375,14473300
2024-11-27,61.29258728027344,64.43000030517578,65.0999984741211,64.25,64.95999908447266,13263400
2024-11-29,61.4219856262207,64.08000183105469,64.25,63.77000045776367,64.0199966430664,10648400
2024-12-02,61.00982666015625,63.650001525878906,64.19000244140625,63.349998474121094,64.05000305175781,16500100
2024-12-03,60.88521194458008,63.52000045776367,64.08000183105469,63.029998779296875,63.720001220703125,24874500
2024-12-04,59.629554748535156,62.209999084472656,63.349998474121094,61.900001525878906,63.279998779296875,28137700
2024-12-05,60.310096740722656,62.91999816894531,63.119998931884766,62.099998474121094,62.470001220703125,21040400
2024-12-06,59.936279296875,62.529998779296875,63.36000061035156,62.5099983215332,62.83000183105469,15581100
2024-12-09,60.00337219238281,62.599998474121094,62.93000030517578,61.900001525878906,62.689998626708984,22348300
2024-12-10,60.30051803588867,62.90999984741211,63.040000915527344,61.790000915527344,62.70000076293945,14949400
2024-12-11,60.041717529296875,62.63999938964844,63.630001068115234,62.400001525878906,63.0,32819000
2024-12-12,61.19193649291992,63.84000015258789,63.91999816894531,63.220001220703125,63.54999923706055,17542100
2024-12-13,60.501800537109375,63.119998931884766,63.84000015258789,63.11000061035156,63.56999969482422,13429000
2024-12-16,59.95545196533203,62.54999923706055,63.86000061035156,62.349998474121094,63.22999954223633,24559700
2024-12-17,60.77019119262695,63.400001525878906,63.54999923706055,62.31999969482422,62.45000076293945,21902400
2024-12-18,60.24300765991211,62.849998474121094,63.63999938964844,62.790000915527344,62.810001373291016,20946100
2024-12-19,59.85960006713867,62.45000076293945,63.16999816894531,62.400001525878906,62.70000076293945,21300600
2024-12-20,59.95545196533203,62.54999923706055,63.060001373291016,62.279998779296875,62.470001220703125,42458100
2024-12-23,59.792503356933594,62.380001068115234,62.7599983215332,61.529998779296875,62.5,13010800
2024-12-24,60.233421325683594,62.84000015258789,62.84000015258789,62.0099983215332,62.20000076293945,5019100
2024-12-26,59.9746208190918,62.56999969482422,62.7400016784668,62.400001525878906,62.619998931884766,7943800
2024-12-27,59.85960006713867,62.45000076293945,62.95000076293945,62.209999084472656,62.45000076293945,8542800
2024-12-30,59.4570198059082,62.029998779296875,62.34000015258789,61.68000030517578,62.34000015258789,8972200
2024-12-31,59.67747497558594,62.2599983215332,62.43000030517578,61.79999923706055,62.02000045776367,9256700
2025-01-02,59.27490234375,61.84000015258789,62.75,61.619998931884766,62.349998474121094,12991000
2025-01-03,59.188636779785156,61.75,62.08000183105469,61.619998931884766,61.900001525878906,10403200
2025-01-06,58.28762435913086,60.810001373291016,61.56999969482422,60.65999984741211,61.5,17924200
2025-01-07,58.31637954711914,60.84000015258789,61.720001220703125,60.619998931884766,61.11000061035156,17799600
2025-01-08,59.15029525756836,61.709999084472656,61.77000045776367,60.93000030517578,60.9900016784668,14412400
2025-01-10,58.536842346191406,61.06999969482422,61.650001525878906,60.72999954223633,61.58000183105469,22425000
2025-01-13,59.0927848815918,61.650001525878906,61.849998474121094,60.709999084472656,61.130001068115234,18016200
2025-01-14,59.466609954833984,62.040000915527344,62.06999969482422,61.29999923706055,61.65999984741211,16658300
2025-01-15,59.20780944824219,61.77000045776367,62.619998931884766,61.68000030517578,62.33000183105469,16187200
2025-01-16,59.66789627075195,62.25,62.29999923706055,61.31999969482422,61.41999816894531,12585500
2025-01-17,60.10881423950195,62.709999084472656,62.77000045776367,62.16999816894531,62.310001373291016,17948900
2025-01-21,59.830841064453125,62.41999816894531,63.22999954223633,62.29999923706055,62.900001525878906,19817100
2025-01-22,59.217384338378906,61.779998779296875,62.290000915527344,61.65999984741211,62.119998931884766,18191900
2025-01-23,58.977760314941406,61.529998779296875,61.97999954223633,61.369998931884766,61.79999923706055,16528400
2025-01-24,59.35158157348633,61.91999816894531,62.0099983215332,61.439998626708984,61.720001220703125,19244600
2025-01-27,61.220699310302734,63.869998931884766,64.18000030517578,62.470001220703125,62.869998931884766,20742900
2025-01-28,59.77333450317383,62.36000061035156,64.04000091552734,62.279998779296875,63.5099983215332,14956000
2025-01-29,60.223838806152344,62.83000183105469,63.36000061035156,62.54999923706055,62.560001373291016,11325600
2025-01-30,61.39323425292969,64.05000305175781,64.29000091552734,63.22999954223633,63.849998474121094,13201000
2025-01-31,60.84687423706055,63.47999954223633,63.93000030517578,63.38999938964844,63.70000076293945,12096800
2025-02-03,60.72227096557617,63.349998474121094,63.630001068115234,62.43000030517578,63.18000030517578,12067900
2025-02-04,60.070472717285156,62.66999816894531,63.630001068115234,62.349998474121094,63.61000061035156,15678000
2025-02-05,60.501800537109375,63.119998931884766,63.290000915527344,62.59000015258789,62.720001220703125,10686800
2025-02-06,60.73185348510742,63.36000061035156,63.7400016784668,62.90999984741211,63.619998931884766,13423400
2025-02-07,61.19193649291992,63.84000015258789,63.91999816894531,63.27000045776367,63.43000030517578,13184700
2025-02-10,61.87249755859375,64.55000305175781,64.6500015258789,63.65999984741211,64.0999984741211,16154300
2025-02-11,64.79598236083984,67.5999984741211,67.66999816894531,66.41000366210938,67.5,30589100
2025-02-12,65.85993957519531,68.70999908447266,68.81999969482422,66.87000274658203,66.87000274658203,26033800
2025-02-13,66.6171646118164,69.5,69.61000061035156,68.76000213623047,69.0,24393100
2025-02-14,66.0133056640625,68.87000274658203,70.02999877929688,68.76000213623047,69.36000061035156,20779100
2025-02-18,66.18583679199219,69.05000305175781,69.37000274658203,68.41999816894531,68.55000305175781,15569100
2025-02-19,67.16352081298828,70.06999969482422,70.12999725341797,69.16999816894531,69.20999908447266,16032300
2025-02-20,67.13477325439453,70.04000091552734,70.06999969482422,69.41999816894531,69.70999908447266,13398000
2025-02-21,68.39042663574219,71.3499984741211,71.5999984741211,70.12999725341797,70.31999969482422,21662300
2025-02-24,67.66194915771484,70.58999633789062,71.7300033569336,70.33000183105469,70.83999633789062,21418400
2025-02-25,68.52462768554688,71.48999786376953,71.7699966430664,70.7300033569336,70.86000061035156,21555600
2025-02-26,67.86324310302734,70.80000305175781,71.27999877929688,70.52999877929688,71.2699966430664,14531200
2025-02-27,67.93034362792969,70.87000274658203,71.54000091552734,70.41999816894531,70.72000122070312,16789500
2025-02-28,68.25623321533203,71.20999908447266,71.56999969482422,70.55999755859375,71.44999694824219,22167400
2025-03-03,69.3201904296875,72.31999969482422,72.36000061035156,69.7300033569336,70.23999786376953,21717600
2025-03-04,67.27854919433594,70.19000244140625,72.6500015258789,69.87999725341797,72.06999969482422,25411900
2025-03-05,67.17311096191406,70.08000183105469,70.73999786376953,69.83999633789062,69.9000015258789,23933600
2025-03-06,67.53736114501953,70.45999908447266,70.52999877929688,69.44999694824219,70.41000366210938,21694000
2025-03-07,68.46710205078125,71.43000030517578,71.81999969482422,69.6500015258789,69.6500015258789,28393300
2025-03-10,68.48628997802734,71.44999694824219,73.22000122070312,71.31999969482422,71.95999908447266,25251200
2025-03-11,68.09329223632812,71.04000091552734,72.04000091552734,70.61000061035156,71.87999725341797,28076400
2025-03-12,67.0389175415039,69.94000244140625,70.7300033569336,69.73999786376953,70.37000274658203,18923300
2025-03-13,66.73219299316406,69.62000274658203,70.25,69.27999877929688,70.25,15746600
2025-03-14,66.78046417236328,69.16000366210938,69.26000213623047,68.37999725341797,68.51000213623047,14205100
2025-03-17,67.70744323730469,70.12000274658203,70.16999816894531,69.08000183105469,69.23999786376953,15634800
2025-03-18,66.99288940429688,69.37999725341797,70.19000244140625,69.30000305175781,70.11000061035156,12657600
2025-03-19,66.8963394165039,69.27999877929688,69.37999725341797,68.54000091552734,68.55000305175781,14780000
2025-03-20,67.3115463256836,69.70999908447266,69.80999755859375,69.08999633789062,69.30999755859375,16295300
2025-03-21,66.30733489990234,68.66999816894531,69.97000122070312,68.18000030517578,69.70999908447266,47479500
2025-03-24,66.57768249511719,68.94999694824219,69.08000183105469,68.33000183105469,68.80000305175781,12575400
2025-03-25,66.4425048828125,68.80999755859375,69.08000183105469,68.5999984741211,68.94999694824219,12513900
2025-03-26,67.61087799072266,70.0199966430664,70.3499984741211,68.9000015258789,68.91999816894531,14478200
2025-03-27,68.30609893798828,70.73999786376953,70.98999786376953,70.06999969482422,70.18000030517578,11663400
2025-03-28,67.94883728027344,70.37000274658203,71.31999969482422,69.52999877929688,70.80999755859375,17412900
2025-03-31,69.15583038330078,71.62000274658203,71.94000244140625,70.48999786376953,70.7300033569336,24016900
2025-04-01,69.3972396850586,71.87000274658203,71.91000366210938,71.19000244140625,71.68000030517578,15309100
2025-04-02,68.87580108642578,71.33000183105469,72.36000061035156,71.05000305175781,71.95999908447266,14606500
2025-04-03,70.66215515136719,73.18000030517578,73.94999694824219,72.31999969482422,72.4800033569336,24959600
2025-04-04,67.52397918701172,69.93000030517578,73.01000213623047,69.79000091552734,72.41999816894531,26517300
2025-04-07,66.01764678955078,68.37000274658203,69.37999725341797,66.05000305175781,66.2300033569336,34258400
2025-04-08,66.06593322753906,68.41999816894531,69.9800033569336,67.76000213623047,68.95999908447266,22774400
2025-04-09,67.54328918457031,69.94999694824219,70.47000122070312,67.27999877929688,67.91999816894531,27918700
2025-04-10,68.3254165649414,70.76000213623047,71.20999908447266,68.9800033569336,70.19000244140625,22450200
2025-04-11,68.97235870361328,71.43000030517578,71.8499984741211,70.54000091552734,70.91000366210938,19988200
2025-04-14,69.95726776123047,72.44999694824219,72.66000366210938,70.93000030517578,71.30000305175781,13930200
2025-04-15,69.38758087158203,71.86000061035156,72.62999725341797,71.72000122070312,72.62000274658203,14965500
2025-04-16,69.21376037597656,71.68000030517578,72.66999816894531,71.38999938964844,72.36000061035156,15276200
2025-04-17,70.48834228515625,73.0,73.43000030517578,71.72000122070312,71.9000015258789,20754500
2025-04-21,70.2662582397461,72.7699966430664,73.47000122070312,71.81999969482422,73.37999725341797,16037200
2025-04-22,71.35738372802734,73.9000015258789,74.37999725341797,72.91999816894531,73.0,15613500
2025-04-23,70.77802276611328,73.30000305175781,73.94999694824219,72.37999725341797,73.29000091552734,16353900
2025-04-24,70.02486419677734,72.5199966430664,73.43000030517578,72.30000305175781,73.0199966430664,16893900
2025-04-25,69.43585968017578,71.91000366210938,72.91999816894531,71.12999725341797,72.6500015258789,16316000
2025-04-28,69.31998443603516,71.79000091552734,72.26000213623047,71.30999755859375,72.08000183105469,15997500
2025-04-29,69.8607177734375,72.3499984741211,72.70999908447266,70.27999877929688,71.19000244140625,16244100
2025-04-30,70.05384063720703,72.55000305175781,73.4800033569336,71.69000244140625,73.3499984741211,21074700
2025-05-01,68.8371810913086,71.29000091552734,72.04000091552734,71.2300033569336,72.0,18034200
2025-05-02,69.18480682373047,71.6500015258789,71.81999969482422,71.0999984741211,71.5,12629600
2025-05-05,69.23307800292969,71.69999694824219,71.80000305175781,71.01000213623047,71.66999816894531,11932700
2025-05-06,69.25239562988281,71.72000122070312,71.9000015258789,71.16000366210938,71.68000030517578,12705500
2025-05-07,69.90899658203125,72.4000015258789,72.69000244140625,71.66999816894531,71.72000122070312,15018200
2025-05-08,68.72130584716797,71.16999816894531,72.47000122070312,71.12999725341797,72.19999694824219,14371100
2025-05-09,68.09366607666016,70.5199966430664,71.1500015258789,70.45999908447266,70.98999786376953,11228900
2025-05-12,67.13773345947266,69.52999877929688,70.33000183105469,68.69999694824219,70.1500015258789,21539000
2025-05-13,66.58734893798828,68.95999908447266,69.69000244140625,68.87000274658203,69.58999633789062,14389100
2025-05-14,66.78046417236328,69.16000366210938,69.33999633789062,68.58000183105469,68.87999725341797,16286800
2025-05-15,69.14617156982422,71.61000061035156,71.7300033569336,69.5999984741211,69.69999694824219,19817100
2025-05-16,69.52275085449219,72.0,72.26000213623047,71.43000030517578,71.86000061035156,18441200
2025-05-19,69.45516967773438,71.93000030517578,72.16999816894531,71.63999938964844,72.02999877929688,13282800
2025-05-20,69.22342681884766,71.69000244140625,72.12999725341797,71.43000030517578,71.80000305175781,12137800
2025-05-21,69.37791442871094,71.8499984741211,72.08000183105469,71.58000183105469,71.69000244140625,12094400
2025-05-22,68.69235229492188,71.13999938964844,71.98999786376953,70.95999908447266,71.83999633789062,11101800
2025-05-23,69.30066680908203,71.7699966430664,71.9800033569336,70.69000244140625,71.54000091552734,12822100
2025-05-27,69.31031799316406,71.77999877929688,72.22000122070312,71.55999755859375,71.73999786376953,10666100
2025-05-28,68.7020034790039,71.1500015258789,71.9000015258789,71.05000305175781,71.69999694824219,8710900
2025-05-29,69.03030395507812,71.48999786376953,71.66000366210938,70.45999908447266,71.0,10291100
2025-05-30,69.61930847167969,72.0999984741211,72.47000122070312,71.61000061035156,71.61000061035156,28019500
2025-06-02,69.52275085449219,72.0,72.04000091552734,71.36000061035156,72.02999877929688,10202700
2025-06-03,68.71165466308594,71.16000366210938,71.77999877929688,70.47000122070312,71.70999908447266,20139800
2025-06-04,68.9144287109375,71.37000274658203,71.8499984741211,70.68000030517578,71.26000213623047,13565900
2025-06-05,68.47026062011719,70.91000366210938,71.45999908447266,70.83000183105469,71.37999725341797,13531400
2025-06-06,68.8951187133789,71.3499984741211,71.4800033569336,70.94000244140625,71.08000183105469,9524000
2025-06-09,69.30066680908203,71.7699966430664,71.83000183105469,71.08999633789062,71.3499984741211,12281300
2025-06-10,69.8607177734375,72.3499984741211,72.69000244140625,71.76000213623047,71.9000015258789,12265000
2025-06-11,69.59034729003906,72.06999969482422,72.36000061035156,71.76000213623047,72.2699966430664,12718500
2025-06-12,69.7544937133789,72.23999786376953,72.4000015258789,71.5999984741211,72.25,12806900
2025-06-13,69.06404876708984,71.0199966430664,71.87999725341797,70.7300033569336,71.7699966430664,17467200
2025-06-16,68.57782745361328,70.5199966430664,71.62000274658203,70.23999786376953,71.19999694824219,15045900
2025-06-17,67.7026138305664,69.62000274658203,70.45999908447266,69.58000183105469,70.37999725341797,15437000
2025-06-18,67.30390167236328,69.20999908447266,70.0,69.08999633789062,70.0,16227600
2025-06-20,66.944091796875,68.83999633789062,69.55999755859375,68.77999877929688,69.08999633789062,40859400
2025-06-23,67.81929779052734,69.73999786376953,69.80999755859375,68.97000122070312,69.13999938964844,21822800
2025-06-24,68.27635955810547,70.20999908447266,70.3499984741211,69.69000244140625,69.94000244140625,15216100
2025-06-25,67.71234130859375,69.62999725341797,70.0199966430664,69.43000030517578,69.93000030517578,12540400
2025-06-26,67.5567398071289,69.47000122070312,69.91999816894531,69.1500015258789,69.69999694824219,14454100
2025-06-27,68.39305114746094,70.33000183105469,70.55999755859375,69.47000122070312,69.58999633789062,23470700
2025-06-30,68.8014907836914,70.75,70.79000091552734,70.08999633789062,70.12999725341797,15429000
2025-07-01,69.69615936279297,71.66999816894531,72.44999694824219,70.9000015258789,70.98999786376953,21729300
2025-07-02,68.95708465576172,70.91000366210938,71.83000183105469,70.73999786376953,71.69000244140625,13050200
2025-07-03,69.38495635986328,71.3499984741211,71.4000015258789,70.44999694824219,71.04000091552734,9440500
2025-07-07,69.05432891845703,71.01000213623047,71.37000274658203,70.80000305175781,71.37000274658203,16984700
2025-07-08,68.30553436279297,70.23999786376953,70.68000030517578,69.87999725341797,70.68000030517578,17115500
2025-07-09,67.56646728515625,69.4800033569336,70.25,68.97000122070312,70.16000366210938,33704100
2025-07-10,67.84848022460938,69.7699966430664,69.8499984741211,69.16000366210938,69.29000091552734,14608400
2025-07-11,67.94573211669922,69.87000274658203,70.16000366210938,69.25,69.56999969482422,12916700
2025-07-14,67.5567398071289,69.47000122070312,70.08000183105469,69.2699966430664,69.80000305175781,13983200
2025-07-15,67.44976806640625,69.36000061035156,69.55000305175781,69.1500015258789,69.51000213623047,12639800
2025-07-16,67.36225128173828,69.2699966430664,69.5,68.79000091552734,69.3499984741211,13178300
2025-07-17,68.64588928222656,70.58999633789062,70.69000244140625,69.51000213623047,69.80999755859375,20464700
2025-07-18,67.92627716064453,69.8499984741211,70.69999694824219,69.83000183105469,70.44000244140625,14928000
2025-07-21,68.14022064208984,70.06999969482422,70.62000274658203,69.93000030517578,70.19000244140625,17811700
2025-07-22,67.74151611328125,69.66000366210938,70.26000213623047,68.69000244140625,69.44999694824219,22339900
2025-07-23,67.2552719116211,69.16000366210938,69.73999786376953,68.5999984741211,69.66000366210938,21030000
2025-07-24,67.19692993164062,69.0999984741211,69.55000305175781,68.98999786376953,69.26000213623047,12511400
2025-07-25,67.2649917602539,69.16999816894531,69.2300033569336,68.75,69.12999725341797,12574800
2025-07-28,66.2147445678711,68.08999633789062,68.9000015258789,68.05999755859375,68.73999786376953,13668800
2025-07-29,67.4692153930664,69.37999725341797,69.41999816894531,68.1500015258789,68.33999633789062,16223400
2025-07-30,66.8565673828125,68.75,69.33000183105469,68.52999877929688,69.11000061035156,10448200
2025-07-31,66.02025604248047,67.88999938964844,68.6500015258789,67.73999786376953,68.1500015258789,17193400
2025-08-01,66.96353912353516,68.86000061035156,69.04000091552734,68.2699966430664,68.5999984741211,16107500
2025-08-04,67.06078338623047,68.95999908447266,69.08000183105469,68.30999755859375,68.72000122070312,10701500
2025-08-05,67.1483154296875,69.05000305175781,69.48999786376953,68.75,68.9000015258789,11993400
2025-08-06,67.59564208984375,69.51000213623047,69.80000305175781,68.62999725341797,69.12000274658203,10783000
2025-08-07,68.49030303955078,70.43000030517578,70.72000122070312,69.33000183105469,69.45999908447266,15790800
2025-08-08,68.40277862548828,70.33999633789062,70.87000274658203,70.08000183105469,70.36000061035156,9232700
2025-08-11,68.8014907836914,70.75,70.86000061035156,69.95999908447266,70.30000305175781,10909400
2025-08-12,68.76258850097656,70.70999908447266,71.05999755859375,70.22000122070312,70.81999969482422,11061100
2025-08-13,68.51947021484375,70.45999908447266,70.7699966430664,70.2300033569336,70.69000244140625,10356500
2025-08-14,67.63453674316406,69.55000305175781,70.45999908447266,69.38999938964844,70.37999725341797,10722400
2025-08-15,67.99433898925781,69.91999816894531,70.38999938964844,69.56999969482422,69.73999786376953,12381100
2025-08-18,67.2260971069336,69.12999725341797,70.05000305175781,69.05000305175781,69.9800033569336,14094900
2025-08-19,68.19856262207031,70.12999725341797,70.22000122070312,69.23999786376953,69.30000305175781,13862200
2025-08-20,68.75286102294922,70.69999694824219,71.70999908447266,70.41000366210938,70.73999786376953,17530800
2025-08-21,68.71397399902344,70.66000366210938,70.91000366210938,70.33000183105469,70.5999984741211,8840400
2025-08-22,68.19856262207031,70.12999725341797,71.0199966430664,69.91999816894531,70.95999908447266,12999600
2025-08-25,67.03160858154297,68.93000030517578,70.2300033569336,68.72000122070312,70.11000061035156,13634600
2025-08-26,66.83712005615234,68.7300033569336,69.08000183105469,68.58000183105469,69.04000091552734,17964200
2025-08-27,66.93437194824219,68.83000183105469,68.87000274658203,68.47000122070312,68.81999969482422,11562700
2025-08-28,66.47731018066406,68.36000061035156,68.9000015258789,68.27999877929688,68.87999725341797,16209900
2025-08-29,67.08995056152344,68.98999786376953,69.13999938964844,68.43000030517578,68.66999816894531,14601100
2025-09-02,67.15802764892578,69.05999755859375,69.33999633789062,68.26000213623047,68.95999908447266,24770100
2025-09-03,67.08995056152344,68.98999786376953,69.0999984741211,67.37000274658203,68.66000366210938,33581500
2025-09-04,66.37034606933594,68.25,69.45999908447266,68.11000061035156,69.11000061035156,16736000
2025-09-05,66.08831787109375,67.95999908447266,68.58000183105469,67.87000274658203,68.01000213623047,23978000
2025-09-08,65.57292175292969,67.43000030517578,67.87999725341797,67.16000366210938,67.86000061035156,21671700
2025-09-09,65.99108123779297,67.86000061035156,68.11000061035156,67.27999877929688,67.27999877929688,14120600
2025-09-10,65.95218658447266,67.81999969482422,68.08999633789062,67.20999908447266,67.79000091552734,16041900
2025-09-11,65.75769805908203,67.62000274658203,68.16999816894531,67.58000183105469,67.91999816894531,15128700
2025-09-12,65.16449737548828,67.01000213623047,67.72000122070312,66.94000244140625,67.5999984741211,18712400
2025-09-15,64.88031768798828,66.20999908447266,66.77999877929688,66.0999984741211,66.68000030517578,15986100
2025-09-16,64.90971374511719,66.23999786376953,66.51000213623047,66.05999755859375,66.3499984741211,18555900
2025-09-17,65.69364166259766,67.04000091552734,67.12999725341797,66.41000366210938,66.41000366210938,17372300
2025-09-18,65.12528991699219,66.45999908447266,67.04000091552734,66.3499984741211,66.80000305175781,17722900
2025-09-19,65.09589385986328,66.43000030517578,66.7300033569336,66.05000305175781,66.48999786376953,31192900
2025-09-22,64.88031768798828,66.20999908447266,66.58999633789062,66.08000183105469,66.16000366210938,13298700
2025-09-23,65.37026977539062,66.70999908447266,66.76000213623047,65.9000015258789,66.3499984741211,15072800
2025-09-24,65.11549377441406,66.44999694824219,66.77999877929688,65.95999908447266,66.41000366210938,14759300
2025-09-25,64.65493774414062,65.9800033569336,66.91999816894531,65.94999694824219,66.75,14395000
2025-09-26,64.35115051269531,65.66999816894531,66.33000183105469,65.5,66.06999969482422,17821600
2025-09-29,64.71372985839844,66.04000091552734,66.0999984741211,65.3499984741211,65.66999816894531,14818500
2025-09-30,64.98809814453125,66.31999969482422,66.63999938964844,65.95999908447266,66.06999969482422,13815000
2025-10-01,65.4388656616211,66.77999877929688,66.83000183105469,66.29000091552734,66.51000213623047,14877500
2025-10-02,64.77252197265625,66.0999984741211,66.6500015258789,65.86000061035156,66.52999877929688,14350700
2025-10-03,65.31147766113281,66.6500015258789,66.98999786376953,66.04000091552734,66.0999984741211,12249200
2025-10-06,64.77252197265625,66.0999984741211,66.5,65.83999633789062,66.48999786376953,14333300
2025-10-07,65.44866943359375,66.79000091552734,67.26000213623047,65.87000274658203,66.22000122070312,13328300
2025-10-08,64.79212188720703,66.12000274658203,66.87000274658203,66.05999755859375,66.66999816894531,12606700
2025-10-09,65.037109375,66.37000274658203,66.80000305175781,66.12000274658203,66.29000091552734,12705200
2025-10-10,65.69364166259766,67.04000091552734,67.4000015258789,66.37999725341797,66.5199966430664,17991700
2025-10-13,65.45846557617188,66.80000305175781,66.80000305175781,66.0,66.2300033569336,13690000
2025-10-14,66.15421295166016,67.51000213623047,67.56999969482422,66.75,66.87000274658203,14245600
2025-10-15,65.73284149169922,67.08000183105469,67.72000122070312,66.91999816894531,67.2699966430664,11193700
2025-10-16,66.23259735107422,67.58999633789062,68.11000061035156,67.16000366210938,67.18000030517578,15707200
2025-10-17,67.0655288696289,68.44000244140625,68.5,67.80000305175781,68.0,15541800
2025-10-20,67.0655288696289,68.44000244140625,68.63999938964844,67.91999816894531,68.43000030517578,17786800
2025-10-21,69.7896957397461,71.22000122070312,71.38999938964844,70.2300033569336,70.56999969482422,33651300
2025-10-22,69.38792419433594,70.80999755859375,71.62000274658203,70.51000213623047,71.36000061035156,18293000
2025-10-23,68.53540802001953,69.94000244140625,70.93000030517578,69.72000122070312,70.80999755859375,13989400
2025-10-24,68.31002044677734,69.70999908447266,70.05000305175781,69.6500015258789,69.91000366210938,15688200
2025-10-27,68.65299224853516,70.05999755859375,70.12000274658203,69.25,69.77999877929688,13800000
2025-10-28,68.75099182128906,70.16000366210938,70.9000015258789,69.94999694824219,70.05000305175781,12730500
2025-10-29,66.97733306884766,68.3499984741211,70.02999877929688,68.16000366210938,69.91999816894531,19789600
2025-10-30,67.59468841552734,68.9800033569336,69.29000091552734,68.38999938964844,68.44999694824219,14751700
2025-10-31,67.51629638671875,68.9000015258789,69.06999969482422,67.9000015258789,68.55000305175781,16742700
2025-11-03,66.60496520996094,67.97000122070312,68.88999938964844,67.66000366210938,68.80000305175781,15660400
2025-11-04,67.28111267089844,68.66000366210938,68.7300033569336,68.16000366210938,68.47000122070312,12743800
2025-11-05,67.13412475585938,68.51000213623047,68.83000183105469,68.18000030517578,68.66000366210938,12850100
2025-11-06,67.6730728149414,69.05999755859375,69.13999938964844,67.91999816894531,68.30000305175781,15906700
2025-11-07,69.1331558227539,70.55000305175781,70.87000274658203,69.41000366210938,69.80999755859375,25108300
2025-11-10,69.103759765625,70.5199966430664,70.66000366210938,69.44000244140625,70.01000213623047,15318000
2025-11-11,70.17186737060547,71.61000061035156,71.75,70.66000366210938,70.9800033569336,16160200
2025-11-12,70.07388305664062,71.51000213623047,71.88999938964844,71.33999633789062,71.48999786376953,13612600
2025-11-13,69.64270782470703,71.06999969482422,71.66999816894531,71.0,71.41999816894531,14002800
2025-11-14,69.73091125488281,71.16000366210938,71.63999938964844,70.5999984741211,71.41000366210938,13172000
2025-11-17,69.26054382324219,70.68000030517578,71.52999877929688,70.62000274658203,71.19999694824219,14772300
2025-11-18,69.7896957397461,71.22000122070312,71.33999633789062,70.56999969482422,70.98999786376953,12838900
2025-11-19,69.6819076538086,71.11000061035156,71.44999694824219,70.80999755859375,71.19999694824219,12401500
2025-11-20,69.77989196777344,71.20999908447266,71.4800033569336,70.61000061035156,70.94999694824219,15396500
2025-11-21,71.48495483398438,72.94999694824219,73.19000244140625,71.48999786376953,71.68000030517578,26492500
2025-11-24,71.1321792602539,72.58999633789062,73.16000366210938,71.56999969482422,73.16000366210938,39818600
2025-11-25,71.15177917480469,72.61000061035156,72.93000030517578,72.13999938964844,72.80000305175781,17451200
2025-11-26,71.41636657714844,72.87999725341797,73.08999633789062,72.38999938964844,72.5999984741211,11795100
2025-11-28,71.65155029296875,73.12000274658203,73.2300033569336,72.76000213623047,73.0,7423000
2025-12-01,71.00025177001953,71.94999694824219,72.91000366210938,71.93000030517578,72.5999984741211,14388100
2025-12-02,69.73715209960938,70.66999816894531,71.80000305175781,70.43000030517578,71.80000305175781,19871300
2025-12-03,69.87529754638672,70.80999755859375,71.4000015258789,70.61000061035156,70.87999725341797,17001700
2025-12-04,69.52005004882812,70.44999694824219,71.33999633789062,70.37000274658203,70.83000183105469,17710000
2025-12-05,69.07598876953125,70.0,70.70999908447266,69.87000274658203,70.31999969482422,13978200
2025-12-08,69.32269287109375,70.25,70.37999725341797,69.48999786376953,69.83999633789062,17775100
2025-12-09,69.16480255126953,70.08999633789062,70.62999725341797,69.83000183105469,70.37000274658203,13010600
2025-12-10,69.28321838378906,70.20999908447266,70.52999877929688,69.77999877929688,70.38999938964844,29789400
2025-12-11,68.19773864746094,69.11000061035156,70.69000244140625,68.79000091552734,70.55000305175781,23124200
2025-12-12,69.58912658691406,70.5199966430664,70.62000274658203,69.04000091552734,69.11000061035156,18444500
2025-12-15,70.03318786621094,70.97000122070312,71.31999969482422,70.31999969482422,70.43000030517578,18660100
2025-12-16,69.44110870361328,70.37000274658203,71.30000305175781,70.31999969482422,71.30000305175781,17370000
2025-12-17,69.73715209960938,70.66999816894531,70.91999816894531,70.30999755859375,70.56999969482422,13672700
2025-12-18,69.43123626708984,70.36000061035156,70.80000305175781,70.16999816894531,70.2699966430664,15524800
2025-12-19,69.13520050048828,70.05999755859375,70.7699966430664,70.02999877929688,70.05999755859375,36911100
2025-12-22,69.28321838378906,70.20999908447266,70.22000122070312,69.66000366210938,69.93000030517578,12828500
2025-12-23,68.94771575927734,69.87000274658203,70.26000213623047,69.69000244140625,70.19999694824219,9471000
2025-12-24,69.18453979492188,70.11000061035156,70.16000366210938,69.75,69.9000015258789,4515300
2025-12-26,68.94771575927734,69.87000274658203,70.16000366210938,69.7300033569336,69.94999694824219,5711400
2025-12-29,69.23387908935547,70.16000366210938,70.41999816894531,69.8499984741211,70.0,9686900
2025-12-30,69.14507293701172,70.06999969482422,70.23999786376953,69.80000305175781,70.0,8610900
2025-12-31,68.9871826171875,69.91000366210938,70.16000366210938,69.87999725341797,70.06999969482422,8127800
2026-01-02,68.20761108398438,69.12000274658203,69.87000274658203,68.9800033569336,69.8499984741211,12151300
2026-01-05,67.04318237304688,67.94000244140625,68.91999816894531,67.91999816894531,68.91999816894531,21186600
2026-01-06,66.94450378417969,67.83999633789062,68.25,67.58999633789062,68.01000213623047,21019900
2026-01-07,66.6484603881836,67.54000091552734,68.06999969482422,67.2699966430664,67.98999786376953,20223400
2026-01-08,68.45430755615234,69.37000274658203,69.45999908447266,67.44999694824219,67.54000091552734,19237000
2026-01-09,69.57926177978516,70.51000213623047,70.66000366210938,69.12000274658203,69.43000030517578,19638600
2026-01-12,69.56939697265625,70.5,70.97000122070312,70.23999786376953,70.9000015258789,20582500
2026-01-13,70.29962921142578,71.23999786376953,71.23999786376953,70.2699966430664,70.41999816894531,18324800
2026-01-14,70.49699401855469,71.44000244140625,71.70999908447266,70.80999755859375,71.16999816894531,16739100
2026-01-15,69.5496597290039,70.4800033569336,71.5999984741211,70.37000274658203,71.58999633789062,15464100
2026-01-16,69.51019287109375,70.44000244140625,70.73999786376953,70.04000091552734,70.29000091552734,20027500
2026-01-20,70.80289459228516,71.75,71.77999877929688,69.79000091552734,70.0,22152200
2026-01-21,71.05946350097656,72.01000213623047,72.23999786376953,70.83000183105469,71.9800033569336,21660600
2026-01-22,70.92131042480469,71.87000274658203,72.04000091552734,71.44000244140625,71.83000183105469,13962800
2026-01-23,71.91797637939453,72.87999725341797,73.05999755859375,71.77999877929688,72.0199966430664,18307100
2026-01-26,71.6021957397461,72.55999755859375,73.30000305175781,72.54000091552734,72.86000061035156,14017400
2026-01-27,72.57913970947266,73.55000305175781,73.55999755859375,72.2699966430664,72.44000244140625,13239200
2026-01-28,72.09559631347656,73.05999755859375,73.62000274658203,72.56999969482422,73.20999908447266,14633700
2026-01-29,72.4607162475586,73.43000030517578,74.08999633789062,73.13999938964844,73.18000030517578,20862100
2026-01-30,73.82249450683594,74.80999755859375,74.9000015258789,73.54000091552734,73.70999908447266,26420500
2026-02-02,74.33563995361328,75.33000183105469,75.69999694824219,74.4000015258789,75.01000213623047,19301500
2026-02-03,75.87503814697266,76.88999938964844,77.5,75.12999725341797,75.2699966430664,27007100
2026-02-04,76.32896423339844,77.3499984741211,78.11000061035156,77.08000183105469,77.2699966430664,28607300
2026-02-05,77.47366333007812,78.51000213623047,78.86000061035156,77.58999633789062,77.81999969482422,21633500
2026-02-06,77.9867935180664,79.02999877929688,79.19999694824219,78.26000213623047,78.5,18512400
2026-02-09,76.9407958984375,77.97000122070312,79.11000061035156,77.54000091552734,78.66999816894531,23415600
2026-02-10,75.79609680175781,76.80999755859375,77.51000213623047,76.01000213623047,76.62999725341797,28848200
2026-02-11,77.56246948242188,78.5999984741211,79.05000305175781,76.58000183105469,76.87999725341797,22649700
2026-02-12,77.95719146728516,79.0,80.41000366210938,78.79000091552734,78.9800033569336,26043500
2026-02-13,77.64141845703125,78.68000030517578,79.4000015258789,78.12999725341797,78.44999694824219,16711900
2026-02-17,78.50979614257812,79.55999755859375,79.63999938964844,78.73999786376953,78.98999786376953,16260200
2026-02-18,78.44071960449219,79.48999786376953,79.83999633789062,78.91999816894531,79.5,16304900
2026-02-19,77.8683853149414,78.91000366210938,79.66999816894531,78.58999633789062,79.45999908447266,14924700
2026-02-20,78.78610229492188,79.83999633789062,79.83999633789062,78.88999938964844,79.33000183105469,17175100
2026-02-23,79.49659729003906,80.55999755859375,80.8499984741211,79.5,79.5199966430664,17157700
2026-02-24,79.65448760986328,80.72000122070312,81.08999633789062,79.8499984741211,80.54000091552734,16448500
2026-02-25,79.40779113769531,80.47000122070312,80.69000244140625,79.55999755859375,80.4000015258789,18086900
2026-02-26,79.43739318847656,80.5,80.88999938964844,80.0199966430664,80.75,12843200
2026-02-27,80.4833984375,81.55999755859375,82.0,80.81999969482422,80.94000244140625,28483500
2026-03-02,79.16109466552734,80.22000122070312,81.4000015258789,80.1500015258789,81.25,18137200
2026-03-03,78.2927017211914,79.33999633789062,80.08000183105469,78.55999755859375,79.86000061035156,20549300
2026-03-04,77.0690689086914,78.0999984741211,79.47000122070312,77.75,79.29000091552734,21011800
2026-03-05,76.01319885253906,77.02999877929688,77.72000122070312,76.5,77.68000030517578,23165700
2026-03-06,76.02306365966797,77.04000091552734,77.19000244140625,76.3499984741211,76.80000305175781,15516000
2026-03-09,76.77304077148438,77.80000305175781,78.06999969482422,76.52999877929688,76.62000274658203,18554100
2026-03-10,76.85197448730469,77.87999725341797,78.41000366210938,77.0999984741211,77.4800033569336,17243900
2026-03-11,76.60527038574219,77.62999725341797,77.70999908447266,76.5999984741211,77.70999908447266,11546800
2026-03-12,76.58554077148438,77.61000061035156,78.16000366210938,76.9000015258789,77.41999816894531,16842200
2026-03-13,76.8438720703125,77.33999633789062,78.05000305175781,77.19000244140625,77.47000122070312,11974500
2026-03-16,77.32079315185547,77.81999969482422,78.43000030517578,77.73999786376953,78.0,11761200
2026-03-17,77.08233642578125,77.58000183105469,78.30000305175781,77.44999694824219,78.0,14900100
2026-03-18,75.48265838623047,75.97000122070312,77.12999725341797,75.8499984741211,77.08000183105469,13134600
2026-03-19,75.06536102294922,75.55000305175781,76.44999694824219,75.52999877929688,76.0,13023300
2026-03-20,74.2704849243164,74.75,76.05000305175781,74.38999938964844,75.56999969482422,33298700
2026-03-23,74.62818145751953,75.11000061035156,75.44999694824219,74.55000305175781,75.33999633789062,15054900
2026-03-24,74.19100189208984,74.66999816894531,75.69000244140625,74.62999725341797,74.86000061035156,15653700
2026-03-25,74.76728057861328,75.25,75.6500015258789,74.06999969482422,74.58999633789062,14787900
2026-03-26,74.21087646484375,74.69000244140625,75.75,74.6500015258789,75.19000244140625,11202100
2026-03-27,75.22432708740234,75.70999908447266,76.05000305175781,74.69999694824219,74.81999969482422,17461000
2026-03-30,75.78073120117188,76.2699966430664,77.0,75.72000122070312,75.93000030517578,18502800
2026-03-31,75.56214904785156,76.05000305175781,77.0199966430664,75.51000213623047,76.52999877929688,18301800
2026-04-01,75.59195709228516,76.08000183105469,76.36000061035156,75.26000213623047,76.1500015258789,15834300
2026-04-02,76.22785186767578,76.72000122070312,76.95999908447266,76.12000274658203,76.58000183105469,14573400
2026-04-06,76.72463989257812,77.22000122070312,77.27999877929688,76.22000122070312,76.63999938964844,8259900
2026-04-07,75.42304992675781,75.91000366210938,77.5999984741211,75.62999725341797,77.19999694824219,12769200
2026-04-08,76.79419708251953,77.29000091552734,77.37000274658203,75.31999969482422,75.80999755859375,12331300
2026-04-09,77.67848205566406,78.18000030517578,78.29000091552734,76.37000274658203,76.6500015258789,14311000
2026-04-10,76.97303771972656,77.47000122070312,78.16999816894531,77.30999755859375,77.9800033569336,11081400
2026-04-13,75.91984558105469,76.41000366210938,77.44999694824219,75.83000183105469,77.31999969482422,12696200
2026-04-14,75.4131088256836,75.9000015258789,76.62000274658203,75.80000305175781,75.97000122070312,12397600
2026-04-15,74.82688903808594,75.30999755859375,75.73999786376953,74.72000122070312,75.73999786376953,16212100
2026-04-16,74.6977310180664,75.18000030517578,75.83999633789062,74.9000015258789,75.02999877929688,11501900
2026-04-17,75.25413513183594,75.73999786376953,76.05999755859375,74.80000305175781,74.94999694824219,15033900
2026-04-20,74.99580383300781,75.4800033569336,76.22000122070312,75.36000061035156,75.81999969482422,10141800
2026-04-21,74.2208023071289,74.69999694824219,75.52999877929688,74.62000274658203,75.4800033569336,11806900
2026-04-22,74.15125274658203,74.62999725341797,75.37999725341797,74.55000305175781,74.9000015258789,9352300
2026-04-23,75.7906723022461,76.27999877929688,76.66000366210938,75.16000366210938,75.44000244140625,12060300
2026-04-24,76.138427734375,76.62999725341797,77.01000213623047,76.16999816894531,76.70999908447266,12008700
2026-04-27,74.95606231689453,75.44000244140625,76.70999908447266,75.4000015258789,76.70999908447266,15812200
2026-04-28,77.8473892211914,78.3499984741211,80.31999969482422,78.08000183105469,79.5199966430664,30710700
2026-04-29,78.36405944824219,78.87000274658203,79.27999877929688,78.19000244140625,78.37000274658203,18294700
2026-04-30,78.25476837158203,78.76000213623047,79.12000274658203,78.33000183105469,78.80000305175781,15142200
2026-05-01,78.07592010498047,78.58000183105469,79.63999938964844,78.04000091552734,79.29000091552734,12610400
2026-05-04,77.68842315673828,78.19000244140625,78.7699966430664,77.7300033569336,78.05999755859375,12672400
2026-05-05,77.9765625,78.4800033569336,78.77999877929688,77.73999786376953,78.19000244140625,11637500
2026-05-06,78.72174835205078,79.2300033569336,79.33000183105469,78.56999969482422,78.77999877929688,14060300
2026-05-07,77.9268798828125,78.43000030517578,79.1500015258789,78.0999984741211,78.79000091552734,16531400
2026-05-08,77.91693878173828,78.41999816894531,79.19999694824219,78.12000274658203,78.56999969482422,12447200
2026-05-11,78.15541076660156,78.66000366210938,78.7300033569336,77.83999633789062,78.16000366210938,10967900
2026-05-12,79.51661682128906,80.02999877929688,80.31999969482422,78.27999877929688,79.0,19883100
2026-05-13,79.7451400756836,80.26000213623047,81.02999877929688,79.83999633789062,79.87000274658203,12357000
2026-05-14,79.93392181396484,80.44999694824219,80.91999816894531,79.91000366210938,80.7300033569336,10642000
2026-05-15,80.30155181884766,80.81999969482422,81.36000061035156,80.44999694824219,81.36000061035156,17527200
2026-05-18,80.67910766601562,81.19999694824219,81.38999938964844,80.38999938964844,80.87000274658203,12375500
2026-05-19,81.39449310302734,81.91999816894531,82.66000366210938,81.26000213623047,81.41000366210938,16595200
2026-05-20,81.02687072753906,81.55000305175781,82.4000015258789,81.5199966430664,82.16999816894531,16999700
2026-05-21,80.64929962158203,81.16999816894531,81.80000305175781,80.72000122070312,81.79000091552734,15708400
2026-05-22,80.95732116699219,81.4800033569336,81.68000030517578,80.91999816894531,81.18000030517578,8240200
2026-05-26,79.94385528564453,80.45999908447266,81.5999984741211,80.23999786376953,80.83999633789062,13004200
2026-05-27,81.09642028808594,81.62000274658203,82.51000213623047,80.80000305175781,81.0999984741211,13209600
2026-05-28,79.89418029785156,80.41000366210938,81.76000213623047,80.33999633789062,81.31999969482422,14691400
2026-05-29,78.50315856933594,79.01000213623047,80.33000183105469,78.91000366210938,80.04000091552734,32477000
2026-06-01,78.13553619384766,78.63999938964844,79.19999694824219,78.43000030517578,78.58000183105469,12776300
2026-06-02,77.90701293945312,78.41000366210938,79.19999694824219,78.25,78.87999725341797,12533200
2026-06-03,78.25476837158203,78.76000213623047,79.02999877929688,78.11000061035156,78.29000091552734,14964300
2026-06-04,76.32720947265625,76.81999969482422,80.04000091552734,76.80999755859375,79.77999877929688,19361600
2026-06-05,78.97014617919922,79.4800033569336,80.73999786376953,77.4800033569336,77.51000213623047,25708100
2026-06-08,79.0297622680664,79.54000091552734,79.93000030517578,79.0999984741211,79.30999755859375,12828900
2026-06-09,80.81820678710938,81.33999633789062,81.76000213623047,79.37999725341797,79.55000305175781,20591600
2026-06-10,83.05377197265625,83.58999633789062,83.8499984741211,82.12000274658203,82.68000030517578,20880500
2026-06-11,82.00057983398438,82.52999877929688,84.04000091552734,82.48999786376953,83.91999816894531,14264500
2026-06-12,82.09000396728516,82.62000274658203,82.88999938964844,81.87000274658203,82.70999908447266,11757700
2026-06-15,80.91000366210938,80.91000366210938,81.19999694824219,80.25,81.08000183105469,20055200
2026-06-16,80.27999877929688,80.27999877929688,81.38999938964844,79.83999633789062,81.1500015258789,17565100
2026-06-17,79.93000030517578,79.93000030517578,80.33000183105469,78.98999786376953,79.94999694824219,17055400
2026-06-18,79.38999938964844,79.38999938964844,80.01000213623047,78.73999786376953,79.87000274658203,46857900
